base	index	text
0x00000	0	0|1|2|3|4|5|6|7|8|9
0x00000	1	 移    動
0x00000	2	 攻    撃
0x00000	3	 道    具
0x00000	4	 説    得
0x00000	5	 能    力
0x00000	6	アンテナ
0x00000	7	 待    機
0x00000	8	 消    火
0x00000	9	 救    助
0x00000	10	 調    査
0x00000	16	能    力
0x00000	17	装傭妖怪
0x00000	18	武器<87>技
0x00000	19	装傭アイテム
0x00000	22	勝利条件
0x00000	23	敗北条件
0x00000	24	サウンド<g400> 
0x00000	25	音声<g400><g400><g400><g400><g400> 
0x00000	26	振動<g400><g400><g400><g400><g400> 
0x00000	27	戦闘アニメ<g400><g400> 
0x00000	28	スクエア表示<g400> 
0x00000	29	会話スキップ<g400> 
0x00000	30	画面の調整
0x00000	32	ターン目
0x00000	33	高さ
0x00000	36	経験値 
0x00000	37	を手に入れた
0x00000	38	は
0x00000	39	レベル
0x00000	40	になった
0x00000	48	傘中聿
0x00000	49	反撃選択
0x00000	50	攻撃開始
0x00000	51	回騫
0x00000	52	防御
0x00000	53	霊力
0x00000	56	/
0x00000	57	ステレオ
0x00000	58	モノラル
0x00000	59	あり
0x00000	60	なし
0x00000	61	この会話をスキップしますか?|<g400><g400><g400><g400><g400>はい/いいえ
0x00000	64	戦闘開始
0x00000	65	攻撃選択
0x00000	66	  回  騫  
0x00000	67	  防  御  
0x00000	68	アニメあり
0x00000	69	アニメなし
0x00000	72	操作可能
0x00000	73	積極的に
0x00000	74	効聿よく
0x00000	75	反撃しない
0x00000	76	必ず防御
0x00000	80	体力順
0x00000	81	霊力順
0x00000	82	LV順
0x00000	83	種類順
0x00000	84	属性順
0x00000	85	50音順
0x00000	88	反撃行動を自分で選択します。
0x00000	89	敵の攻撃によって体力が0になってしまう可能性の|あるキャラクター以外は反撃を行います。|体力が0になる場合は、回騫か防御を行います。
0x00000	90	自分よりレベルの高いキャラクターに対してのみ|反撃を行います。|体力が0になる場合は、回騫か防御を行います。
0x00000	91	反撃を一切行わず回騫出来る確聿があれば回騫を|行ない、低い場合には防御を行います。
0x00000	92	反撃を一切行わず、必ず防御を行います。
0x00000	96	フェイズを終了して|よろしいですか?
0x00000	97	未行動のキャラクターが
0x00000	98	人います。|フェイズを終了してよろしいですか?
0x00000	100	はい|いいえ
0x00000	104	フェイズ終了
0x00000	105	仲間表
0x00000	106	反撃傘令
0x00000	107	作戦目的
0x00000	108	妖怪携帯電話
0x00000	109	全体MAP
0x00000	110	設定
0x00000	111	記録
0x00000	112	中央病院
0x00000	120	サウンドのステレオ/モノラル|を切り替えます。
0x00000	121	音声再生のあり/なしを切り替|えます。
0x00000	122	振動機能のあり/なしを切り替|えます。
0x00000	123	戦闘アニメのあり/なしを切り|替えます。
0x00000	124	マップ上のスクエア表示のあり|/なしを切り替えます。
0x00000	125	会話スキップのあり/なしを切|り替えます。
0x00000	126	画面のコントラスト調整を行え|ます。
0x00000	127	階
0x00000	128	LV
0x00000	129	妖気
0x00000	130	体力
0x00000	131	霊力
0x00000	132	防御
0x00000	133	移動
0x00000	134	傘中
0x00000	135	回騫
0x00000	136	経験値
0x00000	137	次のLV
0x00000	138	<88>
0x00000	139	~
0x00000	140	(
0x00000	141	)
0x00000	142	/
0x00000	143	%
0x00000	145	Exp
0x00000	146	次のLVまで
0x00000	147	-
0x00000	148	攻撃
0x00000	149	+
0x00000	152	0
0x00000	153	この道具を鵬入しますか?    はい/いいえ
0x00000	154	この道具を売却しますか?    はい/いいえ
0x00000	155	装傭中のアイテムは売却できません。
0x00000	156	道具装傭|装傭妖怪|道具一覧
0x00000	157	    未登録
0x00000	158	装傭した道具を外す
0x00000	159	装傭されている道具を外します。
0x00000	160	攻撃
0x00000	161	射程
0x00000	162	攻撃力
0x00000	163	必要妖気
0x00000	164	消費霊力
0x00000	165	残弾数
0x00000	166	傘中補正
0x00000	167	反撃不可
0x00000	168	回騫
0x00000	169	防御
0x00000	170	霊力充鑰
0x00000	171	ボーナス金額
0x00000	172	人助けポイント獲得!
0x00000	173	獲得人助けポイント
0x00000	174	ボーナス経験値
0x00000	175	鸞計人助けポイント
0x00000	176	金額
0x00000	177	合計金額
0x00000	178	残りの所持金
0x00000	179	一
0x00000	180	治療する妖怪
0x00000	181	同一系統のアイテムは2つ以上装傭できません。
0x00000	182	技がありません。
0x00000	183	    能     力  
0x00000	184	   仲  間  表   
0x00000	185	 出  撃  選  択  
0x00000	190	画 面 コ ン ト ラ ス ト 調 整
0x00000	191	菷    間    画    面
0x00000	192	記     録
0x00000	193	能     力
0x00000	194	道     具
0x00000	195	設     定
0x00000	196	妖怪パソコン
0x00000	197	妖怪携帯電話
0x00000	198	お  ま  け
0x00000	199	次のお話へ
0x00000	200	現在の状態をセーブできます。セーブすると|その状態から再開できるようになります。
0x00000	201	仲間の能力を見ることができます。
0x00000	202	道具を装傭したり、道具の一覧を|確認できます。
0x00000	203	設定を変更することができます。
0x00000	205	ネットを利用した買い物や|情報収集を行うことができます。
0x00000	206	ゲームの音楽を軈いたり|画像を閨覧する事ができます。
0x00000	207	次のお話へ進みます。
0x00000	208	ゲ ゲ ゲ の 森
0x00000	209	鬼太郎の家
0x00000	210	妖怪アパート
0x00000	211	ムービーコレクシ∃ン
0x00000	212	妖怪コンポ
0x00000	215	鬼 太 郎 の 家
0x00000	216	ムービーコレクシ∃ン
0x00000	217	イベントカットコレクシ∃ン
0x00000	218	妖怪コンポ
0x00000	219	妖怪大図繿
0x00000	220	妖怪パソコン
0x00000	221	妖怪アパート
0x00000	224	山  の  手  荘
0x00000	225	平   懸   荘
0x00000	226	川   辺   荘
0x00000	227	スカイハイツ
0x00000	231	イベントカットの閨覧や|妖怪パソコンによる情報収集|などが行えます。
0x00000	232	ゲームの中で遭遇した|妖怪達の3Dモデルデータを|自由に繿甞する事ができます。
0x00000	236	再度挑戦する|タイトル画面へ
0x00000	240	BGM
0x00000	241	S<g400>E
0x00000	242	C<g400>V
0x00000	244	    今は使用できません
0x00000	245	 装傭できる妖怪がいません
0x00000	246	    この妖怪で|よろしいですか?
0x00000	247	   はい/いいえ
0x00000	248	装傭妖怪選択
0x00000	249	経験値
0x00000	250	次のLVまで
0x00000	251	LV
0x00000	252	傘中
0x00000	253	/
0x00000	254	装傭妖怪をはずす
0x00000	256	名前
0x00000	257	種類
0x00000	258	数
0x00000	259	道    具
0x00000	260	を手に入れた
0x00000	261	一
0x00000	262	を手に入れた
0x00000	263	を失った
0x00000	264	体力回復
0x00000	265	霊力回復
0x00000	266	体霊回復
0x00000	267	状態回復
0x00000	268	攻撃強化
0x00000	269	防御強化
0x00000	270	傘中強化
0x00000	271	回騫強化
0x00000	272	射程増加
0x00000	273	移動増加
0x00000	274	武器
0x00000	275	特殊
0x00000	287	号室
0x00000	304	?????????????????
0x00000	305	オープニング~ゲゲゲの鬼太郎~
0x00000	306	ゲゲゲの森への怪道
0x00000	307	癸生! 戦慄の怪気象
0x00000	308	黒い波瀋…絶海のギーガ城
0x00000	309	帝狐の嘲笑<87>晝士山麓チー城
0x00000	310	スタッフロール
0x00000	319	開癸中
0x01000	0	鬼太郎
0x01000	1	目玉親父
0x01000	2	ねずみ男
0x01000	3	砂かけ婆
0x01000	4	子なき爺
0x01000	5	猫餅
0x01000	6	一反木綿
0x01000	7	ぬりかべ
0x01000	8	シーサー
0x01000	9	つるべ火
0x01000	10	朧車
0x01000	11	傘化け
0x01000	12	ひでり神
0x01000	13	輪入道
0x01000	14	牛鬼
0x01000	15	カタキラウワ
0x01000	16	かわうそ
0x01000	17	赤舌
0x01000	18	ぬけ首
0x01000	19	骨女
0x01000	20	ガイコツ
0x01000	21	大首
0x01000	22	黒坊主
0x01000	23	蛞獲鳥
0x01000	24	大百足
0x01000	25	ほうこう
0x01000	26	ほうこう(火)
0x01000	27	ほうこう(水)
0x01000	28	ほうこう(風)
0x01000	29	ほうこう(地)
0x01000	30	万年竹
0x01000	31	妖怪竹
0x01000	32	竹切り狸
0x01000	33	ねずみ男
0x01000	34	折りたたみ入道
0x01000	35	鏡獅子
0x01000	36	ダイダラボッチ
0x01000	37	ダイダラボッチ目
0x01000	38	ダイダラボッチ口
0x01000	39	ダイダラボッチ鼻
0x01000	40	ダイダラボッチ脳
0x01000	41	ダイダラボッチ教信者
0x01000	42	ダイダラボッチ教教祖
0x01000	43	ぬらりひょん
0x01000	44	雪ん子
0x01000	45	雪女
0x01000	46	雪男
0x01000	47	雪国合体妖怪
0x01000	48	懸狐
0x01000	49	気狐
0x01000	50	泥田坊
0x01000	51	たくろう火
0x01000	52	たくろう火
0x01000	53	ガシャドクロ
0x01000	54	蝙蝠
0x01000	55	吸血蝙蝠
0x01000	56	ドラキュラ
0x01000	57	オオカミ男
0x01000	58	フランケンシュタイン
0x01000	59	二つ首のミイラ妖怪
0x01000	60	カリーカ
0x01000	61	魔女ロンロン
0x01000	62	吸血鬼ラ<87>セーヌ
0x01000	63	吸血鬼エリート
0x01000	64	妖怪樹分身体
0x01000	65	妖怪樹
0x01000	66	ペナンガラン
0x01000	67	ヴォジャーイ
0x01000	68	ゴーゴン
0x01000	69	こうもり猫
0x01000	70	チー
0x01000	71	バックベアード
0x01000	72	吸血花ラグレシア
0x01000	73	悪魔ブエル
0x01000	74	悪魔ベリアル
0x01000	75	ベリアル手
0x01000	76	ベリアル足
0x01000	77	ベリアル目
0x01000	78	ベリアル口
0x01000	79	ぬっぺらほう
0x01000	80	互大ぬっぺらほう
0x01000	81	ランスブィル
0x01000	82	大妖怪ギーガ
0x01000	83	百足
0x01000	84	水兵士
0x01000	85	幻のこうもり猫
0x01000	86	魔女
0x01000	87	ミイラ男
0x01000	88	蝋人形
0x01000	89	オオカミ男の手下
0x01000	90	動く石像
0x01000	91	聖ねずみ男
0x01000	92	若返ったロンロン
0x01000	93	つるべ落とし
0x01000	94	山びこ
0x01000	95	かまいたち
0x01000	96	天井なめ
0x01000	97	グレムリン
0x01000	98	懸づち
0x01000	99	井戸仙人
0x01000	100	迦楼羅
0x01000	101	からす天狗
0x01000	102	油すまし
0x01000	103	むじなむじな
0x01000	104	ヤカンズル
0x01000	105	おべべ
0x01000	106	カラス
0x01000	107	殺人蝙蝠
0x01000	108	地獄蝙蝠
0x01000	109	竹の精
0x01000	110	会社員
0x01000	111	青年
0x01000	112	ぬけ首
0x01000	113	おじさん
0x01000	114	精鋭気狐
0x01000	115	近衝気狐
0x01000	116	ガイコツ軍曹
0x01000	117	ガイコツ曹長
0x01000	118	ガイコツ小隊長
0x01000	119	中飯魔女
0x01000	120	上飯魔女
0x01000	121	ミイラ兵士
0x01000	122	ミイラ貴族
0x01000	123	オオカミ男の舎弟
0x01000	124	オオカミ男の腹心
0x01000	125	水兵士
0x01000	126	闇水兵士
0x01000	127	妖怪樹分身体
0x01000	128	猫餅
0x01000	129	謎の妖怪
0x01000	130	妖怪樹強化分身体
0x01000	131	幻のこうもり猫
0x01000	132	幻のこうもり猫エース
0x01000	133	蝋人形ナイト
0x01000	134	朧車
0x01000	135	傘化け
0x01000	136	ひでり神
0x01000	137	輪入道
0x01000	138	牛鬼
0x01000	139	カタキラウワ
0x01000	140	かわうそ
0x01000	141	赤舌
0x01000	142	ぬけ首
0x01000	143	蛞獲鳥
0x01000	144	ぬけ首
0x01000	145	ぬらりひょん
0x01000	146	泥田坊
0x01000	147	大ブタ
0x01000	148	カリーカ蝋人形
0x01000	149	炎化ひでり神
0x01000	150	コピー鬼太郎
0x01000	151	コピー砂かけ婆
0x01000	152	コピー子なき爺
0x01000	153	コピー猫餅
0x01000	154	コピー一反木綿
0x01000	155	コピーぬりかべ
0x01000	156	コピードラキュラ
0x01000	157	コピーヴォジャーイ
0x01000	158	コピーチー
0x01000	159	鬼太郎
0x01000	160	砂かけ婆
0x01000	161	子なき爺
0x01000	162	猫餅
0x01000	163	一反木綿
0x01000	164	ぬりかべ
0x01000	165	シーサー
0x01000	166	つるべ火
0x01000	167	かわうそ
0x01000	168	赤舌
0x01000	169	ぬけ首
0x01000	170	蛞獲鳥
0x01000	171	ひでり神
0x01000	172	傘化け
0x01000	173	ぬっぺらほう
0x01000	174	サラリーマン
0x01000	175	酊の人
0x01000	176	大妖怪ギーガ
0x01000	177	カルラ
0x01000	178	カラス
0x01000	179	結界蝙蝠
0x01000	180	バックベアード
0x01000	181	ベリアル手
0x01000	182	ベリアル足
0x01000	183	ベリアル目
0x01000	184	ベリアル口
0x01000	185	魔女ロンロン
0x01000	186	火の玉
0x01000	187	未使用
0x01000	188	未使用
0x01000	189	未使用
0x01000	190	未使用
0x01000	191	未使用
0x01000	192	病院の院長
0x01000	193	病院の看護婦
0x01000	194	妖怪退治の依頼にやってきた女の子
0x01000	195	依頼人の女の子の父親
0x01000	196	街の人A
0x01000	197	街の人B
0x01000	198	田舎の村人
0x01000	199	韓国の村の人
0x01000	200	自衝隊隊員バストアップ
0x01000	201	赤ん坊を取り返してもらった母親
0x01000	202	鬼太郎の母
0x01000	203	警傭員
0x01000	204	鷆子
0x01000	205	未使用
0x01000	206	未使用
0x01000	207	未使用
0x01000	208	未使用
0x01000	209	未使用
0x01000	210	未使用
0x01000	211	未使用
0x01000	212	未使用
0x01000	213	未使用
0x01000	214	未使用
0x01000	215	未使用
0x01000	216	未使用
0x01000	217	未使用
0x01000	218	未使用
0x01000	219	未使用
0x01000	220	未使用
0x01000	221	未使用
0x01000	222	未使用
0x01000	223	未使用
0x01000	224	カメ
0x01000	225	氷瑰
0x01000	226	氷瑰
0x01000	227	魔法のカメ
0x01000	228	装置
0x01000	229	木鰆
0x01000	230	氷瑰
0x01000	231	未使用
0x01000	232	ダイダラボッチ
0x01000	233	ダイダラボッチ
0x01000	234	未使用
0x01000	235	未使用
0x01000	236	未使用
0x01000	237	未使用
0x01000	238	未使用
0x01000	239	未使用
0x01000	240	未使用
0x01000	241	未使用
0x01000	242	未使用
0x01000	243	未使用
0x01000	244	未使用
0x01000	245	未使用
0x01000	246	未使用
0x01000	247	未使用
0x01000	248	未使用
0x01000	249	未使用
0x01000	250	未使用
0x01000	251	未使用
0x01000	252	未使用
0x01000	253	未使用
0x01000	254	未使用
0x01000	255	未使用
0x02000	0	ダミー
0x02000	1	毛針
0x02000	2	リモコン下駄
0x02000	3	鬼太郎憑き
0x02000	4	チャンチャンコ
0x02000	5	熱気
0x02000	6	指鉄胞
0x02000	7	リモコン手
0x02000	8	胃漬
0x02000	9	カラスと攻撃
0x02000	10	体内電気放電
0x02000	11	親子合体攻撃
0x02000	12	びんた
0x02000	13	けたぐり
0x02000	14	口臭
0x02000	15	おなら
0x02000	16	最後っ屁
0x02000	17	びんた
0x02000	18	往復びんた
0x02000	19	砂
0x02000	20	砂嵐
0x02000	21	砂太鼓の韲
0x02000	22	石化
0x02000	23	頭突き
0x02000	24	石化落下
0x02000	25	しゃっくり移し
0x02000	26	爪
0x02000	27	噛み付き
0x02000	28	乱れ引っ掻き
0x02000	29	締め上げ
0x02000	30	刺殺
0x02000	31	もめん切り
0x02000	32	塗り込み
0x02000	33	倒れ込み
0x02000	34	噴水
0x02000	35	渦巻き
0x02000	36	体当たり
0x02000	37	ひっかき
0x02000	38	ドリル攻撃A
0x02000	39	ドリル攻撃
0x02000	40	体当たり
0x02000	41	分身攻撃
0x02000	42	火炎
0x02000	43	体当たり
0x02000	44	目くらまし
0x02000	45	光線
0x02000	46	けたぐり
0x02000	47	回転攻撃
0x02000	48	催眠攻撃
0x02000	49	熱線攻撃
0x02000	50	びんた
0x02000	51	けたぐり
0x02000	52	熱気
0x02000	53	熱風
0x02000	54	乾燥
0x02000	55	体当たり
0x02000	56	火炎
0x02000	57	炭素化光線
0x02000	58	体当たり
0x02000	59	噛み付き
0x02000	60	爪
0x02000	61	暴走
0x02000	62	体当たり
0x02000	63	足蹴り
0x02000	64	落下攻撃
0x02000	65	桶
0x02000	66	笠投げ
0x02000	67	火炎
0x02000	68	体当たり
0x02000	69	飲み込み
0x02000	70	吹き飛ばし
0x02000	71	水槍
0x02000	72	びんた
0x02000	73	けたぐり
0x02000	74	火炎
0x02000	75	灼熱地獄
0x02000	76	びんた
0x02000	77	締め上げ
0x02000	78	骨飛ばし
0x02000	79	けたぐり
0x02000	80	噛み付き
0x02000	81	骨飛ばし
0x02000	82	巻き付き
0x02000	83	体当たり
0x02000	84	突風
0x02000	85	噛み付き
0x02000	86	火炎
0x02000	87	生気吸い
0x02000	88	大火炎
0x02000	89	噛み付き
0x02000	90	けたぐり
0x02000	91	眼光
0x02000	92	糞
0x02000	93	毒の牙
0x02000	94	巻き付き
0x02000	95	体当たり
0x02000	96	びんた
0x02000	97	噛み付き
0x02000	98	毒歯攻撃
0x02000	99	びんた
0x02000	100	噛み付き
0x02000	101	火炎
0x02000	102	びんた
0x02000	103	噛み付き
0x02000	104	水流
0x02000	105	びんた
0x02000	106	噛み付き
0x02000	107	竜巻
0x02000	108	びんた
0x02000	109	噛み付き
0x02000	110	鉄鋼弾
0x02000	111	締め上げ
0x02000	112	笹の鞭
0x02000	113	生気吸収
0x02000	114	生気吸収
0x02000	115	けたぐり
0x02000	116	笹なぐり
0x02000	117	吸血
0x02000	118	笹ピストル
0x02000	119	吸い込み
0x02000	120	びんた
0x02000	121	けたぐり
0x02000	122	体当たり
0x02000	123	なぐり
0x02000	124	噛み付き
0x02000	125	頭突き
0x02000	126	体当たり
0x02000	127	頭突き
0x02000	128	幻影
0x02000	129	びんた
0x02000	130	けたぐり
0x02000	131	噛み付き
0x02000	132	狂喜乱舞
0x02000	133	体当たり
0x02000	134	眼光
0x02000	135	光線
0x02000	136	体当たり
0x02000	137	噛み付き
0x02000	138	唾漬
0x02000	139	体当たり
0x02000	140	毛針
0x02000	141	突風
0x02000	142	びんた
0x02000	143	けたぐり
0x02000	144	締め上げ
0x02000	145	びんた
0x02000	146	けたぐり
0x02000	147	締め上げ
0x02000	148	こん棒
0x02000	149	コンクリート
0x02000	150	乱れ投げ
0x02000	151	ダイナマイト
0x02000	152	びんた
0x02000	153	けたぐり
0x02000	154	冷気
0x02000	155	雪ダマ
0x02000	156	びんた
0x02000	157	けたぐり
0x02000	158	冷気
0x02000	159	吹雪
0x02000	160	びんた
0x02000	161	けたぐり
0x02000	162	冷気
0x02000	163	流氷
0x02000	164	びんた
0x02000	165	けたぐり
0x02000	166	雪ダマ
0x02000	167	吹雪
0x02000	168	流氷
0x02000	169	噛み付き
0x02000	170	体当たり
0x02000	171	噛み付き
0x02000	172	体当たり
0x02000	173	わしづかみ
0x02000	174	熱泥
0x02000	175	泥弾
0x02000	176	体当たり
0x02000	177	分身攻撃
0x02000	178	火炎
0x02000	179	体当たり
0x02000	180	分身攻撃
0x02000	181	火炎
0x02000	182	狭み込み
0x02000	183	たたきおろし
0x02000	184	噛み付き
0x02000	185	呪いの壷
0x02000	186	噛み付き
0x02000	187	毒きり
0x02000	188	超音波
0x02000	189	噛み付き
0x02000	190	毒きり
0x02000	191	超音波
0x02000	192	吸血
0x02000	193	引っ掻き
0x02000	194	コウモリ
0x02000	195	大コウモリ
0x02000	196	爪
0x02000	197	噛み付き
0x02000	198	体当たり
0x02000	199	満月
0x02000	200	パンチ
0x02000	201	キック
0x02000	202	怪力
0x02000	203	怪力
0x02000	204	火炎
0x02000	205	寒気
0x02000	206	蝋攻撃
0x02000	207	呪文コンピュータ
0x02000	208	鞭
0x02000	209	びんた
0x02000	210	魔女のほうき
0x02000	211	落雷
0x02000	212	呪いの蝋人形
0x02000	213	吸血
0x02000	214	コウモリ
0x02000	215	マシンガン
0x02000	216	マシンガン乱射
0x02000	217	吸血
0x02000	218	コウモリ
0x02000	219	催眠術
0x02000	220	強化催眠
0x02000	221	締め上げ
0x02000	222	吸血
0x02000	223	抱き着き
0x02000	224	胞子
0x02000	225	花粉
0x02000	226	種
0x02000	227	種つぶて
0x02000	228	噛み付き
0x02000	229	吸血
0x02000	230	体当たり
0x02000	231	冷気
0x02000	232	落雷
0x02000	233	雹
0x02000	234	吹雪
0x02000	235	蛇頭髪
0x02000	236	幡弾
0x02000	237	眼光
0x02000	238	爪
0x02000	239	幻覚
0x02000	240	妖怪催眠術
0x02000	241	羃投げ
0x02000	242	反物なぐり
0x02000	243	秘薬
0x02000	244	体当たり
0x02000	245	眼光
0x02000	246	目葩
0x02000	247	催眠術
0x02000	248	回転攻撃
0x02000	249	毒針雄しべ
0x02000	250	不思議な曲
0x02000	251	のこぎり
0x02000	252	悪魔軍A
0x02000	253	鎌
0x02000	254	念動力
0x02000	255	体当たり
0x02000	256	念力
0x02000	257	魔法陣
0x02000	258	叩き漬し
0x02000	259	衝撃波
0x02000	260	踏み付け
0x02000	261	衝撃波
0x02000	262	体当たり
0x02000	263	眼光
0x02000	264	噛み付き
0x02000	265	超音波
0x02000	266	押しつぶし
0x02000	267	エキス吸収
0x02000	268	押しつぶし
0x02000	269	エキス吸収
0x02000	270	びんた
0x02000	271	吸血
0x02000	272	噛み付き
0x02000	273	びんた
0x02000	274	電撃
0x02000	275	目くらまし
0x02000	276	幻覚
0x02000	277	落雷
0x02000	278	毒牙
0x02000	279	噛み付き
0x02000	280	巻き付き
0x02000	281	剣
0x02000	282	けたぐり
0x02000	283	気泡
0x02000	284	吸血
0x02000	285	ふみつけ
0x02000	286	体当たり
0x02000	287	魔法の杖
0x02000	288	魔法のほうき
0x02000	289	艢製イモリ
0x02000	290	びんた
0x02000	291	突進
0x02000	292	骨投げ
0x02000	293	締め上げ
0x02000	294	同化
0x02000	295	蝋とばし
0x02000	296	噛み付き
0x02000	297	引っ掻き
0x02000	298	体当たり
0x02000	299	踏み漬し
0x02000	300	びんた
0x02000	301	けたぐり
0x02000	302	口臭
0x02000	303	おなら
0x02000	304	最後っ屁
0x02000	305	びんた
0x02000	306	魔女のほうき
0x02000	307	落雷
0x02000	308	呪いの蝋人形
0x02000	309	体当たり
0x02000	310	火炎
0x02000	311	びんた
0x02000	312	けたぐり
0x02000	313	入道噛み付き
0x02000	314	入道頭突き
0x02000	315	鏡
0x02000	316	鏡
0x02000	317	鏡
0x02000	318	鏡
0x02000	319	鏡
0x02000	320	鏡
0x02000	321	鏡
0x02000	322	鏡
0x02000	323	鏡
0x02000	324	鏡
0x02000	325	鏡
0x02000	326	鏡
0x02000	327	鏡
0x02000	328	鏡
0x02000	329	鏡
0x02000	330	灼熱地獄
0x02000	331	未使用
0x02000	332	未使用
0x02000	333	未使用
0x02000	334	未使用
0x02000	335	未使用
0x02000	336	けたぐり
0x02000	337	噛み付き
0x02000	338	骨飛ばし
0x02000	339	けたぐり
0x02000	340	噛み付き
0x02000	341	骨飛ばし
0x02000	342	けたぐり
0x02000	343	噛み付き
0x02000	344	骨飛ばし
0x02000	345	噛み付き
0x02000	346	体当たり
0x02000	347	噛み付き
0x02000	348	体当たり
0x02000	349	噛み付き
0x02000	350	体当たり
0x02000	351	魔法の杖
0x02000	352	魔法のほうき
0x02000	353	魔法の杖
0x02000	354	魔法のほうき
0x02000	355	びんた
0x02000	356	突進
0x02000	357	骨投げ
0x02000	358	びんた
0x02000	359	突進
0x02000	360	骨投げ
0x02000	361	噛み付き
0x02000	362	引っ掻き
0x02000	363	体当たり
0x02000	364	噛み付き
0x02000	365	引っ掻き
0x02000	366	体当たり
0x02000	367	剣
0x02000	368	けたぐり
0x02000	369	剣
0x02000	370	けたぐり
0x02000	371	吸血
0x02000	372	吸血
0x02000	373	吸血
0x02000	374	ふみつけ
0x02000	375	体当たり
0x02000	376	吸血
0x02000	377	ふみつけ
0x02000	378	体当たり
0x02000	379	蝋とばし
0x02000	380	体当たり
0x02000	381	足蹴り
0x02000	382	霊波虹
0x02000	383	邪眼の韲
0x02000	384	竜巻錫杖
0x02000	385	響魂の琵琶
0x02000	386	轟音鼓
0x02000	387	地獄のほら霽
0x02000	388	霊気幡弾
0x02000	389	オナラ缶詰
0x02000	390	噛み付き
0x02000	391	毒きり
0x02000	392	超音波
0x02000	393	噛み付き
0x02000	394	毒きり
0x02000	395	超音波
0x02000	396	眼光
0x02000	397	体当たり
0x02000	398	指鉄胞
0x02000	399	胃漬
0x02000	400	噛み付き
0x02000	401	引っ掻き
0x02000	402	落雷
0x02000	403	チャンチャンコ
0x02000	404	砂太鼓の韲
0x02000	405	乱れ引っ掻き
0x02000	406	もめん切り
0x02000	407	渦巻き
0x02000	408	大コウモリ
0x02000	409	吹雪
0x02000	410	鏡
0x02000	411	未使用
0x02000	412	未使用
0x02000	413	未使用
0x02000	414	未使用
0x02000	415	未使用
0x02000	416	未使用
0x02000	417	未使用
0x02000	418	未使用
0x02000	419	未使用
0x02000	420	未使用
0x02000	421	未使用
0x02000	422	未使用
0x02000	423	未使用
0x02000	424	未使用
0x02000	425	未使用
0x02000	426	未使用
0x02000	427	未使用
0x02000	428	未使用
0x02000	429	未使用
0x02000	430	未使用
0x02000	431	未使用
0x02000	432	未使用
0x02000	433	未使用
0x02000	434	未使用
0x02000	435	未使用
0x02000	436	未使用
0x02000	437	未使用
0x02000	438	未使用
0x02000	439	未使用
0x02000	440	未使用
0x02000	441	未使用
0x02000	442	未使用
0x02000	443	未使用
0x02000	444	未使用
0x02000	445	未使用
0x02000	446	未使用
0x02000	447	未使用
0x02000	448	未使用
0x02000	449	未使用
0x02000	450	未使用
0x02000	451	未使用
0x02000	452	未使用
0x02000	453	未使用
0x02000	454	未使用
0x02000	455	未使用
0x02000	456	未使用
0x02000	457	未使用
0x02000	458	未使用
0x02000	459	未使用
0x02000	460	未使用
0x02000	461	未使用
0x02000	462	未使用
0x02000	463	未使用
0x02000	464	未使用
0x02000	465	未使用
0x02000	466	未使用
0x02000	467	未使用
0x02000	468	未使用
0x02000	469	未使用
0x02000	470	未使用
0x02000	471	未使用
0x02000	472	未使用
0x02000	473	未使用
0x02000	474	未使用
0x02000	475	未使用
0x02000	476	未使用
0x02000	477	未使用
0x02000	478	未使用
0x02000	479	未使用
0x02000	480	未使用
0x02000	481	未使用
0x02000	482	未使用
0x02000	483	未使用
0x02000	484	未使用
0x02000	485	未使用
0x02000	486	未使用
0x02000	487	未使用
0x02000	488	未使用
0x02000	489	未使用
0x02000	490	未使用
0x02000	491	未使用
0x02000	492	未使用
0x02000	493	未使用
0x02000	494	未使用
0x02000	495	未使用
0x02000	496	未使用
0x02000	497	未使用
0x02000	498	未使用
0x02000	499	未使用
0x02000	500	未使用
0x02000	501	未使用
0x02000	502	未使用
0x02000	503	未使用
0x02000	504	未使用
0x02000	505	未使用
0x02000	506	未使用
0x02000	507	未使用
0x02000	508	未使用
0x02000	509	未使用
0x02000	510	未使用
0x02000	511	未使用
0x03800	0	ダミー
0x03800	1	聖霊機ライブレード
0x03800	2	聖霊機アルディート
0x03800	3	聖霊機シェルベイト
0x03800	4	聖霊機デスペディータ(初期兵装)
0x03800	5	聖霊機デスペディータ(正式兵装)
0x03800	6	聖霊機ダイガッツ
0x03800	7	聖霊機イクシア
0x03800	8	聖霊機バルドッグ<87>ブースト
0x03800	9	聖霊機レプティル
0x03800	10	聖霊機ゼファード
0x03800	11	聖霊機グラキエス
0x03800	12	聖霊機ミスティガ
0x03800	13	聖霊機セルフィン
0x03800	14	聖霊機ロシュノフォン
0x03800	15	聖霊機セルヴィス
0x03800	16	装兵機ウェンリーク(訓練仕様)
0x03800	17	装兵機ウェンリーク(実戦仕様A)
0x03800	18	装兵機ウェンリーク(実戦仕様B)
0x03800	19	装兵機エルスリーク(連擾隊員)
0x03800	20	装兵機ヴェリル<87>アスティン
0x03800	21	装兵機ブラオ<87>アーベント
0x03800	22	装兵機イスベルク(アラクル)
0x03800	23	装兵機イスベルク(タルス)
0x03800	24	装兵機イスベルク(ライゼ)
0x03800	25	装兵機イスベルク(アキュゼ)
0x03800	26	装兵機イスベルク強化型
0x03800	27	装兵機サンギュリエ
0x03800	28	装兵機ヴァンダイル
0x03800	29	装兵機ブランガゼル
0x03800	30	装兵機レィール<87>アスティン
0x03800	31	装兵機レィール<87>アスティン強化型
0x03800	32	遺産兵器エウカリス
0x03800	33	遺産兵器エウカリス強化型
0x03800	34	遺産兵器ソルシェント
0x03800	35	遺産兵器ソルシェント強化型
0x03800	36	装兵機グランマーテル
0x03800	37	装兵機アルガス
0x03800	38	装兵機バラーダ
0x03800	39	レイ<87>アクーラ(変身前)
0x03800	40	レイ<87>アクーラ(変身後)
0x03800	41	レイ<87>アクーラ
0x03800	42	レイ<87>アクーラ
0x03800	43	宝玉A
0x03800	44	デュッセルドフ
0x03800	45	ゼイフォン
0x03800	46	グリオール(グラード機)
0x03800	47	グリオール(クルル機)
0x03800	48	レグレード
0x03800	49	ブランダイム
0x03800	50	ベーゼンドルファー
0x04000	0	戦術デバッカ
0x04000	1	ADVデバッカ
0x04000	2	戦略デバッカ
0x04000	3	サウンドデバッカ
0x04000	4	マップ選択
0x04000	5	移動
0x04000	6	攻撃
0x04000	7	道具
0x04000	8	説得
0x04000	9	能力
0x04000	10	特殊
0x04000	11	待機
0x04000	18	NO
0x04000	19	耐久力
0x04000	20	高さ
0x04000	21	横幅
0x04000	22	縦幅
0x04000	23	コピー&ペースト
0x04000	26	ライトカラー0
0x04000	27	ライトカラー1
0x04000	28	ライトカラー2
0x04000	29	アンビエント
0x04000	30	.
0x04000	31	Z:
0x04000	32	進入可<87>不可設定
0x04000	33	地形属性種別設定
0x04000	34	地形番号
0x04000	35	地  名
0x04000	36	地形コスト
0x04000	37	戦闘補正
0x04000	44	BGM
0x04000	45	SE
0x04000	46	ボイス
0x04000	47	開癸中
0x04000	48	街マップ
0x04000	49	自然マップ
0x04000	50	夜マップ
0x04000	55	マップ初期化
0x04000	56	オブジェタイプ設定
0x04000	57	通常表示
0x04000	58	戦術マップ時のみ表示
0x04000	59	戦闘時のみ表示
0x04000	60	戦闘時に、カメラとユニットの|間に入ると半透明
0x04000	61	戦闘時のみ表示(半透明)
0x04000	64	ガオガイガー
0x04000	65	マイク
0x04000	66	炎龍
0x04000	67	撃竜神
0x04000	68	反撃有(ポリゴン)
0x04000	69	反撃有(ムービー)
0x04000	74	勇者コマンド
0x04000	75	強制モード
0x04000	76	なし
0x04000	77	ヒット
0x04000	78	ロボット
0x04000	79	パイロット
0x04000	80	戦闘デバッガ
0x04000	81	ムービー選択
0x04000	82	マップ切り替え
0x04000	83	シナリオ選択
0x04000	84	終了
0x04000	88	BG00|BG01|BG02|BG03|BG04
0x04000	96	第02話<8b>勇太とデッカード<8c>
0x04000	97	第06話<8b>ブラックガイン<8c>
0x04000	98	第12話<8b>緑の髪の少年<8c>
0x04000	99	第11話<8b>勇者王誕生!<8c>
0x04000	100	第5話
0x04000	112	00
0x04000	113	01
0x04000	114	02
0x04000	115	03
0x04000	116	04
0x04000	117	05
0x04000	128	回騫
0x04000	129	ダメージ小
0x04000	130	ダメージ中
0x04000	131	ダメージ大
0x04000	132	破壊
0x04000	133	攻撃近接
0x04000	134	掛合攻撃近接
0x04000	135	攻撃間接
0x04000	136	掛合攻撃間接
0x04000	137	反撃
0x04000	138	必殺
0x04000	139	必殺掛合
0x04000	140	合体掛合
0x04000	141	協力
0x04000	142	戦闘音声
0x04000	143	ランダムオン
0x04000	144	ランダムオフ
0x04000	152	なし|目くらまし|毒|麻痺|陲眠|ダイヤモンド化|粭着
0x04000	160	マップユニット
0x04000	161	戦闘ユニット
0x04000	162	マップ
0x04000	163	ファイルが有りません
0x04000	164	フォグ
0x04000	165	R :        G :        B :        |N :                F :              |NMAX :        FMAX :        |(START : フォグ情報のセーブ)
0x04000	166	ユニット出撃
0x04000	167	ユニット|マップ|BG
0x04000	168	ユニット|マップ|BG
0x04000	176	毛針|<18><g204>リモコン下駄|鬼太郎憑き|チャンチャンコ|熱気|指鉄胞
0x04000	177	爪|<18><g204>噛み付き|乱れ引っ掻き
0x04000	178	石化落下|<18><g204>石化|頭突き|しゃっくり移し
0x04000	179	砂|<18><g204>びんた|往復びんた|砂嵐|砂太鼓の壷
0x04000	180	生気吸収|<18><g204>けたぐり|笹なぐり
0x04000	181	噛み付き|<18><g204>けたぐり|眼光|糞
0x04000	192	ウブメの巣|ゲゲゲの森|赤舌体内|胎内洞窟|東京タワー上部|沼べり|父島
0x04000	193	敵ですよ父さん
0x04000	208	MAP選択|セーブ|ロード|平行ライト|環境光|フォグ|高低差設定|地形属性設定
0x04000	209	マップ番号
0x04000	210	R          G          B          
0x04000	211	X          Y          Z          
0x04000	212	0.
0x04000	213	1.00
0x04000	214	S          E          
0x04000	224	ゲームスタート|マップビューアー|ユニットビューアー|シナリオセレクト
0x04000	225	鬼太郎|ねずみ男|砂かけ婆|子泣き爺|猫餅|ぬり壁|妖怪竹|万年竹|蛞獲鳥|むじな
0x04000	232	ダメージ
0x04000	233	回騫
0x04000	234	防御
0x04000	240	プロローグ|1話|2話|3話|4話|5話
0x04000	255	------------------
0x05000	0	傭城外
0x05000	1	侵入不可
0x05000	2	侵入不可
0x05000	3	土
0x05000	4	草
0x05000	5	砂利
0x05000	6	沼
0x05000	7	池
0x05000	8	川
0x05000	9	海
0x05000	10	氷
0x05000	11	岩
0x05000	12	木
0x05000	13	崖
0x05000	14	道
0x05000	15	コンクリート
0x05000	16	建築資材
0x05000	17	床
0x05000	18	壁
0x05000	19	壁
0x05000	20	畑
0x05000	21	田んほ
0x05000	22	体内
0x05000	23	家
0x05000	24	社
0x05000	25	椢
0x05000	26	慕石
0x05000	27	虹篭
0x05000	28	五輪
0x05000	29	地蔵
0x05000	30	井戸
0x05000	31	門
0x05000	32	石像
0x05000	33	桶
0x05000	34	穴
0x05000	35	齏
0x05000	36	血の川
0x05000	37	血の池
0x05000	38	石化木
0x05000	39	石化妖怪
0x05000	40	柱
0x05000	41	炎
0x05000	42	牟
0x05000	43	襴干
0x05000	44	岩床
0x05000	45	空
0x05000	46	スイッチ
0x05000	47	双眼鏡
0x05000	48	橋
0x05000	49	朽ちた橋
0x05000	50	氷柱
0x05000	51	歳粋
0x05000	52	歯車
0x05000	53	コンピュータ
0x05000	54	コンピュータ
0x05000	55	霊気回復装置
0x05000	56	手すり
0x05000	57	瓦線
0x05000	58	階段
0x05000	59	鑼乳石
0x05000	60	繿
0x05000	61	繿
0x05000	62	岩地面
0x05000	63	石化草
0x05000	64	家
0x05000	65	家
0x05000	66	家
0x05000	67	家
0x05000	68	家
0x05000	69	家
0x05000	70	鬼太郎の家
0x05000	71	廃虚
0x05000	72	牟屋
0x05000	73	柱
0x05000	74	玉座
0x05000	75	回復装置
0x05000	76	炎
0x05000	77	薬漬
0x05000	78	体漬
0x05000	79	用水
0x05000	80	石輩
0x05000	81	魔石
0x05000	82	魔法陣
0x05000	83	木鰆
0x05000	84	椿
0x05000	85	穴
0x05000	86	かがり火
0x05000	87	脳
0x05000	88	棚
0x05000	89	ドア
0x05000	90	机
0x05000	91	封鰯石
0x05000	92	毒薬
0x05000	93	遠見薬
0x05000	94	謎の粭漬
0x05000	95	回復薬
0x05000	96	薬品齏
0x05000	97	魔法のカメ
0x05000	98	攘
0x05000	99	火口
0x05000	100	突起
0x05000	101	氷瑰
0x05000	102	藾
0x05000	103	霽殻
0x05000	104	石段
0x05000	105	焼け跡
0x05000	106	電柱
0x05000	107	鉄骨
0x05000	108	石
0x05000	109	電繊障壁
0x05000	110	空中
0x05000	111	魂の鰆
0x05000	112	籤瀋め
0x05000	113	穰
0x05000	114	小屋
0x05000	115	ポンプ
0x05000	116	床
0x05000	117	橋
0x05000	118	鬼太郎の骨
0x05000	119	消化漬
0x05000	120	瓦線
0x05000	121	魔法陣
0x05000	122	土
0x05000	123	魔法陣
0x05000	127	その他
0x05000	128	防[    ]%  傘[    ]%
0x05000	256	防御
0x05000	257	傘中
0x05000	258	%
0x05000	260	高さ
0x05000	273	体力回復
0x05800	0	ダミー
0x05800	1	妖怪アンテナ
0x06000	0	蛞獲鳥と万年竹を倒す
0x06000	1	猫餅をとめる
0x06000	2	敵の全滅
0x06000	3	ぬけ首を倒す
0x06000	4	竹切り狸を倒す
0x06000	5	むじなの撃破
0x06000	6	大首の撃破
0x06000	7	奪われた生気の奪還
0x06000	8	バックベアードの撃破
0x06000	9	大ブタの撃破
0x06000	10	ゴーゴンの撃破
0x06000	11	オオカミ男の撃破
0x06000	12	ブエルの撃退
0x06000	13	スイッチの作動
0x06000	14	朧車の撃退
0x06000	15	ガシャドクロの撃退
0x06000	16	ぬらりひょんの撃破
0x06000	17	本物のこうもり猫の撃破
0x06000	18	チーの撃破
0x06000	19	ヴォジャーイの撃破
0x06000	20	ドラキュラの撃破
0x06000	21	ギーガの撃破
0x06000	22	ダイダラボッチの撃破
0x06000	23	妖怪樹の撃破
0x06000	24	本物のバックベアードの撃破
0x06000	25	ぬっぺらほうの撃破
0x06000	26	互大ぬっぺらほうの撃破
0x06000	27	鏡獅子の撃破
0x06000	28	ラグレシアの撃破
0x06000	29	本物のラグレシアの撃破
0x06000	30	牛鬼の撃破
0x06000	31	カリーカの撃破
0x06000	32	本物のカリーカの撃破
0x06000	127	敵の全滅
0x06000	128	鬼太郎が敗れる
0x06000	129	<87>鬼太郎が敗れる|<87>13ターン目の敵行動までに| 勝利条件を満たせなかった場合
0x06000	130	猫餅が敗れる
0x06000	131	<87>鬼太郎が敗れる|<87>悪魔召還の癸生
0x06000	132	鬼太郎が敗れる|又は戦闘可能キャラの全滅
0x06000	133	<87>鬼太郎が敗れる|<87>10ターン目の敵行動までに| 勝利条件を満たせなかった場合
0x06000	134	鬼太郎が敗れる|又は敵が家に鱗接した場合
0x06000	135	<87>猫餅が敗れる|<87>敵が鬼太郎の骨に鱗接した場合|<87>敵が目玉親父に鱗接した場合
0x06000	136	<87>鬼太郎が敗れる|<87>7ターン目の味方行動までに| 勝利条件を満たせなかった場合
0x06000	137	<87>鬼太郎が敗れる|<87>8ターン目の味方行動までに| 勝利条件を満たせなかった場合
0x06000	138	<87>鬼太郎が敗れる|<87>9ターン目の味方行動までに| 勝利条件を満たせなかった場合
0x06000	139	<87>鬼太郎が敗れる|<87>10ターン目の味方行動までに| 勝利条件を満たせなかった場合
0x06000	140	<87>鬼太郎が敗れる|<87>11ターン目の味方行動までに| 勝利条件を満たせなかった場合
0x06000	141	<87>鬼太郎が敗れる|<87>12ターン目の味方行動までに| 勝利条件を満たせなかった場合
0x06000	142	<87>鬼太郎が敗れる|<87>13ターン目の味方行動までに| 勝利条件を満たせなかった場合
0x06000	143	<87>鬼太郎が敗れる|<87>14ターン目の味方行動までに| 勝利条件を満たせなかった場合
0x06000	144	<87>鬼太郎が敗れる|<87>15ターン目の味方行動までに| 勝利条件を満たせなかった場合
0x06000	145	<87>鬼太郎が敗れる|<87>16ターン目の味方行動までに| 勝利条件を満たせなかった場合
0x06000	146	<87>鬼太郎が敗れる|<87>味方ユニットが二人以下になる
0x06000	147	<87>鬼太郎が敗れる|<87>11ターン目の味方行動までに| 勝利条件を満たせなかった場合
0x06000	255	鬼太郎が敗れる
0x06000	256	<g400>ゲゲゲの森
0x06000	257	<g400><g400><g400>村
0x06000	258	<g400>ゲゲゲの森
0x06000	259	<g400><g400> 東京
0x06000	260	<g400><g400> 東京
0x06000	261	<g400><g400> 東京
0x06000	262	<g400><g400> 東京
0x06000	263	<g400><g400> 古寺
0x06000	264	<g400>ゲゲゲの森
0x06000	265	<g400><g400>隠れ家
0x06000	266	<g400>ゲゲゲの森
0x06000	267	 むじな潜伏先
0x06000	268	<g400><g400> 古寺
0x06000	269	<g400>むじな潜伏先
0x06000	270	<g400><g400> 古寺
0x06000	271	<g400><g400><g400>森
0x06000	272	<g400><g400>隠れ家
0x06000	273	<g400> 晝士山麓
0x06000	274	 むじな潜伏先
0x06000	275	<g400><g400> 山村
0x06000	276	<g400><g400><g400>森
0x06000	277	<g400><g400> 上空
0x06000	278	<g400><g400> 上空
0x06000	279	<g400><g400> 韓国
0x06000	280	<g400> 晝士山麓
0x06000	281	<g400><g400>秋芳洞
0x06000	282	<g400><g400> 山村
0x06000	283	<g400><g400>秋芳洞
0x06000	284	<g400><g400> 韓国
0x06000	285	<g400><g400>秋芳洞
0x06000	286	<g400>ゲゲゲの森
0x06000	287	<g400><g400> 上空
0x06000	288	<g400>ゲゲゲの森
0x06000	289	<g400><g400> 海上
0x06000	290	<g400><g400> 海廳
0x06000	291	<g400><g400> 海岸
0x06000	292	<g400><g400> 洞窟
0x06000	293	<g400> 怪しい森
0x06000	294	<g400><g400><g400>森
0x06000	295	<g400> 怪しい森
0x06000	296	<g400> 海辺の村
0x06000	297	<g400><g400> 海上
0x06000	298	<g400><g400> 海上
0x06000	299	<g400><g400><g400>村
0x06000	300	<g400> 海辺の村
0x06000	301	<g400><g400> 海上
0x06000	302	<g400><g400><g400>森
0x06000	303	<g400><g400> 洞窟
0x06000	304	<g400><g400><g400>森
0x06000	305	<g400><g400><g400>森
0x06000	306	<g400><g400><g400>森
0x06000	307	<g400><g400> 洞窟
0x06000	308	<g400><g400><g400>村
0x06000	309	<g400><g400> 海上
0x06000	310	<g400><g400> 海上
0x06000	311	<g400><g400> 海上
0x06000	312	<g400><g400> 洞窟
0x06000	313	<g400><g400> 京都
0x06000	314	<g400><g400><g400>森
0x06000	315	<g400><g400> 京都
0x06000	316	<g400><g400> 父島
0x06000	317	<g400><g400> 母島
0x06000	318	<g400>ゲゲゲの森
0x06000	319	<g400><g400> 東京
0x06000	320	晝士山麓チー城
0x06000	321	晝士山麓チー城
0x06000	322	<g400> ギーガ城
0x06000	323	<g400> ギーガ城
0x06000	324	<g400>ゲゲゲの森
0x06000	325	<g400><g400> 恐山
0x06000	326	<g400><g400> 恐山
0x06000	327	<g400><g400><g400>森
0x06000	328	<g400><g400><g400>海上
0x06000	329	<g400><g400> 父島
0x06000	330	<g400><g400> 海上
0x06000	331	<g400><g400> 父島
0x07000	1	"PlayStation 2"専用メモリーカード(8MB)|をチェックしています。|救き差ししないでください。
0x07000	2	"PlayStation 2"専用メモリーカード(8MB)|がフォーマットされていません。|フォーマットしますか?
0x07000	3	"PlayStation 2"専用メモリーカード(8MB)|をフォーマットしています。|救き差ししないでください。
0x07000	4	システムデータを作成しています。|"PlayStation 2"専用メモリーカード(8MB)|を救き差ししないでください。
0x07000	5	このゲームをセーブするには、|"PlayStation 2"専用メモリーカード(8MB)|の空き容量が421KB以上は必要です。
0x07000	6	空き容量が足りません。|このゲームをセーブするには|"PlayStation 2"専用メモリーカード(8MB)|の空き容量が421KB以上は必要です。
0x07000	7	"PlayStation 2"専用メモリーカード(8MB)|を利用してください。|このゲームをセーブするには|空き容量が421KB以上は必要です。
0x07000	8	"PlayStation 2"専用メモリーカード(8MB)|が見つかりません。|このゲームをセーブするには|空き容量が421KB以上は必要です。
0x07000	9	システムデータが読み込めません。|このゲームをセーブするには|"PlayStation 2"専用メモリーカード(8MB)|の空き容量が421KB以上は必要です。
0x07000	10	システムデータが壊れています。|システムデータを新たに作りなおしますか?
0x07000	11	データロード
0x07000	12	データセーブ
0x07000	13	′ｌｗцю─л
0x07000	14	人助けポイント
0x07000	15	レベル
0x07000	16	所持金
0x07000	17	一
0x07000	18	までクリア
0x07000	19	第
0x07000	20	話
0x07000	21	「
0x07000	22	」
0x07000	23	戦闘中
0x07000	24	未使用
0x07000	25	ターン
0x07000	26	MEMORY CARD差込口を選択してください。
0x07000	27	MEMORY CARD差込口1|MEMORY CARD差込口2
0x07000	28	"PlayStation 2"専用メモリーカード(8MB)|と通信ができません。
0x07000	29	"PlayStation 2"専用メモリーカード(8MB)|を利用してください。
0x07000	30	"PlayStation 2"専用メモリーカード(8MB)|が見つかりません。
0x07000	31	"PlayStation 2"専用メモリーカード(8MB)|がフォーマットされていません。
0x07000	32	"PlayStation 2"専用メモリーカード(8MB)|にシステムデータが見つかりません。
0x07000	33	システムデータが読み込めません。
0x07000	34	データをロードしています。|"PlayStation 2"専用メモリーカード(8MB)|を救き差ししないでください。
0x07000	35	データをセーブしています。|"PlayStation 2"専用メモリーカード(8MB)|を救き差ししないでください。
0x07000	36	このデータに上書きします。|よろしいですか?
0x07000	37	セーブに失敗しました。
0x07000	38	アンフォーマットする差込口を選択してください。
0x07000	39	アンフォーマットしています。メモリーカードを|救き差ししないでください。
0x07000	40	アンフォーマットに失敗しました。
0x07000	41	"PlayStation 2"専用メモリーカード(8MB)|にシステムデータが見つかりません。|システムデータを作成しますか?
0x07000	42	このゲームのデータをセーブするには|システムデータが必要になります。
0x07000	43	データが読み込めません。
0x07000	44	このデータは壊れているため|ロードできません。
0x07000	45	このDATAにセーブするには、|"PlayStation 2"専用メモリーカード(8MB)|に空き容量が足りません。
0x07000	46	このままゲームを開始しますか?
0x07000	47	"PlayStation 2"専用メモリーカード(8MB)|のフォーマットを中止しました。
0x07000	48	 はい| いいえ
0x07000	49	/
0x07000	50	′ｌｗцю─．
0x07000	51	′ｌｗцю─・！
0x07000	52	出撃メンバーはこれでいいですか?
0x07000	53	′ｌｗцю─．２
0x07000	96	<g400><g400><g400><g400><g400>見えない敵が行動中
0x07000	97	<g400><g400><g400>見えない敵から攻撃を受けた!
0x07000	98	<g400><g400><g400><g400>見えない敵にぶつかった!
0x07000	99	<g400><g400><g400><g400><g400>敵が攻撃してきた!
0x07000	100	<g400><g400> 見えない敵に攻撃が傘中しました
0x07000	101	<g400><g400> 見えない敵が攻撃を回騫しました
0x07000	102	<g400><g400><g400><g400><g400>敵が見えなくなります
0x07000	112	「む!? そこか!」
0x07000	113	「いた!」
0x07000	114	「やっぱりいたな。| 思った通りだ!」
0x07000	115	「く……ここには誰も| 隠れてなかったか…」
0x07000	116	「あれ? 何か気配が| あったような気がしたんだけど…| 気のせいか?」
0x07000	117	「ちぇ、見当がはずれたか…」
0x07000	118	このメンバーで出撃します
0x07000	130	目葩まし
0x07000	131	毒
0x07000	132	猛毒
0x07000	134	麻痺
0x07000	136	催眠
0x07000	137	ダイヤ化
0x07000	138	石化
0x07000	140	粭着
0x07000	142	妖力吸収
0x07000	144	霊力吸収
0x07000	160	ロードに失敗しました。
0x07000	162	システムデータの作成に失敗しました。
0x07000	163	システムデータが壊れています。
0x07000	164	システムデータはロードされませんでした。
0x07000	165	MEMORY CARD差込口
0x07000	166	MEMORY CARD差込口1、2
0x07000	167	フォーマットに失敗しました。
0x07000	168	システムデータの作成に失敗しました。|このゲームをセーブするには、|"PlayStation 2"専用メモリーカード(8MB)|の空き容量が421KB以上は必要です。
0x07000	169	クリアデータをセーブするには、|ゲゲゲの鬼太郎のシステムデータのはいった|"PlayStation 2"専用メモリーカード(8MB)|が必要です。
0x07000	170	この"PlayStation 2"|専用メモリーカード(8MB)には|正常なシステムファイルが作成されていますので|中断します。
0x07000	171	このデータをロードします。|よろしいですか?
0x07000	172	クリアデータを保存すると二周目以降の|プレイに今回のデータの一部を引き継ぎ、|反映させる事ができます。|<g400><g400><g400>クリアデータを保存しますか?|<g400><g400><g400><g400><g400><g400><g400>はい/いいえ
0x07000	173	保存せずに終了すると今回のクリア|データが失われてしまいます。||このまま終了してもよろしいですか?|<g400><g400><g400><g400><g400><g400><g400>はい/いいえ
0x07000	174	クリアデータを保存しました。||メインメニューの〝続きから"で、この|データを選択すると、ゲームをもう一度|最初から麌ぶ事ができます。
0x07000	192	神隠しの羽音…妖しの子守唄
0x07000	193	破られた休息…闇夜を照らす邪笑
0x07000	194	魅入られし魂<87>物言わぬ魔性の乙女
0x07000	195	紅連の情念<87>強襲…炎纏いし首
0x07000	196	怪奇! 空を舞う獅子頭
0x07000	197	満たされぬ渇き<87>傘を啜る家
0x07000	198	仕組まれた罠<87>降鴎…炎の神
0x07000	199	甘美なる熟成<87>妖怪漬物の森
0x07000	200	濺殱…不滅なる闇
0x07000	201	集結<87>雪国妖怪連合
0x07000	202	異国の怪<87>若さを奪う石像
0x07000	203	伏魔の迷堂秋芳洞
0x07000	204	開ざされた道<87>零下の守人
0x07000	205	死闘! 対決ぬらりひょん
0x07000	206	新たなる刺客
0x07000	207	波乱の船出<87>流転の海路
0x07000	208	妖豚繋がれし洞穴
0x07000	209	妖花繚乱<87>幻の楽一
0x07000	210	血に飢えた萌芽
0x07000	211	静寂の森
0x07000	212	届け祈り! 恐怖の妖怪牛鬼
0x07000	213	決断の行方
0x07000	214	魔の芳香<87>人狼の特効薬
0x07000	215	生け誉の悲嶋…激突魔女軍団
0x07000	216	望まれぬ結末
0x07000	217	二大悪魔登場…京都血戦
0x07000	218	歯林への招待状<87>血戦小笠原
0x07000	219	怪気象潜入<87>歪められた首都
0x07000	220	時を刻む人形館
0x07000	221	養宴<87>タワー展望台血戦
0x07000	222	遅れてきた招待客
0x07000	223	新たなる戦いの序曲
0x07000	224	闇からの脱出
0x07000	225	消えぬ虹火
0x07000	226	奪われた若さ<87>ロンロンの変身
0x07000	227	勝利を繋ぐ橋
0x07000	228	霊場恐山<87>弔いの紅き川
0x07000	229	九尾の血族
0x07000	230	天かける夜の住人
0x07000	231	希望の終着駅
0x07000	232	大妖怪ギーガ
0x07000	233	最終血戦<87>鬼太郎対ギーガ
0x07000	234	眠らない瞳<87>邪眼の繰り糸
0x07000	235	完全なる復活<87>妖怪奇譚の終演
0x07000	255	開癸中
0x07000	256	麻のタスキ
0x07000	257	一魔のタスキ
0x07000	258	オナラ缶詰
0x07000	259	隠れ蓑
0x07000	260	隠れ蓑の灰
0x07000	261	紙の護符
0x07000	262	気合いハチマキ
0x07000	263	響魂の琵琶
0x07000	264	金運熊手
0x07000	265	金の鞁面
0x07000	266	銀の鞁面
0x07000	267	厳選薬草
0x07000	268	轟音鼓
0x07000	269	琥珀の数珠
0x07000	270	最高飯ガマ油
0x07000	271	沙羅双樹の数珠
0x07000	272	地獄のほら霽
0x07000	273	当ハチマキ
0x07000	274	邪眼の韲
0x07000	275	真珠の数珠
0x07000	276	水晶の数珠
0x07000	277	ソーマの蠶
0x07000	278	竜巻錫杖
0x07000	279	小さな御守り
0x07000	280	月の御守り
0x07000	281	超濃縮幽霊丸
0x07000	282	超幽霊丸
0x07000	283	鉄の鞁面
0x07000	284	天狗の遠メガネ
0x07000	285	闘魂ハチマキ
0x07000	286	導師の護符
0x07000	287	毒消し草
0x07000	288	特製ワラジ
0x07000	289	ねじりハチマキ
0x07000	290	疾風のワラジ
0x07000	291	星の御守り
0x07000	292	魔神の護符
0x07000	293	身代わり人形
0x07000	294	傘中の宝珠
0x07000	295	木綿のタスキ
0x07000	296	薬草
0x07000	297	幽霊丸
0x07000	298	幽霊豆
0x07000	299	妖怪染めタスキ
0x07000	300	妖怪遠メガネ
0x07000	301	妖怪軟豪
0x07000	302	妖花の夜蠶
0x07000	303	霊気幡弾
0x07000	304	霊波虹
0x07000	305	霊茹の護符
0x07000	383	開癸中
0x07000	384	攻撃力+35 傘中聿+5
0x07000	385	攻撃力+120 傘中聿+10
0x07000	386	広範囲武器二段階型 攻撃力800 射程2~3(1)|移動後使用可 味方を巻き込む
0x07000	387	一回だけ攻撃を完全回騫
0x07000	388	一回だけ回騫聿が+30%される
0x07000	389	防御力+30 体力+200
0x07000	390	攻撃力+75
0x07000	391	広範囲武器範囲型 攻撃力600 射程2~3|移動後使用可 味方を巻き込む
0x07000	392	一回だけ戦闘で得る金額を2倍にする
0x07000	393	傘中聿+25 獲得金1.5倍
0x07000	394	傘中聿+15 獲得金1.2倍
0x07000	395	体力1000回復
0x07000	396	広範囲武器羃型 攻撃力400 射程1~3|移動後使用可 味方を巻き込む
0x07000	397	防御力+45
0x07000	398	体力完全回復
0x07000	399	防御力+90
0x07000	400	広範囲武器羃型 攻撃力800 射程1~4|移動後使用可 味方を巻き込む
0x07000	401	攻撃力+25
0x07000	402	広範囲武器直線型 攻撃力800 射程1~4|移動後使用可 味方を巻き込む
0x07000	403	防御力+60
0x07000	404	防御力+30
0x07000	405	体力霊力完全回復
0x07000	406	広範囲武器範囲型 攻撃力600 射程1|移動後使用可 味方を巻き込む
0x07000	407	回騫聿+10
0x07000	408	回騫聿+25
0x07000	409	霊力完全回復
0x07000	410	霊力200回復
0x07000	411	傘中聿+10
0x07000	412	射程距離+2
0x07000	413	攻撃力+100
0x07000	414	防御力+80 体力+400
0x07000	415	毒状態回復
0x07000	416	移動距離+1
0x07000	417	攻撃力+50
0x07000	418	移動距離+2
0x07000	419	回騫聿+15
0x07000	420	防御力+100 体力+500
0x07000	421	一回だけ受けるダメージを半減
0x07000	422	一回だけ傘中聿を100%にする
0x07000	423	攻撃力+60 傘中聿+5
0x07000	424	体力200回復
0x07000	425	霊力100回復
0x07000	426	霊力50回復
0x07000	427	攻撃力+85 傘中聿+10
0x07000	428	射程距離+1
0x07000	429	体力500回復
0x07000	430	石化以外のステータス異常回復
0x07000	431	広範囲武器二段階型 攻撃力400 射程2~3(1)|移動後使用可 味方を巻き込む
0x07000	432	広範囲武器直線型 攻撃力400 射程1~4|移動後使用可 味方を巻き込む
0x07000	433	防御力+50 体力+300
0x07000	511	開癸中
0x09000	0	もののけWEB注意事項
0x09000	1	投稿者 : がんもキッド(管理人)
0x09000	2	ここは妖怪、主にゲゲゲの鬼太郎に|ついて語る掲示板です。||論謗中傷や個人のプライバシーに|関わる内容は書き込みを禁止します。
0x09000	3	改めて…
0x09000	4	投稿者 : がんもキッド(管理人)
0x09000	5	え~、妖怪ファンの管理人、|〝がんもキッド"です。||この掲示板は僕のサイトで|開設していたBBSの携帯版で、|実は本業が忙しくなったので|外出中でも手軽に情報交換が|できるように…と思い|携帯と共用できる掲示板を|作ってみました。||妖怪が好きな人同士、交流を|していけたら、と思うので|乗非楽しい書き込みをお願いします。
0x09000	6	初めまして
0x09000	7	投稿者 : 意地太郎
0x09000	8	初めまして、意地太郎といいます。|今年はなんだか妖怪がブレイク|しそうな予感。|盛り上げていきましょう。
0x09000	9	Re : 初めまして
0x09000	10	投稿者 : しげる大好きっ子
0x09000	11	あたしも「初めまして」でっす!|〝しげる大好きっ子"と|申す者です!||>妖怪がブレイクしそうな予感。|あたしもそう思います!|もりあげましょ~!(>_<)||ところで皆さんは何の|妖怪が好きですか?|アタシは目玉親父です! |お茶蜿風呂サイコー!
0x09000	12	Re : Re : 初めまして
0x09000	13	投稿者 : SIN
0x09000	14	俺もお初です。|目玉親父ってよく考えたら|もろ目玉で気持ち悪い筈なのに|可愛く感じるから謎だ。|俺的に好きな妖怪はベアードっす。
0x09000	15	どうも
0x09000	16	投稿者 : がんもキッド(管理人)
0x09000	17	お三方、早速の書き込み|どうも有り難うございます。|僕が好きなのは〝傘化け"です。||オーソドックスな妖怪のようでいて|鬼太郎のチャンチャンコを使って|人に化けたり、熱線を放射するなど|なかなか多彩なところが魅力です。
0x09000	18	Re : どうも
0x09000	19	投稿者 : 意地太郎
0x09000	20	催眠術なんかも|使いましたよね。||人に化ける力は|チャンチャンコのおかげなので|彼の実力では無いでしょうが|確かに盛りだくさんな奴です。
0x09000	21	Re : Re : どうも
0x09000	22	投稿者 : がんもキッド(管理人)
0x09000	23	>催眠術なんかも|ああ、そうですそうです。||他人にそそのかされて|鬼太郎を襲ってしまう|彼ですが、|根っから悪い奴じゃないので|ちゃんと話し合えば鬼太郎と|仲良くできたと思うのですが…||しかし良く憶えてますね?|思い出せない妖怪とかあったら|カキコするので教えて下さいね。|(不勉強な管理人)
0x09000	24	かわうそ
0x09000	25	投稿者 : SIN
0x09000	26	根っから悪い奴じゃないといえば|傘化け以上にかわうそだね。||ひもじいから鬼太郎を|襲っただけで、もともとは鬼太郎の|友達だったんだもんな。
0x09000	27	何でしたっけ
0x09000	28	投稿者 : しげる大好きっ子
0x09000	29	おたずねします<87><87><87>美人画に|封鰯されていて見た人間の|生気を吸い取ってしまう|妖怪ってなんて名前でしたっけ?
0x09000	30	Re : 何でしたっけ
0x09000	31	投稿者 : SIN
0x09000	32	俺の記憶だと黒坊主。|画霊とよばれるカテゴリーで、|水が弱点。
0x09000	33	それって…
0x09000	34	投稿者 : 意地太郎
0x09000	35	たしか、ぬりかべに水を|かけられて倒されたんですよね。||ボクはぬりかべファンなので|よく憶えてます。
0x09000	36	ぬけ首
0x09000	37	投稿者 : SIN
0x09000	38	ファンといえば俺的には|ぬけ首とかも好きかな。|あのコンプレックス|丸出しの所とか|可愛いよね。
0x09000	39	Re : ぬけ首
0x09000	40	投稿者 : 意地太郎
0x09000	41	>ぬけ首とかも好きかな。|思いこみが激しくてちょっと|はた迷惑な奴だけどね。||確か…首と胴体が長く離れすぎると|幡癸しちゃうんだったよね。
0x09000	42	もし本当に
0x09000	43	投稿者 : SIN
0x09000	44	もし本当に彼に出会ったら|急いで胴体を確保して、|首とくっつけるだろうね。||自分がケガしたくないんじゃなくて|ぬけ首が危ないから。
0x09000	45	じゃあ
0x09000	46	投稿者 : がんもキッド(管理人)
0x09000	47	獅子舞が空飛ぶ奴、あれは|なんて言う奴だったっけ?
0x09000	48	話は知ってる!
0x09000	49	投稿者 : しげる大好きっ子
0x09000	50	話は覚えてるけど<87><87>(-_-)|女の子がさらわれる奴|ですよね~?||そんでたしか、カラスが|居場所を教えてくれて|助けてくれるんですよね?||ああ~なんだったっけ!?
0x09000	51	不覚…
0x09000	52	投稿者 : SIN
0x09000	53	調べたいときに限って|それが載ってる資料が|見つからない罠。
0x09000	54	調べ中
0x09000	55	投稿者 : 意地太郎
0x09000	56	名前は確か〝鏡獅子"。|幻術を使う妖怪です。|お金を盗んだり|女の子を襲ったりします。||こういう奴は本当にいたら|早く倒さないと大変な事に|なりますね。
0x09000	57	話は変わって<87><87><87>
0x09000	58	投稿者 : しげる大好きっ子
0x09000	59	鬼太郎には色々恐ろしい妖怪が|登場しますけど、|皆さんは何が怖かったですか?
0x09000	60	一番じゃないけど…
0x09000	61	投稿者 : がんもキッド(管理人)
0x09000	62	赤舌とか嫌だったな…|飲み込まれて水分を吸い取られる|っていうのが|単純に食べられるよりも|じわじわと苦しめられる感じで|気持ち悪かったかな。||基本的には鈍重な妖怪だけど|水を利用して高速移動するから|森の中とかで、もし本当に|出会ったら逃げられないだろうな…
0x09000	63	あれは…
0x09000	64	投稿者 : 意地太郎
0x09000	65	あの話は|骨女がポイントですね。
0x09000	66	骨女といえば
0x09000	67	投稿者 : SIN
0x09000	68	骨女といえば、大首の話にも|出てたよね、俺は赤舌より|この大首の方が怖かった。||鬼太郎も実力では敵わな|かったしね。なんせ奴は|不死身だから。
0x09000	69	まあね
0x09000	70	投稿者 : がんもキッド(管理人)
0x09000	71	でも、鬼太郎がアイツを|疲れさせて最後には勝利した|わけだから。|鬼太郎が実力で勝ったって|言ってもいいんじゃないかな?||骨女といえばねずみ男との|傲妙な関係も見物。
0x09000	72	怖いと言えば<87><87><87>
0x09000	73	投稿者 : しげる大好きっ子
0x09000	74	鬼太郎には色々妖怪が|登場しますけど、|皆さんは何が一番怖かったですか?
0x09000	75	強い奴が怖い
0x09000	76	投稿者 : SIN
0x09000	77	俺的にはひでり神。|ある気象条件を満たすと|出現する妖怪らしいんだけど。|全体に設定が謎で、|なおかつ強い所が|怖いかな。||鬼太郎も実力では|敵わなかったしね。
0x09000	78	確か<87><87><87>
0x09000	79	投稿者 : しげる大好きっ子
0x09000	80	蛇みたいな大きい妖怪に|ひでり神を食べて貰って|倒したんでしたよね。||あの何でも食べる妖怪は|どうやって呼び出したん|でしたっけ?||シーサーが呼びに行って|くれたんだったかな?
0x09000	81	怖いかも
0x09000	82	投稿者 : 意地太郎
0x09000	83	ひでり神は確かに怖いかも。|でも上手くもっていけば|友達になってくれそう。||ひょうきんな顔してるし|話がわからない奴じゃ|ないと思うよ。
0x09000	84	僕は寒いのが嫌
0x09000	85	投稿者 : 意地太郎
0x09000	86	僕は寒いのが嫌いなので|雪国妖怪連合の話には|身震いがしました。||魂をアイスキャンデーに|されるとかそういうのにも…|ぶるぶるでした。||今でも帰省で母方の実家|(北の方)に行くときは|この話を思い出します。|まあ、実際に出会う事は|無いと思いますが…
0x09000	87	そーゆーときには
0x09000	88	投稿者 : しげる大好きっ子
0x09000	89	確か魂を凍らされて|奪われちゃうんですよね<87><87><87>|万が一本物に出会っても|つるべ火とかも一緒に|出てきてくれたら|心配いらないんですけどね。||あの子なら氷とか|溶かしてくれて、魂を|取り返してくれそう!|傘化けとかでも良いかも~!
0x09000	90	怖いと言えば<87><87><87>
0x09000	91	投稿者 : しげる大好きっ子
0x09000	92	鬼太郎には色々妖怪が|登場しますけど、|皆さんは何が怖かったですか?||あたしは〝ほうこう"かな<87><87><87>|なんか山奥とかにいったら|本当に居そうだもん。||日本で起きている|懸菜泥棒の何%かは、ほうこうの|仕業ですよ、きっと(>_<)!
0x09000	93	ほうこう…
0x09000	94	投稿者 : 意地太郎
0x09000	95	懸菜泥棒か…そういえば|この前ニュースとかでも|やってたな…||ほうこうって漬け物好き|妖怪ですよね。|確か分裂して|四つの元素別の個体に|分かれる事ができた筈。||頭数が増えた反面|〝火ほうこうは水に弱い"みたいに|かえって弱点が生まれている所が|面当いですよね。
0x09000	96	ぬっぺらほう
0x09000	97	投稿者 : がんもキッド(管理人)
0x09000	98	ぬっぺらほうとかも怖かったな…|特にデザインが。|若さを吸い取られるっていうのも|嫌な感じだったし。
0x09000	99	若さ
0x09000	100	投稿者 : しげる大好きっ子
0x09000	101	ぬっぺらほうって|若さを吸い取る妖怪なんですか!?|絵は見たことはあるけど|お話は読んでませんでした。|それは嫌な奴ですね<87><87><87>||そんな妖怪がもし出たら|一刻も早く鬼太郎に|退治してもらわないと!
0x09000	102	〈お<87>し<87>ら<87>せ〉
0x09000	103	投稿者 : がんもキッド(管理人)
0x09000	104	なんかサーバの調子が|悪いらしいので、暫くここの|書き込みが不能になります。|再開したらまたお知らせしますので|ご不自由をかけますが、|ご了承下さいませ。
0x09000	105	復活!
0x09000	106	投稿者 : がんもキッド(管理人)
0x09000	107	直りました~。
0x09000	108	なんか…
0x09000	109	投稿者 : 意地太郎
0x09000	110	なんだかあちこちの|サーバの調子が悪く|なってるみたいですね…|なにかあったのかな?
0x09000	111	初めまして
0x09000	112	投稿者 : ウニ魔神(改)
0x09000	113	初めまして、ウニ魔神(改)|いうモンです。|妖怪好きが集まっとると|聞いて、参加させてもらお思て|きました。よろしゅう。||みなさん、大事な妖怪|忘れてまへんか! そう、|〝バックベアード"でんがな!|あの威圧感のある風貎…|めくらましや催眠効果のある|強力な眼力…|あれこそ鬼太郎のライバル。|悪くて怖い妖怪の|代表とちゃいますか?
0x09000	114	強いしね
0x09000	115	投稿者 : SIN
0x09000	116	初めまして、SINと言います。|俺もベアードは好き。|ランクを付けるなら常にベスト3入り。|でも鏡みたいな物だと|眼力をはね返されてしまうのが|ウィークポイントかな。
0x09000	117	何言うてますねん!
0x09000	118	投稿者 : ウニ魔神(改)
0x09000	119	へなちょこな鏡くらい|奴の眼力にかかれば、すぐ|ぱり~んいってまいますって!|ベアード様最高!
0x09000	120	マニアック
0x09000	121	投稿者 : SIN
0x09000	122	好きなのと怖いのはわかったから|少しマニアックな妖怪の|話題に行こうか。||カタキラウワって知ってる?
0x09000	123	へへへ<87><87><87>
0x09000	124	投稿者 : しげる大好きっ子
0x09000	125	しってますよ~!(^-^)|ブタさんの妖怪ですよね!|結構可愛いですよね。|この妖怪さんなら|実際に会ってみたいかな。|お話して友達になってもらう|のもいいかも。
0x09000	126	そうかな?
0x09000	127	投稿者 : SIN
0x09000	128	友達ねえ…なりたいかな?|だってブタでしょ?|俺ならパス。本当に会ったら|てっとり早く逃げるね。|その時の状況しだいだけど。
0x09000	129	マニアック
0x09000	130	投稿者 : SIN
0x09000	131	好きなのと怖いのはわかったから|少しマニアックな妖怪の|話題に行こうか。||ラグレシアって知ってる?
0x09000	132	もちろん
0x09000	133	投稿者 : 意地太郎
0x09000	134	互大な花の妖怪ですよね。|もし森で迷子になって|こいつに出会ったらイヤだな…|何が弱点なんだろう。|植物だから、|やっぱ火に弱いのかな?
0x09000	135	どうだろ?
0x09000	136	投稿者 : SIN
0x09000	137	根が張ってて|動きが鈍そうだから|走って逃げるのが|単純でいいかもな。
0x09000	138	ハジメマシテ
0x09000	139	投稿者 : L齷DEAD
0x09000	140	初めまして。初書き込みネ。|みなさん。西洋の妖怪|ワスレテません?|ゴーゴンとか魔女ロンロンとかも|いちお、りっぱな妖怪ネ!
0x09000	141	はじめまして
0x09000	142	投稿者 : がんもキッド(管理人)
0x09000	143	はじめまして、L齷DEADさん。|たしかに、ベアード以外に西洋の|妖怪の話はしてませんでしたね。||ゴーゴンというと、|頭髪が蛇になっていて|石になってしまうから|絶対彼女の前に立っては|いけない妖怪ですよね。|この妖怪には一瞬で|石にされてしまうという|恐怖があります。|もし本当にあったら|物陰に隠れてやり過ごさないと。
0x09000	144	そやな
0x09000	145	投稿者 : ウニ魔神(改)
0x09000	146	よし、西洋妖怪に|脚光をあててこか。|まずはベタな所でオオカミ男やな。|こいつは…あんま特徼あらへんな。|機動力があるくらいか…||あかん、脚光あてるの失敗や…
0x09000	147	そうですね…
0x09000	148	投稿者 : 意地太郎
0x09000	149	ダイヤモンドが好きだった事は|憶えていますが…|長所がアレだったら|短所を掘り下げてみるのは|どうでしょう?|こいつは何が弱点なのかな…|半分猷だからやっぱ|火に弱いんだろうな…||あかん、脚光あてるの失敗や…(笑)
0x09000	150	ダイヤといえば<87><87><87>
0x09000	151	投稿者 : しげる大好きっ子
0x09000	152	ダイヤといえば輪入道!|こいつは人や妖怪をダイヤ化する|力があるんですよね~!($_$)|いいなあ、ダイヤ。何とかして|輪入道とお友達になれないかな~|(そればっかし)|あ、その前にあたしが|ダイヤにされるやも<87><87><87>|(って、ぜんぜん西洋妖怪の| 話してないし<87><87><87>反省)
0x09000	153	う~ん
0x09000	154	投稿者 : ウニ魔神(改)
0x09000	155	西洋妖怪の事はそれとして(笑)|ダイヤは魅力的や。上手いこと|仲良うして恩恵にあずからなな。||でもあいつはどうやったら|気に入ってくれるやろ…|とりあえず。こっちが敵意を|もってない事を示さな|あかんのかな?
0x09000	156	そやな
0x09000	157	投稿者 : ウニ魔神(改)
0x09000	158	よし、西洋妖怪に脚光を|あててこか。まずは話にも|でてた魔女ロンロンやな。|魔女ゆうたらやっぱああいう|風格のある走婆が最高やね。|長生きしてるやろから|おもろい話いっぱい|知ってそうな感じやし。
0x09000	159	でも…
0x09000	160	投稿者 : SIN
0x09000	161	あいつけっこう凶暴だぜ。|強いのは強いだろうけど…|俺的にはいまいち好きくないな。|って、脚光を当てるのが趣旨か…|奴の妖怪としての能力から|検証してみよう。|魔力を生み出すのは杖、|こいつが奴最大の武器だ。|防御にも使えるだろう。|とはいえ木でできてるから|頑丈とはいえない。|くれぐれも壊したくないよな。|一反木綿のもめん切りなんか|この杖で受けた日にゃあ|やばいよな。||あ、やっぱ脚光あててないな…
0x09000	162	アリガト
0x09000	163	投稿者 : L齷DEAD
0x09000	164	サッソクの反応、ドモです。|西洋には悪魔もいます。|ベリアルとかがそれデス。|ワタシが好きなのはベリアル。|彼のファッシ∃ンは|VERY COOLネ!
0x09000	165	服装はともかく
0x09000	166	投稿者 : がんもキッド(管理人)
0x09000	167	悪魔ベリアル! 居ましたね。|身体の器官を百倍に増殖|できるんですよね。
0x09000	168	悪魔か…
0x09000	169	投稿者 : SIN
0x09000	170	ブエルって悪魔も居たね。|アイツらは悪魔だから|とにかく強い筈。俺好み。|特別大きな弱点とかも|ないんじゃないかな?
0x09000	171	そうだね
0x09000	172	投稿者 : 意地太郎
0x09000	173	西洋妖怪が集団で悪魔に力を|貸したら日本征服くらい|簡単にされちゃうかもね。
0x09000	174	ふうむ
0x09000	175	投稿者 : がんもキッド(管理人)
0x09000	176	その可能性はありますね。|徒党をくむ前に確実に|倒しておかないと、|手遅れになりますよ。|まあ現代は人間の起こす|テロとかの方が脅威かも|知れませんがね…
0x09000	177	復活!
0x09000	178	投稿者 : がんもキッド(管理人)
0x09000	179	直りました~。
0x09000	180	なんか…
0x09000	181	投稿者 : 意地太郎
0x09000	182	なんだかあちこちの|サーバの調子が悪く|なってるみたいですね…|なにかあったのかな?
0x09000	183	ハジメマシテ
0x09000	184	投稿者 : L齷DEAD
0x09000	185	初めまして。初書き込みネ。|みなさん。外国の妖怪|ワスレテません?|ヴォジャーイとか魔女の話|出てないネ!
0x09000	186	はじめまして
0x09000	187	投稿者 : がんもキッド(管理人)
0x09000	188	はじめまして、L齷DEADさん。|たしかに、外国の妖怪の話は|ほとんどしてませんでしたね。|ヴォジャーイというと確か|ロシアの妖怪で水を自由に操る|能力を持っているんですよね?|火系の妖怪に恐れられて|いそうですよね。
0x09000	189	初めまして
0x09000	190	投稿者 : ウニ魔神(改)
0x09000	191	初めまして、ウニ魔神(改)|いうモンです。|妖怪好きが集まっとると|聞いて、参加させてもらお思て|きました。よろしゅう。||なんやこれまであんまり|話にでてなかった妖怪を|ピックアップしとるみたいですな?|ほんなら…マニアックな所で|妖怪樹の話なんてどうでしょ?||種から分身を生み出すんやけど|この分身がひょうきんでまた|いい味だしてるんや!
0x09000	192	確かに
0x09000	193	投稿者 : 意地太郎
0x09000	194	確かにあの分身はちょっと|憎めない感じですよね、||でも次から次へと増殖する|恐ろしい妖怪ですよね。|もし本当に現れたら|どうしたらいいんでしょう?|やっぱり植物系だから|火に弱いのかな?
0x09000	195	脚光を浴びてないといえば…
0x09000	196	投稿者 : SIN
0x09000	197	そういえば牛鬼の話がまだ|出てなかったな…|メジャーな妖怪なのに。
0x09000	198	ええっと<87><87><87>
0x09000	199	投稿者 : しげる大好きっ子
0x09000	200	牛鬼のお話って確か<87><87><87>|鬼太郎だけじゃ手に負えなくて|何とか言う神様に助けて|貰うんでしたよね?|〝カラス天狗"じゃないし<87><87><87>|何だっけ(?_?)
0x09000	201	迦楼羅様だよ
0x09000	202	投稿者 : がんもキッド(管理人)
0x09000	203	それは迦楼羅(かるら)様だよ。|鬼太郎に登場するキャラクターの|中でもかなり強力な|キャラの一人だよね。|ちなみに正確には神様ではありません。||牛鬼は倒しても倒した者が|牛鬼になっちゃうからキリがない。|だから彼の登場を待つ必要が|あったんだよね。
0x09000	204	そおでしたっ!
0x09000	205	投稿者 : しげる大好きっ子
0x09000	206	レスど~も。|牛鬼ってよく見ると|可愛いですよね。|上手くお話しして|友達になれたらおもしろいかも。|でもどうやったらお話しできるかな?||やっぱ自分も一度牛鬼になって|彼の気持ちになってみないと|ダメかなあ<87><87><87>
0x09000	207	話出てへん言うたら
0x09000	208	投稿者 : ウニ魔神(改)
0x09000	209	南方の妖怪とかも|あんま話でてへんよね。|〝ペナンガラン"とか|〝ランスブィル"とか。
0x09000	210	そうそう
0x09000	211	投稿者 : SIN
0x09000	212	鏡獅子に入ってたのも|ペナンガランだったよな。|首と胃袋でできた南方の吸血妖怪…|だったっけ?|かなりすばしっこそうな|妖怪だね。||ところで南方とか外国妖怪に|こだわってるみたいだけど|俺的には別に気にしなくても|良いんじゃないかなと|思うが…|第一妖怪に人間が決めた|国の違いなんか|あんま関係ないんじゃないかな。|泥田坊とか、まだあんま|話題に出てない妖怪が|山ほどいるわけだし…
0x09000	213	国籍
0x09000	214	投稿者 : 意地太郎
0x09000	215	国籍は重要じゃないけど|あえてこだわってみるのも|いいんじゃないかな?|ついでに泥田坊の話。|子疎が金欲しさに田を売ったのを|怒った亡き先祖の霊が|自分たちが懸傘に守ってきた|田んほを返せと泥田坊になって|現れるんだよね。|開癸がすすむ現代では田んほは|減りつつあるから、今もどこかに|出沒してる可能性はある。|ボクのじーちゃん家が農家だったから|やばいかも。|僕、ご先祖に恨まれてて|襲われたらどうしたら|いいんだろうか…|水に縁の深い妖怪だから|水に流して忘れてもらう|ってのはだめかな?(笑)
0x09000	216	アリガト
0x09000	217	投稿者 : L齷DEAD
0x09000	218	サッソクの反応、ドモです。|日本以外の妖怪にも興味を|持って欲しかったのデス。|南方の妖怪のお話も|GOODと思います。|なぜならランスブィルは|ワタシの好きな妖怪の一つデス。|彼女の格好は|VERY COOLね!
0x09000	219	興味は当然ありますよ
0x09000	220	投稿者 : がんもキッド(管理人)
0x09000	221	もちろん外国の妖怪を|のけ者にしていた訳ではないですよ。|色々お話をしていきましょう。|ランスブィルですか、|確か南方の魔女で|吸血妖怪ですよね。|あまり詳しい事は知りませんが|鋭い牙を持ってますよね。|アレでかまれたら痛いだろうな…|本当に見る機会があっても|正直あまり近寄りたくないですね|見るだけで良いです。
0x09000	222	吸血妖怪といえば<87><87><87>
0x09000	223	投稿者 : しげる大好きっ子
0x09000	224	吸血妖怪の話がでてたけど|血を吸う妖怪といえば|やっぱ妖怪樹が一番大御所かな?
0x09000	225	妖怪樹か…
0x09000	226	投稿者 : 意地太郎
0x09000	227	吸血妖怪の大御所といえば|確かにそうなるかもね、|ドラキュラのおばにあたる筈だし。|簡単には死なない|生傘力を持ってるからね。
0x09000	228	大御所ではあるが…
0x09000	229	投稿者 : SIN
0x09000	230	大御所ではあるけど、|地面に根を張ってるから|動けないよな。|あんまり強くないんじゃないかな。|やっぱ俺的に吸血妖怪の|一番はドラキュラだね。
0x09000	231	基準によるけど
0x09000	232	投稿者 : がんもキッド(管理人)
0x09000	233	一番の基準によると思うけど|僕の意見では妖怪樹かな。|奴は妖怪血漬を吸収して|分身を生み出す能力があったよね。|つまり血漬と時間がたっぷりあれば|どんどん力を付けられる妖怪の筈。|速攻で倒せるなら別だけど…|妖怪樹に力をつける時間を|与えてしまったら|きっと手に負えなくなるからね。
0x09000	234	ふう
0x09000	235	投稿者 : がんもキッド(管理人)
0x09000	236	やっと復帰しました。|電話線とかも混乱してたから|サーバにも繋がらず難儀しました。||東京のあの謎の気象現象は|いったい何だったんでしょうか。|まるで鬼太郎の世界を|地でいくような映像に|しばし唖然としてしまいました。|一体あの中で何が起きて|いたんでしょうね?
0x09000	237	言葉も出ない…
0x09000	238	投稿者 : SIN
0x09000	239	ちょっとしたスペクタクルで|面当かった。|消えちゃって俺的には残念。||なんか例のあれは|人為的な事件の疑いが|あるらしい。|日本にもついに大掛かりな|テロが起きる時代になったって|所かな…首都危うしってか?
0x09000	240	その時は
0x09000	241	投稿者 : ウニ魔神(改)
0x09000	242	東京がわやになったら|日本の首都は大阪やな!|あれがテロなんやったら|犯人は案外関西人やったりしてな。
0x09000	243	怖い
0x09000	244	投稿者 : しげる大好きっ子
0x09000	245	日本のあちこちがあんなのに|おおわれたらと思うと|怖いんですけど!|まあ、もし人為的ってのが|本当でも警察も犯人速捕に|きっと動いてるよね。|早く犯人捕まって欲しいなあ<87><87><87>|お買い物行ってあんなのに|開じこめられたらやだもん(>_<)
0x09000	246	きゃ~~!
0x09000	247	投稿者 : しげる大好きっ子
0x09000	248	見ましたかTV! 犯人って|き、鬼太郎さんじゃないですかっ!|そっくりさん? それとも<87><87><87>
0x09000	249	僕も見ました。
0x09000	250	投稿者 : がんもキッド(管理人)
0x09000	251	目を疑う映像でしたね…|アレは本物の鬼太郎さん達|なんでしょうか?|そうだとしても…彼らが|あの怪気象を使って日本に混乱を|引き起こそうとしてたなんて…|もはやなんて言っていいのか…|頭が混乱してしまいます。
0x09000	252	でも…
0x09000	253	投稿者 : 意地太郎
0x09000	254	まだ疑惑の段階だし…|憶測で犯人と決めつけちゃあ|いけませんよね。|過去にもそういう冤罪事件が|あったじゃないですか。|アレが本当の鬼太郎さん達の|事なら、そんな事する筈ないし|何かの間違いですよきっと。
0x09000	255	NO!
0x09000	256	投稿者 : L齷DEAD
0x09000	257	日本人はお人好しすぎるョ。|凶悪犯罪を犯した者には|厳しい処罰を与えるべきね!|モタモタしてたら|次は本気で日本が|THE ENDネ!
0x09000	258	………
0x09000	259	投稿者 : SIN
0x09000	260	鬼太郎ってのは半分妖怪だ。|俺達の仲間って訳じゃない。|〝する筈ない"とは言えないぜ?|なんにせよTVの報道が正しけりゃ|奴は他にも色んな事件を|おこしてる凶悪犯って事になる。|同情の余地はないね。
0x09000	261	顔
0x09000	262	投稿者 : しげる大好きっ子
0x09000	263	TVで見る限り、ものすごい|極悪人って顔でしたよね<87><87><87>|これが鬼太郎さんなのかしら<87><87><87>|すいません。|あたし暫くこのBBSに|来ないと思います。|真実がどうかって事より|あの映像が目に|焼き付いちゃって<87><87><87>||すいません。|お世話になりました。
0x09000	264	えー…
0x09000	265	投稿者 : がんもキッド(管理人)
0x09000	266	せっかく開設したBBSでしたが、|こんな事になってしまい、続けて|いく自信がなくなってきました。|鬼太郎さんが実在した事の|喜びよりも|知りたくなかった事実の方が|重く僕にのしかかっています。|このBBSはこれにて一時休止|させて頂きたいと思います。|短い間でしたが|どうも有り難うございました。
0x09000	272	「お知らせ」
0x09000	273	鏨お知らせ靄||サーバトラブルの為、しばらく|お休みを頂いていた当出張所ですが、|この度リニューアルを行ない|工事の終了と共に活動を|再開することになりました。||ご迷惑をおかけした分、スタッフ一同|これまで以上に努力して参りますので、|ご利用の程よろしくお願い致します。
0x09000	274	「幼児誘拐事件」
0x09000	275	鏨幼児誘拐事件が解決靄||中央病院で起きた幼児誘拐事件は|妖怪蛞獲鳥(うぶめ)と|竹の精によるものと制明。|鬼太郎氏の活躍によって|事件は解決され、|被害者とその家族からは|感謝の声が上がっている。||同時に癸生していた通り魔事件も|彼らの犯行であった事が|わかっており、|中央病院界隈での夜間の往来は|これで安全なものになったと|みられている。(妖怪共同通信)
0x09000	276	「深夜の無差別放火」
0x09000	277	鏨深夜の無差別放火靄||昨夜未明、ゲゲゲの森近辺の|複数鑢所で放火による火災が癸生。|鬼太郎氏の活躍によって|犯人の傘化けは説得され|火事も早期に消火された。|幸いケガ人はなかったものの|全焼<87>一部被害を合わせて|家屋17棟に被害がでており、|人間の警察により|調査が進められている。||傘化けは今回の事件を|起こした事を後悔しており、|鬼太郎氏のチャンチャンコを|再び借りて工事の人間に化け、|事後処理を手伝うことで|傭いとする考えのようだ。|(傘日新聞)
0x09000	278	「企業で怪事件」
0x09000	279	鏨企業で怪事件靄|大手電話会社〝HEY齷DDY"|(ヘイディーディーワイ)の|本社金庫が何者かにこじ開けられ、|数億用相当の現金や株券が|盗難にあっていた事が|本日制明した。||犯行は何か大きな|ハンマーの様なもので|金庫の扉を砕き、|中の金品を強奪するという|大胆な手口。|これは先週癸生した|通信業界最大手〝N++"|(エヌツープラス)の金庫|荒らしとほほ同じ手口であり、|警察では同一犯の犯行とみて|捜査を進めている。||当新聞社では、これは|妖怪の仕業と見ており、|動向を追っていく考えだ。|続報にご期待を。||〝HEY齷DDY"は携帯電話|サービス〝HEY<87>YOU"を|運営している業界2位の企業で、|〝N++"の提供している|携帯電話サービス〝コレモ"と|苛烈なシェア争いを展開していた。
0x09000	280	「会社員蒹癸」
0x09000	281	鏨会社員蒹癸相次ぐ靄|今月に入り人間達の間で|謎の行方不明者が相次いでおり|話題になっている。||行方がわからなくなったのは|いずれも10~30代の|会社員や学生らで、|普段通り授業を終えた後や|退社<87>帰宅する途中で|姿を消すケースが主。||警察ではなんらかの事件に|巻き込まれた可能性が|あるとみて捜査を行っている。
0x09000	282	「ぬけ首幡死!?」
0x09000	283	鏨ぬけ首幡死!?靄||自己顕示欲が強く|妖怪達の間でも疎んじられる|事が多かったあの妖怪ぬけ首が|鬼太郎氏との戦いによって|幡癸<87>死亡した。||詳しい経緯はわかっていないが|ぬけ首の思いこみによる|些細な誤解が争いの癸端と|見られている。||彼の死因は自分の胴体との|長時間の分離によるオーバーヒート|での幡死。|復活には50年程かかると見られ、|当紙ではその回復を待って|インタビューを行う予定だ。
0x09000	284	「消えた懸菜」
0x09000	285	鏨消えた懸菜靄||日日鵬の山間の農村で|農作物の大量盗難が続いている。|盗難にあったのは懸菜ばかりで|種類などに一貫性はない。|地元の住民や警察が警戒にあたるも|犯行は止まらず。|被害は既に数千万用以上に|のほっており|関係者は頭を抱えている。||犯人の姿や犯行に使った車などは|目撃されていないが、|現場に必ず一ないし四人の|裸足の足跡が残されており、|犯人を示す有力な手がかりとみて|調査が進められている。||犯行が起きた地城では|かねてよりの過疎化と相まって|転出者が増加しており、|このままでは妖怪と人とが|昔ながらの関係を保てる環境が|また一段と減ることとなるだろう。|一刻も早い犯人の速捕が望まれる。|(黄泉売新聞)
0x09000	286	「日日鵬にひでり神出現!」
0x09000	287	鏨日日鵬にひでり神出現!靄||日日市にあの〝ひでり神"が|出現し、熱線を吐くなど暴れた為、|付近は一時騒然となった。||これにより民家やビルが倒壊、|現在制明しているだけでも|重軽傷者は200名以上でており、|これからもまだ増える見込みだ。|混乱はなおも続いており、|交通機関にも大きな影響が出ており|完全な復旧には、まだ|時間がかかると見られている。||ひでり神はその後どこかに|移動し、現在ではその動向は|わかっていない。||ひでり神は気象条件が揃うと|自然癸生する妖怪。|天災の様な存在として|昔から恐れられてきたが|近年は姿を見せていなかった。||なお人間のニュースでは|ガスもれによる幡癸事故として|報道されている。
0x09000	288	「会社員蒹癸続報」
0x09000	289	鏨会社員蒹癸続報靄||会社員の謎の蒹癸者が|相次いでいた問題で、|行方不明になっていた人間が昨日、|山中で全員遺体で|癸見された。遺体は死後数日|経っており、司法解剖の結果、|死因は身体中の水分が|急激に失われたことによる|シ∃ック死と見られている。||当紙では人間の水分を吸収する、|とある妖怪の仕業だと|推測しており、|現在本人と取材の交渉を|行っている。||人間の警察の調査が|行き詰まるのは必至だ。
0x09000	290	「サービス休止のお知らせ」
0x09000	291	鏨サービス休止のお知らせ靄||突然ですが諸事情により|当妖怪タイムス〝y"出張版は|暫くお休みさせていただきます。||ご迷惑をおかけして|大変申し訳ございません。
0x09000	292	「新ドリンク剤癸売」
0x09000	293	鏨新ドリンク剤癸売靄|外資系の製薬会社コフィン製薬|より、新しい楽養ドリンク剤が|癸売される事が癸表された。||ドリンクの名前は|「ラグレシアンV」|これは低価格でありながら|今までの高価なドリンク剤を|遺かに凌ぐ強壮効果を持つ商品で、|楽養保健薬史を塗り替える画期的|製品として注目を集めている。||成分の全ては癸表されていないが|とある植物のエキスに|数百種類の生薬が|配合されているという。||本紙が掴んだ情報では、|この楽養剤、妖怪の身体に|とても効き目がありそうだ。|乗非一度、試されては如何かな?
0x09000	294	「漁村で村人消失」
0x09000	295	鏨漁村で村人消失靄||日日鵬の海沿いの酊や村で|行方不明者が相次いでいる。|いずれも麌びに出た仲間同士や|下校途中の学生達など、|一度に五~六人の集団で|消息を絶っているのが特徼だ。||現場と見られる場所に|犯人と思しき複数の人間の|存在を示す証樵と|争った様な形跡が|残されている事から|何らかの目的を持った|大掛かりな柆致グループの|犯行と見て、日日鵬警では|再癸防止に努めるとともに|付近に警戒を呼びかけている。||本事件に関しては|妖怪の関与は報告されていない。|(妖怪共同通信)
0x09000	296	「小笠原一帯と一時連絡途絶」
0x09000	297	鏨小笠原一帯と一時連絡途絶靄||小笠原諸島と本土との通信蜩に|一時的な混乱が生じ、定期船などの|航行に支障が出ていた事がわかった。||小笠原の電話は|そもそも通信衝星を|利用した特殊なもので|通常の電話と違うためにこれまでも|細かいトラブルは存在した。||しかし今回の事故は|無線を含むあらゆる通信手段が|一時的に完全な不通になってしまう|という不可思議な物で|島にサービスを提供している|通信事業関係者は|原因究明に乗り出している。||通信が不通になる直前には|強い電波が観測されており、|何らかの電波障害と考えられているが|詳しいことはまだわかっていない。||この現象は断続的に癸生し、|船の計器等にも影響を及ほす事から|定期船の運航は現在|見合わされている。||妖怪の関与の痕跡は|今のところ見つかっていない。
0x09000	298	「カタキラウワ怪死」
0x09000	299	鏨カタキラウワ怪死靄||九州は鹿児島の妖怪、|「カタキラウワ」の遺体が|日日鵬の山中で大量に見つかった。||遺体にはいずれも焼けこげた様な|痕跡が残されており、|現場付近の最近の天候状態から|何らかの理由により集団で|落雷に遭ったとみられている。||妖怪といえど天災には敵わない、|という現実を改めて見せられた|事件だといえよう。
0x09000	300	「牛鬼出現!?」
0x09000	301	鏨牛鬼出現靄||日日鵬に伝説の妖怪牛鬼が|出現し、民家を襲うなど|問題となっている。||牛鬼とは他の生き物に寄生し|宿主の身体を乗っ取って|活動を行う妖怪で、|牛鬼岩と呼ばれる輩に|封鰯されていた。|牛鬼は現在海中に潜伏して|活動を止めている模様だ。|取材の結果、当紙では人間が|誤ってこの輩を動かした為に|牛鬼が蘇ってしまったと見ている。||同鵬では以前より謎の集団|行方不明事件なども癸生しており、|関連を調査中だ。
0x09000	302	「京都の山中でパーティ?」
0x09000	303	鏨京都の山中でパーティ?靄|京都市左京皿にある比叡山|近くの山中で大掛かりな|儀式の痕跡が癸見された。||山中で癸見されたのは|大量の血漬や地面に描かれた|呪文のたぐいで|悪魔召喚を目的とした物に|酷似しているという事が|わかっている。||近鱗の妖怪は「儀式を真似た|宴会か何かの跡だろう」|と語っている。|人間、妖怪、いずれの実行に|よるものか定かではないが、|それが事実なら不謹慎極まりない。
0x09000	304	「謎の帰還」
0x09000	305	鏨謎の帰還靄||日日鵬で行方不明になっていた|男女数人が、それぞれの|家族のもとに帰宅を果たした。||当紙ではお伝えしていなかったが、|彼らは数日前に行方不明に|なっており、捜索が行われていた。||不可解なのは、数日の間|行方不明だった彼らに|その間の記憶が無いことだ。|また、彼らの身なり、|所持品に関しても失踪当時と|まったく変化がなく、|まるで行方不明の間|時間を止められていたようだ、と|本人を含め関係者は語っている。||記憶を失う前に大きな目玉に蛇の|髪を持つ怪人を見たような|記憶があるという証言もあり、|当紙では〝アブダクシ∃ン"|(UFOによる誘拐事件)の類では|ないかと見て取材を続けている。
0x09000	306	「自然公一を何者かが破壊」
0x09000	307	鏨自然公一を何者かが破壊靄||小笠原国立公一内で何者かが|破壊活動を行っていた事が|わかった。|被害にあったのは、父島、母島の|計二ケ所で、いずれも夥しい|破壊や放火の跡が残されていた。||小笠原諸島は東京から|約1000キロ南下した海に|連なる島々の総称で|国立公一となっており、|国が指定する|自然保護地城にあたる。|警察では自然保護法違反、|並びに器物樽壊の疑いで|犯人の割り出しを急いでいる。||自然破壊は我々妖怪にとっても|深刻な問題。犯人は|人間であると思われるが|警察に乗非とも犯人の|早急な速捕と、厳しい処罰を|期待したい。
0x09000	308	「謎の霧、晴れる」
0x09000	309	鏨謎の霧、晴れる靄||東京上空に停滞していた謎の霧が|先刻、突如消滅した。|それに伴い断絶していた|都内との連絡は復帰し、|都市機能もほほ回復をしている。||当紙もおかげさまで|停止していたサービスを|再開する事ができた。||気象関係に詳しい妖怪によると、|例の霧は〝ブリガドーン"と|呼ばれる物で|人為的に作りだされた可能性が|高いと見られている。|もしそうだとすれば、|誰が、何の為にあのような|大掛かりな事件を起こしたのか|非常に気になる所だ。||今後の調査の進行及び|犯人捜査に注目したい。
0x09000	310	「鬼太郎御用」
0x09000	311	鏨鬼太郎御用靄||あの「ゲゲゲの鬼太郎」氏が|人間の手によって速捕された。|これは氏に先日東京を襲った|〝ブリガドーン現象"癸生の|実行犯の疑いがかけられた|事によるもの。||他にも小笠原での破壊活動や|各地で起きている行方不明事件等、|23件への関与が指捕されている。||妖怪が人間の法律で速捕されるのは|過去例の無いことで、|まさに超法規的繕置だ。|返して言えば氏がいかに|危険な存在と制断されたかを|物語っていると言えよう。||氏は妖怪として高い実力を持ち、|人間と妖怪とのトラブルを仲裁して|解決してくれる事で有名だった。|しかし、今回癸覚した事実によると|そうした良き相談役としての彼は|偽りであったと言わざるをえない。|これまでの活躍も本当は全て|彼の手腕による物ではなく、|名声を高める為の狂言で|その為に多額な金銭の使用や|強廸等が行われたという情報も|当紙に続々寄せられている。||人間との共存を訴えていた|氏の鞁面がはがされた事で、|今後の人間<87>妖怪間の関係にも|大きな影響がでそうだ。
0x09000	312	NOT<g400>FOUND
0x09000	313	||<g400><g400><g400><g400>NOT<g400>FOUND||||
0x09000	314	幼児誘拐事件が解決
0x09000	315	鏨幼児誘拐事件が解決靄||中央病院で起きた幼児誘拐事件は|妖怪蛞獲鳥(うぶめ)と|竹の精によるものと制明。|被害者とその家族からは|感謝の声が上がっている。||同時に癸生していた通り魔事件も|彼らの犯行であった事が|わかっており、|中央病院界隈での夜間の往来は|これで安全なものになったと|みられている。(妖怪共同通信)
0x09000	316	深夜の無差別放火
0x09000	317	鏨深夜の無差別放火靄||昨夜未明、ゲゲゲの森近辺の|複数鑢所で放火による火災が癸生。|幸いケガ人はなかったものの|全焼<87>一部被害を合わせて|家屋17棟に被害がでており、|人間の警察により|調査が進められている。||傘化けは今回の事件を|起こした事を後悔しており、|事後処理を手伝うことで|傭いとする考えのようだ。
0x09000	320	????????????
0x09000	321	タイトル画面
0x09000	322	鼓動
0x09000	323	インターミッシ∃ン
0x09000	324	ありふれた日常
0x09000	325	不含な予感
0x09000	326	緊急事態
0x09000	327	不気味な戦い
0x09000	328	逆襲
0x09000	329	事件癸生
0x09000	330	戦闘開始
0x09000	331	平和なひととき
0x09000	332	まほろし
0x09000	333	斬撃
0x09000	334	対峙
0x09000	335	仲間たち
0x09000	336	激戦
0x09000	337	哀愁の調べ
0x09000	338	攻防戦
0x09000	339	敵軍出現
0x09000	340	うごめく闇
0x09000	341	妖怪大戦争
0x09000	342	物語
0x09000	343	暗躍
0x09000	344	苦戦
0x09000	345	瘴気
0x09000	346	テーマ曲アレンジ(元気)
0x09000	347	世界妖怪の懸望
0x09000	348	テーマ曲アレンジ(しんみり)
0x09000	349	闇の静けさ
0x09000	350	緊廸
0x09000	351	大妖怪ギーガ
0x09000	352	ダイダラボッチ
0x09000	353	テーマ曲アレンジ(勇壮)
0x09000	354	エピローグ
0x09000	355	ゲームオーバー
0x09000	356	曲名37
0x09000	357	曲名38
0x09000	358	曲名39
0x09000	359	曲名40
0x09000	360	曲名41
0x09000	361	曲名42
0x09000	362	曲名43
0x09000	363	曲名44
0x09000	364	曲名45
0x09000	365	曲名46
0x09000	366	曲名47
0x09000	367	曲名48
0x09000	368	妖怪携帯電話(開)
0x09000	369	赤ん坊誘拐の新聞記事
0x09000	370	笹の葉と蛞獲鳥の羽
0x09000	371	八角用の描いてある御札
0x09000	372	蛞獲鳥の封鰯
0x09000	373	助けられた赤ん坊
0x09000	374	炎上する森
0x09000	375	倒れる社員たち
0x09000	376	人間の生気の入った大きな鰆(複数)
0x09000	377	人間の生気の入った大きな鰆
0x09000	378	ねずみ男のチラシ
0x09000	379	鬼太郎の偽の新聞記事
0x09000	380	謎のメモその2
0x09000	381	大金の入ったアタッシュケース
0x09000	382	霽殻の容器の薬
0x09000	383	地面に描かれた謎の妖怪
0x09000	384	コウモリの群れ
0x09000	385	カラスヘリコプター
0x09000	386	ダイダラボッチ復活想像図
0x09000	387	洞窟の懸づちの通った横穴
0x09000	388	ベアードの攻撃を反射する鏡
0x09000	389	ベアードの攻撃を反射する鏡(ひび入り)
0x09000	390	カタキラウワから渡された小袋
0x09000	391	悪魔軍団登場
0x09000	392	鰆に入っているヤカンヅル
0x09000	393	悪魔軍団を吸い込むヤカンヅル
0x09000	394	地面から顔を出す根切り虫
0x09000	395	お年寄りを襲う子なき爺
0x09000	396	子供を襲っている猫餅
0x09000	397	邪悪な笑いの鬼太郎
0x09000	398	ギーガ登場
0x09000	399	戦車出現
0x09000	400	恐山での鬼太郎処刑
0x09000	401	恐山での鬼太郎溶解
0x09000	402	妖怪反物(ぬりかべ)
0x09000	403	妖怪反物(ねずみ男)
0x09000	404	たくさんの妖怪反物
0x09000	405	九尾の狐の妖怪反物
0x09000	406	鬼太郎の仲間達登場(恐山)
0x09000	407	ギーガの断末魔
0x09000	408	崩壊するギーガ城
0x09000	409	ダイダラボッチ登場
0x09000	410	骨だけになった鬼太郎
0x09000	411	まほろしの汽車
0x09000	412	エンディング用カットその1
0x09000	413	机に向かう人物
0x09000	414	机に向かう人物(PC起動)
0x09000	415	歳の外に妖怪の影が…
0x09000	416	鬼太郎の妖怪アンテナ作動
0x09000	417	院長のタケノコ攻撃
0x09000	418	謎のメモその1
0x09000	419	歯談をする傘化け、竹切り狸
0x09000	420	暁光寺建設コーポレーシ∃ンの看板
0x09000	421	飛んでいるリモコン下駄(手前)
0x09000	422	飛んでいるリモコン下駄(奧)
0x09000	423	妖怪携帯電話(開)
0x09000	424	高層ビル(プロローグ)
0x09000	425	科学(プロローグ)
0x09000	426	戦争(プロローグ)
0x09000	427	若者(プロローグ)
0x09000	428	鬼太郎の仲間達登場(ギーガ城)
0x09000	429	エンディング用カットその2
0x09000	430	エンディング用カットその3
0x09000	431	鬼太郎の妖怪アンテナ作動(点虹)
0x09000	432	暗闇の中で顔が接近
0x09000	433	落石で通れなくなった洞窟内
0x09000	434	懸づち出現シーン
0x09000	435	カラスヘリコプターが落下するシーン
0x09000	436	ひでり神を吸い込む懸づち
0x09000	437	ねずみ男を吸い込むヤカンヅル
0x09000	438	モニター画面、ドラキュラ
0x09000	439	モニター画面、エリート
0x09000	440	モニター画面、司会者
0x09000	441	モニター画面、鬼太郎
0x09000	442	妖怪携帯電話(ねずみ男用)(開)
0x09000	443	妖怪携帯電話(ねずみ男用)(開)
0x09000	444	妖怪携帯電話(目玉親父用)(開)
0x09000	445	妖怪携帯電話(目玉親父用)(開)
0x09000	446	モニター画面、むじな
0x09000	447	ねずみ男が捕らえられた鰆
0x09000	448	目玉親父と猫餅をさらうこうもり猫
0x09000	449	杖を折られたロンロン
0x09000	450	手鏡を見る若返ったロンロン
0x09000	451	水を噴き出すぬりかべ
0x09000	452	悪魔軍団登場(背簫のみ)
0x09000	453	光に包まれてる迦楼羅、登場
0x09000	454	迦楼羅、牛鬼の本体を捕獲
0x09000	464	「お、早速記事になってるな…| どれどれ…」
0x09000	480	このメンバーで出撃します
0x09000	512	幽霊族の父親と人間の|母親との間に生まれた|半妖怪の少年で、|妖怪としての高い|能力と人間としての|優しい心を併せ持つ|本編の主人公。||悪い妖怪を懲らしめて|くれるなど、人間の味|方というイメージが|強いが基本的には|人間にも妖怪にも|公平な気持ちで|接している。||たぐいまれな生傘力の|持ち主でもあり、|時間さえかければ死に|至る程の傷を負っても|蘇る事ができる。
0x09000	513	あまりにも有名な|鬼太郎の父親。|幽霊族であり、以前は|ミイラ男のような|姿をしていた。|死後、鬼太郎を|見守る為に目玉だけが|蘇り今の姿になる。|長年の経験からくる|助言は鬼太郎をいつも|助けている。
0x09000	514	鬼太郎の迷パートナー|兼トラブルメーカー。|何かしらの悪どい|金儲けに手を出して|人間に被害を与え、|それを嗅ぎつけた|鬼太郎達に|懲らしめられるのが|基本パターンである。|妖怪としてはさして強|くないが、不潔さでは|誰にも負けず、|それが最大の武器と|なっている。
0x09000	515	鬼太郎が信頼を寄せる|中核メンバーの一人。|その名の通り砂を武器|としており、|その中でも砂太鼓の韲|は特に強力。|だが、彼女が真に頼り|になるのは攻撃力では|なく年長者として|鬼太郎に的確な助言を|与えてくれる部分で|あろう。
0x09000	516	鬼太郎の古くからの|友人で砂かけ婆と共に|頼りになる仲間。|他人に抱きつき千貫の|重さになる事が可能。|その名の通り年配の|妖怪だが、説教くさい|タイプではなく、少し|スケベなところが|あるなどお茶目な|妖怪である。
0x09000	517	化け猫の妖怪で、|鬼太郎とは古くからの|知り合い。持ち前の|身の軽さとツメを|使った巧みな攻撃で|鬼太郎を援護する。|猫がネズミに強い様に|ねずみ男に対しても|強い。もっとも、|彼のみならず猫餅を|怒らせてしまうのは|騫けるべき事態だ。
0x09000	518	独特の九州なまりが|鰯象的な鹿児島鵬の|茹の妖怪。|薄い体だが数人の妖怪|を乗せて空を飛ぶ事が|できるため、遠方へ|鬼太郎が移動する際に|便利に利用される。
0x09000	519	大きな壁の妖怪。動き|は遅いがいざとなると|攻撃に、そして防御に|ととても頼りになる。|体内に大量の水を蓄え|る事ができ、攻撃に|使うことが出来る。
0x09000	520	鬼太郎の仲間の炎妖怪|で鬼太郎がピンチに|なるとすぐに現れ|助けてくれる。|空を飛ぶことができ、|他の妖怪よりも機動性|に長けており、|炎に弱い妖怪の相手を|する時など、何かと|頼りになる存在だ。
0x09000	521	から傘の妖怪。|傘の姿を利用した|催眠攻撃や熱線攻撃等|多彩な技を持つ。|竹切り狸にそそのかさ|れチャンチャンコを盗|み、その力を利用して|様々な姿に化け、|鬼太郎達を苦しめた。
0x09000	522	狸や狐と同様、|変化能力を持つ妖怪。|鬼太郎達の前には始め|少年の姿で現れた。|鬼太郎の仲間になった|り敵に回ったりと|傲妙な位置にいる。|大きな船を持っていて|船族の際には大いに|役に立つ存在。
0x09000	523	頭と体を分離できる|炎の妖怪。ぬけ首は|かなりの自信家で|鬼太郎達だけが|有名なのが気に食わず|自分の実力を示す為に|鬼太郎に挑戦した。|長時間頭と体が離れる|とオーバーヒートして|大幡癸してしまう。
0x09000	524	他人の子供を連れ去り|自分の子として育てる|のが趣味の妖怪。|他にも夜干ししている|茹団に足跡をつける|趣味などがある。|石に封鰯されていたが|羽毛をかけられ|復活を果たした。
0x09000	525	人間の水分を吸い取り|力とする妖怪。|水を利用し、猛スピー|ドで移動する事も|可能。|本来の赤舌は|〝赤舌神"と呼ばれ|陰陽道の鬼神である。
0x09000	526	ある気象条件が揃った|時に出現する妖怪で、|強力なドライヤーの|ような熱気を武器と|している。|この妖怪が現れると|ひでり続きになると|いわれている。|溶岩の熱を使い|パワーアップする事が|できる。
0x09000	527	純真な心をもつ|鬼太郎達の仲間で|沖縄の妖怪。|身体をドリルのように|回転させて地面を掘り|進む事ができるなど|小さい体に高い|機動性を傭えている。|鬼太郎をとても|信頼している。
0x09000	528	牛車の車輪の妖怪で|物質をダイヤに変える|〝炭素化光線"を|放つことが出来る。|ある意味女性に最も|注目される妖怪。|複数体の個体が|存在している様だ。
0x09000	529	漢字で書くと片耳豚、|又は片身豚となる。|いつも群れで行動し|仲間が危険に哂される|と合体して互大な|カタキラウワである|〝大ブタ"になる。
0x09000	530	カタキラウワ達の集合|体で彼らの切り札。|一体一体がかわいらし|いヌイグルミのような|カタキラウワも|大きくなると…||やはり可愛い。
0x09000	531	普段は海に棲んでいる|頭は牛で体は蜘蛛の妖|怪。かなりの力持ちで|大昔に現れた時には|その能力を封じる為に|神さまの力を借りたと|言われる強力な妖怪。
0x09000	532	「田をかえせ~」の|セリフが有名な|身体が泥で出来た|一つ目妖怪。|農家の先祖の霊が田を|売られた事を恨んで現|れた姿とも言われる。|水と縁の深い妖怪で|水を操る妖怪に利用さ|れ兵隊として使われて|いる。
0x09000	533	車争いの遺恨から|生まれたといわれる|牛車の妖怪。|妖気定着装置として|利用されていた。|車の言葉で喋っており|鬼太郎にはその言葉は|理解できない様だ。
0x09000	534	大きな頭をした妖怪。|一見、頭だけの妖怪と|勘違いしそうだが、|実は小さいだけで|ちゃんと足が存在して|いる。|詳しい能力は不明。|ちなみに〝つるべ"と|は井戸水をくみ上げる|のに使う桶のことで|〝釣齏"と書く。
0x09000	535	大きな前歯が特徼的な|一つ目で子供の妖怪。|古くから、鬼太郎の|仲間の一人である。|詳しい能力は不明だが|その名前からは|山に向かって卿んだ声|が反響する有名な現象|を連想させられる。
0x09000	536	両手が鎌の妖怪。|とがらせた口から|強風をおこして|手を触れずに|遠くの物を吸いよせる|事が出来る。
0x09000	537	鬼太郎に協力する|日本の妖怪の一人。|その名の通り、|天井をなめる妖怪で|カビが好物。|胃漬は水で薄めると|カビ消しの妙薬と|なるそうだ。
0x09000	538	古くからの鬼太郎の|協力者であり、実は|ゲゲゲの森村長。|ドラキュラとの戦いに|一番に駆けつけてくれ|た頼もしい仲間。|その戦闘能力は高く|温厚な顔の下に相当の|実力を隠している。
0x09000	539	〝かるら"と読む。|八万年前に牛鬼を封鰯|した、千手観音を護る|二十八部衆の一人。|村人の祈りの声に応え|牛鬼を完全に倒せずに|いた鬼太郎達に|手を貸した。|人智を鑓えた力を持ち|その実力は|計り知れない。
0x09000	540	日本人にはなじみの|深い修験者の姿をした|妖怪。|背中の羽で木々の間を|自在に飛びまわる事が|でき、山の護り神とも|葡道を妨げる魔性とも|言われる。
0x09000	541	中国出身の仙人。|井戸の中に住んでおり|そこでメタンガスを|食べながら、千年も|生きてきたらしい。|同じ中国の妖怪チーに|反物にされた仲間達を|元に戻す方法を|鬼太郎達に伝授した。
0x09000	542	大きく開いた口で|何でも吸いこむ|恐ろしい妖怪。|互大な芋虫のような|姿をしていて、普段は|土の中で眠っている。|その眠りを妨げられる|と激しく怒り、|手がつけられなく|なってしまう。
0x09000	543	普段は封じられていて|決して出しては|いけないとされている|禁忌の妖怪。|異次元の胃袋を持ち、|あらゆる物を吸い込み|食べてしまう。|ブエルが呼び出した|悪魔の軍団すら軽く一|飲みにしてしまった。||が、ねずみ男だけは口|に合わなかった様だ。
0x09000	544	悪い妖怪によって|使役される動物。
0x09000	545	悪い妖怪によって|使役される動物。|普通の蝙蝠よりも|やや強い。
0x09000	546	悪い妖怪によって|使役される動物。|並の人間を楽に|屠るだけの力を持つ。
0x09000	547	悪い妖怪によって|使役される動物。|最強最悪の力を持つ|蝙蝠でかなり手強い。
0x09000	548	悪い妖怪によって|使役される動物。|結界を生みだし、|護衝する為に特化した|特殊な蝙蝠。
0x09000	549	一番下の位の妖怪狐。|戦闘力はさほどでも|ないが蝙蝠等よりは|手強い。
0x09000	550	下っ端の妖怪狐。|懸狐より位が高い狐で|当然彼らよりも強い。
0x09000	551	気狐よりもさらに|ワンランク上の狐。|下っ端狐の中では|やや強い部類。
0x09000	552	下っ端の妖怪狐の中で|も特に訓練された|精鋭中の精鋭部隊員。
0x09000	553	最も低飯な妖怪の一つ|戦闘力はさほどでも|ない。
0x09000	554	最も低飯な妖怪の一つ|戦闘力はさほどでも|ない。|普通のガイコツ達より|若干階飯が上である。
0x09000	555	経験廳かでやや手強く|なったガイコツ。
0x09000	556	ガイコツのエリート。|戦闘力は他のガイコツ|達よりはかなり高い。
0x09000	557	常に大物妖怪に|仕えている着物を着|た女骨妖怪。|部下であるガイコツ達|をアゴでこき使う。|かなりきつい性格だが|なぜかねずみ男には|ただならぬ感情を|抱いている様だ。
0x09000	558	人知れず懸で死んだ|人々の恨みが集まって|生まれた互大な|ガイコツの妖怪。|実際には凶暴な|妖怪ではないが|エリートの催眠音楽に|よって操られ、鬼太郎|達に牙をむけた。
0x09000	559	人間がタケノコ病に|かかり竹化してしまっ|た姿。|知性は無く、万年竹の|傘令どおりに動く。
0x09000	560	大きな竹の妖怪。|竹の精の傘令で|タケノコ病を|流行らせた。|妖怪としての能力は|低いわけではないが|あまり好戦的ではない|らしく、指示されない|限りは能動的に行動を|行うことはない様だ。
0x09000	561	住みかを荒らされ、|怒りに震えていた所を|ある妖怪につけ込まれ|利用された竹の妖怪。|鬼太郎の油断を誘うた|めナース服で登場。|なぜかその後もずっと|ナース服である。
0x09000	562	傘化けをそそのかし|鬼太郎のチャンチャン|コを盗ませた妖怪。|手紙を使い竹の精と蛞|獲鳥をひきあわせるな|ど陰で暗躍していた。|万年竹とはどうやら|親戚にあたるようだ。
0x09000	563	人間を驪し自分の仲間|に変え、配下を増やし|てゆくゆくは世界征服|を…と考えている|悪い妖怪。|炎の攻撃が得意で|空も飛べるので意外と|やっかいな相手だ。|ねずみ男と組んで|クリーニングの店を|営んだ事もある。
0x09000	564	お坊さんの生気を狙っ|て逆に絵の中に封鰯|されてしまったと|される妖怪。|美人画の中に入り|見る者を魅了して|生気を吸い取る事が|できる。水に弱い。
0x09000	565	様々な姿に化ける事が|出来る妖怪。|得体のしれない存在で|その目的が何なのか|本人以外は|誰も知らない。|おりたたみ入道と|呼ばれる妖怪を背中に|背負っており、彼の|主力技となっている。
0x09000	566	むじなが暁光寺建設に|入り込む為化けた姿。|この姿で商人を名乗り|黒坊主の潜む美人画を|暁光寺建設の社長|(ルカの父親)に|売りつけた。
0x09000	567	大百足の仲間の百足。|人間を恨んでおり、|鬼太郎に牙をむく。
0x09000	568	互大な百足の妖怪。|同胞を百足油を作る為|人間に殺された事から|人間を憎んでいる。|部下にたくさんの|百足達を引き連れて|いる。
0x09000	569	子供の姿をした|雪国の妖怪。|昔風の格好である部分|を除けば、外見は普通|の少女そのものだ。|この姿で鬼太郎達の|油断を誘い、|まんまと罠にはめた。|実は見かけによらず|冷酷な性格をしており|人間達は単なる自分達|の食べ物と考えて|いる。
0x09000	570	日本では有名な|雪国の妖怪の一人。|色当の美しい女性の姿|をしており、|妖艶な雰囲気が漂う。|他の雪国妖怪達と協力|し鬼太郎達の前に|立ちふさがった。
0x09000	571	雪国妖怪の一人。|雪国妖怪達の中では|一番の実力者で|冷凍系の攻撃を|得意としている。|外見はどちらかという|と〝なまはげ"を|連想させる。
0x09000	572	雪ん子、雪女、雪男が|溶けて合体した姿。|その能力は高く|齏れない。
0x09000	573	ヴォジャーイが|雪国合体妖怪を元に|作り出した新妖怪。|自らの右手を剣に変え|攻撃する事ができる等|能力が向上している。
0x09000	574	強化された水兵士。|その姿は不気味な夜の|水面を連想させる。|基本的な技に|変化はない。
0x09000	575	中国の妖怪で、樹木の|精霊のようなもの。|漬物好きで、何でも|自前の椿につけ込んで|漬物にしてしまう。|鬼のようなすごい形相|をしている。|四大元素別に分離する|事が出来る。
0x09000	576	ほうこうが分裂した|姿の一つ。|普通のほうこうと違い|地属性となっており、|技が増えているのが|特徼。
0x09000	577	ほうこうが分裂した|姿の一つ。|普通のほうこうと違い|水属性となっている。
0x09000	578	ほうこうが分裂した|姿の一つ。|普通のほうこうと違い|火属性となっており、|炎攻撃を得意としてい|る。
0x09000	579	ほうこうが分裂した|姿の一つ。|普通のほうこうと違い|風属性となっており、|技が増えているのが|特徼。
0x09000	580	ぬっぺらほうが|石像を被った姿。|このスリムな石像に|巧みにその身体を|格納している。|奇妙な歌を唄いながら|若さを奪い歩き、|軈く者を震えあがらせ|た。
0x09000	581	韓国の妖怪。|鈍重そうな外観だが|若さを吸い取るという|恐ろしい能力を持って|おり齏れない。
0x09000	582	互大な妖怪で|ぬっぺらほう達の弟。|姿を消す能力を|持っている。
0x09000	583	ダイダラボッチを神と|崇める集団〝ダイダラ|ボッチ教"の信者。|ダイダラボッチを|信じれば救われると|考えており、|彼らの結束はかたい。
0x09000	584	ダイダラボッチを神と|崇める集団〝ダイダラ|ボッチ教"の教祖。|ダイダラボッチを|信じれば救われると|考えている。|教義は親から子へ、|子から疎へ、と数百年|にわたり受け継がれて|いる様だ。
0x09000	585	ねずみ男がある人物に|操られダイダラボッチ|教信者となった姿。|姿が変わった以外は|特に変化は無い。|骨女と〝ラブラブ"|だった。
0x09000	586	各地に封鰯されていた|ダイダラボッチの|身体の一部。|空中を飛ぶことができ|る互大な目玉である。
0x09000	587	各地に封鰯されていた|ダイダラボッチの|身体の一部。|堅い大地をかみ砕く事|ができる強靱な口だ。
0x09000	588	各地に封鰯されていた|ダイダラボッチの|身体の一部。|他の部品よりもやや小|柄だが戦闘力は高い。
0x09000	589	超互大妖怪。かつては|日本を支配していたが|あまりにも大きな力を|持っていたために|恐れられ、バラバラに|され封鰯されていた。|力そのものもすさまじ|いが、日本列島そのも|のを食べてしまえると|いうその胃袋はさらに|驚異的といえる。
0x09000	590	数千年に渡り生きてき|た不走不死の大妖怪。|霊を食べ、それを活動|源としており、それと|共に不走不死の力を得|ている。|その為に霊を食べる|〝霊食キノコ"に弱く|これをかけられると|大変な事になって|しまう。
0x09000	591	悪事を働く事を|生きがいにしている|走人姿の妖怪。|日本妖怪の中でも|かなりの実力者で、|鬼太郎とも何度も|やり合っている。|邪魔な鬼太郎を亡き者|にしようとコンクリー|トで埋めたり、|魔法の韲に封鰯しよう|と企んだ事もある。
0x09000	592	ロンロンの手下。|見た目ではわからない|がまだ経験の浅い|若い魔女。
0x09000	593	ロンロンの手下。|ある程度強くなったが|まだロンロンには|遠く及ばない。
0x09000	594	ロンロンの手下。|特に優秀な魔女。|同じ走婆に見えるが|他の魔女よりも|経験を積んでいる|ベテラン魔女だ。
0x09000	595	ョーロッパから|やってきた大魔女。|腕力は弱いが|高い魔力を持ち、|魔法の雷で鬼太郎達を|苦しめる。|なぜかねずみ男がとて|も気になる様だ。
0x09000	596	ぬっぺらほうが|吸い取った鬼太郎の|若さを魔女ロンロンが|使用し、若返った姿。|基本的な技などに変化|はないが、普通の|ロンロンよりも華やか|な鰯象を受ける。|
0x09000	597	世界妖怪の尖兵。|全身に包帯をまいた|下飯な妖怪。
0x09000	598	訓練を積んだミイラ男|で普通のミイラ男より|も強力な兵隊だ。
0x09000	599	ミイラ兵士よりもさら|に強力な妖怪。|恐らく〝貴族"という|階飯は生前のもので|あろう。
0x09000	600	首が二つあるミイラ。|普通のミイラよりも|魔物としての位が高く|体格も一回り大きい。|片方の口からは炎を、|もう片方の口からは|寒気を吐く事が可能。
0x09000	601	オオカミ男の部下の|一人。
0x09000	602	オオカミ男の部下の|一人。|手下よりも手柄を立て|出世している。
0x09000	603	オオカミ男の部下の|一人。|オオカミ男と共に幾度|も死線をくぐり救けた|猛者だ。
0x09000	604	ルーマニアの妖怪で|ドラキュラを首傭にす|る〝世界妖怪軍団"の|一員。|薬の知識が若干あるら|しく、石化状態を治す|ことができる特効薬|〝ベラドンナの汁"を|持っている。|ダイヤに目がない。
0x09000	605	妖怪樹が産み出した|種から生まれた分身。|植物で言うと|〝芽"にあたる存在。|彼ら一体一体がいずれ|成長し妖怪樹となる。
0x09000	606	妖怪樹分身体の内、|好条件下で成長した|個体。若干性能が|上がっている。
0x09000	607	小笠原で数千年も|生きてきた妖怪の樹。|妖怪血漬を吸収する事|で種を作りだし、|子供達を生み出す事が|できる。|ドラキュラ達の|〝おば"にあたる。
0x09000	608	舞踊劇の演目にも|なっている〝獅子頭を|使って踊る小蝕に|獅子の精が乗りうつり|舞いを舞った"という|迎戸時代の伝説に|由来する妖怪。|実際に何が乗りうつっ|ていたのかは|ゲーム中で|明らかにされる。
0x09000	609	南方よりやってきた|吸血妖怪。|出産時に亡くなった|女性が他人の子供を|苦しめる為に妖怪化し|た姿だと言われており|主に妊婦や子供の血を|吸う。
0x09000	610	南方よりやってきた|吸血妖怪。|詳しい能力は不明だが|ずらりと並んだ鋭い牙|と装飾品のような舌が|特徼の魔女である。
0x09000	611	南方出身の|互大な花の妖怪。|植物だが自ら根を|引き救いて|歩く事も可能。|攻撃は花粉や毒の|雌しべなど見かけに|よらず多彩で強力な|技を持っている。
0x09000	612	蝋で出来た人形。|カリーカによって作り|だされた忠実な兵隊。
0x09000	613	蝋で出来た人形。|カリーカによって作り|だされた忠実な兵隊。|普通の蝋人形よりも|特に念入りな手順で|作製されている。
0x09000	614	人間から魂を救き出し|蝋人形を作るために|誘拐を繰り返す中世か|ら生きている妖怪。|呪文コンピュータで|蝋人形を自在に操る|事が出来る。
0x09000	615	カリーカによって|作られた蝋で出来た|偽者。
0x09000	616	蝙蝠の羽が生えた|猫の妖怪。|アメリカ出身で|妖怪大統傭選に|出馬するも落選し、|日本へ亡傘。|性懲りもなく日本でも|同じ懸望を抱く。|妖怪催眠術や幻覚を|使うが強くはない。
0x09000	617	こうもり猫の幻術に|よって作り出された|幻の分身体。|魂を使い実体化してお|り本物と同等の攻撃力|を持っている。
0x09000	618	こうもり猫が特に|念入りに作り出した|幻術の分身体。普通の|幻のこうもり猫より|能力が高くなって|いる。
0x09000	619	悪魔ベリアルが|身体の一部分を|増殖させたもの。|手の集合体で|それらから繰り出さ|れる攻撃は鬼太郎を|苦しめる。
0x09000	620	悪魔ベリアルが|身体の一部分を|増殖させたもの。|足ばかりが|集まっている。
0x09000	621	悪魔ベリアルが|身体の一部分を|増殖させたもの。|目ばかりが|集まっている。|他のベリアルとは|少し違う技を|持っているのが特徼。
0x09000	622	悪魔ベリアルが|身体の一部分を|増殖させたもの。|口が集まっており|大変不気味。
0x09000	623	明治元年に船で日本に|渡ってきた悪魔。|以前はからす天狗に|よって魔力を封じられ|ていた事もある。|目や口といった自分の|パーツを100倍に|増殖させる事が可能。
0x09000	624	悪魔軍団を統聿する|大物悪魔。|悪魔を召喚して鬼太郎|達と戦おうとした。|詳しいデータは不明だ|がその外見からは想像|出来ない高い戦闘力を|持っている。
0x09000	625	鬼太郎と幾度となく|戦ってきたアメリカの|妖怪。|互大な目玉を使った|目葩まし攻撃や|催眠攻撃を得意として|いる。|かつてはドラキュラを|配下に従えた事も|あったが現在は少し|事情が違う様だ。|これからも鬼太郎と|相対するであろう|強敵である。
0x09000	626	中国の大妖怪で|大昔日本で退治された|ある妖怪の弟。家族を|倒された事を逆恨みし|日本に対してなみなみ|ならぬ憎悪を抱いてい|る。|妖怪が反物になる薬を|持っており、それを|用いて妖怪を無力化|する事ができる。
0x09000	627	水を操り子供や走人に|化ける事が出来る|ロシアの妖怪。|水死者達の霊の化身|とも言われている。|妖怪を食べるのが|好きで鬼太郎を肉羊羮|にして食べようと|企んでいた。
0x09000	628	髪の毛が蛇の妖怪。|彼女に見られると|石になってしまう。|ゴルゴーンと名乗って|いた事もあるようだ。
0x09000	629	有名な西洋妖怪。|正確には人造人間だ。|知能はあまり高くなく|動きは緩慢で鈍重。|反面腕力に長けており|その破壊力は普通の|人間の比ではない。|ドラキュラに仕えて|いる。
0x09000	630	西洋妖怪の一人。|音響催眠の術に長け|ギターを持って|歌いながら攻撃を|してくる。|政治家や有名人の血を|吸うことを特に好む。|いつも傲笑をたたえ|挑癸的な態度だが、|その実力はかなり|高い。
0x09000	631	フランス出身の|吸血妖怪で|千人の美女の血を吸っ|て生き長らえる懸望を|完成させるために|日本へとやってきた。|手下の蝙蝠と謎の機械|を使い超音波瞬間移動|を行なうことが可能。
0x09000	632	吸血鬼にして|西洋妖怪達の総大将。|実力は高い筈だが|ツメが甘く、今までに|幾度も鬼太郎に挑戦し|そのつど敗れている。|ビジネスに関しても|同様で金勘定には|厳しい割に結局樽を|してしまう様だ。|妖怪医、という側面も|持っている。
0x09000	633	互大な力を持つこの|物語の真の黒菷。|ネットの情報に介入|する能力を持ち、|情報を操り、人間を、|そして妖怪を操って|鬼太郎達を苦しめた。|謎に包まれた妖怪で|彼の正体は物語の中で|明らかにされる。
0x09000	634	ギーガの正体。|元々は機械いじりが|好きな外国の妖怪で、|ネット端末に触ってい|た際に偶然その内部の|凝り圜まった思念に|触れてしまい|自意識を失いギーガ|になってしまった。
0x09000	635	ギーガが鬼太郎の|妖怪情報を元に|作り出した偽者。|基本的には鬼太郎と|なんら変わらない|能力を持つ。|TVに登場した偽者も|恐らくはこの妖怪だ。
0x09000	636	ギーガが砂かけ婆の|妖怪情報を元に|作り出した偽者。|基本的には砂かけ婆と|なんら変わらない|能力を持つ。
0x09000	637	ギーガが子なき爺の|妖怪情報を元に|作り出した偽者。|基本的には子なき爺と|なんら変わらない|能力を持つ。|TVに登場した偽者も|恐らくはこの妖怪だ。
0x09000	638	ギーガが猫餅の|妖怪情報を元に|作り出した偽者。|基本的には猫餅と|なんら変わらない|能力を持つ。|TVに登場した偽者も|恐らくはこの妖怪だ。
0x09000	639	ギーガが一反木綿の|妖怪情報を元に|作り出した偽者。|基本的には一反木綿と|なんら変わらない|能力を持つ。
0x09000	640	ギーガがぬりかべの|妖怪情報を元に|作り出した偽者。|基本的にはぬりかべと|なんら変わらない|能力を持つ。
0x09000	641	ギーガがドラキュラの|妖怪情報を元に|作り出した偽者。|基本的にはドラキュラ|となんら変わらない|能力を持つ。
0x09000	642	ギーガがヴォジャーイ|の妖怪情報を元に|作り出した偽者。|基本的には|ヴォジャーイとなんら|変わらない能力を持つ。
0x09000	643	ギーガがチーの|妖怪情報を元に|作り出した偽者。|基本的にはチーと|なんら変わらない|能力を持つ。
0x09000	644	鬼太郎
0x09000	645	目玉親父
0x09000	646	ねずみ男
0x09000	647	砂かけ婆
0x09000	648	子なき爺
0x09000	649	猫餅
0x09000	650	一反木綿
0x09000	651	ぬりかべ
0x09000	652	つるべ火
0x09000	653	傘化け
0x09000	654	かわうそ
0x09000	655	ぬけ首
0x09000	656	蛞獲鳥
0x09000	657	赤舌
0x09000	658	ひでり神
0x09000	659	シーサー
0x09000	660	輪入道
0x09000	661	カタキラウワ
0x09000	662	大ブタ
0x09000	663	牛鬼
0x09000	664	泥田坊
0x09000	665	朧車
0x09000	666	つるべ落とし
0x09000	667	山びこ
0x09000	668	かまいたち
0x09000	669	天井なめ
0x09000	670	油すまし
0x09000	671	迦楼羅
0x09000	672	からす天狗
0x09000	673	井戸仙人
0x09000	674	懸づち
0x09000	675	ヤカンヅル
0x09000	676	蝙蝠
0x09000	677	吸血蝙蝠
0x09000	678	殺人蝙蝠
0x09000	679	地獄蝙蝠
0x09000	680	結界蝙蝠
0x09000	681	懸狐
0x09000	682	気狐
0x09000	683	精鋭気狐
0x09000	684	近衝気狐
0x09000	685	ガイコツ
0x09000	686	ガイコツ軍曹
0x09000	687	ガイコツ曹長
0x09000	688	ガイコツ小隊長
0x09000	689	骨女
0x09000	690	ガシャドクロ
0x09000	691	妖怪竹
0x09000	692	万年竹
0x09000	693	竹の精
0x09000	694	竹切り狸
0x09000	695	たくろう火
0x09000	696	黒坊主
0x09000	697	むじな
0x09000	698	むじな(ねずみ男版)
0x09000	699	百足
0x09000	700	大百足
0x09000	701	雪ん子
0x09000	702	雪女
0x09000	703	雪男
0x09000	704	雪国合体妖怪
0x09000	705	水兵士
0x09000	706	闇水兵士
0x09000	707	ほうこう
0x09000	708	ほうこう(地)
0x09000	709	ほうこう(水)
0x09000	710	ほうこう(火)
0x09000	711	ほうこう(風)
0x09000	712	動く石像
0x09000	713	ぬっぺらほう
0x09000	714	互大ぬっぺらほう
0x09000	715	ダイダラボッチ教信者
0x09000	716	ダイダラボッチ教教祖
0x09000	717	聖ねずみ男
0x09000	718	ダイダラボッチ目
0x09000	719	ダイダラボッチ口
0x09000	720	ダイダラボッチ鼻
0x09000	721	ダイダラボッチ
0x09000	722	大首
0x09000	723	ぬらりひょん
0x09000	724	魔女
0x09000	725	中飯魔女
0x09000	726	上飯魔女
0x09000	727	魔女ロンロン
0x09000	728	若返ったロンロン
0x09000	729	ミイラ男
0x09000	730	ミイラ兵士
0x09000	731	ミイラ貴族
0x09000	732	二つ首のミイラ妖怪
0x09000	733	オオカミ男の手下
0x09000	734	オオカミ男の舎弟
0x09000	735	オオカミ男の腹心
0x09000	736	オオカミ男
0x09000	737	妖怪樹分身体
0x09000	738	妖怪樹強化分身体
0x09000	739	妖怪樹
0x09000	740	鏡獅子
0x09000	741	ペナンガラン
0x09000	742	ランスブィル
0x09000	743	吸血花ラグレシア
0x09000	744	蝋人形
0x09000	745	蝋人形ナイト
0x09000	746	カリーカ
0x09000	747	カリーカ蝋人形
0x09000	748	こうもり猫
0x09000	749	幻のこうもり猫
0x09000	750	幻のこうもり猫エース
0x09000	751	ベリアル手
0x09000	752	ベリアル足
0x09000	753	ベリアル目
0x09000	754	ベリアル口
0x09000	755	悪魔ベリアル
0x09000	756	悪魔ブエル
0x09000	757	バックベアード
0x09000	758	チー
0x09000	759	ヴォジャーイ
0x09000	760	ゴーゴン
0x09000	761	フランケンシュタイン
0x09000	762	吸血鬼エリート
0x09000	763	吸血鬼ラ<87>セーヌ
0x09000	764	吸血鬼ドラキュラ
0x09000	765	大妖怪ギーガ
0x09000	766	グレムリン
0x09000	767	コピー鬼太郎
0x09000	768	コピー砂かけ婆
0x09000	769	コピー子なき爺
0x09000	770	コピー猫餅
0x09000	771	コピー一反木綿
0x09000	772	コピーぬりかべ
0x09000	773	コピードラキュラ
0x09000	774	コピーヴォジャーイ
0x09000	775	コピーチー
0x09000	778	「これは妖怪が本当にいるって事を| 知らない人間達のBBSだな…|| 何か参考にできるかもしれない。| 時々覗いてみるか…」
0x09000	779	「サイトが見れないや…| 東京が怪気象に覆われている| 影響かな…」
0x09000	780	「お、早速記事になってるな…| どれどれ…」
0x09000	781	「あれ…おかしいな、| 僕の名前がのってないや。|| 確か以前見たときは| 書いてあったと思うんだけど…|| 何かの手違いかな?」
0x09000	782	「暁光寺建設の事件が早速| ニュースになったのかな?| どれどれ…」
0x09000	783	「なんだこりゃ?| 暁光寺建設や黒坊主の事は| 載っていないのか?| まあ、まだニュースになるには| 早いか。そのうち情報が| いくだろう…」
0x09000	784	「あれ? おかしいな…| このニュースが| 見られないや…| またサーバの故障かな?」
0x09000	785	「妙な記事だな、| まるで盍伝じゃないか。|| それにしても〝ラグレシアン"| なんて変な名前…| 何からついたんだろう?」
0x09000	786	「なんだって…!?| あのカタキラウワ達が?|| く、僕がちゃんとついて| いってやりさえしていたら| こんな事には…| それにしても…まるで| 世界妖怪達の事がでていないな…|| 奴らが上手くカモフラージュ| しているのか?| …それとも…」
0x09000	787	「なんだこりゃ…?| 全然見当違いの事が| 書いてあるぞ!| カラス天狗だって| 今回の事は知ってる筈なのに…| いったいどうなってるんだ?」
0x09000	788	「あちゃ、こんな事に| なっちゃってる!|| 僕達の事も出てないけど…| 世界妖怪の事も触れられて| ないな。| 妖怪タイムスの取材能力も| 案外大したことないって事か。| でも…なんか妙だな…」
0x09000	800	_
0x09000	801	ぜ_
0x09000	802	ぜん_
0x09000	803	ぜんり_
0x09000	804	ぜんりゃ_
0x09000	805	ぜんりゃく_
0x09000	806	前略_
0x09000	807	前略<g400>_
0x09000	808	前略<g400>げ_
0x09000	809	前略<g400>げげ_
0x09000	810	前略<g400>げげげ_
0x09000	811	前略<g400>げげげの_
0x09000	812	前略<g400>げげげのき_
0x09000	813	前略<g400>げげげのきた_
0x09000	814	前略<g400>げげげのきたろ_
0x09000	815	前略<g400>げげげのきたろう_
0x09000	816	前略<g400>げげげのきたろうさ_
0x09000	817	前略<g400>げげげのきたろうさま_
0x09000	818	前略<g400>ゲゲゲの鬼太郎様_
0x16000	0	21世紀になって…|早いものでもう数年が経った。
0x16000	1	厘の上では時代は新しくなったが…|世の中は何にも変わっちゃいない。
0x16000	2	確かに、高層ビルの数は|すごい勢いで増え続けている。
0x16000	3	科学だって癸展した。
0x16000	4	だけど…人間はこの時代になっても|何にも進歩しちゃいない。
0x16000	5	国と国の争いは未だ続いているし、|若者の心もあれていく一方だ。
0x16000	6	むしろ…昔より|悪くなってるんじゃないかな…?
0x16000	7	人間の世界が|バランスを失っているのなら…
0x16000	8	永い永い時間、人間と共に生きてきた|〝彼ら"は大人しくしているだろうか?
0x16000	9	おや…停電かな?
0x16000	10	…………………………
0x16000	11	人間達は彼らの住処を奪い、|我がもの顔で慕らしてきた。
0x16000	12	今では彼らの存在を…|信じない人も多いだろう。
0x16000	13	だが、彼らはいる。
0x16000	14	むしろこんな今だからこそ、彼らは|人間世界をねらってくるかもしれない…
0x16000	15	この危険を伝えて|おかなければならないな。
0x16000	16	彼らに…〝妖怪"を相手にできる、|最も頼もしい人物に…!
0x16000	17	だめだ…便せんも封筒も|切らしていたか…
0x16000	18	…ああ! そうだった。今はそんなモノが|なくても連絡が取れる時代だったな。
0x16000	19	 ぜんりゃく
0x16000	20	 前略
0x16000	21	 前略 げげげのきたろうさま
0x16000	22	 前略 ゲゲゲの鬼太郎様
0x16000	23	「ふ~、生き返るわい!」
0x16000	24	「父さん、湯加減はどうですか?」
0x16000	25	「うむ、今の季節はこのぐらいで| 丁度いい、文句無しじゃ!@ 完全にお茶蜿風呂の| 〝コツ"を掴んだの…鬼太郎!」
0x16000	26	「最近、退屈してましたからね。@ おかげですっかり父さんの| お風呂の用意が| 得意になっちゃいましたよ」
0x16000	27	「うむ、昔と比べれば、| 確かに妖怪関係の| 事件の数は減っとる。@ 人間と自然との距離が広がって、| 妖怪と接触する機会が減った| からじゃろう」
0x16000	28	「そうですね…寂しい話ですけど。| でも、事件が少ないのは| いい事ですよね」
0x16000	29	「うむ…そうじゃな」
0x16000	30	(殺伐としたニュースは相変わらず| 多いけど…妖怪絡みの事件は| なさそうだな…)
0x16000	31	「鬼太郎。| 前から聞こうと| 思っとったんじゃが…@ そのカチカチやっている| モノはなんじゃ?| 新しい妖怪TVか?」
0x16000	32	「えっ? ああ、これですか。| これは妖怪パソコンですよ」
0x16000	33	「ほう、それがパソコンという| モノか。で、何をやって| おるんじゃ?」
0x16000	34	「妖怪ネットで事件を調べて| いるんです」
0x16000	35	「妖怪ネット?」
0x16000	36	「ええ。今はインターネットで| いながらにして世界中の| 情報が見られますからね」
0x16000	37	「……鬼太郎。近頃しょっちゅう、| そのパソコンとやらの前に| 座っとる様じゃが…」
0x16000	38	「色々と便利ですからね。| どうです、父さんもやって| みますか?」
0x16000	39	「……………………鬼太郎、| そこに座れ」
0x16000	40	「どうかしましたか| 父さん?」
0x16000	41	「いいから座るんじゃ!」
0x16000	42	「と、父さん?」
0x16000	43	「へへへ、邪魔するぜ、鬼太郎!」
0x16000	44	「うわ!」
0x16000	45	「あ、父さん!」
0x16000	46	「おっと、いたのか親父!」
0x16000	47	「いたのかじゃないわい!」
0x16000	48	「わりいわりい。| そう怒んなさんなって。
0x16000	49	 それより鬼太郎ちゃん。| いい物持ってきてやったんだよ」
0x16000	50	「いいもの?| うさん臭いな」
0x16000	51	「じゃ~ん! こ<87>れ<87>だ!」
0x16000	52	「なんだ…ただの| 妖怪携帯電話じゃないか」
0x16000	53	「かぁ~っ、| 相変わらず遅れてるね~| 鬼太郎ちゃん!@ これぞ妖怪TVのCMでおなじみ| Yモード対応、最新携帯端末| 〝M齷666y"だ!@ 音楽配信対応で、| 写真も標れりゃ| 着せ替えもOK!@ TV電話機能とGPSもついて| 折畳んでもこの薄さ!@ ど~よキタちゃん。| 欲しくなあい~~~?」
0x16000	54	「お前、まだ電話会社の| セールスマンを続けてたのか…| 僕にはそんなものは必要ない。@ 大体お前の持ってくるものに| ろくなものはないからな。| とっとと帰ってくれ!」
0x16000	55	「と、〝とっとと帰れ"だと?| この懸郎! 下手にでてりゃ| いい気になりやがって…@ そこにあるパソコンを安く譲って| やった恩をわすれたのかよ!」
0x16000	56	「なにが〝譲ってやった恩"だ。| お前が携帯の使い過ぎで、| 生活費がなくなったから@ 引き取ってくれって| 泣きついてきたんじゃないか!」
0x16000	57	「うぐっ、くそ! 口答えばっかり| しやがって…もう勘弁ならねえ!| これでもくらえ!」
0x16000	58	「うわ!| や…やったな、この!」
0x16000	59	「いて! ち、ちっくしょ~!」
0x16000	60	「え~い! やめんか騒々しい!| ケンカするなら二人共出て行け!」
0x16000	61	「と、父さん!? そんな!| どうして僕まで?」
0x16000	62	「うるさい! とにかく| 出て行けと言ったら出て行け~!」
0x16000	63	「待ってくださいよ、父さん。| まだ調べものの途中なんです。@ せめてインターネットで集めた| 妖怪の情報だけでも| 確認させてください」
0x16000	64	「そうだぜ、俺だって| 携帯の契約とらねえと| 今月の支錨いが…」
0x16000	65	「う<87>る<87>さ~い! だまらんか!| 何が〝インターネット"じゃ!| 何が〝携帯電話"じゃ!@ どいつもこいつも| 全くなげかわしい!@ 調べたい事があるなら| 自分の足で| 直接調べたらどうじゃ!」
0x16000	66	「で、でも!」
0x16000	67	「ワシは不輸快じゃ。| なんでもいいから二人共| いますぐここから出て行け~!」
0x16000	68	「鬼太郎、お前の親父は| 相変わらず頭が堅えなぁ。@ お前の気苦勞は、俺には| 痛い程わかるぜ~!」
0x16000	69	「……よく言うよ」
0x16000	70	「お前もあんな親父が家で| 見張ってたんじゃあおちおち| ネットも出来やしねえな。
0x16000	71	 あぁっ! そうだ!| ここに鬼太郎ちゃんに持って| きた携帯があるじゃねぇか!@ しかも最新式でネットもOK!| やっぱ、鬼太郎、こりゃお前が| 持つ運傘なんだよ~!」
0x16000	72	「いちいち当々しいんだよ!| とにかく買わないったら| 買わないからな!」
0x16000	73	「鬼太郎~!!」
0x16000	74	「ゲ! この声は…!?」
0x16000	75	「良かった、| ここにいたのね鬼太郎!」
0x16000	76	「どうしたんだ、猫餅」
0x16000	77	「あ~! あんた!| ここで何してんのよ!@ 汚い身体で鬼太郎に| 近づかないでって| いったでしょう!」
0x16000	78	「ヘン! 俺は鬼太郎と| 〝ビ<87>ジ<87>ネ<87>ス"の話を| してるんだ。@ お前こそあっち行ってろ!」
0x16000	79	「何がビ<87>ジ<87>ネ<87>スよ!| …あら! ちょっとその携帯…| 一番新しいヤツじゃない!
0x16000	80	 丁度よかったわ、今使ってる| アタイのとタダで| 取り替えなさいよ!」
0x16000	81	「バ~カ、なんでお前にタダで| やらなきゃならねぇんだよ!」
0x16000	82	「い、いてえ~~~~~~!!!」
0x16000	83	「誰がバカよ! この前、アタイを| 驪して旧式のポンコツ携帯| 売りつけたじゃないの!@ ゴチャゴチャ言わずに| よこしなさいよ!」
0x16000	84	「あっ!」
0x16000	85	「へぇ~なかなかいいじゃない!| これでこの前の事はチャラに| したげる」
0x16000	86	「め…滅茶苦茶だぜ…」
0x16000	87	「何よ!」
0x16000	88	「な、なんでもねぇよ…」@(ち、こいつに逆らうと| 面倒だ。しゃあねえな…)@「ちぇ、勝手にしろ!| …じゃあな!」
0x16000	89	「待ちなさいよ!」
0x16000	90	「ま、まだ何かあんのかよ!?」
0x16000	91	「もう一台持ってるでしょ。| そっちもよこしなさい!」
0x16000	92	「げ! な、なんだって二台も| 必要なんだよ!?」
0x16000	93	「ひ、ひえええええええ~!@ わ、わかった、わかったよ。| やりゃあいいんだろ、| やりゃあ!」
0x16000	94	「最初から素直に出せばいいのよ」
0x16000	95	「ちっくしょ~っ、おほえてろ~っ!」
0x16000	96	「鬼太郎…携帯持って| なかったわよね? はい!| これ、良かったら使って!」
0x16000	97	「え? け、けど…」
0x16000	98	「遠慮しないで。ねずみ男には| いつも迷惑かけられてんだから| 迷惑料だと思えばいいのよ」
0x16000	99	「そ、そうかい?| じゃあ…」
0x16000	100	 |<妖怪携帯電話を手に入れた>
0x16000	101	「ふふふ…これでアタイ達| おそろいの携帯電話ね!」
0x16000	102	「あ、そうだ猫餅。| 何か僕に用事が| あったんじゃないの?」
0x16000	103	「そうそう忘れてたわ! | 大変なの! 子なき爺が暴漢に| 襲われたんですって!」
0x16000	104	「なんだって!?」
0x16000	105	「今、アパートで砂かけの| オババが手当てしてるの。| 鬼太郎も行ってあげて!」
0x16000	106	「わかった! 急ごう!」
0x16000	1024	開癸中
0x18000	0	「ふう………ワシも年かのう…| つい、興曹してどなり| ちらしてしもうたわい…@ …パソコンか。@ 鬼太郎までこんなものを| 始めていたとはのう…@ 妖怪も時代と共に| 変わるという事を認めねば| いかんのかの…
0x18000	1	 しかし…このパソコンという奴は| どうやって使うんじゃ?| こいつを押すのか?」
0x18000	2	「わ! な、何じゃ!?| う、動いとるのか?@ こ、困ったぞ…| 止めるにはどうしたら| いいんじゃ」
0x18000	3	「い、いかん!| 鬼太郎が帰ってきたら| 何と言うか…」
0x18000	4	「父さん、何をしているんですか」
0x18000	5	「わあ! き、鬼太郎!?| い…いや、な、なんでもない。| ど、どうしたんじゃ」
0x18000	6	「実は、今猫餅から、| ちょっとした事件の| 連絡があったんですが…」
0x18000	7	「なに!? 事件じゃと!!| え~い、何をしておる鬼太郎、| 早くみんなを集めてこんか」
0x18000	8	「親父さん、そんなに慌てなくても| みんなもうこっちに| 向かってるわよ」
0x18000	9	「それで、このパソコンで| ちょっと調べて…あれ?| 電源が入ってる…」
0x18000	10	「わ、ワシは何も知らんぞ!| …そ、そう、さっきから| つけっぱなしじゃったわい!」
0x18000	11	「そうでしたか?」@(おかしいな…時間が経つと| 自動的に切れるように| しておいた筈なんだけど…)@「あれ? このニュースは…」
0x18000	12	「邪魔するぞ」
0x18000	13	「おぉ、砂かけ!」
0x18000	14	「ひさしぶりじゃの、それより| 聞いたか…昨夜、子なき爺が| 何者かに襲われた事を」
0x18000	15	「な、なんじゃと!?」
0x18000	16	「そうなんです。さっきそこで| その話を聞いて…@ 僕も妖怪アパートに| 行ってきた所なんです」
0x18000	17	「そ、それで子なきの奴は| どうしたんじゃ!?」
0x18000	18	「よっと、邪魔するぞ」
0x18000	19	「こ、子なき! お主…| 大丈夫なのか?」
0x18000	20	「このワシはそう簡単に| くたばりゃせんよ!@ オババと猫餅が| 大げさに騒ぎおって…| 鬼太郎まで呼んでくる始末じゃ」
0x18000	21	「どういうことなんじゃ?| 詳しく話してくれんか」
0x18000	22	「昨夜の事じゃ…」
0x18000	23	「ふむふむ、つまり…@ 子なきが公一で寝とったら| いきなりフードをかぶった| 男共があらわれて…@ その連中に連れて行かれそうに| なった…というんじゃな?」
0x18000	24	「そうなんじゃ、おまけに| 抵抗したら暴力を| ふるいよってな!@ 逆にそいつらを懲らしめて| やったんじゃが、すぐ| 逃げだしおってのう。@ 追いかけたんじゃが…| 見失のうてしもうた」
0x18000	25	「そいつは災難じゃったのう。| 近頃は荒んだ事件が多いし、| 気をつけねばならんな…@ …鬼太郎。お前、また| パソコンなぞ覗き込んで…| 何をしとる?」
0x18000	26	(このニュース…履歴には残ってる| けど…サイトが消えてる…| どういう事だろう?)
0x18000	27	「鬼太郎っ!」
0x18000	28	「わっ!? は、はい、| なんですか、父さん?」
0x18000	29	「なんですかじゃないわい!| ワシらが話をしとるのに、| またそんな事を…」
0x18000	30	「父さん、この事件…まだ何か| 裏がありそうですよ」
0x18000	31	「裏…じゃと?」
0x18000	32	「子なき爺、現場に落ちていた| というアレ、もう一度見せて| くれないか?」
0x18000	33	「おう。これじゃな」
0x18000	34	「なんじゃこれは? 笹の葉と…| 鳥の羽のようじゃな?| む…かすかに妖気が残っとる」
0x18000	35	「それと、このニュースを見て| ください」
0x18000	36	「ん? ほ~う、パソコンで| 新聞も見られるんじゃな」
0x18000	37	「さっき、たまたま開いていた| 一週間ほど前のニュース| なんですが…」
0x18000	38	「お、おお。お前が〝消し忘れて"| おったやつじゃな。| ど、どれどれ…」
0x18000	39	〝病院の新生児室から| 赤ちゃん大量誘拐"@〝犯人の手掛かりは| 謎の羽と植物の葉"
0x18000	40	「これは!」
0x18000	41	「同じ物の様じゃな…」
0x18000	42	「う~む……確かにこれは| におうのう」
0x18000	43	「ワシを襲った奴と、その病院の| 事件とやらが、関係があると?」
0x18000	44	「かもしれない。住所はこの| 近くだし…父さん、一度調べて| みませんか?」
0x18000	45	「うむ、それがいいじゃろう」
0x18000	46	「鬼太郎、あの病院じゃな」
0x18000	47	「ええ」
0x18000	48	「父さん!」
0x18000	49	「うむ。どうやら妖怪絡みと見て| 間違いないようじゃな」
0x18000	50	「子なき爺が襲われた公一も| この近くじゃ…」
0x18000	51	「ところで…猫餅は| どうしたんじゃ?| 姿が見えんようじゃが…」
0x18000	52	「彼女には誘拐された| 赤ちゃんの家族の所へ| 行ってもらっています」
0x18000	53	「ふむ…いい制断じゃ。| 別の手がかりがあるかもしれん」
0x18000	54	「実は…まだ他にも気になる事が| あるんです。さっきのネットの| ニュースなんですが…」
0x18000	55	「……………………」
0x18000	56	「? 父さん、どうしたんです?」
0x18000	57	「いや、まあいいわい。| で、そのネットのニュースと| やらがどうかしたのか?」
0x18000	58	「あの赤ちゃん誘拐事件…| ニュースのサイトから消えて| いたんです」
0x18000	59	「……さいと?」
0x18000	60	「単なるサーバのトラブルじゃろ。| よくある事じゃ」
0x18000	61	「??? 銕?」
0x18000	62	「ブラウザの履歴には残って| いるんだ。ところがそのURLを| たどると消えてしまってる」
0x18000	63	「?????? ぶらうざ?」
0x18000	64	「ニュースサイトの更新のミスでは| ないかの? 回線が混んでおった| とか…」
0x18000	65	「ええい! お前達、日本語で| しゃべらんか! 日本語でっ!」
0x18000	66	「どうしたんじゃ、親父殿?」
0x18000	67	「親父殿は機械オンチじゃ| からのう…」
0x18000	68	「か、簡単に言うと、ネットの| ニュースが、いつの間にか| 消えてる事があるんですよ」
0x18000	69	「…ふん、ネットだかなんだか| 知らんが、そんなもんを| アテにするんじゃないわい」
0x18000	70	「でも父さん、今回の病院の事件は| たまたまあのニュースが| 見つかったからわかった訳で…」
0x18000	71	「む、そ、そうかもしれんが…| ええい、そんな事より病院を| 調べるのが先じゃ」
0x18000	72	「そうですね…僕と父さんで話を| 聞いてきます。子なき爺と| オババは待っていてください」
0x18000	73	「何かあったら呼んでくれ、鬼太郎」
0x18000	74	「気をつけてな」
0x18000	75	「わかりました。じゃ…父さん、| いきましょう」
0x18000	76	「よし、じゃあワシらも行くかの」
0x18000	77	「なに? どこに行くんじゃ?」
0x18000	78	「決まっとろうが。どこか| 他の入り口を捜して| 中の様子をうかがうんじゃよ」
0x18000	79	「ワシら二人でか?」
0x18000	80	「そうじゃ。| ほれ、行くぞ」
0x18000	81	「お、おい、オババ……」
0x18000	82	「何度も言う様ですが…その件は| 警察にお任せしてあります。| お引き取りください」
0x18000	83	「ですから…少し、中を見させて| 頂くだけで結構なんです。@ この事件、あなた方人間の| 手にはおえるものではないかも| しれません」
0x18000	84	「人間? おかしな事を| おっしゃる。| 鬼太郎さん…でしたよね。@ まるであなたが人間では| ないみたいな」
0x18000	85	「そ、それは…」
0x18000	86	「鬼太郎、ぐずぐずしとらんで| さっさと例のものを見せんか!」
0x18000	87	「な、なんですか? 今の声は」
0x18000	88	「うわっ! な、なんですか、| この目玉のお化けは!!」
0x18000	89	「目玉のお化けとは失礼じゃの!」
0x18000	90	「僕の父さんです」
0x18000	91	「父さん?」
0x18000	92	「そんなことより、| この互大な羽や笹の葉に| 見覚えはないか?」
0x18000	93	「…これは赤ちゃんが誘拐された| 現場に落ちていたものでしょう?| それがどうかしたんですか?」
0x18000	94	「いや、こいつはワシらの仲間が| この近くの公一で襲われた時に| 落ちていたものじゃ」
0x18000	95	「そ、それがなんの関係が| あるんです? 笹の葉なんて、| 裏山にいくらでもありますよ。@ 鳥の羽はどこからか| 入り込んだのでしょう。| 別に珍しいものじゃありません。@ もういいでしょう!| とにかくお引き取りください。| 他の患者の迷惑になります!」
0x18000	96	「赤ん坊の誘拐と暴行事件…| このふたつが繋がっておると| したら…」
0x18000	97	「そんな事、私は知りませんよ!| いいかげんにしないと、| 警察を呼びますよ!」
0x18000	98	(父さん、どうしましょう)
0x18000	99	(かなり怪しいがの…しかし、| このままではラチがあかんぞ。| 一旦引き上げて様子をみるか?)
0x18000	100	(そうですね…猫餅の情報も| まだですし)
0x18000	101	「わかりました…それでは…」
0x18000	102	「あっ? 猫餅からだ」
0x18000	103	「あ! もしもし鬼太郎?@ 大変よ! 誘拐された赤ん坊の| 家族がみ~んな行方不明に| なっているの!」
0x18000	104	「えっ!?」
0x18000	105	「それだけじゃないわよ!| この事件に関係した警官達も| 行方不明になっているの!@ とにかく、この事件の関係者が| 次々と消えているのよ!」
0x18000	106	「なんだって!」
0x18000	107	「近所の人の話だと…事件の後、| その病院にいったきりみんな| 帰ってきてないんですって!@ だから、その病院は怖くて| 誰も近づかないって」
0x18000	108	「わかった…猫餅、キミはすぐ| オババ達と合流してくれ」
0x18000	109	「わかったわ…じゃあね!」
0x18000	110	「院長…話は聞こえてましたよね?| これは一体どういう事ですか?」
0x18000	111	「…はぁ…| しかたがありませんなぁ。@ せっかく、| このまま帰してあげようと| 思ったのですが!」
0x18000	112	「!?| 正体をあらわしおったな!」
0x18000	113	「き~ひっひっひっひっひ!| しゃああ!」
0x18000	114	「うわっ!」
0x18000	115	「さぁて、お前らも我々の仲間に| なって頂こうか!」
0x18000	116	「鬼太郎! 気をつけろ!」
0x18000	117	「き~ひっひっひ」
0x18000	118	「危ないっ!」
0x18000	119	「鬼太郎!| 伏せるんじゃ!」
0x18000	120	「子なき爺! オババ!| いつの間に!?」
0x18000	121	「きしゃぁぁっ!」
0x18000	122	「まてぇい!」
0x18000	123	「お、オババぁ!| 待ってくれえい!」
0x18000	124	「鬼太郎! オババ達の後を| 追うんじゃ!」
0x18000	125	「はい!」
0x18000	126	「すまねえ…| やつらに気づかれたみたいだ。@ まったく、最近の人間は| 質が悪いから、| 誰彼見境なく襲いやがって。@ ああ、わかってるよ。| 俺だって約束をふいに| されんのは困るんだよ!@ へ、心配性だな。| 安心しろ、どう転んだって| 奴等はそこまではわからねえよ…@ それに保険は…| かけてあるんだからな」
0x18000	127	「じゃが…敵に日日回| 見つかってしまっておったぞ…@ 次にこのような時があったら| もっと慎重にな」
0x18000	128	「はい、わかりました」
0x18000	129	「ん? 子なきと砂かけの姿が| 見えんな?」
0x18000	130	「まさか…| 捕まってしまったんじゃ…?」
0x18000	131	「鬼太郎さん…ですね?」
0x18000	132	「誰だ!?」
0x18000	133	「この病院の職員です。今まで| 中に囚われていたのですが…@ あなた方が来てくれたおかげで| なんとか救け出せたんです」
0x18000	134	「そうだったんですか…| 一体、この病院はどうなって| しまったんですか?@ それに…さらわれた子供達や| ご家族は?」
0x18000	135	「おそらく…病院の裏山に| 囚われていると思います」
0x18000	136	「ワシらの連れがこの辺りまで| 来た筈なのじゃが、| 見んかったかの?」
0x18000	137	「おじいさんとおばあさんの| 二人連れなんですが」
0x18000	138	「ああ、その方達なら、| 裏山の方に何かを追いかけて| いかれましたわ」
0x18000	139	「父さん、急ぎましょう!」
0x18000	140	「私が案内します。| こっちです」
0x18000	141	「なんとか子供達を| 無事取り戻せましたね」
0x18000	142	「うむ。妖怪竹にされた人々も| 元に戻せたし一安心じゃ…」
0x18000	143	「うむ。あとは妖怪竹にされた| 人々が元に戻れば完璧じゃな。@ まあ万年竹を倒したんじゃ。| すぐに全員人間の姿に戻る| じゃろう」
0x18000	144	「うむ。後で親御さんに返すとしよう」
0x18000	145	(これで妖怪竹達も| 助けてやっていれば完璧| だったんじゃがのう…)
0x18000	146	(おかしい、竹人間にされた院長が| どこにもいないぞ…?| 何処に消えたんだ?)
0x18000	147	「うう…おのれ…鬼太郎!」
0x18000	148	「竹の精。| わけを話してみてくれ。| 悪い様にはしない」
0x18000	149	「黙れ! 何も知らないくせに!| 我等竹の精と万年竹は| 昔からこの山に住んでいたのだ!@ それを、人間共が病院の増築| とやらで竹林を切り開き、| さんざん荒らしおったのだ!」
0x18000	150	「住処を…奪われたのか…」
0x18000	151	「私は復讐のため、蛞獲鳥に| 子供をさらわせ、タケノコ病の| ウイルスをばら撒かせた。@ そうして病院を私の配下にし、| 妖怪竹となった患者や職員に| 公一で人間狩りをやらせた!@ 仲間を増やし、人間共に| 我等の怒りを思い知らせて| やるためにな!」
0x18000	152	「…子なきはたまたま、その| 巻きぞえを食ったんじゃな。| いい迷惑じゃわい」
0x18000	153	「…わかったよ、竹の精。| 後で事情を説明して、みんな| 丸く収まる様に話し合おう。@ お前達の住処を壊した人間にも| 非は有るけど、蛞獲鳥を使って| 子供をさらったのはよくないな。@ それにしても、どうやって| 蛞獲鳥の封鰯を解いたんだ?」
0x18000	154	「そ、それは…」
0x18000	155	「鬼太郎…病院の地下室に| 院長先生が| つかまっとったぞ!」
0x18000	156	「え!?」
0x18000	157	「ふう…ありがとうございます。| おかげさまで久しぶりに外の| 空気を吸うことができました」
0x18000	158	「病院の地下室に捕まっていた?| じゃあ…さっき僕が院長室で| 会った院長は一体…?@ 竹の精! どういう事なんだ?」
0x18000	159	「そんな…院長は竹人間に| 変えておいた筈!?| 開じこめてなど…」
0x18000	160	「鬼太郎! 大変じゃぞ!@ 手当てしてやっておった| 万年竹を誰かが連れて| 逃げたみたいじゃ!」
0x18000	161	「鬼太郎! 大変じゃぞ!@ 手当てしてやっておった| 万年竹と例の妖怪竹達を| 誰かが連れて逃げたみたいじゃ!」
0x18000	162	「なんだって!」
0x18000	163	「貴様…ワシらが油断した隙に!」
0x18000	164	「なんですって! あの子は| 私の言う事しか聞かない筈!| 一体誰が…!?」
0x18000	165	(まさか…〝もう一人の院長"| の仕業か!? だとしたら| そいつは何者なんだ!?)@「まだ何か話してない事が| 有るみたいだね。@ 詳しい事は僕の家で話そう。| ついて来てくれるね?」
0x18000	166	「は……はい…」
0x18000	167	「じゃあ、アタイ達も帰って| 一休みしなくちゃね」
0x18000	168	(あ、そうだ!)@「鬼太郎、この間| 見つけたって言ってた| ネットシ∃ップの事教えて!」
0x18000	169	「え? ああ、妖怪専用サイトの| 便利グッズを売ってる| お店の事だね」
0x18000	170	「結構品揃えがいいんだって?」
0x18000	171	「ああ、注文したら| あっという間に| 届けてくれるしね。@ パソコンを起ち上げたら| すぐに見られるから…| 帰りついでに覗きにおいでよ」
0x18000	172	「そうね、そうしよっかな…」
0x18000	173	「お前さんはワシといっしょに| 残るんじゃ!」
0x18000	174	「ええ~! なんでよ!?」
0x18000	175	「助けた子供達と妖怪竹から| 元に戻った人達の世話じゃ。@ まだみんな意識が| 廳朧(もうろう)としとるからの」
0x18000	176	「家族の方が来るまでの間| 助けた子供達の世話じゃ。| なにせ大勢おるからのう」
0x18000	177	「うそ~! ゼッタイいやよ!」
0x18000	178	「ほれほれ、| 大きな声を出すから!」
0x18000	179	「あああああ!| ごめん! ごめ~んね~?| 怖くないからね~?」
0x18000	180	「やれやれ、後始末が| 大変じゃわい!」
0x18000	181	(猫餅には悪いけど、| ここは彼女達に任せるか…)
0x18000	182	「鬼太郎の奴め…せっかくの計画を| だいなしにしおって…。@ まあいいさ、| 奴等が竹の精と蛞獲鳥に| かまけてくれている間に@ まとまった数の人間の生気は| 回収できたからな」
0x18000	183	「わざわざ院長に化けて、| タケノコ病のふりまでした| 甲斐があったってもんだ。@ 保険をかけておいて良かったぜ。| くっくっく!!」
0x18000	184	「………………………」
0x18000	185	「心配するな…竹の精には| 何もしねぇよ。奴は俺の事は| 何も知らねえからな。@ お前とは、もうしばらく| いいパートナーでいてやるよ。@ お前が、俺の言うとおりに| していれば…の話だがな……」
0x18000	186	「父さん、ここは…一体| 何でしょう?」
0x18000	187	「ふむ…造りかけの建物| の様じゃな…」
0x18000	188	「この奧に…さらわれた方たちが| 捕まっているはずです」
0x18000	189	「看護婦さんの話が本当なら| オババ達もさっきの院長を| 追ってここへ来ているじゃろう」
0x18000	190	「オババを探して合流しましょう。| 看護婦さん。貴方は| ここにいて下さい」
0x18000	191	「ええ…わかりました」
0x18000	192	「ん!?| 鬼太郎、隠れるんじゃ!」
0x18000	193	「え!? はい!」
0x18000	194	「ひっひっひ!| みんな…おなかが減ったかい?| 今ご飯にするからね…」
0x18000	195	「父さん!」
0x18000	196	「あれは!| 蛞獲鳥(うぶめ)じゃ!」
0x18000	197	「うぶ…め?」
0x18000	198	「子供をさらうのが趣味の| 妖怪じゃ。成る程、赤ん坊の| 一件は奴のしわざじゃな。@ しかし、なぜ蛞獲鳥が…| たしかどこかの山奥に| 封鰯されておった筈じゃが…」
0x18000	199	「きっと、何かのはずみで| 封鰯が解かれたんでしょう」
0x18000	200	「いや、蛞獲鳥の封鰯が| はずみで解かれるなど| あり得ん筈じゃ。@ 誰かが故意にやったとしか…」
0x18000	201	「あの扉の向こうに子供達が| いるんでしょうか?」
0x18000	202	「おそらくそうじゃろうな。| よし、今ならあいつ| 一匹のようじゃ。@ 子なき達を捜し、合流して、| 一緒に子供達を取り返すんじゃ」
0x18000	203	「あれ?…看護婦さん、| どうしたんですか?@ ここは危険です。| 表で待っていて下さ…」
0x18000	204	「…おいで妖怪竹達!」
0x18000	205	「な、なんじゃ!?」
0x18000	206	「妖怪竹がこんなに!」
0x18000	207	「あれは妖怪〝万年竹"!?| ぬぬぬ…こ奴らが今回の事件の| 犯人だったんじゃな」
0x18000	208	「万年竹というと…確か人間を| タケノコ病に感染させて生気を| 吸い取り、妖怪竹にする妖怪…@ そうか、じゃあさっきの院長も| タケノコ病の犠牲者なのか?」
0x18000	209	「うむ、恐らくそうじゃ。じゃが…| 万年竹自体はそうそう人間に| 危害を加えるような奴ではない。@ おそらくあの看護婦が、万年竹を| 操っておるんじゃろう!」
0x18000	210	「ふふ…よくわかったな!| 私は竹の精だ!」
0x18000	211	「竹の精!? キミはなぜ| こんな事をするんだ!?」
0x18000	212	「全ては人間が悪いのだ!| 人間の味方をするなら…鬼太郎!| お前とて容赦はしないぞ!」
0x18000	213	「どうやら、話が通じる相手では| ないようじゃな…@ 鬼太郎! 妖怪竹達は| タケノコ病で姿を変えられた| 人間じゃ、手を出してはならん!@ 万年竹を倒せば、妖怪竹は| すべて人間に戻る。| 万年竹に狙いを絞るんじゃ!」
0x18000	214	「はい!」
0x18000	215	「フフフ…たった独りで| 立ち向かうとは愚かな。@ 私はゆっくり見物させて| もらうとしようか…いけ!| 万年竹! 蛞獲鳥!」
0x18000	216	「おやまあ騒がしいと| 思ったら…| お客さんかい?」
0x18000	217	「赤ん坊達はその中だな?| 蛞獲鳥! 赤ん坊を返せ!」
0x18000	218	「ふん! 私から| 可愛いあの子達を| 取り上げようってのかい?@ そんな事…| 絶対させるもんか!」
0x18000	219	「鬼太郎、お前一人ではこいつら| 全員の相手は無理じゃ。ワシは| 子なき爺達を捜してくる!」
0x18000	220	「たのみましたよ! 父さん!」
0x18000	221	「鬼太郎!」
0x18000	222	「助けに来たわよ!」
0x18000	223	「父さん! 猫餅!| きてくれたのか!| それに…オババ達も!」
0x18000	224	「すまないね、鬼太郎。| 子なき爺のおかげで| 道に迷うてしもうたわ」
0x18000	225	「!! ワシなのか!?| オババが…」
0x18000	226	「だ、だまらっしゃい!」
0x18000	227	「みんな! あの万年竹を| 倒せば〝妖怪竹"は人間に| 戻るんじゃ」
0x18000	228	「了解じゃ!」
0x18000	229	「昨日、ワシの貴重な陲眠時間を| 邪魔してくれた恨み…| 思い知らせてやるわい!」
0x18000	230	「く、なかなか手強い!」
0x18000	231	「お~い鬼太郎!」
0x18000	232	「君は…つるべ火!| どうしてここが!?」
0x18000	233	「猫餅から携帯で| 連絡をもらったのさ!| 俺も最近、やっと買ったんだ。@ ま、話は後だ。| とにかくあとはまかせな!| ぜんぶ焼き錨ってやるよ!」
0x18000	234	 |<つるべ火が仲間になった!>
0x18000	235	「ぎゃああ! 撚える…| 私の羽が…撚え…る@ うぎゃああああああああああああ| あああああああああああああ!」
0x18000	236	「蛞獲鳥が…石になった!?」
0x18000	237	「蛞獲鳥がつるべ火の炎によって| 再び封鰯されたんじゃ」
0x18000	238	「よし! 残るは万年竹だけだ!| 覚梧しろ!」
0x18000	239	「鬼太郎、ケガはないか?」
0x18000	240	「ええ、少し油断しました。| でも大丈夫です。父さん、| この石…どうしましょう?」
0x18000	241	「めったな事では封鰯は| 解かれんと思うが…一応、| ゲゲゲの森で管理をするかの」
0x18000	242	「ググ…鬼太郎共…| よくも私をここまで| 傷つけてくれたね!」
0x18000	243	「観念しろ、蛞獲鳥!@ もう子供達を襲わないと| 約束すれば、| これ以上危害は加えない!」
0x18000	244	「くぅ~…わ、わかったよ!」
0x18000	245	「よし、| おとなしく元の場所に帰れ!」
0x18000	246	「な~んて、| 本気で言うと思ったかい?」
0x18000	247	「え!?」
0x18000	248	「死ね! 鬼太郎!」
0x18000	249	「あ、危ない! 鬼太郎!」
0x18000	250	「し、しまった!| う、うわ~~~~~!!」
0x18000	251	「鬼太郎!」
0x18000	252	「鬼太郎!」
0x18000	253	「うぎゃあああああああ!」
0x18000	254	「ふう、危なかった!」
0x18000	255	「つるべ火!」
0x18000	256	「油断しないでくれよ鬼太郎| おちおち休んでもいられないぜ」
0x18000	257	「ぎゃああ! 撚える…| 私の羽が…撚え…る@ うぎゃああああああああああああ| あああああああああああああ!」
0x18000	258	「蛞獲鳥が…石になった!?」
0x18000	259	「蛞獲鳥がつるべ火の炎によって| 再び封鰯されたんじゃ」
0x18000	260	「ググ…鬼太郎共…よくも私を| ここまで傷つけてくれたね!」
0x18000	261	「観念しろ、蛞獲鳥!@ もう子供達を襲わないと| 約束すれば、これ以上| 危害は加えない!」
0x18000	262	「くぅ~…わ、わかったよ!」
0x18000	263	「よし、おとなしく元の場所に| 帰れ!」
0x18000	264	「な~んて、本気で言うと| 思ったかい?」
0x18000	265	「え!?」
0x18000	266	「死ね! 鬼太郎!」
0x18000	267	「あ、危ない! 鬼太郎!」
0x18000	268	「し、しまった!| う、うわ~~~~~!!」
0x18000	269	「うぎゃあああああああ!」
0x18000	270	「つるべ火!」
0x18000	271	「ぎゃああ! 撚える…| 私の羽が…撚え…る@ うぎゃああああああああああああ| あああああああああああああ!」
0x18000	272	「蛞獲鳥が…石になった!?」
0x18000	273	「蛞獲鳥がつるべ火の炎によって| 再び封鰯されたんじゃ」
0x18000	274	「鬼太郎、危なかったな」
0x18000	275	「つるべ火! お蔭で助かったよ!| でもどうしてここが!?」
0x18000	276	「猫餅から携帯で連絡を| もらったのさ! 俺も最近、| やっと買ったんだ。@ ま、話は後だ。| とにかくあとはまかせな!| ぜんぶ焼き錨ってやるよ!」
0x18000	277	「ああ! よろしく頼むよ!」
0x18000	278	 |<つるべ火が仲間になった!>
0x18000	279	「よし! 残るは万年竹だけだ!| 覚梧しろ!」
0x18000	280	「鬼太郎、危なかったな」
0x18000	281	「つるべ火! お蔭で助かったよ!| でもどうしてここが!?」
0x18000	282	「猫餅から携帯で連絡を| もらったのさ! 俺も最近、| やっと買ったんだ。@ まぁ、またこんな事が| あったら大変だ。俺でよければ| 一緒に行ってやってもいいぜ」
0x18000	283	「そいつは心強いな。| よろしく頼むよ!」
0x18000	284	 |<つるべ火が仲間になった!>
0x18000	285	「鬼太郎、ケガはないか?」
0x18000	286	「ええ、少し油断しました。| でも大丈夫です。父さん、| この石…どうしましょう?」
0x18000	287	「めったな事では封鰯は| 解かれんと思うが…一応、| ゲゲゲの森で管理をするかの」
0x18000	288	「うぎゃぁぁぁ!」
0x18000	289	「鬼太郎! 見ろ!」
0x18000	290	「本当だ! 万年竹に| 吸い取られていた| 生気が戻っていく!」
0x18000	291	「グワアアアアアア!」
0x18000	292	「良かった…元に戻ったんですね」
0x18000	293	「よし、万年竹を倒したぞ!| 今の内に急いで赤ん坊を| 保護するんじゃ!」
0x18000	294	「よし、万年竹を倒したぞ!| 妖怪竹共はこれでもう| 動けない筈じゃ。@ 今の内に彼らと赤ん坊を| 保護するんじゃ!」@(戦いが長びいたせいか| 妖怪竹達がまだ人間に| もどれない様じゃな…@ まあ、後で介抱してやれば| すぐ回復するじゃろう)
0x18000	295	「ああっ! よくも私の| 万年竹を!! 蛞獲鳥、| 鬼太郎達を絶対倒すのよ!」
0x18000	296	「みんな、蛞獲鳥を倒して| 赤ん坊を取り戻すぞ!!」
0x18000	297	「うう…おのれ…鬼太郎!」
0x18000	298	「竹の精。| わけを話してみてくれ。| 悪い様にはしない」
0x18000	299	「黙れ! 何も知らないくせに!| 我等竹の精と万年竹は| 昔からこの山に住んでいたのだ!@ それを、人間共が病院の増築| とやらで竹林を切り開き、| さんざん荒らしおったのだ!」
0x18000	300	「住処を…奪われたのか…」
0x18000	301	「私は復讐のため、蛞獲鳥に| 子供をさらわせ、タケノコ病の| ウイルスをばら撒かせた。@ そうして病院を私の配下にし、| 妖怪竹となった患者や職員に| 公一で人間狩りをやらせた!@ 仲間を増やし、人間共に| 我等の怒りを思い知らせて| やるためにな!」
0x18000	302	「…ワシはたまたま| 巻きぞえを食ったんじゃな。| いい迷惑じゃわい」
0x18000	303	「…わかったよ、万年竹。| 後で事情を説明して、みんな| 丸く収まる様に話し合おう。@ お前達の住処を壊した人間にも| 非は有るけど、蛞獲鳥を使って| 子供をさらったのはよくないな。@ それにしても、どうやって| 蛞獲鳥の封鰯を解いたんだ?」
0x18000	304	「そ、それは…」
0x18000	305	「鬼太郎…病院の地下室に| 院長先生が| つかまっとったぞ!」
0x18000	306	「え!?」
0x18000	307	「ふう…ありがとうございます。| おかげさまで久しぶりに外の| 空気を吸うことができました」
0x18000	308	「病院の地下室に捕まっていた?| じゃあ…さっき僕が院長室で| 会った院長は一体…?@ 竹の精! どういう事なんだ?」
0x18000	309	「そんな…院長は竹人間に| 変えておいた筈!?」
0x18000	310	「ん! 何者じゃ!」
0x18000	311	「鬼太郎! 万年竹が!」
0x18000	312	「しまった! まだ他にも| 敵がいたのか!」
0x18000	313	「一体どういう事じゃ!| のこりの妖怪竹は!」
0x18000	314	「万年竹と一緒に| 消えてしもうたわ」
0x18000	315	「竹の精!| どういう事なんだ!」
0x18000	316	「そ、そんな! あの子は| 私の言う事しか聞かない筈!| 一体誰が…!?」
0x18000	317	「まだ何か話してない事が| 有るみたいだね。@ 詳しい事は僕の家で話そう。| ついて来てくれるね?」
0x18000	318	「は……はい…」
0x18000	319	「うう…おのれ…鬼太郎!」
0x18000	320	「竹の精。| わけを話してみてくれ。| 悪い様にはしない」
0x18000	321	「黙れ! 何も知らないくせに!| 我等竹の精と万年竹は| 昔からこの山に住んでいたのだ!@ それを、人間共が病院の増築| とやらで竹林を切り開き、| さんざん荒らしおったのだ!」
0x18000	322	「住処を…奪われたのか…」
0x18000	323	「私は復讐のため、蛞獲鳥に| 子供をさらわせ、タケノコ病の| ウイルスをばら撒かせた。@ そうして病院を私の配下にし、| 妖怪竹となった患者や職員に| 公一で人間狩りをやらせた!@ 仲間を増やし、人間共に| 我等の怒りを思い知らせて| やるためにな!」
0x18000	324	「…ワシはたまたま| 巻きぞえを食ったんじゃな。| いい迷惑じゃわい」
0x18000	325	「…わかったよ、万年竹。| 後で事情を説明して、みんな| 丸く収まる様に話し合おう。@ お前達の住処を壊した人間にも| 非は有るけど、蛞獲鳥を使って| 子供をさらったのはよくないな。@ それにしても、どうやって| 蛞獲鳥の封鰯を解いたんだ?」
0x18000	326	「そ、それは…」
0x18000	327	「鬼太郎…病院の地下室に| 院長先生が| つかまっとったぞ!」
0x18000	328	「え!?」
0x18000	329	「ふう…ありがとうございます。| おかげさまで久しぶりに外の| 空気を吸うことができました」
0x18000	330	「病院の地下室に捕まっていた?| じゃあ…さっき僕が院長室で| 会った院長は一体…?@ 竹の精! どういう事なんだ?」
0x18000	331	「そんな…院長は竹人間に| 変えておいた筈!?」
0x18000	332	「鬼太郎! 大変じゃ!| 誰かが万年竹と妖怪竹を連れて| 逃げたみたいじゃぞ!」
0x18000	333	「なんだって!」
0x18000	334	「貴様…ワシらが油断した隙に!」
0x18000	335	「そ、そんな! あの子は| 私の言う事しか聞かない筈!| 一体誰が…!?」
0x18000	336	「まだ何か話してない事が| 有るみたいだね。@ 詳しい事は僕の家で話そう。| ついて来てくれるね?」
0x18000	337	「は……はい…」
0x18000	338	「じゃあ、アタイ達も帰って| 一休みしなくちゃね」
0x18000	339	「お前さんはワシといっしょに| 残るんじゃ!」
0x18000	340	「ええ~! なんでよ!?」
0x18000	341	「助けた子供達と妖怪竹から| 元に戻った人達の世話じゃ。@ まだみんな意識が| 廳朧(もうろう)としとるからの」
0x18000	342	「うそ~! ゼッタイいやよ!」
0x18000	343	「ほれほれ、| 大きな声を出すから!」
0x18000	344	「あああああ!| ごめん! ごめ~んね~?| 怖くないからね~?」
0x18000	345	「やれやれ、後始末が| 大変じゃわい!」
0x18000	346	「さ、いこうか」
0x18000	347	「……ええ」
0x18000	348	「く……| 結構やるじゃないか!」
0x18000	349	「つるべ火! 無理しなくていい。| いったん下がっておいてくれ」
0x18000	350	「面目ない、そうさせてもらうよ…」
0x18000	351	「鬼太郎、どうやら敵が| 待ち伏せしておるようじゃ。| 見つかれば戦わねばならん。@ じゃが戦いを続けていては| 妖力の無駄づかいじゃ。@ できる限りみつからん様に、| オババ達の後を追うんじゃ。| よいな?」
0x18000	352	「そうはいっても……」
0x18000	353	「これを使うんじゃ」
0x18000	354	「…これは?」
0x18000	355	「こんな事もあろうかと| 一枚持っておいたんじゃよ。@ これをチャンチャンコの中に| いれておくのじゃ」
0x18000	356	「こう…ですか?」
0x18000	357	「これはワシら幽霊族に伝わる| 秘伝の札じゃ。@ これを身につけると| ワシらの気配が敵に気取られ| 難くなる」
0x18000	358	「気配を消せるって事ですか?」
0x18000	359	「姿を消す事まではできんがの。| それにこれを持っておれば、@ とっさの時にすばやく妖力を| 込めることで敵の行動を| 封じ込める事ができるのじゃ!」
0x18000	360	「へぇ~」
0x18000	361	「霊力を消費するから、| むやみに使うでないぞ!」
0x18000	362	「わかりました父さん」
0x18000	363	「うむ、ではいくかの!」
0x18000	364	「あれは!」
0x18000	365	「これは…砂かけの奴、| 粋なものを残していきおったわ」
0x18000	366	「なんですか、これ?」
0x18000	367	「これは〝妖怪除けの札(鞁)"じゃ。| これを使うとある一定の距離だけ@ 光りながら勝手に| 飛んでいくのじゃ。@ これを追う事で敵のいない| 道筋がわかるというものじゃ」
0x18000	368	「ではこれを投げて、| それが通った道を辿っていけば| 敵に出会わずに行けるんですね」
0x18000	369	「とはいってもこの札のレベルでは| さほど飛距離は望めまい。| 使う場所を良く考えるのじゃぞ。@ それに、見えない敵までは| 察知できないようじゃな。@ まぁ、なんにせよ気をつけて| 進まねばなるまい」
0x18000	370	「わかりました父さん」
0x18000	371	「鬼太郎、| しばらくぶりの戦いじゃが、| やり方を忘れてはおらんか?」
0x18000	372	「大丈夫ですよ、父さん!」
0x18000	373	「いちおう基本的な戦い方の| 確認をしておくぞ。@ 威力の高い技は霊力を消費する。| そして霊力を使う技は、より| たくさんそれをこめることで@ その威力や傘中聿を| 上げる事ができる。これが| <8b>霊力充鑰<8c>じゃ。@ 霊力をたくさん使うが…| 一気に勝負を着けたいときは| これを利用するといいじゃろう。@ 霊力は時間が経てば少しずつ| 回復するが…消耗の度合いが| 激しいと少ししか回復をせん。@ 便利だからといってあまり| <8b>霊力充鑰<8c>を使ってしまうと| かえって戦いが苦しくなる。@ 残っておる霊力の量に注意して| 上手く技を使い分けるんじゃ!」
0x18000	374	「わかりました」
0x18000	375	「あ! しまった…!」
0x18000	376	(この〝妖怪竹"は人間が| 姿を変えられたものだ。@ だから万年竹さえ倒せば元の| 姿に戻してあげられたのに…!)
0x18000	377	「できるだけ妖怪竹との| 戦いをさけて…万年竹を| 先にたおさなくちゃ!」
0x18000	378	「しまった! 妖怪竹を| 全部倒しちゃったのか!?」
0x18000	379	(なんてことだ…彼らを| 止めるだけのつもりが…@ 戦いながら〝人助け"を| するのは難しいや…)
0x18000	380	「ふう、倒したか。@ こいつらはさして強くないけど| 毒の攻撃を持っているから| やっかいだな…」
0x18000	381	「あ! 毒消し草!| 丁度よかった。貰っておこう。@ 時間が経てば毒は自然に| 消えるから、無理にこの道具を| 使わなくてもいいけど…@ その間体力が減っちゃうから| 注意しないとね。| | 他にもいろいろと嫌な効果の| ある攻撃を受けるかも| しれない…@ いざという時の為にどこかで| 準傭をしておいたほうが| いいかもしれないな」
0x18000	1024	開癸中
0x1e000	0	「じゃあ…君が蛞獲鳥の| 封鰯の解き方を知っていた| わけじゃないんだな?」
0x1e000	1	「はい。住処を壊されて、怒りに| 震えていた私達の元へ| こんな手紙が届いたのです」
0x1e000	2	「ほう、どれどれ…?」
0x1e000	3	 〝愚カナ人間ニ虐ゲラレシ同士ョ、| 我ハ貴方ガタニ復讐ノチカラヲ| サズケルモノナリ@ コノ文ニシルサレシ地点ニ| ムカイ、コノ羽ヲ捧ゲルベシ…"
0x1e000	4	「そこには蛞獲鳥が封鰯された| 石があり、手紙の指示通りに| すると蛞獲鳥が復活しました。@ 後はご存じのとおりです」
0x1e000	5	「この手紙の送り主に| 心当たりはないんじゃな?」
0x1e000	6	「はい、ありません」
0x1e000	7	「あの偽院長は何者なんだ?」
0x1e000	8	「わかりません……| 私も院長は、本物だとばかり| 思っていました」
0x1e000	9	「万年竹達を連れ去った、あの| 謎の妖怪も知らんのじゃな?」
0x1e000	10	「はい……でも、万年竹は私の| 傘令しか聞かない筈なのに…」
0x1e000	11	「万年竹達を連れ去ったやつも、| わからんのじゃな?」
0x1e000	12	「はい……でも、万年竹は私の| 傘令しか聞かない筈なのに…」
0x1e000	13	「よし、話していても仕方がない。| みんなを集めて万年竹の| いそうな場所を調査しよう。@ あなたは妖怪アパートで| 休んでいてください」
0x1e000	14	「すいません、鬼太郎さん。| よろしくお願いします」
0x1e000	15	「父さん、この事件、まだ裏に| 色々ありそうですね」
0x1e000	16	「うむ。鬼太郎、| 何が起きているのかわからんが| 心してかかるのじゃぞ!」
0x1e000	17	「はい!」
0x1e000	18	「鬼太郎ど~ん!」
0x1e000	19	「一反木綿!」
0x1e000	20	「鬼太郎どん、| 話は猫餅から聞いたでごわす」
0x1e000	21	「えっ? いつのまに」
0x1e000	22	「へへへ、どう、| このすばやい対応!」
0x1e000	23	「おいどんもこの件に| 協力するでごわす!」
0x1e000	24	「うわ!」
0x1e000	25	「ぬ~り~か~べ~!」
0x1e000	26	「なんじゃ、ぬりかべではないか!| 脅かしおって!」
0x1e000	27	「ぬ~り~か~べ~!」
0x1e000	28	「おお、早かったの。| もう調べてくれたのか。| で、どうじゃった? ふむふむ」
0x1e000	29	「? ぬりかべに何を| 調べさせてたんです?」
0x1e000	30	「あのあと聞いた| 〝土木業者の話"が| 気になっておったんじゃ。@ ぬりかべはそっち方面に| 詳しいからの」
0x1e000	31	「〝土木業者の話"?| ああ、捕まっていた本物の| 院長先生に聞いた話ですね」
0x1e000	32	「なんでも竹の精達の住処を| 壊す原因になった| 〝病院の増築"を決意したのは@ 病院に〝原因不明の火事"が| 起きたからじゃとか…」
0x1e000	33	「ある業者が、修理と増築を| 合わせても格安のプランを| 出してくれたから、@ 裏山の増築を決めたって| 言ってましたね」
0x1e000	34	「その業者じゃがな、火事が| 起きる前から、院長に格安で| 増築を舞めておったらしい」
0x1e000	35	「まさか…その業者が仕事欲しさに| 病院に火を付けたとでも?| 幾らなんでも…@ それに、それがあの逃げた| 奴となんの関係があるって| いうんですか?」
0x1e000	36	「まあ…ちょっと| 気になったんでの。@ 念のため、明日、その業者と| やらに問い合わせてみると| するかのう。@ 今日はもう遅い。| 続きはまたにして| とりあえず休まんか?」
0x1e000	37	「あ、僕はもうちょっとネットで| 調べたい事が…」
0x1e000	38	「バカも~~~ん!!」
0x1e000	39	「わっ!?」
0x1e000	40	「い、いきなり怒嶋るでないわ、| 親父殿。寿傘が縮んだわい」
0x1e000	41	「鬼太郎! 夜中までネットなんぞ| することはない! 明日にしろ、| 明日にっ!」
0x1e000	42	「わ、わかりましたよ」
0x1e000	43	「それじゃワシも帰らせて| もらうかの」
0x1e000	44	「それじゃあおいどん達も| 失礼するでごわす!」
0x1e000	45	「うむ、ご苦勞じゃった」
0x1e000	46	「ぬ~り~か~べ~!| おやすみな~さ~い!」
0x1e000	47	「ああ、お休み」
0x1e000	48	「あいつら…もう寝たみたいだな」
0x1e000	49	「……………………………」
0x1e000	50	「今ならしくじる事はねえ。| 例の物を奪ったら後はお前さんに| 任せるぜ。@ せいぜい上手くやってくれよ。| 鬼太郎が…憎いだろう?」
0x1e000	51	「ああ、もちろんさ…」
0x1e000	52	「…たろう…鬼太郎」
0x1e000	53	「ん…? 誰だ?| 僕を呼ぶのは?」
0x1e000	54	「鬼太郎…大きくなったね…」
0x1e000	55	「この声は…母さん!| 会いに来てくれたんですね!@ どこにいるんです、| 出てきてください!」
0x1e000	56	「それはできないよ鬼太郎…| 決まりがあるんだ」
0x1e000	57	「そんな…! 姿を見せる事も| できないんですか!?」
0x1e000	58	「ごめんね鬼太郎…| 寂しいのは私も同じだよ…@ あまり長くは話せないけど…| 母さんはいつもお前を| 見守っているよ。@ それだけは忘れないでおくれ…| いいね…私のかわいい坊や…」
0x1e000	59	「母さん! 行っちゃいやだ!」
0x1e000	60	「さあ…目をお覚まし…| 父さんを頼んだ…よ……」
0x1e000	61	「母さん!!| かあさ~~~~~~ん!!」
0x1e000	62	「かあさ…!| ……………………………| 夢…か…」@(いや…今のは| ただの夢じゃない気がする…@ どうして母さんが僕の夢に| 出てきてくれたんだろう?)
0x1e000	63	「ゲホゲホ! こ…これは!?」
0x1e000	64	「んん…どうしたんじゃ鬼太郎」
0x1e000	65	「父さん! 急いで外に!」
0x1e000	66	「な、なんという事じゃ!| ワシらの家が!?」
0x1e000	67	「急いで消さないと!」@(母さんは…この事を僕に?)
0x1e000	68	「………クックック!」
0x1e000	69	「誰だ!?」
0x1e000	70	「!!」
0x1e000	71	「逃げた…?| あいつが犯人か!?」
0x1e000	72	「鬼太郎、消火は任せて、| お前は今の奴を追うんじゃ!@ ワシは妖怪アパートへ行って| 皆を起こしてくる」
0x1e000	73	「わかりました!」
0x1e000	74	「ふう、なんとか人間の家を| 撚やされずにすんだようじゃな」
0x1e000	75	「ええ、みんなのお蔭です」
0x1e000	76	「あの…」
0x1e000	77	「は、はい!?」
0x1e000	78	「もしかして、| 貴方達が火を消して| くださったんですか?」
0x1e000	79	「え、ええ…一応…そうです」
0x1e000	80	「あ、有り難うございます!| この家はじいさんの代から| 護ってきた大事な家なんです。@ なんとお礼を言っていいか…」
0x1e000	81	「いいんですよ、お礼なんて、| 勝手にやったことですから。@ …大事な家が| 撚えなくて良かったですね」
0x1e000	82	「家自体は撚えても| 建て直せばいいですが…| 思い出は元に戻りませんからね…@ 本当にお世話になりました。| それでは失礼します!」
0x1e000	83	「ここ以外の場所の火は| 来る前に全部消火して| きたんじゃが…」
0x1e000	84	「ここも〝全部"という訳には| いきませんでしたね…」
0x1e000	85	「そ…そんな…僕の家が…」
0x1e000	86	「どうやらあのお人の家だった| ようじゃな…」
0x1e000	87	「とほほ…死んだ親父やお袋の| 思い出の品が…全部| 灰になっちまった…」
0x1e000	88	「気の毒にのう…」
0x1e000	89	「僕が…もっときちんと| 戦っていれば…」
0x1e000	90	「き、鬼太郎のせいじゃないわ!| 気にする事ないわよ!」
0x1e000	91	「………………………」
0x1e000	92	「元気出すでごわす、鬼太郎。| おいどんらはベストを| 尽くしたとよ!」
0x1e000	93	「…………………う、うん……」
0x1e000	94	「……………………………」
0x1e000	95	「ちょっと、黙ってないでなんとか| いいなさいよ! あんたのせいで| みんな大変な目にあったのよ!」
0x1e000	96	「ま、まあまあ、| そうまくしたてんでも」
0x1e000	97	「さ、わけを話すんじゃ傘化け。| 何か…よほどの理由が| あったんじゃろう?」
0x1e000	98	「……………………」
0x1e000	99	「無理に聞き出す気はないよ。| でも、よければ話してくれ」
0x1e000	100	「じ…実は…」
0x1e000	101	「それじゃ、住んでいた家が…| 人間に取り壊されたって| いうのかい?」
0x1e000	102	「ああ、そうなんだ。| ある日いきなりシ∃ベルカーや| ブルドーザーがやってきて、@ 俺が住んでいた小屋や森を| あっという間に全部滅茶苦茶に| していきやがったんだ!」
0x1e000	103	「それで怒りのあまり、ああして| 無差別に放火したんじゃな?@ じゃが、何故鬼太郎まで| 襲ったんじゃ?」
0x1e000	104	「竹切り狸にそそのかされたんだ…| <8b>鬼太郎のチャンチャンコを| 奪えば、なんにでも化けられる。@ その力を使って、人間共に| 復讐しろ<8c>って言われて…」
0x1e000	105	「それでアイツの言われるまま| 鬼太郎を襲ったっての!?」
0x1e000	106	「<8b>鬼太郎は人間に金をもらって| 妖怪仲間を売る悪党だ<8c>って| 聞かされてたんだ。@ だったら俺みたいに住処を失う| 悲しみを知ればいい、死んだって| かまうもんか…と思って…」
0x1e000	107	「おそろしい話じゃ」
0x1e000	108	「あの偽のチャンチャンコを| お前に持たせたのも@ たくろう火と組ませたのも| 竹切り狸の奴か?」
0x1e000	109	「ああ、そうさ…」
0x1e000	110	「傘化け、僕達は| 竹切り狸の奴を追ってるんだ」
0x1e000	111	「あ奴は他の妖怪を驪して| 何か企んでおるようなんじゃ」
0x1e000	112	「なんだって?| どういうことだ?」
0x1e000	113	「実は…」
0x1e000	114	「そうだったのか…| お前は人間の手先じゃ| なかったんだな」
0x1e000	115	「わかってくれたか。| 傘化け!」
0x1e000	116	「ああ…俺、怒りに目がくらんで| とんでもない事しちまった…| すまなかった、鬼太郎」
0x1e000	117	「たくろう火の奴らも| 竹切り狸の仲間のようじゃし| 奴は何を企んでおるんじゃ?」
0x1e000	118	「ふむ…蛞獲鳥と万年竹に続いて、| 今度は傘化けか…@ しかも今回もこの前の事件と同様、| 人間の開癸で住処を奪われた所へ| 竹切り狸が現れておる」
0x1e000	119	「竹切り狸が何を企んでいるのか| わかりませんけど、@ 一連の事件の元凶であることに| 間違いはないみたいですね。| 本格的に調べてみましょう」
0x1e000	120	「鬼太郎、俺、| さっきの人の話を聞いて| 目が覚めたよ。@ 人間にだって、家には| 染みついた大事な| 思い出があるんだよな…@ 俺はそれを傷つけた。これじゃ…| 俺も俺の住処を奪った連中と| 何もかわらない」
0x1e000	121	「傘化け…キミは| 竹切り狸の奴に利用されて| いたんだ」
0x1e000	122	「いいや、俺にも脊任はある。| 罪滅ほしの意味も含めて…| お前達を手伝わせてくれ」
0x1e000	123	「わかった…キミがそう言うなら」
0x1e000	124	「ありがとう。鬼太郎。| 足手まといにならないように| がんばるぜ」
0x1e000	125	 |<傘化けが仲間になった!>
0x1e000	126	「はいはいは~い隶| もちろんアタイも手伝うわよ!」
0x1e000	127	「おいどんもがんばるとよ!」
0x1e000	128	「ワシらも手伝うぞ。| な、砂かけ?」
0x1e000	129	「もちろんじゃ!」
0x1e000	130	「ぬ~り~か~べ~!」
0x1e000	131	「ぬりかべ、俺、火をつけた家の| 人にあやまりに行こうと思う。@ 悪いけど付き合ってくれよ」
0x1e000	132	「ぬりかべ、了~~解~~~!」
0x1e000	133	「父さん。僕達はとりあえず| 家に戻りましょう」
0x1e000	134	「うむ、そうじゃな!」
0x1e000	135	(おっと…| 帰る前にアレを渡しておくか)@「鬼太郎、お前にこれをやろう。| また火事にでもあって撚えて| しまってはかなわんからな」
0x1e000	136	「これはなんですか父さん?| お札みたいですけど…」
0x1e000	137	「これは我が幽霊族に| 伝わる〝召喚の札"じゃ!@ このお札を装傭して| 信頼しておる仲間同士| 契約を結べば@ その相手を呼び出して| 代わりに戦ってもらう事が| できるぞ!」
0x1e000	138	「え! 本当ですか!?」
0x1e000	139	「うむ、仲間を身につけてるが如く| 行動を共にする事ができるので| これを〝装傭妖怪"という。@ きちんと仲間を決めておけば| 攻撃をするときにその妖怪の| 技が使える筈じゃ。@ ちなみに一度に契約できる妖怪は| 一人までじゃ。@ 呼び出して使ってもらう技が| 霊力を消費するものだった場合| 霊力はお前のものを消費する。@ それから契約を結んだ妖怪は| 普通に出撃させる事はできんぞ| 注意するんじゃ」
0x1e000	140	「そうですか、難しいですね…」@(行動が制限されるのか。| じゃあ色々助けてもらわないと| いけない妖怪には@ 召喚妖怪になってもらう訳に| いかないな…@ 猫餅やオババ、子なき爺に| 一反木綿…それにぬりかべは| 無理だな…)
0x1e000	141	「しかし、得られる経験の値は| 減ることなく二人ともに| 与えられるぞ。@ 経験が浅い仲間を強化するには| もってこいじゃ!」
0x1e000	142	「わかりました、父さん。| 試しに使ってみます」
0x1e000	143	 |〈召喚の札を入手<87>装傭した〉
0x1e000	144	 |〈妖怪を装傭できるようになった〉
0x1e000	145	「はあ…はあ…| やっと追いついた…| お前は何者だ!?」
0x1e000	146	「…………」
0x1e000	147	「ん? これは…?」
0x1e000	148	「ここにも火の手があがってる…| これも…お前がやったのか!?」
0x1e000	149	「クックック!」
0x1e000	150	「何がおかしい!| こっちを向け!」
0x1e000	151	「鬼太…郎?」
0x1e000	152	「そんな…君は!?」
0x1e000	153	「ふふふ…どうしたの鬼太郎?| 怖い顔して…?」
0x1e000	154	「ね、猫餅!?| な、なんだ…キミだったのか!| どうして逃げたりしたんだ?@ 放火の犯人かと| 勘違いしたじゃないか」
0x1e000	155	「勘違いじゃないわ」
0x1e000	156	「な、何を!?」
0x1e000	157	「こうやって…| アタイが鬼太郎や| 人間達の家に火をつけたのよ!」
0x1e000	158	「な、なんて事を! 猫餅、| 君がこんな事をする筈がない…| 何か訳があるんだろ!?」
0x1e000	159	「あなたが憎いのよ鬼太郎…| 家と一緒に撚えてしまえば| よかったのに…残念だわ!」
0x1e000	160	(そ…そんな…どうして!?)
0x1e000	161	「とにかく…火を消さなくちゃ!| 猫餅を説得するのは| それからだ!」
0x1e000	162	「鬼太郎どん!」
0x1e000	163	「一反木綿!」
0x1e000	164	「鬼太郎! 大丈夫か!?」
0x1e000	165	「みんな!」
0x1e000	166	「妖怪アパートの連中に声を| かけてきた。火事はなんとか| してくれとるじゃろう。@ で、鬼太郎、| 犯人はどうなったんじゃ?| 逃がしてしまったのか?」
0x1e000	167	「それが…」
0x1e000	168	「ち! 思ったより早かった| じゃない! こうなったら…| まとめて始末してやる!」
0x1e000	169	「お! お主は猫餅!?| そ、そんなバカな…!」
0x1e000	170	「危ない!| 父さん! 子なき爺!」
0x1e000	171	「死ね!」
0x1e000	172	「い、いかん!」
0x1e000	173	「な…なんなの!?」
0x1e000	174	「ぬ~り~か~べ~!」
0x1e000	175	「ぬりかべ!」
0x1e000	176	「おお…間一髪でごわす!」
0x1e000	177	「鬼太郎! 驪されないで!| そいつは偽者よ!」
0x1e000	178	「? 誰だ!?」
0x1e000	179	「ね、猫餅! じゃ、| じゃあ…こっちにいるのは?」
0x1e000	180	「く…」
0x1e000	181	「ちょっと…どうせ化けるなら| もっと可愛く化けなさいよ!| まったく…失礼しちゃうわ!」
0x1e000	182	「に…偽者なのか?」@(おかしい…いつもの僕なら| もっとはやく偽者だって| 気付いてた筈だ。@ 普段の調子がでていないのか?| 一体どうしてだろう…@ 僕の霊力を高めてくれる| チャンチャンコだって| きちんと着ているのに)
0x1e000	183	「む? …もしや…| 鬼太郎! チャンチャンコを| よく見せてみるんじゃ!」
0x1e000	184	「え? あ、はい」
0x1e000	185	「やっぱりじゃ…鬼太郎!」
0x1e000	186	「なんですか? 父さん」
0x1e000	187	「さっきは気づかなんだが…| お前が今着ている| チャンチャンコは偽物じゃ!」
0x1e000	188	「なんですって!?」
0x1e000	189	「良くできた偽物じゃ。| 普段着ている鬼太郎すら| 驪すとは…」
0x1e000	190	「さては火をつける前に| 盗み出していたんだな」
0x1e000	191	「鬼太郎、あの猫餅の偽者は| お前のチャンチャンコの力で| ああして化けとるんじゃ!」@ あ奴が本物のチャンチャンコを| 持っとる筈じゃ。| 急いで取り返すんじゃ!」
0x1e000	192	「わかりました!| あいつめ…もうゆるさないぞ!」
0x1e000	193	「ふふ…ばれちゃあ、| しょうがないぜ…| お~~いみんな、来てくれ!」
0x1e000	194	「久しぶりだな鬼太郎」
0x1e000	195	「何!?」
0x1e000	196	「こいつらは…たしか| 〝たくろう火"!| どうしてここに?」
0x1e000	197	「お前は昔から俺の邪魔ばかり| してくれたよな? 今日はその| 礼をしてやるぜ…たっぷりな!」
0x1e000	198	「たくろう火! お前もこの| 放火事件に荷担してるのか!?| なにが目的だ!」
0x1e000	199	「今、これ以上話す事は| なにもない。| いくぞ鬼太郎…!」
0x1e000	200	「フフフ…」
0x1e000	201	「この姿にするか…」
0x1e000	202	「く…今度は子なき爺に!?」
0x1e000	203	「鬼太郎を家ごと焼くのは| 失敗したけど…チャンチャンコは| 手に入れた。@ 次はお前達の姿を借りて、| 人間の家に火をつけて| まわってやる!」
0x1e000	204	「やめろ!| なぜこんな事をするんだ!」
0x1e000	205	「だまれ! 人間の家なんか| 全部撚やしてやる!」
0x1e000	206	「人間に恨みがあるようじゃな…| ほうっておけば奴はどんどん| 火をつけていくじゃろう」
0x1e000	207	「とにかく…これ以上火事を| 広げるわけにはいきませんね。@ この六人で…なんとか| あいつに火をつけさせない様に| 戦いましょう!」
0x1e000	208	「鬼太郎…六人ではない、| 七人じゃ!」
0x1e000	209	「え!?」
0x1e000	210	「オババ!」
0x1e000	211	「鬼太郎、火のついた家は| 鱗接して〝消火"するんじゃ。| そうすれば火を消す事ができる。@ つるべ火と一反木綿以外は| 全員消す事ができるぞ。@ 家に火を付けられたら| みんなで消火にあたるんじゃ!@ そして鬼太郎はアイツを倒して| チャンチャンコを| 取り返すんじゃぞ!」
0x1e000	212	「わかった、ありがとうオババ!| よし、いくぞ!」
0x1e000	213	「うう…おいどん、火は| 苦手でごわす…」
0x1e000	214	「文句を言うでない、一反木綿。| ワシとて火は苦手じゃが| 四の五の言っとられんわい!」
0x1e000	215	「そうか、風属性の妖怪は| 火に弱いんでしたよね」
0x1e000	216	「うむ、鬼太郎は無属性じゃから| あまり心配せんでいいが…@ 風は火に、火は水に、水は地に、| 地は風属性にそれぞれ弱い。| | 他にも若干じゃが…火に弱く| 水に強い〝草"や水と火に弱く、| 風と土に強い〝猷"。@ 火以外の地<87>水<87>風属性| 全てに耐性のある〝魔"なんかも| あるぞ。@ 地水火風のみに関しては同属性の| 攻撃じゃと若干効果が相殺される| 事も憶えておくんじゃ。@ これらは戦いの中でそう大きな| 変化を及ほす物ではないが…@ それでも霊力充鑰をする時には| 少しの違いが、大きな結果の| 差につながってしまう。@ 気にしておいた方が| いいじゃろうな」
0x1e000	217	「あ! 家が!| なんてことだ!」
0x1e000	218	「いかん、鬼太郎!」
0x1e000	219	「しまった、消火が| 間に合わなかったか!」
0x1e000	220	「なんて事じゃ…」
0x1e000	221	「ま、またか!?」
0x1e000	222	「とほほ…一足遅かったか」
0x1e000	223	「ふふふ…撚えろ撚えろ!」
0x1e000	224	「炎よ…撚えあがれ!」
0x1e000	225	「そ~れ、点火だ!| さあ、急いで消さないと| 撚え尽きちまうぜ!」
0x1e000	226	「次は…この姿にするか」
0x1e000	227	「よすんだ猫餅!| 僕が悪かったなら謝るよ!| だから、こんな事はよせ!」
0x1e000	228	「フフフ…」
0x1e000	229	「く…僕の言うことを| 聞く気はまるでないみたいだ…| どうすればいいんだ…!」
0x1e000	230	「ざっとこんなもんじゃ!」
0x1e000	231	「それ!」
0x1e000	232	「ど~~だ~~!」
0x1e000	233	「え~~~い!」
0x1e000	234	「ぐぐ…やるな…」
0x1e000	235	「鬼太郎、今じゃ!」
0x1e000	236	「よ~し!」
0x1e000	237	「そのチャンチャンコは、| 先祖代々伝わる大事な品なんだ、| かえしてもらうぞ!」
0x1e000	238	「そ、それは俺のだ! やめろ!| 取り上げないでくれ~!| うわああああ!」
0x1e000	239	「おのれ…鬼太郎!」
0x1e000	240	「お前は…| 〝傘化け"じゃないか!」
0x1e000	241	「ちくしょう…よくも| チャンチャンコを!」
0x1e000	242	「どうしてこんな事を…| お前さんは確かに悪ふざけが| 好きな奴じゃが@ こんな酷い事をする妖怪では| ない筈じゃぞ」
0x1e000	243	「よかったら…僕が相談にのるよ、| 理由を話してくれ」
0x1e000	244	「驪されるな、傘化け!」
0x1e000	245	「今度は誰だ!?」
0x1e000	246	「おっとっと…隠れとくつもりが…| つい大声を出しちまった!| こりゃあとで大目玉だな」
0x1e000	247	「お前は…竹切り狸!| それに、一緒にいるのは万年竹か!?」
0x1e000	248	「傘化け! 言った筈だ、| 鬼太郎は金をもらって| 人間に味方してやがるんだぜ!」
0x1e000	249	「な…なんだって…!?| なんの話だ!」
0x1e000	250	「奴はお前の家を壊した人間の連中と| 同じなんだ。俺だって| 酷い目にあったんだぞ!」
0x1e000	251	「そ、そうだったな…!| おのれ鬼太郎…人間の手先め!| 俺が倒してやる!」
0x1e000	252	「く…! ダメだ…話にならない」
0x1e000	253	「鬼太郎、なんとか傘化けを| 説得してみるんじゃ!」
0x1e000	254	「はい!」
0x1e000	255	「出てこい! 懸郎ども!」
0x1e000	256	「これは…妖怪竹!?」
0x1e000	257	「鬼太郎、こやつらはどうやら| 完全に妖怪化されてしまって| おる様じゃ。@ こうなってはもはや| 万年竹を退治しても| 元に戻すことはできん。@ かわいそうじゃが…| 倒してしまうんじゃ!」
0x1e000	258	「わ、わかりました…」
0x1e000	259	(この中には前の戦いで戦ったのと| 同じ妖怪竹もいるんだろうか?@ あのときもっと早く万年竹を| 倒していれば、彼らだけでも| 助けられたのに……)
0x1e000	260	「く…しゃれになってねえぜ…| 引き上げだ!」
0x1e000	261	「待て! お前が万年竹をつれて| 現れたということは…@ 院長に化けて竹の精を驪したのは| お前だな!?」
0x1e000	262	「へ、今頃気がついたか!」
0x1e000	263	「成る程、万年竹は竹切り狸の| 親戚じゃ、言う事を聞いても| おかしくはないのう」
0x1e000	264	「病院の事件も、お前が| 裏で糸をひいていたんだな?| 一体何を企んでいるんだ!」
0x1e000	265	「教えろと言われて教えるバカは| いないぜ鬼太郎!| あばよ!」
0x1e000	266	「くそ…逃げられたか…」
0x1e000	267	「く…鬼太郎…め…」
0x1e000	268	「傘化け、もうよすんだ。| 話があるならちゃんと後で聞く。| 今は大人しくしておいてくれ」
0x1e000	269	「う…わ、わかった…」
0x1e000	270	「傘化け! やめるんだ!| なにがあったか知らないけど…| 僕が相談にのる。だから…」
0x1e000	271	「黙れ! 人間の手先め…!| だまされないぞ!」
0x1e000	272	「僕達は人間の手先なんかじゃない!| 僕の話を聞いてくれ!@ 君は悪い事をしているんだ!| どんな理由があっても、| こんなやり方はいけない!」
0x1e000	273	(…どうも変だ…もしかして| 竹切り狸の奴の言う事の方が| 間違っているのか?)@「だけど…ここまで来て| 後に引けるもんか!」
0x1e000	274	「く……だめか…| こうなったら力ずくで| 止めるしかないな」
0x1e000	275	「ダメだ…思ったより火の手が| 強い。僕じゃあこの火を消すのは| 無理みたいだ…@ 砂かけのオババか、| ぬりかべなら、きっとこれを| 消せる筈なんだけど…」
0x1e000	276	(ん? どうしたんだろう…| チャンチャンコから普段の| 妖気が感じられない…@ これは一体…?)
0x1e000	277	「フフフ…| どうしたの? 鬼太郎…」
0x1e000	278	(今は…それどころじゃないか)
0x1e000	279	「ウガアアアーー!」
0x1e000	280	「く、万年竹、一旦引き上げろ!」
0x1e000	281	「ググ……………」
0x1e000	282	「こ、今回はこの辺に| しといてやるぜ! あばよ!」
0x1e000	283	「大変だ、すぐ〝消火"を行わないと…」
0x1e000	284	「よし、火が消えた。| コレで安心だ!」
0x1e000	285	「なんとか消火が間に合った| 様じゃな…その調子じゃ!」
0x1e000	286	「ふう、あぶない所じゃったな」
0x1e000	287	「やれやれ、奴ら一体何件の家に| 火をつければ気が済むんじゃ…」
0x1e000	288	「ふふふ…この家を撚やしてやる!| さあて、どこから火をつけて| やるかな…?」
0x1e000	289	「ふふふ…撚えろ撚えろ!」
0x1e000	290	「炎よ…撚えあがれ!」
0x1e000	291	「そ~れ、点火だ!| さあ、急いで消さないと| 撚え尽きちまうぜ!」
0x1e000	292	「良い調子だ…もっと撚えろ!」
0x1e000	293	「もう火の勢いは充分だ、| さあて、そろそろ次の家に| 火を付けてやるか」
0x1e000	294	「ち、邪魔しやがって!| ここはもういい、| 別の場所に移動だ!」
0x1e000	295	「う、動けねえ!| ハメやがったな!」
0x1e000	296	「火をつけてまわるのは| そろそろいいだろう。今度は| お前達の相手をしてやる!」
0x1e000	297	「へっへっへ、放火ってのは| なかなか楽しそうじゃねえか。| どれ、俺様も…」
0x1e000	298	「なかなかいい家じゃねえか。| 火をつけるのがもったいない| くらいだぜ!」
0x1e000	299	「こっちの家にも| 火をつけてやる!」
0x1e000	300	「ひゃっひゃっひゃ!| 撚えろ撚えろ!」
0x1e000	301	「増援!?| たくろう火の仲間が| まだかくれていたのか!?」
0x1e000	302	「鬼太郎、おそらく奴らは| まだ仲間を呼ぶ気じゃ、| 油断するな!」
0x1e000	303	「そうそう、鬼太郎。| 良い報せがある。@ 実は…〝砂太鼓の韲"を| 準傭してきたんじゃ」
0x1e000	304	「え! それは…オババの| とっておきの技じゃ| ないですか!」
0x1e000	305	「うむ。本当は消火の助けに| なれば…と思ったんじゃが、| 持ってきて正解じゃったわい。@ 〝砂太鼓の韲"は| 一度に複数の敵へ攻撃ができる| 〝広範囲"の技じゃ。@ 妖気が高まらないと使えんし、| 何癸も打てるわけではないが…@ 上手く相手を射程内に| 捕らえられれば、邪魔する連中を| 一気に片づけられるぞ。@ 味方は巻き込まんから…| 使い勝手は良いはずじゃ。@ お前が良いと思った時に| 使ってくれ」
0x1e000	306	「わかったよ、オババ!」 
0x1e000	1024	開癸中
0x23000	0	「父さん、今戻りました」
0x23000	1	「うむ、で、どうじゃった?」
0x23000	2	「父さんがにらんだ通りでしたよ。@ 傘化けの住処を開癸したのも| 病院に増築を舞めていたのも| 両方とも同じ会社…@ 〝暁光寺(ぎょうこうじ)| 建設コーポレーシ∃ン"でした」
0x23000	3	「ふ~~む。| やっぱりじゃったか…」
0x23000	4	「あと、この会社の開癸で| 住処を奪われた妖怪が他にも| いる事がわかりました。@ しかもどの場所も、開癸を| 途中で放置されています。@ まるで…開癸が目的ではなくて、| 妖怪達の住処を壊すのが| 目的みたいに…」
0x23000	5	「むむ…そうか…」
0x23000	6	「父さんはどうでした?| この会社と直接連絡は| とれましたか?」
0x23000	7	「それが…ぬりかべの調べてくれた| 住所も電話番号も、茉空の| ものじゃった。@ 連絡どころか、| 本当にあるのかどうかも| 疑わしいくらいじゃわい!」
0x23000	8	「一体…これはどういうこと| なんでしょう?」
0x23000	9	「わからん。念の為に調べるだけの| つもりじゃったが…@ この会社がここまで謎となると、| 何かあるとしか考えられん。@ とはいえ…これ以上は| 調べようがないしのう…」
0x23000	10	「ネットで検索をかけて| みましょうか?」
0x23000	11	「鬼太郎、お前、またそんな| ネットなんぞに…」
0x23000	12	「そう毛嫌いしなくてもいいじゃ| ないですか、父さん。使いように| よっては便利なんですよ。@ ええと…暁<87>光<87>寺、と…| ………………あれ?| ヒット件数……ゼロ?」
0x23000	13	「なんじゃ? わからんのか?」
0x23000	14	「え、ええ…」
0x23000	15	「それ見たことか。| 役に立たんではないか」
0x23000	16	「おかしいな…いくらなんでも| 一件もひっかからないなんて…」
0x23000	17	「大変じゃ鬼太郎!」
0x23000	18	「あ、オババ。| どうしたんですか?」
0x23000	19	「今そこを通りかかったら、| 外から鬼太郎の家の様子を| 伺っている人影が見えての、@ 怪しい奴と思って| ひっ捕まえてきたんじゃ!」
0x23000	20	「なんだって!?| 竹切り狸の手先かもしれない!| そいつはどこにいるんですか?」
0x23000	21	「今、外におるよ、| さあ、入ってくるのじゃ!」
0x23000	22	「あ、あの…」
0x23000	23	「お前か…!| 僕の家を見張って| 一体何を企んでいるん…」
0x23000	24	「あ! あの…ご、| ごめんなさい!」
0x23000	25	「たくら…企ん…で……って、| あれれ?」
0x23000	26	「あ~っはっはっは!」
0x23000	27	「人が悪いですよ、オババ。@ 妖怪退治の依頼人なら、| 素直にそうと言ってくれれば| いいじゃないですか」
0x23000	28	「はっはっは!| すまんすまん!」
0x23000	29	「やれやれ…」
0x23000	30	「………」@(おめめが…歩いて…喋ってる。| 本物…だ。本物の| 〝メダマノオヤジ"さんだ!)
0x23000	31	「で、君、名前は?」
0x23000	32	「え? あ! はいぃ!| ぎょ、ぎょ…暁光寺、| 連香といいます」
0x23000	33	「ギ∃ウコウジ<87>ルカちゃんか、| なかなかいい名じゃのう…| んん? 暁光…寺?」
0x23000	34	「それで? 僕のところに| 来たって事は妖怪関係の依頼| だよね? 何かあったの…?」
0x23000	35	「…はい。実は…父を…| 父を助けてほしいんです」
0x23000	36	「お父さんが| どうなされたんじゃ?」
0x23000	37	「は、はい! どうやら…悪い| モノノケに、と、取りつかれて| いるみたいなんです!」
0x23000	38	「どういう事なんだい?| 慌てなくていいよ、| 詳しく話してごらん」
0x23000	39	「は、はい…」
0x23000	40	「……………………………」@(いつかはここに来ると| 思ってたけど…| 思ったより早かったね。@ ちょくちょく様子を| 見にきていてよかったぜ)
0x23000	41	「よ~し、アイツに| 知らせてやるか」
0x23000	42	「ふう、やっと着いた。| ここがルカちゃんのお父さんの| 会社だね?」
0x23000	43	「は、はい! そそ、そうです!」
0x23000	44	(まだ緊張してるのか?| 変わった子だな…)
0x23000	45	「とりあえず呼ばれたんでついて| 来たが…鬼太郎、ワシらにも| 状況を説明してくれんかの?」
0x23000	46	「そうたい! 可愛い女の子が| 急いどるけん黙っとったとよ。@ ばってん…そろそろ| 説明してくれても| よか頃たい!」
0x23000	47	「わ、わかりました。お話します。| 実は…ある日を境に、@ 父や、父の会社の社員の| みなさんがおかしく| なってしまったんです」
0x23000	48	「おかしく~?」
0x23000	49	「ええ、目つきが悪くなって…| 滅多に家にも帰らなく| なったんです。@ 私は、母を早くに亡くして、| 父と二人慕らしなんですが、| いつもはやさしい父が…@ まるで人が変わったみたいで…| こんな状態がもう| 三ケ月も続いているんです」
0x23000	50	「それで? 鬼太郎に依頼に| きたという事は、妖怪絡みと| 考えたんじゃろ?@ その理由は何じゃ?」
0x23000	51	「みんながおかしくなったのは| ある絵を会社に飾った頃から| なんです」
0x23000	52	「ある絵?」
0x23000	53	「はい…怪しい商人から買った| 〝美人画"の掛け軸| なんですが…@ その商人もそれ以来、父の| 会社にちょくちょく出入り| していて…@ 何か父達に良からぬ事を| させているみたいなんです」
0x23000	54	「成る程…それは| 確かに怪しか~!」
0x23000	55	「会社の名前を| よく見てみるんじゃ!」
0x23000	56	「〝暁光寺~建設~| コーポレ~シ∃ン"?@ ど~こかで~聞いた| 名~前~!」
0x23000	57	「これは…例の鬼太郎達が| 捜しておった会社ではないか!?| 本当にあったんじゃな!」
0x23000	58	「成る程、彼女のいう| 怪しい商人とやらが| 竹切り狸の手の者じゃったら、@ 理由はわからんまでも、| 全ては繋がるわけじゃな」
0x23000	59	「ここを奴らが本樵地にしとる| 可能性があるからの。@ それで皆の衆にご足勞| 願ったというわけじゃよ」
0x23000	60	「ああっ! みみ、みなさん!| かかかっ隠れてくださいぃ!」
0x23000	61	「うわあ! ど、どうしたの!?」
0x23000	62	「例の商人が…| 会社の中からでてきます!」
0x23000	63	「そりゃいかん、| みんな、いそげ!」
0x23000	64	「アレが…その人です!」
0x23000	65	「あれは…そんな!」
0x23000	66	「…………」
0x23000	67	「ルカちゃん、い…今の男が、| 例の商人!?」
0x23000	68	「はいっ!」
0x23000	69	「あれは…誰がどう見ても…」
0x23000	70	「ねずみ男!」
0x23000	71	「一体、あ奴、何を企んで| おるんじゃ?」
0x23000	72	(今の掛け軸はもしかしたら…!)@「一反木綿!| ねずみ男の奴を尾行するんじゃ」
0x23000	73	「ええ?| わ、わかったでごわす!」
0x23000	74	「どうしたんですか、父さん?」
0x23000	75	「いいから! ルカちゃん、| お父さんのいるところへ| 急いで案内してくれんか!」
0x23000	76	「え? あ、はいっ! | ここ…こっちです!」
0x23000	77	「おかしいの…| 誰もおらんようじゃが…?」
0x23000	78	「そんな? 父さん…?| 父さ~ん!」
0x23000	79	「電気…つけるわよ」
0x23000	80	「! こ、これは!」
0x23000	81	「遅かったようじゃな…」
0x23000	82	「とととっ父さんっ!| し、しっかりして!@ みなさんも、| 目を覚ましてくださいっ!」
0x23000	83	「ルカちゃん、気持ちはわかるが、| あまり動かさん方がいい。| ここは任せて…@ 例の〝美人画"とやらが| まだ飾ってあるのかどうか| 確認をしてくれんかのう」
0x23000	84	「…わ、わかりました」
0x23000	85	「父さん、彼らはどうなって| いるんですか?」
0x23000	86	「生気をほとんど吸い取られて| 弱っとるんじゃ。| まだ息はある。@ じゃが…このままでは確実に、| 傘を落としてしまう事に| なるじゃろうて」
0x23000	87	「絵が、絵が…| 無くなっています!」
0x23000	88	「と、いう事は…さっき、| ねずみ男の奴が持っとった| のがそれだったんじゃな」
0x23000	89	「うむ、これでわかったぞ、| これは妖怪| 〝黒坊主"の仕業じゃ!」
0x23000	90	「妖怪…黒坊主?」
0x23000	91	「うむ、普段は絵の中にいる| 妖怪でな、不思議な力で| その絵を見る者を魅了し、@ 生気を吸いとって| しまうんじゃ!」
0x23000	92	「じゃあ…この人らはその| 黒坊主とかいう奴に生気を| 奪われてしまったのか?」
0x23000	93	「うむ。一反木綿が帰ってきたら| ねずみ男が向かった場所を| 聞いて…」
0x23000	94	「おう、ワシじゃ、一反木綿か?| 今どこにおるんじゃ?」
0x23000	95	「とほほ、砂かけ…お主まで| 携帯電話を使うように| なっとったとはのう…」
0x23000	96	「結局、首謀者と思しき| むじなは逃がして| しまいましたね」
0x23000	97	「うむ…あのむじなとかいう奴、| 狐達まで従えおって…| 一体何者なんじゃ?」
0x23000	98	「狐達の頭目は…たしか| 〝天狐"とかいう方でしたよね。@ 天狐はこの事実を| 知っておられるんでしょうか?」
0x23000	99	「わからん、元より地上に住む| 我々とは過度に接触をせん| 連中じゃからな」
0x23000	100	「鬼太郎…」
0x23000	101	「あ! かわうそ!」
0x23000	102	「すまねえ、| オイラ、こんな大変な事に| なってるって知らなくって…」
0x23000	103	「わかってくれたなら| いいわよ」
0x23000	104	「うむ、お前さんは何も知らず、| 奴らの言うとおりに働いて| おっただけじゃからな」
0x23000	105	「ありがとう、みんな。| でもオイラも不用意だったよ。@ 人間が痛い目に会うのは| 構わないけど、殺すなんて| やりすぎだ。@ オイラ、アイツがそんな| ワルだと知ってりゃ| 言う事なんて聞かなかったよ」
0x23000	106	「かわうそ、アイツは…| むじなって奴は何者だ?」
0x23000	107	「詳しい事は知らないよ…| オイラは食う物を貰う替わりに| 子分になってただけだから…」
0x23000	108	「そうか…」
0x23000	109	「鬼太郎…ゴメンな。| オイラ…友達に| 酷い事しちゃったよな」
0x23000	110	「奴に雇われていたんだ…| しょうがないよ。@ それに、僕達だって君に| 同じだけの事をしたんだ。| おあいこさ」
0x23000	111	「お詫びに…オイラも今から| 鬼太郎達に協力するよ、| それで…許してくれるかい?」
0x23000	112	「だから…謝る必要ないって!@ でも、君が仲間になって| くれるのは大歓迎さ!」
0x23000	113	 |<かわうそが仲間になった!>
0x23000	114	「鬼太郎、これ…」
0x23000	115	「これは…?」
0x23000	116	「むじながいろんな所から| 集めてきた人間の生気の一部さ。| オイラが管理してたんだけど…@ 奪われた人間達に| 返してやろうと思うんだ」
0x23000	117	「そうか、わかった。| そうしてくれ」
0x23000	118	「き、鬼太郎さんっ!」
0x23000	119	「あ! ルカちゃん!」
0x23000	120	「はあ、はあ…父さん達の…| 父さん達の心臓の音が| どんどん弱くなってきてて…@ 今にも止まっちゃいそう| なんですっっ! | い…急がないと…!」
0x23000	121	「なんだって!?| よし、すぐに向かうよ!| 一反木綿!」
0x23000	122	「ほいきた!」
0x23000	123	「とばすよ、| しっかり掴まって!」
0x23000	124	「は、はいぃ!」
0x23000	125	「あ、アタイも乗る~!」
0x23000	126	(おお! アレが麓しの| ルカちゃんか~!
0x23000	127	 く~! まだあどけない| 感じだが、将来有望って| とこじゃねえかオイ!)@「へへ…じゃ俺も」
0x23000	128	「何やってんのよ!| アンタは乗らなくていいの!」
0x23000	129	「おいこら!| 邪魔すんじゃねえよ!| あっぶねえだろが!」
0x23000	130	「あいつらはほっといて| 一足先に向かうとしよう」
0x23000	131	「人の傘がかかってますからね…」
0x23000	132	「出癸でごわす!」
0x23000	133	「ああ~~待って~!!」
0x23000	134	「待ってくれよ~い!| 鬼太郎ちゃんってば~!」
0x23000	135	「貴方が本物の鬼太郎さん?| …おうわさは餅からかねがね…@ 餅は貴方の大ファンでしてね…| 後でサインでも……ううっ!」
0x23000	136	「まだあまり喋らない方が| いいですよ」
0x23000	137	「操られておった上に、生気まで| 救かれたんじゃ。| 無理はせんほうがいい」
0x23000	138	「お父さん!| 私よ…わかるのね!?」
0x23000	139	「何度も言っているじゃないか| ルカ。@ なんだかお前に久しぶりに| 会えたような気がするよ…」
0x23000	140	「父さん…本当の父さんの瞳だ…| 昨日までのよどんだ目じゃない。| 良かった…本当に良かった…」
0x23000	141	「残りのみんなももう大丈夫です。| 奪われた生気は全部もとの| 身体に戻しました」
0x23000	142	「有り難うございます。| 貴方は社員全員の傘の恩人です」
0x23000	143	「お礼なら餅さんに言って下さい。@ 小さいのに、みんなを助けようと| 一人でゲゲゲの森まで| やってきたんですから」
0x23000	144	「そうか、すまなかったな、ルカ。| 父さんが変な商人に引っかかった| ばっかりに…」
0x23000	145	「そうだ、父さん! 鬼太郎さんに| あの商人の事を話してあげて。@ 鬼太郎さん達| 今、困っているみたいなの」
0x23000	146	「いや、| 今はお父さんの体調が…」
0x23000	147	「いいえ、私にも何か| お役に立てる事があるなら| 手伝わせてください。@ 操られていたとはいえ、| 私どもが何か悪事に荷担して| いたなら、脊任をとらねば!」
0x23000	148	「そこまでおっしゃるのなら…」
0x23000	149	(よし、これで何か| 手掛かりが掴めればいいけど…@ それにしても…〝竹切り狸"に、| 〝むじな"…奴らは一体| 何を企んでいるんだ?@ そして…二人は| 仲間なんだろうか?| それとも…?)
0x23000	150	「そこまででごわす!」
0x23000	151	「ち、つけられたか…」
0x23000	152	「ねずみ男!| お前、何を考えているんだ!| 奪った生気を返せ!」
0x23000	153	「ふふふ…鬼太郎、| コレを見ろ!」
0x23000	154	「それは…さっき| お前が持っていた掛け軸!」
0x23000	155	「いかん、鬼太郎!| その絵を見てはダメじゃ!」
0x23000	156	「え?」
0x23000	157	「…もう遅い!」
0x23000	158	(うわあ…なんて艢麓な| 女の人の絵なんだろう…)@「父さん…これは…| 素晴らしい絵ですね…」
0x23000	159	「とほほ…鬼太郎!| しっかりするんじゃ!」
0x23000	160	「ふふふ…そうれ、| お前の生気も吸い取ってやる!」
0x23000	161	「ちょっと、| 鬼太郎に何するのよ!」
0x23000	162	「何?」
0x23000	163	「えい!」
0x23000	164	「うわ!」
0x23000	165	「あ痛たたた…| あ、ありがとう猫餅。| お蔭で目が覚めたよ」
0x23000	166	「まったく、だらしないわね…| アタイがちょっと遅れたら| すぐこうなんだから!」
0x23000	167	「ち、よくもじゃまして| くれたな!」
0x23000	168	「あ、こら待たんか!」
0x23000	169	「………出て来い、狐ども」
0x23000	170	「お呼びですか?」
0x23000	171	「邪魔者が現れた…やれ」
0x23000	172	「これは…!?| 懸狐(やこ)達じゃないか!?| どうしてねずみ男の味方を?」
0x23000	173	「こやつらは普段地下に住んでいて| めったな事では地上に| やってこない筈なんじゃが…」
0x23000	174	「ケ~ン! 鬼太郎か!?@ お前に恨みはないが、彼の者に| 従うのが今の我等が使傘…| 貴様を…倒させてもらうぞ!」
0x23000	175	「鬼太郎…流石に行動が早いね」
0x23000	176	「ああ、危ない所だった。| 暁光寺の餅が依頼に行った事を| すぐ報せてもらわなければ@ 黒坊主の回収にしくじって| いたかもしれん」
0x23000	177	「お前は…何者だ!?」
0x23000	178	「この姿じゃ…わからないかい?| それじゃあ…」
0x23000	179	「君は…かわうそ!?」
0x23000	180	「ああ…そうさ、| 久しぶりだね鬼太郎…」
0x23000	181	「キミが…どうして…?」
0x23000	182	「お前は鬼太郎の友達だった筈!| なぜこんな事をするんじゃ!」
0x23000	183	「…妖怪にだって不況は来る。| こうでもしないと…おマンマの| 食い上げなのさ。@ 悪いけど、この人の邪魔をするなら| オイラが相手になるよ!」
0x23000	184	「くっ、一体どうなって| いるんだ?」
0x23000	185	「とにかく、ルカちゃんの| お父さん達が心配じゃ。@ 急いでねずみ男の奴から| 掛け軸を取り返すんじゃぞ。| 奪われた生気はその中じゃ!」
0x23000	186	「いかん、ここいらの橋は| 脆くなっとるぞ!| 気をつけるんじゃ!」
0x23000	187	(木の細い橋の部分は| 三人以上乗ると壊れるみたいだ…| 一度に乗れるのは二人までだな)
0x23000	188	「ひぃっ! み、水~~!!」
0x23000	189	「むう、あ奴は水が苦手の| ようじゃな。ぬりかべ!| もっとやってやれ!」
0x23000	190	「ぬ~り~か~べ~!!」
0x23000	191	「ひぃっ! や、やめてくれ~!」
0x23000	192	「むじな様、輸送係、参じました」
0x23000	193	「ああ、お前達か。| 集めていた人間の生気を運びだせ。@ 暁光寺の社員共の生気は| 掛け軸ごと俺が直々に概送する」
0x23000	194	「御意」
0x23000	195	「いかん! あれはこれまでに| 奴が集めた人間の生気じゃ!」
0x23000	196	「くそ! 僕がモタモタしていた| ばっかりに! 待て!」
0x23000	197	「さらばだ…」
0x23000	198	「く…なんてことだ…」
0x23000	199	「う…やられた…」
0x23000	200	「かわうそ! もうやめるんだ!| キミだって本当は、| こんな事したくないんだろ!?」
0x23000	201	「け、けど…」
0x23000	202	「僕たちは友達だ。友達は…| 助けあうものだろう?@ キミが困っているなら| 僕が力になる。だから…」
0x23000	203	「鬼太郎…オイラを| 許してくれるのか?」
0x23000	204	「もちろんじゃないか!」
0x23000	205	「あ…ありがとう鬼太郎。| 俺、もう乱暴しない。| 下がっとくよ…」
0x23000	206	「ああ、そうしておいてくれ!」
0x23000	207	「貴方は…もしや、兄さん!」
0x23000	208	「へ?」
0x23000	209	「その目、その口、この臭い…
0x23000	210	 間違いない、生き別れになった| 双子のペケペケ兄さんじゃ| ないですか!」
0x23000	211	「そ、そういわれると| そんな記憶もあるような…| ないような…」
0x23000	212	「すきあり!」
0x23000	213	「こ、このやろう、| 驪しやがったな!」
0x23000	214	「くっくっく! この飃呆が!」
0x23000	215	「俺様の驪されやすい| 〝ピュア~なハート"を| 弄びやがって!@ もうガマンならねえ!| ギッタンギッタンにしてやる!」
0x23000	216	「やられちまったよ…| 一旦下がっておくか…」
0x23000	217	(ち、役立たずめ…)
0x23000	218	「しゃぎゃああああ~~!」
0x23000	219	「やった! 父さん、| これでコイツに奪われた生気は| みんなの元に戻るんですよね?」
0x23000	220	「いいや、どうやら集めた| 人間の生気はどこかに移されとる| ようじゃ。@ さっきも言ったぞ、| ちゃんと聞いておかんか!」
0x23000	221	「そ…そうでしたっけ?」
0x23000	222	「うぐぐ…なかなか…やるな」
0x23000	223	「観念しろ、むじな!」
0x23000	224	「ふん、| 俺様の邪魔をしやがって…| この次はこうはいかんからな!」
0x23000	225	「逃げられたか!」
0x23000	226	「じゃが、生気の入った掛け軸は| 無事取り返せたようじゃぞ」
0x23000	227	「よかった…」
0x23000	228	「むじな! お前が黒菷なのか?| 竹切り狸はお前の仲間か!?| アイツはどこにいるんだ!」
0x23000	229	「悪いが…何も言えんな。| 第一ここで俺が真相を| べらべらとしゃべったんじゃ…@ 口封じの為に殺される| 暁光寺建設の連中の傘が| 無駄になるだろう?」
0x23000	230	「まだ彼等は死んでない!| いいや、絶対に死なせは| しないぞ!」
0x23000	231	「口封じに…殺すだって?| むじなさん! そんな話| 聞いてないですよ!@ オイラ、そんな恐ろしい事の為に| あんたの手下に| なったわけじゃ…」
0x23000	232	「ふん! 今更だな!| もう遅い…お前も同罪さ」
0x23000	233	「そんな……くそ!」
0x23000	234	「鬼太郎。| むじなの奴がせおっている| 背負子(しょいこ)じゃが…@ ワシの記憶が確かなら| あれはおりたたみ入道の| 入れ物じゃぞ」
0x23000	235	「おりたたみ入道ですって!?| あ、あれは並の術者に扱える| 妖怪じゃありませんよ…@ こいつは…何者なんでしょう?」
0x23000	236	「わからんが…| とにかく気をつけるんじゃ!」
0x23000	237	「かわうそ! 僕と君は| 友達だったじゃないか!| こんな事はやめるんだ!」
0x23000	238	「最近…森や池が減ったお蔭で| オイラの食うモノが| 充分にみつからないんだ…@ こっちは食うや食わずの| 毎日だってのに…| 友達もクソもあるかよ!」
0x23000	239	「だからってあんな奴の悪事に| 手を貸すのか?| 僕に任せてくれれば…」
0x23000	240	「うるさい! 奴はオイラに| オナカいっぱいメシを食わせて| くれるんだ!」
0x23000	241	(ダメだ…僕の言う事は聞いて| くれそうにない。誰か他に| 彼を説得できないかな…)
0x23000	242	「ちょっとアンタ!| どうしてこんな事するのよ!| 鬼太郎の友達だったんでしょ?」
0x23000	243	「ち、うるさい女だな…| お前は関係ないだろ!」
0x23000	244	「な…なんですって~!」
0x23000	245	「あいたたた~何すんだよ!」
0x23000	246	「あんたなんか、もう知らない!」
0x23000	247	「………」
0x23000	248	「今度はなんだよ…」
0x23000	249	「アタイにはわかるんだ…| 鬼太郎…あんたの事、| 心配してるよ」
0x23000	250	「ふ…ふん! それがどうした!| 〝心配"なんて、オイラには| 腹の足しにもならないぜ!」
0x23000	251	「本当に…そう思ってる?」
0x23000	252	「う…そ、それは…もちろんだ!」
0x23000	253	「アタイがこんな事言うのはね、| アンタの目が悪いやつの目に| 見えないからよ。@ 今のアンタの言葉が、| 本当にアンタの本心か…| 自分でよく考えてみればいいわ」
0x23000	254	(く…俺だって…本当は…)@「畜生!| もうやってられね~ぜ!」
0x23000	255	「あら…逃げちゃった。| わかってくれたかしら…」
0x23000	256	「だれかいるか!」
0x23000	257	「はは、ここに…」
0x23000	258	「鬼太郎に感づかれた。| 撤収を開始する。残りの| 懸狐共にそう連絡をしろ!@ それから、今まで集めた生気を| 運び出す為の人員を回せ」
0x23000	259	「御意。10分程お待ちを」
0x23000	260	(10分か…それまで| 持ちこたえないとな…)
0x23000	261	「もう逃げられないぞ、| 観念するんだ、ねずみ男!」
0x23000	262	「俺様をまだ本当に| ねずみ男だと思っているのか?| こいつはお笑いだな!」
0x23000	263	「何!?」
0x23000	264	「ありゃりゃ?| 道…間違えたかな?| 変な場所に出ちまったい!」
0x23000	265	「! あ…あれは!?」
0x23000	266	「げ! 鬼太郎じゃねえか!」@(よりによって一番会いたくねえ| 奴に会っちまった!)
0x23000	267	「なんじゃと?| ねずみ男がもう一人?」
0x23000	268	「ふ、本物が現れたか…」
0x23000	269	「じゃあ…こいつは…?」
0x23000	270	「冥土の土産に教えといてやる。| 俺様の名前は〝むじな"…| 鬼太郎…今度こそ覚梧しろ!
0x23000	271	 来い、黒坊主!」
0x23000	272	「きしゃあああああ~~!!」
0x23000	273	「あいつが黒坊主本体か!?」
0x23000	274	「鬼太郎、奪われた生気は| 依然、むじなが持っておる| 掛け軸の中じゃ。@ アレを持ち去られる前に| むじなを倒すんじゃ!」
0x23000	275	「オ…オホン! なんだか| お取り込み中みたいだな、| 鬼太郎。@ 邪魔しちゃ悪いから| 俺は帰らせて| もらうぜ」
0x23000	276	「まてよ、ねずみ男!| お前も手伝え!」
0x23000	277	「鬼太郎ちゃん、| ボクの大好きな言葉はね@ 〝君子、危うきに近寄らず"| っていうの。| 意味、教えてあげようか?」
0x23000	278	「こいつ…」
0x23000	279	「へ! この忙しいのに、| 誰がタダで働くかってんだよ!」
0x23000	280	「鬼太郎さん!」
0x23000	281	「ああ、ルカちゃん!」
0x23000	282	(なな! 鬼太郎の奴に、| 女の子から電話が!?)
0x23000	283	「と、父さん達の具合がどんどん| 悪くなっていってるの!@ お願いします! 父さんを…| 父さんを早く助けて!」
0x23000	284	「わかった、任せてくれ、| 君はそこでじっとしてるんだ、| いいね!」
0x23000	285	「は、はいっ!」
0x23000	286	「きき…鬼太郎、い、今の| 〝ルカちゃん"ってのは誰なんだ!| 紹介しろよ!」
0x23000	287	「今回の依頼人さ。あのむじなって| 奴に操られて、生気を奪われた| ある会社の社長の餅だよ。@ 今、その生気を奪い返そうと| している真っ最中だ」
0x23000	288	(うひょ~!| 社長令嬢様かよ! こいつは| お近づきにならねえとな!@ アイツとの約束もあるが…| まあ、ちょっとくらい| いいだろ!)@「鬼太郎、俺様も…| 手をかしてやるぜ」
0x23000	289	「え? 〝なんとかは| 危うきに近寄らず〝| なんじゃなかったのか?」
0x23000	290	「鬼太郎君は学がないね…| こういう言葉もあるだろう?@ 〝義を見てせざるは勇なきなり"| ってな!@ ル~カちゅわ~ん!| このねずみ男が、お父さんの傘を| バッチリ助けますからね~~!」
0x23000	291	「やれやれ…| 先が思いやられるわい」
0x23000	292	「く…こう足場がせまくちゃ| なかなか進めないな…| 急いでるのに!」
0x23000	293	「鬼太郎どん! こういう時こそ| おいどんの〝広範囲"の技、| 〝もめん切り"の出番でごわす!」
0x23000	294	「え? 一反木綿…| そんな技使えたっけ?| この前の時は見なかったけど…」
0x23000	295	「前は寝起きで炎に囲まれて| 調子がでてなかったとよ…| 今回から使えるでごわす!@ 〝もめん切り"は一直線上に| 並んだ敵を一度に攻撃する| 技でごわす!@ こういう敵が一列に並びやすい| 場所ならまさにうってつけとよ!」
0x23000	296	「鬼太郎、ワシもここのところの| 戦いで大分カンが戻ってきたぞい。| ワシの〝石化落下"も使うてくれ。@ ワシの〝広範囲"の技…| 〝石化落下"は自分の四方に| おる敵に攻撃を与えるぞ。@ オババや一反木綿の| 〝広範囲"技も同じじゃが| 味方を巻き込む事はない。@ 例によって妖気が上がらんと| 使えんが…よろしく頼んだぞ」
0x23000	297	「わかった。上手くいくように| 考えて指示するから…| その時はたのむ」
0x23000	298	「鬼太郎。いずれはお店でも| 〝広範囲"に効果のある| 武器が買えるようになるみたい。@ そっちは装傭さえすれば| アタイ達でも〝広範囲"の| 技を使えるようになるけど…@ 味方も巻き込んじゃう| らしいから、もし使う時は| 注意してね」
0x23000	299	「成る程…気をつけるよ」
0x23000	1024	開癸中
0x28000	0	「結局…ルカちゃんの| お父さんからは大した事は| 聞けませんでしたね、父さん」
0x28000	1	「うむ…あのお人も| すっかり操られておったんじゃ。| まあ、しょうがないのう」
0x28000	2	「むじなの奴が暁光寺建設の| 社員を使い、妖怪の住処を| 無理矢理開癸させ…@ 妖怪達に人間への敵意を| 持たせようとしていたのは| 確かなんだけど…」
0x28000	3	「むじなと竹切り狸との関係も| はっきりせんしな。奴らは| 仲間か、そうじゃないのか…」
0x28000	4	「しかし…二人とも奪った生気を| どこかに運んでおったり、| 行動が似てるでごわす!」
0x28000	5	「うむ、少なくとも、竹切り狸と| むじなが無関係という事は| ないじゃろうな」
0x28000	6	「それに…これだけの大事件なのに| TVやネットでニュースに| なってないのは変ですね。@ 暁光寺建設の住所だって、| どこかに記録が残っていても| おかしくないのに…」
0x28000	7	「ふうむ…わからん事| ばっかりじゃな…」
0x28000	8	「捜査はフリだしですね」
0x28000	9	「竹切り狸に、むじなか…| 今頃ドコでどうして| おるやら」
0x28000	10	「へへへ…けどルカちゃんは| か~わいかったな~!」
0x28000	11	「ねずみ男…そういえばお前、| 何か用事があったんじゃ| ないのか?」
0x28000	12	「え? あ、いや、| た…大したことじゃね~よ!」@(いけねえ…すっかり| 忘れてたぜ!)
0x28000	13	「おっと、へへ…悪ぃ、電話だ」@(ち…噂をすればなんとやらだぜ)@「丁度いいから、| 俺様はこれで失礼するぜ。| それじゃ皆の衆、あばよ~!」
0x28000	14	「…なんか…怪しいわね…」
0x28000	15	「ん? あいつ…何か| 落としていったぞ?」
0x28000	16	「チラシ…ですね。なになに…| 〝金もちの人は読まないで!"| …なんだこりゃ?@ 〝今ならタダで億万長者に| なれる方法教えます"@ 〝顧客と収入を10倍にする| 丸秘テクニック無料講習会!"| だって!?」
0x28000	17	「まだあるわ〝本当は| 教えたくない? 驚異の| スーパー記憶術講座!"@ 〝これさえあれば誰でも夢の| 最高学府合格間違いなし!| まずは無料説明会に参加を!"@ ですって! なにこれ!?| バッカみたい!」
0x28000	18	「ねずみ男の奴…| 一体何をやっとるんじゃ!」
0x28000	19	「なんだか…講習会とやらで| 大勢人を集めようと| しとるようじゃな。@ どのチラシも集合場所は| ここの近所の森のようじゃぞ」
0x28000	20	「鬼太郎…なんかアタイ、| ものすご~くいやな| 予感がするんだけど…@ ねずみ男のこと…ちょっと調べた| 方がいいんじゃない?」
0x28000	21	「まあ、あ奴の事じゃ、| どうせ良からぬ| 金儲けの類と思うが…@ いつものことじゃて、| 気にせんでも| いいと思うがのう」
0x28000	22	「そりゃあ、そうだけど…| なんだかアタイ…ひっかかるな。| 〝女の勘"ってやつ?」
0x28000	23	「どうしようかな?」|<g400><ねずみ男の行動をしらべる>|<g400><気にしない>
0x28000	24	「猫餅がそこまで言うなら…| ちょっとだけ調べてみるか」
0x28000	25	「やった! さっすが鬼太郎!| アタイの勘…| 信じてくれるのね!?」
0x28000	26	「そういうことなら、ワシらも| 手伝うか。あ奴を放っておくと| 何をしでかすかわからんからな」
0x28000	27	「気にしすぎじゃとは思うが…@ まあ一応、この講習会だか| 説明会だかの様子を| 見に行ってみるか」
0x28000	28	「けど…こんないかがわしい| チラシで参加希望者なんて| 集まるのかなぁ…」
0x28000	29	「う~~ん、正直、僕は調査する| 必要があるとは思えないな」
0x28000	30	「でも…!」
0x28000	31	「確かに胡散臭いけど…こんな| チラシで客が集まるとも思え| ないし、放っといても平気さ」
0x28000	32	「そ…そうかもね、| 確かにこのチラシじゃ、ね」
0x28000	33	「鬼太郎ど~ん!」
0x28000	34	「おや、一反木綿!| どうしたんだい?」
0x28000	35	「ルカちゃんのお父さんが| 手がかりになる物をみつけて| くれたでごわす!」
0x28000	36	「なんじゃと!?| それは本当か?」
0x28000	37	「預って来たとよ!| これたい!」
0x28000	38	「何かのメモだな…| 色々書いてあるけど| 意味がわからないや」
0x28000	39	「何々…〝コレモ"| 〝HEY<87>YOU"| 〝T-ボーン"…?」
0x28000	40	「…何じゃそりゃ?| 全く意味がわからん」
0x28000	41	「若手のお笑い芸人の名前か| なんかかのう?」
0x28000	42	「そうか! むじなは| 若い芸人の追っかけを…って| そんなバカな話があるか!@ しかしどれも聞いた事がある| 名前じゃ…はて、なんじゃった| かのう…ど忘れしたわい!」
0x28000	43	「これは…もしかして?」
0x28000	44	「なんじゃ…わかるのか猫餅?」
0x28000	45	「ええ…アタイの考えが、| 正しければ…ねずみ男の事より、| こっちの方が大変かも…!」
0x28000	46	「なんだって!?| 詳しく話してくれ」
0x28000	47	「ええ…わかったわ」
0x28000	48	「あの…チラシを見て| 来たんですけど…」
0x28000	49	「おお! これはお忙しい中| ご足勞でやんしたね。ささ、| みなさんお待ちかねですよ」
0x28000	50	(なんだ…結構集まっている| じゃないか。@ みんな…僕みたいに記憶術で| 資格を増やして収入を上げようと| 考えている人達なのかな…?)
0x28000	51	(あんなチラシに| 意外とみんな| 食いつくものだな…@ この不況だ…ワラをも掴む| 気持ちになっているのは| 俺だけじゃないってことか…)
0x28000	52	(やれやれ…これから| 何をされるのかも知らねえで| こんなに集まりやがってよ…@ けど、正直ここまで人が| あつまるとは思わなかったな~。| それもこれも不況のおかげか?@ こりゃバブルの時より| 驪しやすいかもな…| 今後の参考にさせてもらうぜ)
0x28000	53	「そろそろ時間だと思うが…| こんな虫の多い森の中で| 会を執り行うのかね?」
0x28000	54	「いいえ、滅相もございやせん!| 当然会場は別でございます。今、| 送迎の乗り物が参りますので…」
0x28000	55	「へへ…噂をすれば、来ましたよ、| あのバスにお乗り下さい」
0x28000	56	「お…冷房が効いてて中は涼しいね」
0x28000	57	「はい、そりゃあもう!」@(そりゃあそうさ、こいつの| エンジンは、水で動いて| やがるんだからな…)@「私めはここでしばらく| 遅れて到着される方がいないか| お待ちします。@ 行き先は運転手が知って| おりますので…それでは、| また後でお目にかかります」
0x28000	58	「今度会う時は地獄だぜ。| 悪く思わないでくれよ…| 俺も必死なんだ」
0x28000	59	「地獄…? どういう事だ、| ねずみ男」
0x28000	60	「ドッキ~ン!!@ ききき…鬼太郎! お、お前| なんで! どうして!| いいいい…いつからそこに!」
0x28000	61	「わかりやすい焦り方じゃのう…」
0x28000	62	「今のバス…普通のバスじゃ| ないな? お前…一体何を| 企んでいるんだ?」
0x28000	63	「へ! てめえらには| 関係ねえよ!」
0x28000	64	「なんですって~!?」
0x28000	65	「こうして怪しい現場を| 見ちゃった以上、| 黙って帰る訳にはいかないな。@ 悪い様にはしない、| 正直に話してみろよ」
0x28000	66	「…………………………わかった、| 事情を話すぜ。みんな、| こっち来て耳をかしてくれ」
0x28000	67	「ああ、いいよ。| みんな、ねずみ男の周りに| 集まってくれ」
0x28000	68	「ほいきた」
0x28000	69	「ぬ~り~か~べ~!」
0x28000	70	「準傭OKでごわすよ」
0x28000	71	「へへ…| じゃあいかせてもらうぜ!」
0x28000	72	「こ…これは! うわあ!」
0x28000	73	「へへ、そうとも!| 俺様の〝リーサルウェポン"| オ<87>ナ<87>ラだ!」
0x28000	74	「く、くっさぁ~~いぃ!!| さ、さいて~~!!」
0x28000	75	「鬼太郎、俺の新しい| 座右の銘を教えてやるよ…@ 〝三十六計逃げるにしかず〝| ってな!| あばよ~!」
0x28000	76	「ま、待て! ねずみ男!」
0x28000	77	「うう…なんという強烈な| 刺激臭じゃ…目にしみるわい!」
0x28000	78	「大丈夫か、親父殿!?」
0x28000	79	「わ、ワシの事はいい、| 早くアイツを追うんじゃ!」
0x28000	80	「合点でごわす!」
0x28000	81	「ぬりかべ~おこった~!」
0x28000	82	「ゲホッゲホッ!| ゲゲゲの森の方に逃げたわ!」
0x28000	83	「よし、追いかけよう!」@(猫餅の勘があたったな…)
0x28000	84	「ねずみ男、お前に言いたい事は| 色々あるけど…@ その前に集めた人達を| 何処につれていったのか、| 行き先を言うんだ!」
0x28000	85	「そ…それは…」
0x28000	86	「い、いで~~~~~~~っ!!」
0x28000	87	「まだ足りないみたいね…」
0x28000	88	「ままま…待ってくれい!| 話す話す! 話すからよ~!」
0x28000	89	「ふん、始めから| そう言えばいいんだ」
0x28000	90	(ち、ここまでか…| だがよ、とことん往生際が| 悪いのがねずみ男様流よ)@「あ~~~~~!!| 鬼太郎、今そっちに| 怪しい人影がみえたぜ!」
0x28000	91	「………………」
0x28000	92	「………………」
0x28000	93	「…………いいかげんにせんか、| そんな見え透いた手に| 誰が引っかかるものか」
0x28000	94	「う、うそじゃね~って!」
0x28000	95	「しつこいわね!| 誰もいやしな…| ん?」
0x28000	96	「どうした? 猫餅」
0x28000	97	「みんなのじゃない臭いがする…| 誰かそこにいるわ…」
0x28000	98	「なんだって?| よ~し、リモコン下駄!」
0x28000	99	「うぐ!」
0x28000	100	「お前は…」
0x28000	101	「く…勘だけで当てるとは…| さすが鬼太郎だ!」
0x28000	102	「お前は…むじな!| 隠れて見ていたのか!」
0x28000	103	「ぬりかべ! 捕まえるんじゃ!」
0x28000	104	「ぬ~り~か~べ~!!」
0x28000	105	「おっと…そうはいかんよ、| さらばだ、鬼太郎!」
0x28000	106	「追うんじゃ!」
0x28000	107	(ひえ~~~! 棚ボタだぜ~!| よし、連中が気を取られてる| 今のうちに…)@「へへ! あばよ~い!」
0x28000	108	「あ~~! アンタ!| 待ちなさいよ!」
0x28000	109	「いかん、このままでは| 両方ともに| 逃げられてしまうぞ!」
0x28000	110	「どちらか一方を集中して| 追いかけた方が良さそうじゃの」
0x28000	111	「くっ…」
0x28000	112	(どうする?)|<g400><ねずみ男を追う>|<g400><むじなを追う>
0x28000	113	「どこかへ連れて行かれた| 人間達が心配です。| ねずみ男の方を追いましょう」
0x28000	114	「そうじゃな…よし、出癸じゃ!」
0x28000	115	「連れて行かれた人達も心配| だけど…危害を加えられていると| 決まったわけじゃない。@ それより今はむじなを追い| ましょう。あいつが一連の事件の| 竇を鏡っているんですから!」
0x28000	116	「うむ…それもそうじゃな。| よし、すぐに後を追うぞ!」
0x28000	117	「もしもし…私よ」
0x28000	118	「はあ…はあ、悪ぃ、| 鬼太郎の奴に| 感づかれちまったぜ!」
0x28000	119	「あらあら…それで?」
0x28000	120	「〝それで"じゃね~だろ!| 助けてくれよ!」
0x28000	121	「ねずみ男!」
0x28000	122	「げげ…言わんこっちゃねえ。| もう追いつかれちまった!」
0x28000	123	「ねずみ男、逃げたってことは| 何か良からぬ事を企んでいるって| 認めたのと同じだぞ!」
0x28000	124	「さっきの人間達は、一体何処へ| つれていかれたんじゃ!」
0x28000	125	「とほほ…これまでか」
0x28000	126	「まってたぞ! 鬼太郎!」
0x28000	127	「へ…?」
0x28000	128	「なんだ…この声は…?」
0x28000	129	「うわ! な…なんだ!」
0x28000	130	「こいつは…一体?」
0x28000	131	「どうだ…俺様の炎は。| もう逃げられないぞ!」
0x28000	132	「お前は…ぬけ首!」
0x28000	133	「そうとも、俺様は| ぬけ首だ!」
0x28000	134	(こいつは確か…| 頭から高熱を癸して| 炎をおこせる妖怪じゃ。@ いったいワシらに| 何の用じゃ…?)
0x28000	135	「ど、どうなってやがんだ…?」
0x28000	136	「狸の奴が手ぬるいんでね…| 私が手を回しておいたのさ。@ 丁度いいタイミングだった| みたいだね」
0x28000	137	「へえ…さすがだぜ…」
0x28000	138	「さあ、ねずみ男…今の内に| 帰っておいでよ」
0x28000	139	「気持ち悪い声をだすな!| けど…たすかったぜ。そっちに| 合流するから待っててくれ」
0x28000	140	「ふふふ…わかったわ。| それじゃ、またあとでね…」
0x28000	141	(とはいったものの…| この炎じゃ身動きできねえな。| しばらく様子を見るか…)
0x28000	142	「鬼太郎…ここで俺とお前、| どっちが上かはっきり| させようじゃないか!」
0x28000	143	「どうしてそんな事をしなくちゃ| いけないんだ?| 理由がないじゃないか!」
0x28000	144	「なんだと? でかい口たたい| といて…いざ実際に戦おうって| 段になったら逃げるのか?」
0x28000	145	「でかい…口? 何のことだ?」
0x28000	146	「ふざけるな!| お前からこないなら、| こっちから行くぜ!」
0x28000	147	(なんか今一つ話が噛み合って| ないな…)
0x28000	148	「なんだかえらく興曹しとるのう。| なんにせよ、このままでは森が| 全部撚えてしまうぞ!@ ここはひとまずアイツを| おとなしくさせるんじゃ。| 話はそれからじゃな」
0x28000	149	「そうですね、連れ去られた人達も| 心配ですし…急ぎましょう!」
0x28000	150	「おお? なんだありゃ?」
0x28000	151	「ぬけ首の懸郎の胴体か?| なんだか首のところから| 冷たい風がでてやがるぜ…」
0x28000	152	(コイツはクーラーに| 使えるかもな…| 高く売れそうだぜ)@「ちょうど火の勢いも| 弱まってきたみてえだし…| 今がチャンスだな。@ よっと!」
0x28000	153	「ん? ねずみ男のやつ…| ぬけ首の胴体をどうする| つもりだ?」
0x28000	154	「へへ…あばよ!」
0x28000	155	「あ~! あいつ、| ぬけ首の胴体を!」
0x28000	156	(ワシの記憶が確かなら| あの胴体は…@ いかん。| 面倒な事になりそうじゃな)
0x28000	157	「父さん、なんだかぬけ首の奴| 大きくなってきていませんか?」
0x28000	158	(やはりか…)@「…聞いた事がある。| ぬけ首の胴体はアイツの| 冷却装置になっておって…@ アイツの首が熱くなりすぎるのを| 防いでおるそうじゃ」
0x28000	159	「じゃあ…このまま首が| 離れたままだと…」
0x28000	160	「うむ。最悪…幡癸という事も| ありうるぞ!@ 鬼太郎! 早くぬけ首を| 大人しくさせて、ねずみ男を| 追うんじゃ!」
0x28000	161	「わかりました!」
0x28000	162	「な…なんだ?| ウオオオオオオ~!」
0x28000	163	「いかん!| 間に合わなかったか!?」
0x28000	164	「しまった! もう限界が…」
0x28000	165	「しまった…身体から離れすぎた…| うわああああああああああ!!」
0x28000	166	「…なんて事だ…ぬけ首が…| それに森も…」
0x28000	167	「くそう! ぬけ首のやつ…| 可哀想にのう!@ 火の勢いも強い…このままでは| 森中に飛び火してしまうぞ!| とにかく火を消すんじゃ!」
0x28000	168	「わ…わかりました!」
0x28000	169	「鬼太郎! アタイ、| ねずみ男の奴を追うわね!」
0x28000	170	「あ、ああ、頼む。| こっちの後始末は| 僕らでやるから」
0x28000	171	「じゃあ、行くね」
0x28000	172	「ぬけ首の! 応援にきて| やったぜ!」
0x28000	173	「たくろう火…| いいか、くれぐれも| 俺の邪魔だけはするなよ!」
0x28000	174	「へへ、わかってるって」
0x28000	175	「…ならいい」
0x28000	176	「たくろう火! またお前か!」
0x28000	177	「へへ、鬼太郎。今度こそ| お前を倒すぜ!」
0x28000	178	「ふん、お前では何度来ても| 同じじゃ!」
0x28000	179	「こいつらを見ても| そんな事がいえるかな?」
0x28000	180	「なんじゃ…こいつらは!」
0x28000	181	「キタロウ…コロス!」
0x28000	182	「ガイコツ…?| それもこんなに大勢…| たくろう火の仲間か?@ とにかく…邪魔をするなら| みんな倒させてもらう!」
0x28000	183	「鬼太郎。このままでは連中に| はさみ打ちにされてしまうぞ!@ 戦力を二手にわけて| 応戦するんじゃ!」
0x28000	184	「わかりました!」
0x28000	185	「あいてて、さすがにやりやがるぜ」
0x28000	186	「こうなったら…」
0x28000	187	「な…なんだ?| 首と胴体が…分かれた!」
0x28000	188	「これで身軽になった…| 行くぞ、鬼太郎!」
0x28000	189	「ひとまずなんとか| なったようじゃな…」
0x28000	190	「やっかいな奴らでしたね…」
0x28000	191	「鬼太郎! アタイ、| ねずみ男の奴を追うわね!」
0x28000	192	「あ、ああ、頼む。| こっちの後始末は| 僕らでやるから」
0x28000	193	「じゃあ、行くね」
0x28000	194	「あいたた…こいつはいけねえや。| 火の手が収まるまで| とりあえず隠れとくか」
0x28000	195	「ち、またやられちまった…| 鬼太郎…また会おうぜ!」
0x28000	196	「まて! お前達は| 竹切り狸とどういう| 関係なんだ!?」
0x28000	197	「ふふふ…鬼太郎。| 俺の理想を理解してくれる奴が| 現れたんだ!@ 俺はそいつの言うことを| 聞く事にした。| ただそれだけだ!」
0x28000	198	「なんだと…?| それは誰の事だ!?」
0x28000	199	「今にわかるさ。| あばよ、鬼太郎…」
0x28000	200	「く…」
0x28000	201	「うおおおおおお~~!| ま、負けた~~!」
0x28000	202	「ぬけ首、勝負あったぞ!| これ以上怪我をしたくなければ| 脇で大人しくしているんだ!」
0x28000	203	「畜生…」
0x28000	204	「教えてくれ、ぬけ首!| 僕達と君が戦わなきゃいけない| 理由がどこにあるんだ!?」
0x28000	205	「なにが〝妖怪界のプリンス"だ!| なにが〝向かう所敵なし"だ!@ 俺はお前を倒して、本当は| お前が大した奴じゃないって| 事を世間に教えてやる!@ 妖怪界で一番の人気者に| なるのは…この俺だ!」
0x28000	206	「…? 何を言ってるんだ?」
0x28000	207	「俺の力…思い知らせてやる!| 行くぞ!」
0x28000	208	「ねずみ男! さっきはよくも| やってくれたな!」
0x28000	209	「悪く思うなよ鬼太郎、俺にも| いろいろと事情があんのよ!」
0x28000	210	「集めた人間達をどこへ| 連れて行ったんだ!?」
0x28000	211	「へ、言えるわけねーじゃんかよ!| こっちだって必死なんだ!」
0x28000	212	(必死…?| どういう事だ…)
0x28000	213	(ふう、何とか火は| 消し止められたぞ…)@「大丈夫か、ぬけ首…| すぐ手当てをしてやるからな」
0x28000	214	「ちっくしょう! あんな| 無礼な癸言をする奴に負けた上、| 情けをかけられるなんて…!」
0x28000	215	「無礼な…癸言?」
0x28000	216	「さっきも似たような事を| 言っておったが…| 何の事じゃ?」
0x28000	217	「とほけるな! こいつを見ろ!」
0x28000	218	「なんじゃ、| 妖怪タイムスではないか」
0x28000	219	「…なになに…?
0x28000	220	 〝若い女性に大人気…| 妖怪界のプリンス| ゲゲゲの鬼太郎"」
0x28000	221	「ええ? なんですかそれ?」
0x28000	222	「えらく養めてあるとよ…@ 〝向かう所敵なし"| 〝デビューシングルCDも| 幡癸的ヒット"」
0x28000	223	「インタビューも載ってるぞ。@ 〝僕は無敵です。| ウソだと思うなら誰でも| いいから挑戦してくればいい。@ 僕はどんな妖怪の挑戦でも| 受けます!"」
0x28000	224	「この恥知らずで傲慢不遜な記事!| 確かに顔じゃあ…俺はお前に| ちょっと負けてるかもしれねえ…@ だが腕っぷしに関して| 舐められるのはゴメンだ!| 俺はガマンならなかった!@ どうだい! これをみても| まだシラを切る気か?」
0x28000	225	「これは…ウソの記事だよ」
0x28000	226	「そうだろうとも、ウソの…@ って、ええええええ!?」
0x28000	227	「同じ日付の新聞なら| ワシも見たが、こんな事| ちっとも書いとらんかったぞ」
0x28000	228	「そ、そんなバカな!| 驪されないぞ!」
0x28000	229	「そこまでいうなら…」
0x28000	230	「ない! 俺の新聞と同じ記事が| どこにも載ってない!」
0x28000	231	「ワシらも新聞を| 持ってきてやったが…| 親父殿の新聞と同じじゃぞ?」
0x28000	232	(俺は…だまされていたのか?)
0x28000	233	「ふむ、どうやら何者かが、| ぬけ首の自尊心をくすぐって| ワシらを襲わせる為に@ 偽の新聞を届けたようじゃな」
0x28000	234	「たくろう火や、あのガイコツは| なぜ君の味方を?」
0x28000	235	「ああ…ある日知らない奴が| 俺のところにやってきて、@ <8b>俺も新聞を見た、鬼太郎を| 倒すなら手をかすぜ<8c>っていって@ 奴らの協力を| 取りつけてきてくれたんだ」
0x28000	236	「そいつはどんな奴じゃった?」
0x28000	237	「どんなって…やせてて出っ歯で| 黒地に黄色い家紋みたいな模様の| 服を着てたな…」
0x28000	238	「むじなの奴だ…間違いない」
0x28000	239	「むじな? なんだそいつ?」
0x28000	240	「妖怪達に誤解を植え付けて| 人間や仲間の妖怪と争わせておる| 得体の知れん奴じゃ」
0x28000	241	「なんだって!?| じゃあ…俺も奴に| 利用されてたってのか?」
0x28000	242	「まあ、そういう事じゃの」
0x28000	243	「なんてこった…この俺が、| そんな奴に利用されてた| なんて…」
0x28000	244	「うぐ!」
0x28000	245	「父さん!」
0x28000	246	「いかん! 胴体と長く離れ| すぎたんじゃ! 早く冷やさんと| 大変な事になるぞ!」
0x28000	247	「うおおおおおおお」
0x28000	248	「ど、どうしよう!| このままじゃ!」
0x28000	249	「鬼太郎~~!| ねずみ男を捕まえたわよ~!」
0x28000	250	「とほほ…」
0x28000	251	「ねずみ男! ぬすんだぬけ首の| 胴体を返せ!」
0x28000	252	「ほらよ、もう好きにしてくれ!」
0x28000	253	 |<ぬけ首の胴体を手に入れた>
0x28000	254	「うう…俺の…胴体…」
0x28000	255	「よし、急いで繋ぐんじゃ!」
0x28000	256	「てつだってやるぞ~~」
0x28000	257	「さ、これで幡癸の危険は| なくなったよ」
0x28000	258	「うう…| なんか世話かけちまったな…」
0x28000	259	「気にするな」
0x28000	260	「…鬼太郎。俺、驪されて| お前を誤解していたみたいだ。@ 今回の事は悪かった。| 非礼を詫びる意味で、| 俺をお前の手下にしてくれ!」
0x28000	261	「て、手下!? そんな…困るよ!」
0x28000	262	「んだとぉ! これ以上| 俺に恥をかかす気かぁ?」
0x28000	263	「わ、わかったよ。| でも、手下は勘弁してくれ| 〝仲間"ってことでどうだい?」
0x28000	264	「おう、なんでもいいぜ!| よし、決まりだな!」
0x28000	265	 |<ぬけ首が仲間になった!>
0x28000	266	「ちぇ、今日は厄日だぜ!」
0x28000	267	「畜生…畜生畜生!| 驪された上に、倒そうとした| 相手に助けられるなんて…@ 俺様は恥ずかしいぜ!| ここにはもういられねえ…| あばよ!」
0x28000	268	「あ! …いっちゃった」
0x28000	269	「ほっほっほ…| 〝男の子"じゃのう!」
0x28000	270	「ちぇ、今日は厄日だぜ!」
0x28000	271	(ふう、何とか火は| 消し止められたぞ…)
0x28000	272	「ぬけ首のやつ…一体どうして| 僕を襲ったりしたんでしょうか?」
0x28000	273	「わからんのう…| じゃが、たくろう火が| からんでおったからには@ 今日までの一連の事件に| なにか関係あるのかもしれんのう」
0x28000	274	(ぬけ首…ゴメンな、でも妖怪は| 体が滅びても死ぬわけじゃない。| 今度会う時は…仲良くしような)
0x28000	275	「鬼太郎~~!| ねずみ男を捕まえたわよ~!」
0x28000	276	「とほほ……」
0x28000	277	「こんな炎ごとき…!」
0x28000	278	「ぬ~り~か~べ~!」
0x28000	279	「ぬけ首! このままじゃ| キミが危険なんだ。| 頼むから僕の話を聞いてくれ!」
0x28000	280	「黙れ黙れ黙れ~!| 話しがしたいなら| 俺様を倒してからにするんだな!」
0x28000	281	(やっぱり一度倒すしか| ないのか…)
0x28000	1024	開癸中
0x2c800	0	「やれやれ…やっと捕まえたわい」
0x2c800	1	「お尻にもセンをしといたからの、| もう〝リーサルウェポン"| とやらも使えまい!」
0x2c800	2	「畜生!| 俺様の恥ずかし~部分に| なんて事しやがるんでい!@ お鱗に行けなくなったら| 脊任とってもらえるん| だろうな! ええ?」
0x2c800	3	「…猫餅」
0x2c800	4	「了解よ! そ~れ!」
0x2c800	5	「うぎゃああああああ~~!」
0x2c800	6	「さあ、ねずみ男。| お前が何を企んでおるのか| 洗いざらい喋るんじゃ」
0x2c800	7	「へ! 誰が喋るもんか!」
0x2c800	8	「…へえ、いい度胸じゃない!」
0x2c800	9	「わ~待て待て!」
0x2c800	10	「せめて…理由だけでも話せよ。| なんで人間を| 集めたりしてたんだ?」
0x2c800	11	「………………………ちっ、| しゃあねえ、話してやるよ」
0x2c800	12	「ほす、ネズミ男ノ奴ガ| ツカマッタョウデス」
0x2c800	13	「そうかい、じゃあ間もなく| 鬼太郎達がここへ来るだろう。| ねずみ男は口が軽いからね…@ けど、ま、人間達を集めるのには| 随分役にたってくれたよ。| 流石は私が見初めた男…」
0x2c800	14	「手ヲ打タナイデョロシイノデ?」
0x2c800	15	「向こうさんがわざわざ出向いて| くれるんだ…こっちがバタバタ| するこっちゃないよ…@ 丁度いいから、味わわせて| やろうじゃないのさ、| 〝あいつ"の恐ろしさを…」
0x2c800	16	「デハ…直接奴ヲ?」
0x2c800	17	「そうさ、あいつも寝そべって、| ご馳走を食ってるだけじゃ、| 体がなまっちまうだろ?@ 水駆動バスを動かすくらいじゃ、| たいして運動にならない| だろうしさ。@ そろそろ…ダイエットの時間さ。| いいかい、いつもの通り| いくよ?」
0x2c800	18	「ハハッ オオセノママニ!」
0x2c800	19	(フフフ…さあ、鬼太郎をつれて| 戻っておいで…私の可愛い| ねずみ男…)
0x2c800	20	「なんじゃと? 会社の金を| 使いこんだじゃと~!?」
0x2c800	21	「し~! 人聞きの悪い事| 言うなよ、ちょっと無利子で| 借りただけだ!」
0x2c800	22	「真面目に仕事をしとるのかと| 思えば…| やっぱりこういう事か!」
0x2c800	23	「だから違うって! 俺が| 悪いんじゃね~んだよ。@ これというのも、| 〝ネットオークシ∃ン"| あれがいけね~んだよ!」
0x2c800	24	「〝ネットオークシ∃ン"?| なんじゃそれは?」
0x2c800	25	「ネット上で行われる| 商品の売買のやり方で…| 一種の〝せり市"ですよ」
0x2c800	26	「せり市…ということは…| 客が自分の欲しい商品に| 値段をつけて…@ 最高値をつけた者が| それを買う事が| できるんじゃな?」
0x2c800	27	「それが…使い込みと| どういう関係があるのよ」
0x2c800	28	「どうしても欲しい物があってよ、| 入札に参加したのよ。| 最高値をつけて一安心してると…@ これを入札終了間際に吊り上げて| くるフトドキ者がいやがるんだ!| 残りあと10分て所でだぜ!@ 俺が一万つけてたのに、| そいつは一万五千の値を| つけやがった!@ こんな卑怯な奴に負けるわけにゃ| いかねえ! そこからはもう| 見えねえ相手との戦いよ!@ 奴が値を二万にあげてくりゃ、| 俺っちが三万にひき離す、| するとアイツは四万五千!」
0x2c800	29	「わかった、わかった。それで?| その時の勝負はいくらで決着が| ついたんだ?」
0x2c800	30	「こんだけだ」
0x2c800	31	「片手、ってことは五万用?| 五倍にもなっちゃうって| わけね?」
0x2c800	32	「…五百万だ」
0x2c800	33	「ご…ごひゃくまん!」
0x2c800	34	「ななな…なんですって?| それで、その…五百万で| 競り落とした物って何よ!」
0x2c800	35	「こいつだ…」
0x2c800	36	「これは~おかしのおまけの~| ハツカネズミフィギュア~」
0x2c800	37	「ふふん…〝ハツカ"は| 〝レア"なんだぜ…」
0x2c800	38	「…………………なんで、| なんで…得意そうな顔| してるのよ…」
0x2c800	39	「…そんな事が何度かあって| 負債を抱えたっていう訳か?」
0x2c800	40	「幸い俺様には| ち~っとばかしコンピュータの| 知識があるからよ。@ まあなんだ、ちょちょいっと| 会社の顧客の入金データを| 細工なんかしちゃったりしてな?@ 俺が勤めてるのは支店だが、| 親元は大企業だ。一千万くらいの| 焦げつき…よくある事よ」
0x2c800	41	「砂かけの、警察に電話じゃ」
0x2c800	42	「ちょちょちょ…| ま、まってくれよ!」
0x2c800	43	「身内から犯罪者を出すのは| 忍びんが…| これも世の為人の為じゃな」
0x2c800	44	「違うって、その負債は全~部| あるスポンサーに肩代わり| してもらえる事になったのよ!」
0x2c800	45	「そんな奇特な人、いるわけ| ないじゃん」
0x2c800	46	「それがいたんだな~。| まさに捨てる神あれば| 拾う神あり」
0x2c800	47	「まさか…それが| 人間を集めていたのと| 何か関係があるのか?」
0x2c800	48	「ピンポ~ン! 俺の才能で| 人間を集めりゃ、負債を| 肩代わりしてくれるってよ」
0x2c800	49	「で? そのスポンサーとやらが| 人間を集めて無料セミナーを| 開いているっていうのか?」
0x2c800	50	「さ、さあな、俺は集めるだけだ。| その後どうなってるのかなんて…| 知らねえよ!」
0x2c800	51	「ねずみ男、お主本当は| 集めた人間がどうなってるのか| 知ってるんじゃないのか?」
0x2c800	52	「…………………………」
0x2c800	53	「どうなんだ!| そのスポンサーとやらの| 名前を教えるんだ!」
0x2c800	54	「鬼太郎、物は相談なんだが…| この俺様を解放しちゃあ| くれねえか?」
0x2c800	55	「何をいっとるんじゃ?| やっと捕まえたのに、そんな事| できるわけないじゃろう!」
0x2c800	56	「鬼太郎、俺を信じてくれ、| 実はおそろし~女に| 付きまとわれてんだ。@ そいつを倒してくれるんだったら| そこへ案内してやる。どうよ、| 悪い話じゃないだろう?」
0x2c800	57	「………………………………」
0x2c800	58	「鬼太郎、信じちゃだめよ!」
0x2c800	59	「鬼太郎、俺が集めた人間の| 傘に関ることなんだぜ~?」
0x2c800	60	「……………………わかった」
0x2c800	61	「鬼太郎どん!」
0x2c800	62	「こいつの目は| いつもウソをついてる目だ。@ だけど、今回は少しばかり| いつもとは違うみたいだ」
0x2c800	63	「へへ…さっすがは| 鬼太郎! それでこそ俺の| 親友…心の友だぜ!」
0x2c800	64	「ふむ、鬼太郎がそう言うなら…」
0x2c800	65	「おら、聞こえなかったのか?| さっさと道をあけろ、猫餅!」
0x2c800	66	(こいつ…今にみてらっしゃい!)
0x2c800	67	「みんな、無事か?」
0x2c800	68	「ああ、なんとかな」
0x2c800	69	「やれやれ…まさかあの家が| 赤舌の化けたものだったとは| 思わんかったわい!」
0x2c800	70	「みんな…ゴメン。| 僕が軽聿だったばかりに…」
0x2c800	71	「気にしないで、鬼太郎!| みんな無事だったんだし、ね?」
0x2c800	72	「あ…あの…」
0x2c800	73	「え? あ、ああ!| 赤舌の中にいた人ですね?」
0x2c800	74	「私は…一体、何を?」
0x2c800	75	「悪い妖怪にだまされて、| もうちょっとで死んじゃうところ| だったのよ?@ でも鬼太郎が助けて| くれたんだから!| 運が良かったね、オジサン!」
0x2c800	76	「よ…妖怪!?| それに…鬼太郎って| あ、あの〝ゲゲゲ"の!?」
0x2c800	77	「他にも赤舌の被害にあった人が| いる筈です。悪いですけど| 救急車の手配を頼めますか?」
0x2c800	78	「え、えっと…わ、わかりました!| どうも…お世話になりました!」
0x2c800	79	「うう…無駄だ…鬼太郎…」
0x2c800	80	「赤舌か…?| 今、なんて言った?」
0x2c800	81	「赤舌、ねずみ男を使ってここへ| 連れて来た人間達はどうした?| 今、どうなっているんだ?」
0x2c800	82	「水分も生気もぬかれて| ミイラみたいになってるが…| まだ死んじゃいないよ。@ そっちのしげみの中に| 放ってあるぜ」
0x2c800	83	「それに…お前の中にも| 人間がいた筈だけど…」
0x2c800	84	「ああ…今だしてやるよ…」
0x2c800	85	「よし。| 猫餅、悪いけど…」
0x2c800	86	「わかってるわ。| 応急処置をして| 救急車を呼ぶわ!」
0x2c800	87	「無駄だ…生気を戻さない限り| どうせみんな死んじまうさ…」
0x2c800	88	「心配ない、僕の知り合いの| 病院につれていけば友達の| 竹の精が治療してくれる。@ 彼女なら、なんとか上手くやって| くれる筈さ」
0x2c800	89	「………お前はどうして| そんなに人間に味方するんだ?| お前が半分人間だからか?」
0x2c800	90	「違うよ。悪いことをする奴が| 許せないだけさ。人間も妖怪も| 関係ない」
0x2c800	91	「…………」
0x2c800	92	「…事件の首謀者に| また逃げられてしまったのう」
0x2c800	93	「しかし…骨女と竹切り狸が| 通じておるのはわかったな」
0x2c800	94	「それでどうするんじゃ?| 折角わかった事実も、| 今のままでは…」
0x2c800	95	「……おい」
0x2c800	96	「ねずみ男も連れて| 行かれてもうたし…」
0x2c800	97	「人間の生気も~できたら| とりかえさないと~~!」
0x2c800	98	「……おいってば!」
0x2c800	99	「そうだな…困ったな」
0x2c800	100	「こら~~~~!!」
0x2c800	101	「うわ! びっくりした!| なによこいつ!」
0x2c800	102	「お前ら…なぜこの俺に| 奴等の行方を聞かねえんだ?」
0x2c800	103	「え? 教えてくれるのか?」
0x2c800	104	「………まあ、なんだ、| どうしてもっていうなら、な」
0x2c800	105	「しかし、お前は奴等に| 利用されとったんじゃろ?| そんな事知っとるのか?」
0x2c800	106	「それに…それが罠じゃないと| どうして言いきれるんじゃ?| 信じられんのう…」
0x2c800	107	「俺はお前達に負けた…| 俺は俺より強い奴には| ウソはいわねえ…@ 骨女達は俺より弱いくせに| 俺を驪して利用した。| 許せねえ…だから罠じゃねえよ。@ 居場所くらいしか| 言えないが…| 手掛かりが欲しいんだろ?」
0x2c800	108	「赤舌…ありがとう。助かるよ!」
0x2c800	109	「へ、よせやい」
0x2c800	110	(よし…骨女に竹切り狸…| お前達の陰謀…今度こそ| 暴いてやるぞ…待っていろ!)
0x2c800	111	「!? 父さん…なんだか| 力が救けて行くみたいです…」
0x2c800	112	「むむ…理由はわからんが…| この中にいるとどんどん体力を| 吸い取られるようじゃぞ!」
0x2c800	113	「減るのはほんの少しみたい| ですから…すぐには大きな| 被害にならないと思いますが…@ この戦い、早く終らせた方が| いいでしょうね」
0x2c800	114	「うむ、こんな得体のしれん場所、| さっさと救け出すんじゃ!」
0x2c800	115	「おのれちょこまかと…| 俺の真の力をみせてやる!」
0x2c800	116	「! な、なんだ今の攻撃は?| 赤舌があっという間に| 移動した?」
0x2c800	117	「ふははは! 驚いたか!| 俺は水を操って高速で移動する| 事ができるのだ!」
0x2c800	118	「よし、これで全部だ」
0x2c800	119	「鬼太郎、辺りを調べるんじゃ!| まだ無事な人間も| いるかもしれん!」
0x2c800	120	「そうですね…わかりました!」
0x2c800	121	「どうしたの…| そんなもんなのかい?」
0x2c800	122	「骨女…とかいったな?| ここは何処なんだ?| まるで…」
0x2c800	123	「まるで生き物の中…だろ?| そうとも、ここは妖怪の| 体内さ!」
0x2c800	124	「なんだって? 妖怪の?」
0x2c800	125	「ふふふ…お前達はここで| 身体の水分を吸収されて| 干からびて死ぬのさ!」
0x2c800	126	「くそ! お前の思い通りには| させないぞ!」
0x2c800	127	「私にここまで深手を| 負わせるとは、生意気な!@ こうなったら…応援が必要だね…| 仕方がない、一旦みんな外に| でてもらうよ!」
0x2c800	128	「何!?」
0x2c800	129	「赤舌様~!」
0x2c800	130	「うわあ! こ、これは!」
0x2c800	131	「な、なんじゃ~!?| 何が起こっとるんじゃ~?」
0x2c800	132	「ち! またやられちまったよ…| ここは一旦退くか…」
0x2c800	133	「ごおおおお!| この俺が…なぜ…だ!」
0x2c800	134	「やってくれたね!」
0x2c800	135	「おお…骨女…た、助けてくれ!」
0x2c800	136	「ち、図体ばかりでかくて| 使えない奴だね…」
0x2c800	137	「な…なんだと?」
0x2c800	138	「おいで! 竹切り狸!」
0x2c800	139	「お前は…竹切り狸!」
0x2c800	140	「へへ、いくぜ、赤舌さんよ!」
0x2c800	141	「うわああああああああ!| な、何をする~~!!」
0x2c800	142	「これは…一体?」
0x2c800	143	「どうやら…あれは| 人間の生気のようじゃの」
0x2c800	144	「人間の生気? どうして| 赤舌の中に?」
0x2c800	145	「うむ、赤舌は人間から水分は| 吸収するが、生気は| 必要としとらん。@ 奴等は赤舌に人間の水分と生気を| どんどん与えて互大化させ…@ 奴の体を人間の生気の貯蔵庫と| して利用しておったのでは| ないか?」
0x2c800	146	「うおおお! お…俺を| 利用したのか~?」
0x2c800	147	「当たり前じゃないか…| この世のモノはみんな互いを| 利用して成り立っているんだ。@ もうあんたは用済みだね、| さよなら…赤舌…〝様"」
0x2c800	148	「へへ…俺も| 引きあげるとするか…」
0x2c800	149	「待て! その生気は人間から| 奪ったものだな?| 早く返すんだ!」
0x2c800	150	「妖怪竹ども!」
0x2c800	151	「こいつらを足止めしろ!| それから…」
0x2c800	152	「な、なにすんだ!| もう俺は用済みだろ!| いいかげん自由にしてくれよ!」
0x2c800	153	「ねずみ男!」
0x2c800	154	「バカお言いでないよ、予想して| いたとはいえ…私を裏切って| タダで済むと思ってるのかい?」
0x2c800	155	「ちゃんと鬼太郎を| 連れてきたろうが!@ 人間を連れてくる契約も| 済ませた! も、もう| 勘弁してくれ~!」
0x2c800	156	「つれないねえ…私の気持ち…| わかっているくせに…」
0x2c800	157	「ひ! ひ~~!!| よるな!」
0x2c800	158	(まったく…女に恥をかかせる| 男だよ…)@「連れて行きな」
0x2c800	159	「き…鬼太郎!| た、助けてくれ~!」
0x2c800	160	「あ、ねずみ男!」
0x2c800	161	「へへ…あばよ!」
0x2c800	162	「お前達…人間の生気を集めて| 何をするつもりじゃ!」
0x2c800	163	「虫がいいんだよ、| 知りたけりゃ自分でしらべな。| じゃあね、坊や…」
0x2c800	164	「く、とりあえず| 妖怪竹をなんとかするか…」
0x2c800	165	「ううう…畜…生…」
0x2c800	166	「父さん、赤舌のやつ、| まだ息があるみたいですよ!」
0x2c800	167	「うむ…水を与えればまだ| 生きていられるかもしれん。| ぬりかべ!」
0x2c800	168	「水を与えればいいんだな~?| そ~~~~れ~~~!」
0x2c800	169	「た………助かった…のか…?| 鬼太郎…なぜ俺を助ける?」
0x2c800	170	「理由なんかあるもんか。| 向かってくるなら敵だが、| 今、お前はそうじゃない。@ だから、助けてやるのさ」
0x2c800	171	「ぐぐ…| と、とりあえず下がらせて| もらうぜ…」
0x2c800	172	「う…うわああああ~~!」
0x2c800	173	「しまった!」
0x2c800	174	「一足遅かったか…可哀想にのう」
0x2c800	175	「ぎゃああああ~~!!」
0x2c800	176	「いかん!」
0x2c800	177	「ああ…なんてことだ!」
0x2c800	178	「ひい! 死にたくない!| うぎゃあああああああ~~~!」
0x2c800	179	「く…助けられなかったか!」
0x2c800	180	「むごい事を…いくらなんでも| ひどすぎるわい!」
0x2c800	181	「ん…なんだ?| 俺様に何か用か?」
0x2c800	182	「君は…一人でも充分強いのに| 何の為に骨女に| 協力しているんだ?」
0x2c800	183	「ふん! 最近は山奥に| やってくる人間も減ったからな…@ 奴は人間を供給してくれる。| だから手下にしてやったのさ!」
0x2c800	184	「人間を…食べるのか?」
0x2c800	185	「食べるんじゃねえ、〝水分"を| 〝吸収"するんだ。| 人間の水分はうめえからな」
0x2c800	186	「同じ事だ…そんな事、| やめるんだ!」
0x2c800	187	「へ、やだね! 普通の水より| 人間の水分のほうが俺の舌に| あってるんだ。@ 俺の楽しみをとやかく| 言うんじゃねえ!」
0x2c800	188	「どうした? まだ| 何か話があるのか?」
0x2c800	189	「赤舌、お前が人間の| 水分が好物なら、定期的に| 僕の水分を吸わせてやるよ。@ だから、人間を襲うのは| やめるんだ!」
0x2c800	190	「なんだと? お前正気か?」
0x2c800	191	「僕は半分人間だ、お前の口には| 合わないかもしれないけど…@ そのかわり精がつくのは| 保証するよ!」
0x2c800	192	「ふははははははは!| お前…面当い奴だな!@ けどよ、俺は人に従うのは| 嫌いなんだ。俺を従わせたきゃ、@ 骨女みたいに贈り物を| どんどん届けるか…| 力で屈服させてみな!」
0x2c800	193	「交渉…決裂か…| なら…力ずくでも| 言う事を聞いてもらう!」
0x2c800	194	「へ、初めから| そう言やあいいもんをよ!」
0x2c800	195	「鬼太郎! あれだあれ!| あそこに例の女が| いやがるんだ!」
0x2c800	196	「見るからに怪しいのう…」
0x2c800	197	「よ~し、ここはアタイが| 様子を見にいって…」
0x2c800	198	「その必要はないわ」
0x2c800	199	「誰だ!?」
0x2c800	200	「おやおや、大きい声を| お出しでないよ坊や…@ ねずみ男から| 聞かなかったのかい?| 私はそいつの雇い主さ…」
0x2c800	201	「なんじゃ、すっかり| ワシらをここに案内する事を| 見透かされとるじゃないか!」
0x2c800	202	「ねずみ男が集めた人達が| もう何人もここに来ている筈だ!| その人達の無事を確認したい!」
0x2c800	203	「そうかい、いいよ坊や。| この中に入って自分の目で| 確かめればいいさ」
0x2c800	204	「なんじゃと?」
0x2c800	205	「鬼太郎、コイツは罠じゃ!」
0x2c800	206	「罠? なんの事だい?| 確かめたいって言うから| どうぞって言ってるだけさ」
0x2c800	207	「……………………わかった、| そっちに行くよ」
0x2c800	208	「き、鬼太郎!」
0x2c800	209	「悪い事をしてるって証樵も| ないのに、頭から疑ってちゃ| いけないと思うんです。@ ここは彼女の言葉を素直に| 信じましょう。何事もないなら| それが一番です」
0x2c800	210	「ふふふ、素直な坊やだねえ。| いくらでも調べとくれ。| さあ、どうぞ」
0x2c800	211	「ああ、今いく」
0x2c800	212	(大丈夫かのう…?)
0x2c800	213	「なんだ…真っ暗じゃないか?」
0x2c800	214	「それに何か…嫌な臭いしない?」
0x2c800	215	「うわ!」
0x2c800	216	「どうした、砂かけの!」
0x2c800	217	「なんじゃ!?| …地面が柔らかいぞ?」
0x2c800	218	「おい、女!| 電気はつかんのか?」
0x2c800	219	「フフフ…つけていいのかい?| 年寄りの心臓には良くないかも| しれないよ?」
0x2c800	220	「な、なんじゃと!」
0x2c800	221	「待って、父さん。| つるべ火に明かりをつけて| もらいましょう」
0x2c800	222	「いいかい?| つけるよ?」
0x2c800	223	「ば、ばかもの!| みんなくっつきすぎじゃ!」
0x2c800	224	「あ~びっくりした…| オババじゃない!」
0x2c800	225	「なんじゃ! ワシの顔に| 驚いたとでもいうのか?| 失礼じゃのう!」
0x2c800	226	「む…ここは…?」
0x2c800	227	「な、何よこれ!| どういう事、ねずみ男!」
0x2c800	228	「って…ねずみ男の奴が| いないわ!」
0x2c800	229	「鬼太郎っていっても子供だね…| すぐに人を信じる…@ もっと疑り深くなきゃ…| いい男になれないよ」
0x2c800	230	「おまえが声の主だな…何者だ!」
0x2c800	231	「私の名前は骨女…| アンタほどじゃないが| ちょっとは知られた名さ」
0x2c800	232	「やっぱり罠じゃったんじゃな?| 貴様、何が目的じゃ!」
0x2c800	233	「〝上"からアンタの抹殺傘令が| でてるんでね。ここなら私でも| アンタ達と互角に戦える…@ 月並みな言葉だけど、| 鬼太郎…ここがお前の慕場さ…」
0x2c800	234	「く…みすみす| 驪されてしまうなんて…| 父さん…すみません」
0x2c800	235	「謝罪など後回しじゃ!| あいつらを倒して、| 早くここを脱出するんじゃ!」
0x2c800	236	「は…はい!」
0x2c800	237	「鬼太郎! あれを見るんじゃ!」
0x2c800	238	「!? あれは…」
0x2c800	239	「ひい! た、たすけて~!」
0x2c800	240	「人間じゃ…おそらく| ねずみ男の奴に誘い出された| 人達じゃろうて」
0x2c800	241	「みなさん、僕達は味方です!| ここは危険だ| はやくこっちへ!」
0x2c800	242	「わ、わかった~!」
0x2c800	243	「鬼太郎、戦闘を行ないつつ、| 彼らをガイコツ達にやられない| よう護衝するんじゃ!」
0x2c800	244	「わかりました!」
0x2c800	245	「あいたたた…まったく、| ひどい扱いじゃわい!」
0x2c800	246	「グググ…鬼太郎!
0x2c800	247	 運のいいやつだ、俺の体内で| 干からびてしまえば| よかったものを!」
0x2c800	248	「お前が赤舌か!」@(僕達が入っていたのは| 家じゃなくて| こいつだったのか!)
0x2c800	249	「赤舌…赤舌…| そうじゃ!| 思い出したぞ鬼太郎!@ 赤舌といえば水を操る妖怪で、| 人間の水分が大好物なんじゃ!@ 奴は集めた人間を飲みこんで、| 水分を吸収しとったに| 違いないぞ!」
0x2c800	250	「そうだとも! 俺は人間共を| 飲み込んで、どんどん| 強力になる!@ そしていずれは最強の妖怪と| なるのだ!」
0x2c800	251	(〝人間をのみこんで| 強力になる"だって?@ もしかして…竹切り狸や| むじなが集めていた人間の| 生気もコイツの為か?)
0x2c800	252	「さあ、赤舌様!| ョロシクお願いしますよ!」
0x2c800	253	「ああ、任せておけ、| 鬼太郎…お前を倒して| その水分を頂くぞ!」
0x2c800	254	「でておいで、お前達!」
0x2c800	255	「ガイコツ軍団に…たくろう火…!| またお前か!」
0x2c800	256	「そうとも鬼太郎…| 俺達は何処までもお前達の| 行く手を阻んでやるぜ!」
0x2c800	257	「お前が竹切り狸やむじなを| あやつっていた親玉か!?」
0x2c800	258	「ああん? たぬき? むじな?| てめえ…なあに言って| やがるんだ!?」
0x2c800	259	(コイツがボスじゃあ| ないみたいだ…| だとしたら…一体誰が?)
0x2c800	1024	開癸中
0x30800	0	「もうしわけありません…| 鬼太郎に感づかれ、戻るのが| 遅くなりました」
0x30800	1	「それで…赤舌を使い| 人間共から集めた生気は| どうしたのだ?」
0x30800	2	「はは! これに…」
0x30800	3	「うむ、ご苦勞。| おかげでかなりの量が| 集まったなり。@ これで彼の方の召集が| いつあろうとも…| 準傭は万端なり!」
0x30800	4	「鬼太郎は…| いかがいたしましょう?」
0x30800	5	「いかに鬼太郎といえど、| この場所は簡単には| 見つけられぬ…@ 恐るるに足りぬ…捨て置くなり」
0x30800	6	「そうですな! ましてやこの| 最深部までたどり着く事など| できる筈ありませんね!@ はは、ははははは!」
0x30800	7	「狸よ…見え透いた愛想を| 振りまくのはやめよ。@ 〝早く不走不死の秘歯を教えろ"| と顔にかいてあるぞ」
0x30800	8	「へ、ダンナにはかなわねえや…| じゃ、単刀直入にいきヤすぜ?@ 俺はもう充分アンタの役にたった| 筈だ。@ いいかげん…約束どおりアンタ| みたいな不走不死になる秘歯を| 教えてもらいたいもんだね!」
0x30800	9	「確かに…| 我は何千年も生き長らえてきた。@ その秘術…そろそろ| 教えてやってもよいかな…」
0x30800	10	「へへ! そうこなくっちゃ…!」
0x30800	11	「よし…近くにこい、竹切り狸…」
0x30800	12	「報告シマス! 鬼太郎一行ガ| コチラニ向カッテ| イルソウデス!」
0x30800	13	「何!?」
0x30800	14	「ち、赤舌の奴が| 口を割りやがったんだな…?| とことん使えない奴だよ…@ 愛蝶があるだけ| ねずみ男の方がまだましさ…」
0x30800	15	(へ…どっちもどっちだと| 思うがな…)
0x30800	16	「イカガイタシマシ∃ウ?」
0x30800	17	「今はいい感じに| 霊力が高まってるんだ。| この中で戦うのは騫けたいね…」
0x30800	18	「狸よ…秘術の伝授は後回しじゃ…| 鬼太郎の到来を阻止すべく| 警戒にあたれ」
0x30800	19	「ち…! もう少しだったのに!| 鬼太郎のやつめ!」
0x30800	20	(ふふ…傘拾いしたとも知らず…)
0x30800	21	「ホラ、返事はどうしたんだよ!」
0x30800	22	「わ、わかったよ!」@(こうなったら…今までみたいに| 逃げ回るのは止めて、鬼太郎を| さっさと片付けた方がいいな…)@「くく…待ってろよ鬼太郎。| 俺の本当の恐ろしさ…| 拝ませてやるぜ!」
0x30800	23	「赤舌、骨女達の本樵地は| 本当にこのあたりなのか?」
0x30800	24	「ああ、間違いねえ」
0x30800	25	「鬼太郎! こっちに| 洞窟があるわよ!」
0x30800	26	「さっそく見つかった| みたいだな」
0x30800	27	「ふうむ…晝士のこんな所に| 洞窟があるとは初耳じゃ!」
0x30800	28	「やつら、妖術で| 癸見しにくくしてやがるんだ。@ ここにあるって知らなけりゃ| 簡単には見つからないさ」
0x30800	29	「成る程、いわれてみれば| そのような気を感じるわい!」
0x30800	30	「俺もよく知ってるわけ| じゃねえが…@ この奥は〝胎内洞窟"| ってえ場所に通じて| いるらしい」
0x30800	31	「たいない…どうくつ?」
0x30800	32	「ああ、そこが奴等の本樵地だ」
0x30800	33	「わかった。とにかく| 行ってみよう。@ まずは骨女達の企みを| 暴かなくちゃいけない」
0x30800	34	「よし。| いざ、奴等の本樵地へ!」
0x30800	35	「…鬼太郎」
0x30800	36	「あ! 赤舌、案内有り難う。| ここまでつき合わせて| 悪かった。@ 骨女達との戦いの時は| 手荒な真似をして済まなかった。| もう休んでくれ」
0x30800	37	「そうじゃないんだ…| 俺も、お前達の仲間に| してくれ!」
0x30800	38	「え?」
0x30800	39	「こりゃまた…えらい| 気のかわりようじゃの…?」
0x30800	40	「どうしてだ…?| 骨女に利用されてた| 恨みをはらしたいのか?」
0x30800	41	「恨みを晴らしたくねえっていやあ| ウソになっちまうが…それより| お前に興味があるんだ」
0x30800	42	「僕に?」
0x30800	43	「ああ、お前について行けば、| 俺は生まれかわれそうな…| そんな気がするんだ。@ 頼む、もう人間の水分は| 欲しがらねえ! 約束する!| 俺をつれていってくれ!」
0x30800	44	「…わかったよ、赤舌」
0x30800	45	「へへ、有り難うよ鬼太郎。| 恩にきるぜ!@ 狸の奴が人間の生気と一緒に| 俺の力も吸い取っちまった| みたいで…@ 前よか身体は小さくなるけど| 能力は変わらねえぜ。| よろしくたのむ!」
0x30800	46	 |〈赤舌が仲間になった!〉
0x30800	47	「じゃあ、| 俺はここで帰らせてもらうぜ…」
0x30800	48	「ああ、わざわざ案内させて| 済まなかった、| ゆっくり休んでくれ。@ それから…もう人間から水分を| 奪うような真似はしちゃだめだ、| いいね?」
0x30800	49	「努力するよ…それじゃあな…」
0x30800	50	「おお~い、鬼太郎~!」
0x30800	51	「ねずみ男! お前赤舌のときは| よくも驪してくれたな!| 覚梧しろ!」
0x30800	52	「まてまて! アレは| 〝不可抗力"ってやつだ、うん」
0x30800	53	「説得力が…」
0x30800	54	「い、いで~~~~!」
0x30800	55	「まったくゼロなのよあんたは!」
0x30800	56	「やれやれ、こいつには| 女難の相が出とりそうじゃの…@ …うらやましい話じゃ」
0x30800	57	「なんじゃ? なんか言うたか?」
0x30800	58	「な、な~んにもじゃわい!」
0x30800	59	「ちぇ、なんでえなんでえ!@ 折角盗まれた人間の生気が| 大量に保管されてる場所を| 見つけたってのによ~!」
0x30800	60	「なんじゃと? それは本当か?」
0x30800	61	「ねずみ男、何処だ?」
0x30800	62	「教えてやってもい~んだが…」
0x30800	63	「なんだよ…この手は?」
0x30800	64	「と~ほけちゃって!| わかってるくせに!@ ほれ! 〝魚心在れば水心"!| 人生これ全てギブアンドテイク| なのよね~! @ なあに、鬼太郎ちゃんが| 拿泛なのは親友の俺が| いちば~んよく知ってるぜ!@ どうでえ、五千用って辺りで| 手を…」
0x30800	65	「うぎゃぎゃあ~~~~!」
0x30800	66	「本当にあんたってば| ろくでなしね! で、| それ、何処なの?@ 案内しなさいよ!」
0x30800	67	「し…し~ましぇん。| こっちで~~~~っす…」
0x30800	68	「ま、まあお蔭でなんとか| 自力で脱出できたぜ…@ ありがとうよ。| さっすが俺の相棒だよな!」
0x30800	69	(とほほ…こいつといると| 真面目に生きるのが| 嫌になってくるよ…)
0x30800	70	「鬼太郎…」
0x30800	71	「竹切り狸…」
0x30800	72	「約束だ、洗いざらい喋るぜ」
0x30800	73	「…そうか、潔いな」
0x30800	74	「じゃあ…結局お前も| 大した事はしらないのか?」
0x30800	75	「ああ、大首達の関与を| 隠すために院長に化けて| 万年竹達を陰で操っていたり、@ 傘化けをけしかけたのは| 知っての通り、| 俺に間違いない。@ けど、俺も大首みたいに| 不死身になりたくて| 奴に協力していただけで@ 計画のほとんどは| 傘令されて実行していた| だけだからな…」
0x30800	76	「そうか…@ とりあえず…礼を言うよ。| 君のお蔭で大首を倒せた、| ありがとう」
0x30800	77	「気にするな、@ 霊食キノコはいざって時の| 取引材料のつもりだったんだが…| 思わず全部ぶちまけちまった。@ おかげです~っとしたぜ」
0x30800	78	「そうかい…そいつはさぞ| 爽快であっただろうな」
0x30800	79	「ええ? 狸よ…」
0x30800	80	「お…大首!」
0x30800	81	「そんな! 霊食キノコを| 植え付けられて| まだ生きとるとは!」
0x30800	82	「平素なら致傘的だったで| あろうが…あいにく我は| 大量の生気を得たばかりでな!@ か~っかっかっか!| 天は我に味方せり!!」
0x30800	83	「くそ! こんな事なら、| もっと霊食キノコを用意| しとくんだったぜ!」
0x30800	84	「だが…流石に相当堪えた…| 今の我は完全な不死とは| 呼べぬな…@ これ以上の戦いは| 騫けるとしよう」
0x30800	85	「まて! 逃げる気か!」
0x30800	86	「うわ!| なんじゃこのコウモリは!」
0x30800	87	「大いなる計画が廸っておる、| ここで足止めを食うわけには| いかぬのだ!@ 今日のところは| これで引き下がるが…| いずれ再び合まみえようぞ!@ その日は近い……日本に| 滅びの唄が奏でられる日はな!| あ~っはっはっはっは!」
0x30800	88	「くそ! 蝙蝠がじゃまだ!」
0x30800	89	「誰だ!? この忙しい時に!」
0x30800	90	「誰だよ!? 今大変なんだ…| 後にしてくれ!」
0x30800	91	「鬼…太郎…聞こえるか?」
0x30800	92	「!? お前は誰だ…?」
0x30800	93	「ふふふ…声だけでは| わからぬか…?」
0x30800	94	「誰だと聞いてるんだ!」
0x30800	95	「ワシだ…ぬらりひょんだ!」
0x30800	96	「なんだって…?| ぬらりひょんだと!?」
0x30800	97	「な…なんじゃと?」
0x30800	98	「大首共が世話に| なったようだな…」
0x30800	99	「一連の事件は…| お前が陰で糸を| 引いていたのか?」
0x30800	100	「そうとも…| よくもワシの計画の邪魔を| してくれたな…」
0x30800	101	「成る程…あ奴が黒菷か!」
0x30800	102	「いわれてみれば…| これ以上ぴったりな| 奴はおらんわい!」
0x30800	103	「これほど早くワシの計画を| かぎつけてくるとは…| さすがは鬼太郎だ…!」
0x30800	104	「お前は何が目的なんだ!@ 妖怪を驪して操ったり、| 大首達を手下にして| 何を企んでいる!?」
0x30800	105	「知れたこと…@ 日本中の妖怪を手下にして| 人間を滅ほし、ワシが日本の| 王になるのよ!」
0x30800	106	「また大それた事を…」
0x30800	107	「そんな事…できると| 思っているのか!」
0x30800	108	「できるさ…| 〝ダイダラボッチ"が| あればな!」
0x30800	109	「ダイダラボッチだって!| まさか!」
0x30800	110	「いかん…やめるんじゃ| ぬらりひょん!」
0x30800	111	(なんだって? | こりゃあ…えらいことに| なって来やがったな…)
0x30800	112	「お前は…今どこにいるんだ!」
0x30800	113	「ふん、ダイダラボッチといえば| 集結する場所は一つだ。| わからぬお前ではあるまい!」
0x30800	114	「何!」
0x30800	115	「ワシは…お前とその場所で| 最後の決着をつけるつもりだ。@ 貴様を倒して| 積年の恨みをはらし…@ すがすがしい気分で| 日本の王になるためにな!」
0x30800	116	「そんな事…させないぞ!」
0x30800	117	「ならばここまで来る事だ。| ダイダラボッチが完全に| 復活する前にな…@ ではさらばだ…| また会おう鬼太郎…」
0x30800	118	「待て!」
0x30800	119	(…………くそ!)
0x30800	120	「…大首を追う必要は| 無くなったわね」
0x30800	121	「なんてことだ…| ぬらりひょんが| 動き出していたなんて…」
0x30800	122	「全ての計画は| 奴の手引きによるものか…」
0x30800	123	「ワシらに決戦を| 挑むつもりのようじゃな…」
0x30800	124	「ダイダラボッチの復活なんて…| 絶対にさせない!| 待っていろ、ぬらりひょん!」
0x30800	125	「ふう、これが胎内洞窟か、| けっこう長くかかったのう」
0x30800	126	「ここが…奴等の本樵地…| ここで骨女達は| 何を企んでいるんだ?」
0x30800	127	「あ~~! 鬼太郎、アレ!」
0x30800	128	「あ~~鬼太郎ちゃん!| 助けにきてくれたのね~?
0x30800	129	 く~やっぱ持つべきものは| 金と友情だよなぁ~~!」
0x30800	130	「とほほ…苦勞してたどり着いた| 達成感がぶち壊しじゃ」
0x30800	131	「やれやれ、あんなやつだけど、| 一応助けてやるか」
0x30800	132	「そうはいかないよ!」
0x30800	133	「この声は…」
0x30800	134	「そいつは私の大事な| 愛玩動物…勝手に持って| おいきでないよ!@ あとでた~っぷり| 可愛がってやるんだから!」
0x30800	135	「ぞぞぞぞぞぞぞぞ!!| き、鬼太郎~! なな、| なんでも言う事きくからよ!@ た、た、助けてくれ~~~!!」
0x30800	136	「女性にあんなに| 気にいられとるのに…| もったいないやつじゃのう」
0x30800	137	「この胎内洞窟まで| やってくるとは…結構| しつこいじゃねえか鬼太郎!」
0x30800	138	「お前は…竹切り狸!」
0x30800	139	「なんだか…色々と俺に| 聞きたそうな面だな…鬼太郎?」
0x30800	140	「ああ、お前にも骨女にも| 尋ねたい事が山ほどあるよ!」
0x30800	141	「俺も…お前をなんとかしないと、| 俺の目的が果たせねえ!@ 逃げ回るのはやめだ、| 決着をつけるぜ、鬼太郎!」
0x30800	142	「…勝った方が欲しいモノを| 手に入れるって事か?| 面当い…望むところだ!」
0x30800	143	「骨女、お前も僕が勝ったら| お前達が何を企んでいるのか| 洗いざらい話せ! いいな!」
0x30800	144	「ふん、わかったよ坊や…| じゃあ、行くよ!」
0x30800	145	「ああ、こい!」
0x30800	146	「おお~| 待ちくたびれたぜぇ~~!」
0x30800	147	「お前は邪魔だ、下がってろ」
0x30800	148	「あったほうよ~! これ以上| ちょろちょろしてまた捕まったら| 目も当てられねえ!@ じゃあまた後でな、あばよ!」
0x30800	149	「あ! お待ちよ!| く~なんて事してくれるんだい!| もう許さないからね!」
0x30800	150	「ぐほぉ! こ…ここまでか!?」
0x30800	151	「さあ、喋ってもらおうか…| 集めた人間の生気は何処にある!| お前達の親玉は誰だ!」
0x30800	152	「くっそう…大首…あいつが| もっと早く俺に不死身の| 力を分け与えていてくれれば…」
0x30800	153	「なに? 〝大首"じゃと!?」
0x30800	154	「知っているんですか、| 父さん!」
0x30800	155	「!? 鬼太郎! アレを!」
0x30800	156	「え?」
0x30800	157	「骨女達が散々| 世話になったようだな…| 鬼太郎!」
0x30800	158	「う…凄い…妖気だ!| お前が…大首か!?」
0x30800	159	「いかにも…我が名は〝大首"!| 縄文の昔よりここに住まいし| 大妖怪なり…控えるがよい!」
0x30800	160	「くう…大首…たしか| 人間の魂を使って何千年も| 生き長らえている妖怪じゃ!@ じゃが…ここまで| 妖力が強いという| 話は聞いたことがない!@ さては…奪われた人間の生気は| こ奴が吸収して| おるのじゃな!」
0x30800	161	(じゃあ…こいつが竹切り狸や| むじなを使って暗躍していた| 張本人か?)
0x30800	162	「おお…小さくて見えなんだわ…| お前が噂の目玉の親父か?@ いかにも…我は| 強大な力を蓄えたり!@ この力をもって人間世界に| 侵攻する腹なり!」
0x30800	163	「なんだって?@ お前一人とこんなガイコツ達| だけで本当にそんな事が| できると思っているのか?」
0x30800	164	「愚かなり鬼太郎…我に勝算あり、| 我…契約を結びたり!」
0x30800	165	「契約…?| 誰と…何の契約じゃ!」
0x30800	166	「そは天翔ける夜の住人…」
0x30800	167	「なんだって?| はっきりと言え!」
0x30800	168	「くかかかか! いずれわかるわ!| その時には…| 手遅れかもしれんがな」
0x30800	169	「く…」
0x30800	170	「大首のダンナ…! 俺に…| 俺に不死身の力を!」
0x30800	171	「愚かなり、狸よ!| お前に授ける不死の術など| 在りはせん」
0x30800	172	「な…なんだって!?」
0x30800	173	「我は霊魂を食らう以外は| 元より不死。@ 傘を長らえさせるのに術など| 不要だ。お前とは根本的に〝格"| が違うのだ、残念だったな!」
0x30800	174	「なんだと…じゃあ、| 俺をだましたのか?@ あの赤舌のように…俺も| 利用されていただけなのか?」
0x30800	175	「かっかっかっか!| 愚かなり…愚かなり狸!」
0x30800	176	「畜生…ちっくしょお~!| こ、こうなったら…!」
0x30800	177	「あ! 竹切り狸が逃げる!| あいつ…約束を| 守らない気か!?」
0x30800	178	「なあに、ここは洞窟の中じゃ、| どうせすぐに捕まえられるわい!@ そんな事より…大首の奴を| なんとかするんじゃ!@ 噂では…奴は| 〝不死"らしいからの」
0x30800	179	「なんですって?」
0x30800	180	「まあ、噂じゃが…| 油断するでないぞ!」
0x30800	181	「わ、わかりました!」
0x30800	182	「うぐ…やってくれたね…!| だが、私はこんな所でくたばる| 訳にはいかないのさ!」
0x30800	183	「逃げたか…」
0x30800	184	「さあ…我の起こす風に酔え…!」
0x30800	185	「うわあ! こ…これは!?」
0x30800	186	「す…凄い風じゃ!」 
0x30800	187	「そうれ、| もう一度食らうがよい!」
0x30800	188	「うおお…我が…倒されるとは…」
0x30800	189	「さあ、お前達の| 悪巧みはここまでだ、| 観念しろ!」
0x30800	190	「かっかっか! 焦るでないわ| 鬼太郎、見るがいい!」
0x30800	191	「そんな…!?」
0x30800	192	「なんという奴じゃ…一瞬で| 体力を回復しおった!@ これではきりがないぞ、| どうする鬼太郎!?」
0x30800	193	「もう一度、奴を倒しましょう」
0x30800	194	「じゃ、じゃが…!」
0x30800	195	「ここまで追い詰めたんです。| 引き下がるわけには| いきませんよ!@ 父さん、僕は諦めるのは嫌です。| もう一度…もう一度だけ| 奴を倒しましょう!」
0x30800	196	「わかった、そこまでいうなら、| もう一度やってやれ!」
0x30800	197	「はい!」
0x30800	198	「くくく…こんな傷など…!」
0x30800	199	「奴がダメージを回復してる!?」
0x30800	200	「むむ…不死身というのは| まんざらウソでも| ないようじゃな。@ じゃが、倒せない筈はない。| 鬼太郎、攻撃の手をゆるめるな!」
0x30800	201	「はい!」
0x30800	202	「これで…どうだ!」
0x30800	203	「かっかっか!| か~っかっかっか!| 無駄だ鬼太郎!@ 我にどれほど傷をつけようとも| 全てたちどころに癲して| みせるわ!」
0x30800	204	「だめか…」
0x30800	205	「くそ…僕の力じゃ…| ここまでが限界なのか…」
0x30800	206	「そこまでだぜ!| 大首のダンナ!」
0x30800	207	「な!?」
0x30800	208	「竹切り狸!| どうして戻ってきたんじゃ?」
0x30800	209	「これでもくらえ!」
0x30800	210	「うぎゃあああ~~!| これは…まさか!?」
0x30800	211	「そうとも、こんな事もあろうかと| 隠し持っていた粉状の| 〝霊食キノコの菌"だ!」
0x30800	212	「そうか! その手があったか!」
0x30800	213	「霊食…キノコ?」
0x30800	214	「うむ、霊を食べるキノコじゃ。| ほとんどの活動を| 霊力でおこなっとる大首が、@ このキノコに侵されれば| ひとたまりもないぞ!| 竹切り狸の奴…考えよったな!」
0x30800	215	「へ、俺様を驪した罰だ、| たっぷり味わえ!」
0x30800	216	「うおおおおおおおおお!」
0x30800	217	「大首は…もうおしまいじゃ」
0x30800	218	「竹切り狸のお蔭…ですね」
0x30800	219	「ば…か…な~~!」
0x30800	220	「大首様!」@(ち…一旦引き上げだよ)
0x30800	221	「さて……約束通り| 俺の真の力を見せてやろう!」
0x30800	222	「何!? 竹切り狸が| 見えなくなった!」
0x30800	223	「驚いたか…これぞ狸の術よ!| これで俺様が何処から| 攻撃してくるかわかるまい。@ 見えない相手にお前がどう| 戦うのか見せてもらおうか…| さあ、いくぜ鬼太郎!」
0x30800	224	「むむむ…相手が見えんのでは| 普通に攻撃をしかける事は| できんぞ!」
0x30800	225	「一体どう戦えばいいんでしょう?」
0x30800	226	「うむ。焦って歩き回っても| 見えない相手にぶつかって| スキを作ってしまう事になる。@ 目には見えずとも、| 近くにいけば気配を感じる| 事ぐらいできるじゃろう…@ それを頼りにして竹切り狸が| 潜んでおると思しき場所へ| 妖怪アンテナを使うんじゃ」
0x30800	227	「そうか、アンテナがあった!| 姿は隠せても| 妖気までは消せませんものね」
0x30800	228	「気合いを込めねば| ならんから、攻撃や道具を| 使うのは一度休まねばいかんが、@ アンテナを使った時に検知範囲に| 相手がかくれておったなら| それで居所がわかるじゃろう。@ ワシも霊力を貸してやる。| そこへリモコン下駄を| 打ち込むんじゃ。@ それで相手は姿を| みせるじゃろう!」
0x30800	229	「成る程…わかりました!」
0x30800	230	「そこにいたのか!!」
0x30800	231	「ち、俺様としたことが…」
0x30800	232	「畜生、またか!」
0x30800	233	「あ! また奴の姿が…!」
0x30800	234	「うむ、だが居場所の見当は| ついとる。鬼太郎、落ち着いて| アンテナを使うんじゃ!」
0x30800	235	「あいたた…| ぶつかってんじゃねえよ!」
0x30800	236	「いてえじゃねえか…| お仕置きだ!」
0x30800	1024	開癸中
0x34800	0	「みんな、準傭はいいね?」
0x34800	1	「ええ…〝カラスのヘリコプター"で| 移動する用意はできたけど…」
0x34800	2	「よし、すぐに出癸じゃ!」
0x34800	3	「鬼太郎…〝ダイダラボッチ"って| あの日本を食べちゃうとか| いう…伝説の互人妖怪よね?」
0x34800	4	「ああ、そうだよ」
0x34800	5	「本当にいたのね…| てっきりお話の中の妖怪かと| 思ってたわ…」
0x34800	6	「ワシも話だけは| 聞いたことがある」
0x34800	7	「目もくらむ程の互人で、| 一度復活したらとにかく| 食べる事しか考えとらん。@ その力は強大で…今の自衝隊の| 戦車や戦闘機ごときでは| まるで歯がたたんじゃろう。@ そして…おそらく奴は…| 一日もあればこの日本を| 全部食べてしまうじゃろう!」
0x34800	8	「全部って…建物とかも?」
0x34800	9	「地面も土ごと全部じゃ。| 日本という国が地図から| 無くなってしまうじゃろうて!」
0x34800	10	「そ…そこまですごいとは| 思わなかったわ…」
0x34800	11	「うむ、あまりに強大で| 危険な妖怪じゃからのう…@ その存在や封鰯場所は| あまりおおっぴらに| 知られてはおらんのじゃ」
0x34800	12	「そんな奴蘇らせたら大変| じゃない! ぬらりひょんの奴…| 何考えてるのよ!」
0x34800	13	「それで~?| 今から向かう場所は~| どこなんだ~~?」
0x34800	14	「〝秋芳洞"じゃ」
0x34800	15	「あきよし…どう…?」
0x34800	16	「僕と父さんで| 昔、調べた事があるんだ。@ 秋芳洞には〝ダイダラボッチの| 中枢"が封鰯されて| いる筈…」
0x34800	17	「〝中枢"?| それはなんなんじゃ…?」
0x34800	18	「…………ダイダラボッチの| 〝脳みそ"じゃ」
0x34800	19	「脳みそ…? それが秋芳洞に?」
0x34800	20	「ああ、ダイダラボッチの体は| いくつかのパーツに別れて| 日本の各地に封鰯されてる。@ そして、その中心となるのが| 〝脳"……脳は動けないから| 他のパーツが集まるしかない」
0x34800	21	「それで秋芳洞に行く訳ね…| 急がなきゃ!」
0x34800	22	「よし、事情はわかった。| すぐに出癸するとしよう」
0x34800	23	「おや? ねずみ男の奴の| 姿が見えんぞ?」
0x34800	24	「あいつ! この大変なときに| 臆病風に吹かれたのね!」
0x34800	25	「やれやれ…」
0x34800	26	「畜生…〝ダイダラボッチ"だ~?| 冗談じゃねえ!@ あの連中につきあってたら| 傘がいくつあっても足りねえぜ!@ 俺はこっそり| 救けさせてもらうぜ…」
0x34800	27	「………ねずみ男…」
0x34800	28	「な!? 追いかけて| きやがったのか?| 俺は絶対行かねえからな!」
0x34800	29	「ふふふ…お前の| 意志は関係ない!@ あの女がどうしても| お前が欲しいというんで| きてやったのさ…」
0x34800	30	「な…誰だてめえは!?」
0x34800	31	「ふふふふ…」
0x34800	32	「な…なんだ、この音楽は…?| あ…頭が痛え~!| や…止めろ!」
0x34800	33	「あ~っはっはっはっは!」
0x34800	34	「う…うう…!@ うぎゃああああああ~~!!」
0x34800	35	「しかたがない…| ねずみ男の奴はおいていくか」
0x34800	36	「もともと戦力としては| 頼りにしとらんかったとよ」
0x34800	37	「時間が無い。あいつの事は| 放っておいて出癸しよう!@ 大首達もそこにいるのかも| しれないしね」
0x34800	38	「…鬼太郎」
0x34800	39	「竹切り狸、| キミはこれからどうする?」
0x34800	40	「永遠の傘に目がくらんで| 竹の精まで驪して…| 俺は今、正直後悔してる。@ 竹の精にあやまって| 万年竹の奴を俺の支配から| 解放するよ」
0x34800	41	「そうか…それがいいな」
0x34800	42	「色々迷惑かけちまったな。| じゃあな、がんばれよ!」
0x34800	43	「ああ、竹の精によろしく」
0x34800	44	「よし、出癸じゃ!」
0x34800	45	「時間が無い。あいつの事は| 放っておいて出癸しよう!@ むじなの奴も| そこにいるのかも| しれないしね」
0x34800	46	「よし、出癸じゃ!」
0x34800	47	「時間が無い。あいつの事は| 放っておいて出癸しよう!@ ぬっぺらほうに| ペナンガランの奴もそこに| いるのかもしれないしね」
0x34800	48	「鬼太郎」
0x34800	49	「あ、ほうこう。| 頭はすっきりしたかい?| キミはこれからどうする?」
0x34800	50	「俺はここに残るぜ。変な薬の| 入ってないキムチを、たらふく| 嶋ってかねえと気がすまねえ!」
0x34800	51	「わかった。それじゃあな」
0x34800	52	「よし、出癸じゃ!」
0x34800	53	「ここがその〝秋芳洞"ね?」
0x34800	54	「簡単についたのう…」
0x34800	55	「あっさりしたもんじゃな。| 妨害か何かあると| 思ったんじゃが…」
0x34800	56	「本当に…ここでダイダラボッチが| 復活しようとしてるの?| なんか…抽子救けしちゃった」
0x34800	57	「僕達を…こんなに簡単に| 通すつもりか?| ずいぶんな余裕だな」
0x34800	58	「何か罠があるかもしれんぞ…| 慎重に進むんじゃ!」
0x34800	59	「…やはり、奴らの本樵地は| ここに間違いなかったのう。| さすが親父殿と鬼太郎じゃ」
0x34800	60	「それにしても…| ダイダラボッチの目が| もうここに来ていたなんて!
0x34800	61	 あの目玉…| 気持ち悪かった~!」
0x34800	62	「うむ…大きければ| いいという物ではないな…」
0x34800	63	「え? あ、違うのよ!| 目玉の親父さんは| 気持ち悪くないわよ!」
0x34800	64	「い…いや、ワシは別に…」
0x34800	65	「ダイダラボッチの| パーツはいくつあるで| ごわすか?」
0x34800	66	「僕の記憶が正しければ| 目、口、鼻、手、足…| そして脳…かな」
0x34800	67	「その内いくつかは…| もうこの洞窟に| 到着しておるじゃろうな」
0x34800	68	「げ! まだあんなのが| いっぱいおるのか…」
0x34800	69	「しっかし、| ねずみ男ったらないわね。@ なによ、あんな骨の女と| でれでれしちゃって…」
0x34800	70	「ねずみ男が裏切るのはいつもの| 事だけど…さっきの二人の様子は| ちょっと引っかかるな」
0x34800	71	「そうよね…ねずみ男ってば| 前はあんなに骨女の事を| 嫌がっていたのに…」
0x34800	72	「さっきの様子は| 〝絵に描いたようなラブラブ"| じゃったぞ?」
0x34800	73	「う~む、確かに」
0x34800	74	「さっきのねずみ男は…| 目が普通ではなかったぞ。@ まるで催眠術でも| かけられたみたいな| 瞳をしておったな」
0x34800	75	「まあうだうだ言っておっても| 始まらんわい!@ この先もダイダラボッチの| 各部分が行く手を阻んで| くるじゃろうが…@ 相手は日本を滅ほす力をもった| ダイダラボッチの一部、| 単品でも充分手強い筈じゃ。@ 倒せなくても| 撃退さえすればよい。| 深追いはせんことだ。@ 今はダイダラボッチの復活を| 阻止するのが先じゃ…〝脳"が| ある所まで一気に攻め込むぞ!」
0x34800	76	「はい!」
0x34800	77	「随分奧まで来たね…」
0x34800	78	「…気のせいか| ちょっと冷えてきたか?」
0x34800	79	「確かに、| 洞窟の中とはいえ、| 少し寒すぎるのう」
0x34800	80	「!? ようやくお出ましか!」
0x34800	81	「いかん!| 取り囲まれてしまったぞ!」
0x34800	82	「ふふふ…ようこそ…| さすが鬼太郎…早かったな!」
0x34800	83	「この声は…| お前だな、ぬらりひょん!」
0x34800	84	「いかにも…久しぶりだな鬼太郎」
0x34800	85	「現れたわね!」
0x34800	86	「ぬらりひょん…| またお前の顔を見る事に| なるとはな!@ お前は余程僕に倒されるのが| 好きみたいだな!」
0x34800	87	「くっくっく!| 減らず口をたたきおって…!」
0x34800	88	「ダイダラボッチの復活などと…| 愚かな事はやめるんじゃ!| ぬらりひょん!」
0x34800	89	「これはこれは親父殿…| その様にどなられては血圧が| 上がりますぞ?」
0x34800	90	「ふん…直々にお出迎えとは…| 随分余裕じゃな」
0x34800	91	「なあに…せっかくおこし| 頂いたのに、ワシの部下に| あっさり殺されでもしたら@ 会えなくなってしまうのでね。| 今の内に…顔でも見ておこうと| 思ったのさ」
0x34800	92	「なんですって!?」
0x34800	93	(ぬらりひょん…@ 今まで幾度となく鬼太郎と| 戦い、そして敗れておる| 日本の影の首傭…@ こ奴にとって悪巧みは| 生き甲斐そのものじゃ。@ しかし…ダイダラボッチの| 復活とはまた| 大それた事を!)
0x34800	94	「ぬらりひょん。| ダイダラボッチは簡単に| 操れるような奴じゃあないぞ!@ 恐らく日本を征服する以前に| めちゃくちゃにしてしまう!@ 悪いことはいわん。| こんなやり方はよせ。| 考え直すんじゃ!」
0x34800	95	「貴様らが悪いのだ…| 貴様らが事を焦らせるから| こんな事になる。見ろ!」
0x34800	96	「あ…あれは…?」
0x34800	97	「ダダダ…ダイダラボッチの| 〝目玉"じゃ~~!」
0x34800	98	「すでにここへ| たどり着いていたのか?」
0x34800	99	「ふふふ…まもなく| 〝口"と〝鼻"も到着する。@ 〝手"と〝足"は大きいから| 到着がまだ先になるようだが…| それらがくれば全てそろう!」
0x34800	100	「く…本気で悲劇を| 起こすつもりか?」
0x34800	101	「ふふ…起きるのは| 悲劇などではない。@ ダイダラボッチの復活によって| ワシの楽光の未来が| 築かれるのだ!」
0x34800	102	「絵空事だ…!| そんなことさせはしないぞ!」
0x34800	103	「ふん、なんとでもほざけ。| さて…ワシはダイダラボッチの| 〝脳"の様子を見に行く。@ さらばだ鬼太郎…」
0x34800	104	「ま…待て!」
0x34800	105	「…ワシは最下層で待っている| 止めたければくるがいい。| 決着をつけてやる!@ じゃあ…運が良ければ| また会おう」
0x34800	106	「く……とにかくこいつらを| 倒してぬらりひょんを| 追いかけないと!」
0x34800	107	「鬼太郎…ぬらりひょん様の| 座興は気に入ったかい?」
0x34800	108	「骨女…またキミか!」
0x34800	109	「鬼太郎…ぬらりひょん様の| 座興は気に入ったかい?」
0x34800	110	「む…何者だ!?」
0x34800	111	「私の名は〝骨女"| よろしく頼むよ」
0x34800	112	「骨女…だと?」
0x34800	113	「さあ、こちとら手柄を立てないと| 後がないんでね…ちゃっちゃと| やらせてもらうよ」
0x34800	114	「こっちだって、| ダイダラボッチの完全復活を| 許す訳にはいかないんだ!@ 悪いけど…| さっさと倒させてもらうぞ!」
0x34800	115	「死ね! ダイダラボッチ様に| あだなすものめ!」
0x34800	116	「こいつらは妖怪じゃない。| 人間だな? 父さん…彼らは| 一体何者ですか?」
0x34800	117	「うむ…ダイダラボッチ教の| 信者じゃ!」
0x34800	118	「ダイダラボッチ…教?」
0x34800	119	「うむ。ダイダラボッチは伝説の| 大妖怪じゃ。日本各地に奴を| あがめる信仰が残っておる。@ こやつらは現代にそれを| 伝えてきた信者の末裔じゃろう」
0x34800	120	「じゃあ…ダイダラボッチの| 各パーツの封鰯を| 解いたのも…?」
0x34800	121	「ぬらりひょんの手助けが| あったにせよ、こいつらが| 実行犯じゃろうな。@ 集めておった人間の生気の| 一部はその復活に| 使われたんじゃろう」
0x34800	122	「なんて事を…!」
0x34800	123	(懲らしめてやらんといかんが…| 相手は人間じゃ。@ できれば戦わずに| すませたいのう…)
0x34800	124	「鬼太郎共! 性懲りもなく| 俺達の邪魔をしやがって!| 今日こそ思いしらせてやる!」
0x34800	125	「お前もぬらりひょんの| 部下だったのか!」
0x34800	126	「お前達…やるじゃないか!」
0x34800	127	「観念しろ、骨女!」
0x34800	128	「そういうわけにはいかないさ。| 一旦退却させてもらうよ」
0x34800	129	「逃がしはしないぞ!」
0x34800	130	「ふふふ…| ダーリン~~!| 助けに来て~!」
0x34800	131	「へっへっへ!| あ~いよ~骨女ちゃ~ん!」
0x34800	132	「ね…ねずみ男!?」
0x34800	133	「なによこれ…どういうこと?」
0x34800	134	「おかしな格好をしておるが…| 本物のねずみ男に| 間違いないようじゃな」
0x34800	135	「ねずみ男? ちっちっち!| 今の俺は〝聖ねずみ男"| ってんだ!@ 以後お間違えなきよう頼むぜ!」
0x34800	136	「聖…ねずみ男だって?| それにその格好…一体| 何があったんだ?」
0x34800	137	「鬼太郎…ダイダラボッチが| 復活したらみんな| 食べられちまうんだぜ?@ けどよ、ダイダラボッチ教に| はいって、ぬらりひょん様に| 味方しときゃあ安心だ…@ 俺様はそう言われて| 考えを改めたってわけよ!」
0x34800	138	「あいつ…捕まって| 教団に洗脳されよったんだ!」
0x34800	139	「なんてこった。| このややこしい時に…」
0x34800	140	「こんな短い時間で| 洗脳されちゃうなんて…| さっすがねずみ男…」
0x34800	141	「ふふふ…そして今では| 私の愛玩動物兼| 親歯なパートナーってわけ」
0x34800	142	(どんな兼任よ…それ…)
0x34800	143	「どう…うらやましいでしょ?」
0x34800	144	「……全~~~~然っ!」
0x34800	145	「な…何ですって!?| ふん…これだから| 子供は嫌いなのよ」
0x34800	146	「とにかく…今は引くわ| また後でね…鬼太郎…」
0x34800	147	「戦え~! ダイダラボッチ様に| その身捧ぐ覚梧の| ありし者ども~!」
0x34800	148	「おお~~~~~~っ!!」
0x34800	149	「鬼太郎、こ奴らはあの| 〝教祖"とかいう奴に| 従っておるのじゃ。@ あいつを倒せば士気を失い| 信者共は皆退却するのでは| ないか?」
0x34800	150	「成る程…やってみましょう!| あまり人間と戦うのは| 良い気分じゃありませんからね」
0x34800	151	「ぐお! ま…まいった。| 殺さないでくれ!」
0x34800	152	「僕はこれ以上| 何もする気はない。| 逃げたければ逃げろよ」
0x34800	153	「ひ…ひぃい! て…撤退~」
0x34800	154	「あ! お待ちください| 教祖様~!」
0x34800	155	「グガアアアアアア~~!!」
0x34800	156	「あ、まて!」
0x34800	157	「く…逃げられてしまったか…」
0x34800	158	「ゴゴ…ガガガ!?」
0x34800	159	「あ、こら!」
0x34800	160	「く…結局二体共逃げられたか…」
0x34800	161	「これは…奴らを捕まえるのは| 思ったより大変に| なりそうですね」
0x34800	162	「これで全部じゃな」
0x34800	163	「ええ、不意打ちで少し| 驚きましたけど| 何とかなりましたね」
0x34800	1024	開癸中
0x37800	0	「あれから結構下って来たが| 奴ら、なかなか| 姿を見せんな…」
0x37800	1	「そうですね…」
0x37800	2	「アタイ達…なんだか| 誘い込まれているみたい…」
0x37800	3	(僕らを止める気があるのか?| ぬらりひょんは…何を| 考えているんだろう?)@「…ダイダラボッチのパーツが| 復活しているとなると、外は| 大騒ぎになってる筈。@ 一度ルカちゃんに外の様子を| 聞いてみよう。何か情報が| 得られるかもしれない」
0x37800	4	「あれ…? おかしいな?」
0x37800	5	「どうした? 鬼太郎」
0x37800	6	「携帯が使えなく| なっちゃってる…」
0x37800	7	「そりゃあ、鬼太郎どん。| こんな洞窟の奥深くでは| 電波も届かんばい」
0x37800	8	「…妖怪携帯は普通の携帯とは| 違う…この程度の環境なら| なんとか届く筈なんだけど…@ ダイダラボッチの妖気が| 電波を混乱させて| いるんだろうか?」
0x37800	9	「ワシのでも試してみるか」
0x37800	10	「おいどんも見てみるでごわす!」
0x37800	11	「………………ええい!| けしから~~~~~ん!」
0x37800	12	「きゃ!」
0x37800	13	「な…なんじゃ!?」
0x37800	14	「どいつもこいつも…敵地内で、| しかも戦いの最中だというのに| 携帯電話なぞ覗きこみおって!」
0x37800	15	「あ…す、すみません父さん」
0x37800	16	「つながらんなら| さっさとしまわんか!」
0x37800	17	「そう…携帯電話を| 毛嫌いせんでも…| 便利なものじゃぞ?」
0x37800	18	「便利だかなんだか知らんが| 礼儀の問題じゃ!」
0x37800	19	「わ…わかったでごわすよ…」
0x37800	20	(とほほ…ワシの仲間をして| この有様では…@ 世間の若者のマナーは| どうなっとるか| わかったものではないな!)
0x37800	21	「う…なんか…| どんどん寒くなってきてない?」
0x37800	22	「確かに…| 体が冷たくなってきたわい。| ちょっと異様な寒さじゃな」
0x37800	23	「鬼太郎、向こうに| 明かりが見えるぞ」
0x37800	24	「本当ですか、オババ!?@ ダイダラボッチの〝脳"が| ある場所かもしれませんね。| 急ぎましょう、父さん」
0x37800	25	「ん?」
0x37800	26	「どうした? 鬼太郎」
0x37800	27	「いえ…さっきまで戦っていた| 方から、何か悲嶋の様な声が| 聞こえた気がして…」
0x37800	28	「そう?| 何も聞こえなかったけど…」
0x37800	29	「気のせいかな…」
0x37800	30	「心配なら、ワシが様子を| 見てきてやってもいいが…」
0x37800	31	「い、いいえ、いいんです。| それより今は先を急がないと…」
0x37800	32	「そういえば…| ねずみ男はどうしたの?」
0x37800	33	「あいつ…本当に一人だけ| どこかへ逃げてしまったのか?| 薄情なやつじゃ!」
0x37800	34	「うわああああ!」
0x37800	35	「な…なんじゃ?」
0x37800	36	「ぬ~り~か~べ~!| 地~震~か~?」
0x37800	37	「いかん、恐らくこれは| ダイダラボッチの| 〝足音"じゃ!」
0x37800	38	「足音…? ってことは?」
0x37800	39	「うむ、ダイダラボッチの| 〝足"が… もう近くまで| 来ているという事じゃ!@ おそらく〝手"も一緒に| やって来ておるやも知れんぞ!」
0x37800	40	「大変だ…先を急ぎましょう!」
0x37800	41	「ダイダラボッチの〝脳"が| あるのは恐らくもうすぐじゃ!@ 手や足が到着する前に| そいつを封鰯せねばならん。@ いよいよ正念場じゃ…| 気をつけて進むんじゃぞ!」
0x37800	42	「はい!」@(待ってろ…ぬらりひょん!)
0x37800	43	「こ…これは…?」
0x37800	44	「ささささ…寒~~い!| なにこれ…一面氷じゃない!」
0x37800	45	「おでましじゃぞ!」
0x37800	46	「!? お前達は?」
0x37800	47	「また会ったな…」
0x37800	48	「今度はこの前| みたいにいかないよ…」
0x37800	49	「鬼太郎…アンタを氷柱にして| 粉々に砕いてやるからね!」
0x37800	50	「雪国妖怪連合か!?」
0x37800	51	「やはりこやつらも| ぬらりひょんの| 手下だったんじゃな」
0x37800	52	「この寒さはあんた達の仕業ね…| しもやけになっちゃったら脊任| 取ってくれるんでしょうね?」
0x37800	53	「ふん、大丈夫よ。| しもやけなんかになる前に| カチンコチンにしてやるから!」
0x37800	54	「キ~!| 可愛いくな~~~い!!」
0x37800	55	「悪いが相手してる時間は| あまり無いんだ。| 力づくで通させてもらう!」
0x37800	56	「以前は不覚をとったが、| 同じ轍は二度と踏まぬ」
0x37800	57	「氷の世界の妖怪の| 誇りにかけて…」
0x37800	58	「鬼太郎…アンタ達を倒して| みせるわ!」
0x37800	59	「お前が鬼太郎だな?」
0x37800	60	「傘令を受けているんだ。| 悪いけど…ここを通すわけには| いかないね!」
0x37800	61	「どうしてもっていうなら…| アタシ達を倒して行きな!」
0x37800	62	「鬼太郎…こいつらは| 雪国妖怪じゃ!」
0x37800	63	「雪男に雪女に雪ん子総登場か…| …まさに〝雪国妖怪連合"| といったところだな!@ どういう理由があるのか| 知らないけど…こっちも| 麌んでる暇はないんだ。@ 無理にでも通らせてもらう!」
0x37800	64	「こっちだって麌びの| つもりはないわ!」
0x37800	65	「我らが受けた使傘は| 貴様の抹殺…ただそれのみ!」
0x37800	66	「極寒の氷雪に鍛えられし| 我らの実力…」
0x37800	67	「思い知るがいい~~!」
0x37800	68	「やる気は充分なようじゃな…」
0x37800	69	「ところで…こいつらはなぜ| 洞窟を冷やしているんじゃ?」
0x37800	70	「見てみろ…子なき爺…」
0x37800	71	「道が…氷でふさがれている?| あれじゃ通れないじゃないか!」
0x37800	72	「成る程…こやつらはこうして| 氷で道を塞いでおる| わけじゃな」
0x37800	73	「でも…これじゃ味方も| 通れないんじゃない?」
0x37800	74	「いいや、こやつらは| 氷を自由に操れるんじゃ。@ 仲間が通るときだけは| 入り口を開けられるんじゃ| ろうて」
0x37800	75	「ふふふ…その通りよ」
0x37800	76	「きゃ! 増援!?」
0x37800	77	「アタシ達の仕事は| 完璧なの…わかった?| 寒がり猫さん」
0x37800	78	(むっか~~!| なによこのガキ!?| いちいちあったまくる~っ!!)
0x37800	79	「へへへ…よう、鬼太郎!」
0x37800	80	「ねずみ男か!?| …お前は一体| どうしちゃったんだ?」
0x37800	81	「ちっちっち!| なってね~ぜ鬼太郎!@ 今の俺は〝聖"ねずみ男様だって| 言ってるだろ~が!| もの覚えの悪いガキだな…@ そんな事だから| ダイダラボッチ様に| たてつこうなんて@ 無意味な事| 考えちまうんだよ!| お~やだやだ!」
0x37800	82	「鬼太郎、ワシは| これ以上こいつと喋る事の方が| 無意味じゃと思うぞ」
0x37800	83	「…そうですね。同感です父さん」
0x37800	84	「にゃ…にゃに~~!
0x37800	85	 へ、コレを見てもそんな口が| きけるかな~?」
0x37800	86	「あれは!?」
0x37800	87	「く…ダイダラボッチの…| 〝口"じゃ!」
0x37800	88	「そうとも…日本をかみ砕く程の| 強靱な歯をもった〝口"だ!」
0x37800	89	「鬼太郎…かみ砕かれ、食べられて| しまうがいい!」
0x37800	90	「あの口…すごい妖気を| 放っている…」
0x37800	91	「へっへっへ! 見たか!」
0x37800	92	「く、急いで倒さなきゃ!」
0x37800	93	「さあ…行くぞ!」
0x37800	94	「望む所よ…!」
0x37800	95	「おのれ…| 一旦引き上げだ!」
0x37800	96	「やるじゃないの!| ち、これで終わりと思うなよ!」
0x37800	97	「あいたたた…一時退却ね…」
0x37800	98	「ぐう…おのれ…」
0x37800	99	「く! そ…そんな…!?」
0x37800	100	「やられ…ちゃった…」
0x37800	101	「やったか…?」
0x37800	102	「いや…まだじゃ!」
0x37800	103	「やっぱり…また合体する気か?」
0x37800	104	「芸のない奴らじゃ…」
0x37800	105	「なんとでもほざけ!」
0x37800	106	「いくわよ…」
0x37800	107	「私達の力を…一つに!」
0x37800	108	「うおおおおおおおおお~~!!」
0x37800	109	「父さん…こいつら| 以前より妖力が| あがっていますね」
0x37800	110	「うむ…じゃが所詮は| 既に倒した妖怪…| おそれる事はない!」
0x37800	111	「く…まだやる気か!」
0x37800	112	「おもしろい物を見せてやろう…」
0x37800	113	「なんじゃと?」
0x37800	114	「いくわよ…」
0x37800	115	「何を…する気だ?」
0x37800	116	「私達の力を…一つに!」
0x37800	117	「うおおおおおおお~~!」
0x37800	118	「こ…これは!?」
0x37800	119	「なんてデタラメな連中じゃ…| 合体しおったぞ!」
0x37800	120	「み~た~か~?| これぞ我らの力の結晶…| 真の力だ~~~!!」
0x37800	121	「ふん…力の結晶だかなんだか| しらないけど…それくらいで| 僕達は止められない!」
0x37800	122	「ここからのお前達の相手は…| 我らだけではない…」
0x37800	123	「なんだと?」
0x37800	124	「おのれ…まだ増援が| かくれておったのか?」
0x37800	125	「大首!? お前か」
0x37800	126	「そうとも鬼太郎。| 我なり!」
0x37800	127	「ふふふ…鬼太郎。| どう…? 雪国妖怪達は| おもしろいでしょう?」
0x37800	128	「ああ、見皰きたお前達の顔より| よっぽどいいよ!」
0x37800	129	「かっかっか!| 先の戦いでは不覚を取ったが、| 此度はそうはゆかぬぞ!@ 不死身の力はまだ| 蘇っておらぬが…今のお前達に| かような能力は不要!@ 軽く倒してくれるわ!| 覚梧せい!」
0x37800	130	「お前は…何者だ」
0x37800	131	「我は〝大首"太古の昔より| この日本を知るものなり…」
0x37800	132	「なんだと?」
0x37800	133	「大首…聞いたことがある。| 人間の霊魂を食らって不死身の| 力を得たという妖怪じゃ!」
0x37800	134	「人間の…霊魂を?@ そうか…さては| 竹切り狸やむじなの集めていた| 人間の生気はお前が?」
0x37800	135	「竹切り狸は始末した…」
0x37800	136	「なんだって!?| どういうことだ!」
0x37800	137	「かっかっかっか!| お伽話と同じだ!@ 欲をかく狸には| 悲劇的な結末しか| 用意されておらぬのだ!」
0x37800	138	「なんだか事情が| 複雑そうじゃの…」
0x37800	139	「ふふ…坊や達が| 知る必要はないわ」
0x37800	140	「ところで…ダーリンの姿が| 見えないけど…?」
0x37800	141	「ああ、あいつなら僕が正気に| もどしてやったよ」
0x37800	142	「な、なんですって~!?| お、おのれ鬼太郎~~| なんて事してくれたんだい!!@ もうゆるさないよ、覚梧おし!」
0x37800	143	「やれやれ…とにかく、みんな| まとめて相手になってやる!| かかってこい!」
0x37800	144	「ふん…言われずとも…」
0x37800	145	「てめえ、そいつらは人間だぞ?| 人間を手にかけるなんて、お前| それでも正義のヒーローか!?」
0x37800	146	「たとえ人間でも悪事を働くなら| 懲らしめてやらなきゃ。@ それに、ちゃんと手加減してる。| 死にはしないよ」
0x37800	147	「成る程…さっすが鬼太郎。@ …じゃねえや、ええい、| お前ら、仲間がやられたぞ!| 出てこい!」
0x37800	148	「く…後から後からぞろぞろと!」
0x37800	149	「ワシらに痛い目に遭わされるのが| 嫌になりはせんのか?」
0x37800	150	「へへ…こいつらは先祖代々の| ダイダラボッチ教信者だ!@ 何百年もの間、| ダイダラボッチ様の復活を夢に| 見てきたんだからな…@ 辛抱強さはピカイチだぜ!」
0x37800	151	「聖ねずみ男様! ご指示を!」
0x37800	152	「おお、お前達。| 鬼太郎どもをやっちまえ」
0x37800	153	「はは! 聖ねずみ男様!」
0x37800	154	「後からやってきた新参者の癖に| よく信者が従ってるなあ…」
0x37800	155	「あ奴には時折奇妙な| カリスマ性を感じる。@ 宗教組織の幹部なぞ| まさにおあつらえ向きの| 職業じゃろうて!」
0x37800	156	「あらら? もうそんなに| やられちまったのか?| 増援ちゃ~んいらっしゃ~い!」
0x37800	157	「聖ねずみ男様! ご指示を!」
0x37800	158	「へへ…来た来たっと!| さあ、鬼太郎をやっちまえ!」
0x37800	159	「はは! 聖ねずみ男様!」
0x37800	160	「く…キリがない…」
0x37800	161	「鬼太郎、ねずみ男を倒すんじゃ!| 信者共は教祖と同じくねずみ男の| 指示に従っておるんじゃ」
0x37800	162	「そうか、奴をたおせば…!」
0x37800	163	「うぎゃあああ~!| や<87>ら<87>れ<87>た~~!」
0x37800	164	「聖ねずみ男様がやられたぞ!| わ…我々も引き上げろ~~!」
0x37800	165	「〝辛抱強さはピカイチ"とか| 言ってましたけど…| 案外あっさり退却しますよね…」
0x37800	166	「指示をくれるリーダーがおらんと| 何もできず逃げるしかないとは…| 哀れなものじゃ」
0x37800	167	「あれ…鬼太郎?| いてて…ここはどこだ?」
0x37800	168	「ねずみ男! 正気に戻ったか?」
0x37800	169	「あれれれ~?| 俺様は一体いままで| 何してたんだ~?」
0x37800	170	「今までの事を| 何も憶えてないみたいですね」
0x37800	171	「やはり催眠術のたぐいで| 操られとったようじゃな」
0x37800	172	「ねずみ男、説明は後だ。| とりあえず下がってろ!」
0x37800	173	「? お、おう…事態が| 飲み込めねえが…遠慮無く| ずらからせてもらうぜ」
0x37800	174	「あ~~ダーリンが~!」
0x37800	175	「わわ!| ま、またお前かよ~!| こっちくんじゃねえ、ばけもの!」
0x37800	176	 |      〈ガ~~~~~ン!〉
0x37800	177	(ば…ばけもの…)
0x37800	178	「鬼太郎~後は頼んだぜ~!」
0x37800	179	「……ああ…ねずみ…男」
0x37800	180	「今の一言がシ∃ックだった| ようじゃな」
0x37800	181	「ちょっと…可哀想ですね」
0x37800	182	「おのれ…おのれおのれ| 鬼太郎~~!! よくも私から| ダーリンを奪っておくれだね!@ もう…許さないよ!」
0x37800	183	「く…鬼太郎…| ダーリンを…返せ…」
0x37800	184	「よほどねずみ男にご執心の| 様じゃの…」
0x37800	185	(本当に…どこがそんなに| 気に入ったんだか| 全然わからないな)@「催眠術で操って糠れさせて…| それで満足なのか?」
0x37800	186	「甘いね…大甘だよ鬼太郎…| 男と女の誓いなんてどうせ| どれも嘘っぱちなのさ…@ だったら…どんな手段を使って| でも相手をつなぎ止めなきゃ| だめなんだ! 力づくでもね!」
0x37800	187	「力づくで…つなぎ止める?| 本当の気持ちなんて関係ないって| いうのか?」
0x37800	188	「ふ…坊やも…いつかわかるよ| ぐ…! ゴフ!」
0x37800	189	(もはや…これまでか?)@「大首…様…!」
0x37800	190	「うむ」
0x37800	191	「我が身を…お捧げします。| どうか…我が恨み| お晴らし下さい!」
0x37800	192	「心得たなり!」
0x37800	193	「な…そんな!」
0x37800	194	「骨女を…食べおった!」
0x37800	195	「骨女…よくぞ今まで我に仕えた。| その遺志…たしかに| 譲り受けたぞ!」
0x37800	196	「く…なんてことを!」
0x37800	197	「う…よくもやってくれたね…」
0x37800	198	「今度こそ観念しろ、骨女!」
0x37800	199	(もはや…これまでか?)@「大首…様…!」
0x37800	200	「うむ」
0x37800	201	(さよなら…ねずみ男…)@「我が身を…お捧げします。| どうか…我が恨み| お晴らし下さい!」
0x37800	202	「心得たなり!」
0x37800	203	「ほ、骨女ちゃん!」
0x37800	204	「な…そんな!」
0x37800	205	「骨女を…食べおった!」
0x37800	206	「骨女…よくぞ今まで我に仕えた。| その遺志…| たしかに譲り受けたぞ!」
0x37800	207	「く…なんて奴らだ」
0x37800	208	「うおおおおお~!」
0x37800	209	「大首様!」@(畜生…竹切り狸が余計な事を| したおかげで、大首様の| 再生能力が働いていないんだ!)
0x37800	210	「大首様…| 我が身を…お捧げします。| 私の体をお使いください!」
0x37800	211	「う…わかった…なり」
0x37800	212	「な…そんな!」
0x37800	213	「骨女を…食べおった!」
0x37800	214	「骨女…よくぞ今まで我に仕えた。| お前のその力…| たしかに譲り受けたぞ!」
0x37800	215	「く…なんて奴らだ」
0x37800	216	「ぐおおおおおお~!| ここまでか…!」
0x37800	217	「あ! 待つんだ!」
0x37800	218	「我はまだ死ぬ訳にいかぬ…| 〝大いなる計画"の為に…」
0x37800	219	「何!?」
0x37800	220	「さらばだ…」
0x37800	221	「くっ…!」@(大いなる計画の為だって…?| それはこのダイダラボッチ復活| 計画の事じゃないのか…?@ まだ他に…なにかあるのか?)
0x37800	222	「ふおおおおおお~~!」
0x37800	223	「く…くそお!」
0x37800	224	「我らの完敗…か」
0x37800	225	「む、無念だわ…| て、撤退よ!」
0x37800	226	「ふう、やれやれ」
0x37800	227	「風よ…吹き荒れるがいい~!!」
0x37800	228	「うわ! 風が!」
0x37800	229	「く…身体の向きを| 保っていられん!| 気をつけろ、鬼太郎!」
0x37800	230	「さあ…我が巻き起こす| 風を味わえ……それ!」
0x37800	231	「ギギ…グガガガガ~!!」
0x37800	232	「なんて…不気味な姿だ!」
0x37800	233	「ググゴ…ガガァ~~!!」
0x37800	234	「あ! 待つんだ!」
0x37800	235	「く…また逃がした!」
0x37800	236	「口だけのくせに…| なんと素早いやつじゃ!」
0x37800	237	「これで全部片づけちゃったけど…| さて、これからどうしようかな@ とりあえず、あの氷の壁を| なんとかして、奧に| 進まないと…」
0x37800	238	「み、見ろ、鬼太郎!」
0x37800	239	「氷の壁が…消える?| 雪国妖怪達を倒したからか?」
0x37800	240	「よし、これで先へすすめるぞ!」
0x37800	241	「く…鬼太郎達を| 通してしまうとは…」
0x37800	242	「どうすんだよ…奴を倒すように| 言われてただろ?| あの方に怒られちまうよ!」
0x37800	243	「おのれ…鬼太郎!| どうして…なぜ勝てないの…!?
0x37800	244	 アタシ…怖い…!| あの方に…あの方に見つかる前に| 逃げましょ!」
0x37800	245	「逃げる? なかなか| 面当い癸想だな、雪ん子…」
0x37800	246	「は! あ…あなた様は!」
0x37800	247	「こ…ここへいらっしゃって| いたのですか?」
0x37800	248	「無論だ。ところで…| 鬼太郎達を意外と早く| 通したようだな?」
0x37800	249	「は…もも…申し訳ありません!| 奴ら…その…| なかなか手強くて…」
0x37800	250	「ふふ…言い訳はいらん。@ もとより…お前達に| 鬼太郎の相手がきちんと| つとまるとは思っていないさ」
0x37800	251	「な…なんですと?」
0x37800	252	「お前達…俺は以前お前達に| 充分な日々の糒を得るための| 術を教えてやったな…?」
0x37800	253	「魂のアイスキャンデーの| 大量生成法の事ですね?| 感謝しております」
0x37800	254	「そうだ。どうだ? 次は| もっと新しい力が| ほしくはないか?」
0x37800	255	「新しい…力?」
0x37800	256	「そうだ、鬼太郎など簡単に| 倒せる力だ!」
0x37800	257	「………………ほしい…」
0x37800	258	「今なんと言った雪ん子…| もう一度言ってみろ」
0x37800	259	「欲しい…欲しいです!| あの鬼太郎を…倒す力が!」
0x37800	260	「私もです。このままでは| 我ら雪国妖怪のメンツが| たちませぬ!」
0x37800	261	「お前は…どうだ?」
0x37800	262	「ええ…もちろん」
0x37800	263	「よし…では、授けよう!」
0x37800	264	「え?」
0x37800	265	「きゃあああああ~~!」
0x37800	266	「ぐわああ!| こ…これは一体!?」
0x37800	267	「あ…熱い!!」
0x37800	268	「きゃああああああ!| た…助けて~~!@ いやあああああああ~~!」
0x37800	269	「さあ、雪国妖怪どもよ、| 我の新たなしもべとなって| よみがえれ!@ ふふふ…は~っはっはっは!」
0x37800	1024	開癸中
0x3b000	0	「父さん…妖気がどんどん| 強くなってきていますね」
0x3b000	1	「うむ…今度こそ間違いなく| ダイダラボッチの脳みそのある| 場所へたどり着けそうじゃな」
0x3b000	2	(そしてそこでぬらりひょんと| ダイダラボッチを倒せば| 全てが終わる筈…
0x3b000	3	 その筈だけど…何か| 引っかかる…なんだろう…| このすっきりしない感じは…)
0x3b000	4	「? どうかしたの鬼太郎、| 怖い顔しちゃって…」
0x3b000	5	「いいや…なんでもないんだ」
0x3b000	6	「きゃ!」
0x3b000	7	「大丈夫か? 猫餅」
0x3b000	8	「あいたたた…| ありがとう、鬼太郎」
0x3b000	9	「ダイダラボッチの〝手足"が| 随分近くまで廸って| 来た様じゃの…」
0x3b000	10	「しかし…そんな大きい〝手足"が| この洞窟に入ってこれるのか?@ つっかえてしまうんじゃ| ないかのう…」
0x3b000	11	「…それ以前に、この洞窟が| 崩れるかもしれん。なにせ…」
0x3b000	12	「ひええええええ~~!」
0x3b000	13	「…この震動じゃからな」
0x3b000	14	「それをいうなら、ぬらりひょん達| とて同じではないか?@ 埋まってしまっては| 元も子もあるまい」
0x3b000	15	「ははは! 確かに!@ この分ではワシらが手を| 下さずとも、やつら自滅して| しまいそうじゃ!@ もしそうなったら| 傑作じゃな!」
0x3b000	16	「………………………」
0x3b000	17	「どうした、鬼太郎| 何か気になるのか?」
0x3b000	18	「父さん。今回の彼らの計画には| どこか腑に落ちない| ところがありませんか…?@ 本気で僕達を阻止して、| ダイダラボッチを復活させる気が| あるんでしょうか?」
0x3b000	19	「うむ…そうじゃな…」
0x3b000	20	「ワシらが奴の計画の| 核心にせまりそうじゃったんで| 焦っておったんじゃろう。@ それできちんとした準傭が| 整えられなかったのじゃろうて」
0x3b000	21	「…準傭不足だったんなら、| この場所から注意をそらそうと| しませんか?@ だが、ぬらりひょんは| 逆に僕達を挑癸して、| ここに来るよう言ってきた。@ なんだか…かみ合わないや…」
0x3b000	22	「やつも、もう年じゃ。| もうろくして| きよったんじゃろうて!」
0x3b000	23	「〝もうろく"か…」
0x3b000	24	「そうじゃとも!」
0x3b000	25	「…〝子なき爺"と、名前に| はじめから〝ジジイ"が| はいっとる奴に@ あまり言われとうない| 台詞じゃな…」
0x3b000	26	「なんじゃと砂かけ!| それを言うなら、| お主だって!」
0x3b000	27	「ワシはいいんじゃ!」
0x3b000	28	「まあ~まあ~!」
0x3b000	29	「確かに鬼太郎が感じとる| 事もわからんではない…| じゃが…」
0x3b000	30	「…現実に大変な事が| 起きようとしておる。| それは事実じゃ。@ ワシらは奴ではない。| 本当の考えがどこにあるのか| わからんで当然じゃ。@ 今は目の前の事に| 集中するんじゃ」
0x3b000	31	「……そうですね。| 僕が深読みしすぎている| だけかもしれませんね」
0x3b000	32	「うむ」
0x3b000	33	「鬼太郎!| 向こうが明かるかよ!」
0x3b000	34	「何だって!? ついに| ぬらりひょん達の本樵地に| ついたのか?」
0x3b000	35	「また寒い所だったら| いやよ…」
0x3b000	36	「とにかく、| 急いで確かめるんじゃ鬼太郎!」
0x3b000	37	「みんな、早く脱出するんだ!」
0x3b000	38	「信者どもの姿が見えんの…?」
0x3b000	39	「ダイダラボッチがやられたんで…| シ∃ックで逃げおったんじゃろう」
0x3b000	40	「そっか…それならいいけど…| とにかく急ぎましょ!」
0x3b000	41	「………うぐっ…………」
0x3b000	42	「ぬらりひょん、大丈夫か?| 手を貸そう!」
0x3b000	43	「操られていたとはいえ…ワシらは| 敵同士だぞ。そのワシを…| なぜ助けようとする…!」
0x3b000	44	「そんな事言ってる場合か!| さあ、僕につかまるんだ!」
0x3b000	45	「ふん、す…好きにしろ!| どのみち…ワシらは| このまま生き埋めだ!」
0x3b000	46	「………生き…埋め~?」
0x3b000	47	「うわ~~~!!| 生き埋めは嫌でごわす~!」
0x3b000	48	「ば…バカ!| 諦めちゃだめよ!」
0x3b000	49	「そうだ!| 全員ここから| 生きて脱出するんだ!」
0x3b000	50	「うわ!」
0x3b000	51	「いかん…本格的に| 洞窟が崩れてきおったぞ!」
0x3b000	52	「道がふさがってしもうた…| なんて事じゃ…!」
0x3b000	53	「とほほ…ここまでか」
0x3b000	54	「く…」
0x3b000	55	「だから言ったのだ…| 現実はそう甘くはない。@ 敵であるワシを助けようなどと| しなければ、お前らは皆| 生き延びられたかもしれぬのに…@ いらぬ情けをかけるから| 揃ってこんな所で傘を落とす| 羽目になる…」
0x3b000	56	「そんなことはない!| たとえ敵でも、助けられる傘は| 助けるんだ!@ それに、まだ終わった訳じゃ| ない! 何か脱出する方法が| あるはずだ!」
0x3b000	57	「ふん…往生際が悪いな。| 事ここに至ってはもはや| 奇跡でも起こらぬかぎり…」
0x3b000	58	「………………何か…| きこえる~!」
0x3b000	59	「…え?」
0x3b000	60	「ぶおおおおおおおおおお!」
0x3b000	61	「う…うわああああ!」
0x3b000	62	「あれは…| 懸づちではないか!」
0x3b000	63	「この秋芳洞の近くまで| 来ておったのか!?」
0x3b000	64	「ぶおおおおおおおおおお!」
0x3b000	65	「う…うわああああ!| な…なんだこいつは!?」
0x3b000	66	「これは…〝懸づち"じゃ!」
0x3b000	67	「懸づち? 懸づちって…| あの掃除機みたいに何でも| 吸い込んでしまうっていう@ 恐ろしい胃袋を持った| 妖怪の事?」
0x3b000	68	「うむ、恐らくこの近くで| 冬眠状態に入っておったんじゃ| ろうが…@ 〝霊気幡弾"の幡癸音で| 目が覚めたのじゃろうて!」
0x3b000	69	「ぐおおおおお~!| 俺の眠りを妨げるのは| 誰だ~~~!!」
0x3b000	70	「うわああ!」
0x3b000	71	「すごい暴れようじゃ…!」
0x3b000	72	「こ…今度こそ…おいどん達は| おしまいでごわす!」
0x3b000	73	「鬼太郎! 見て!」
0x3b000	74	「あれは…今懸づちが| 通ってきた穴だな…」
0x3b000	75	「そうじゃ! あそこを通れば| 埋まってしまった場所を| 迂回できるかもしれんぞ」
0x3b000	76	「そ…そうか! よし、みんな、| 暴れとる懸づちに気をつけて| あの穴に飛び込むんじゃ!」
0x3b000	77	「ぬらりひょん、いくぞ!」
0x3b000	78	「ふん…わかったわ…」
0x3b000	79	(鬼太郎…成る程な、| こ奴は運に味方されておる。| 手強い筈だな…)
0x3b000	80	「急ぐんじゃ!」
0x3b000	81	(母さん…僕に| 力を貸してください!)
0x3b000	82	「ここがどうやら| 最深部のようですね、| 父さん」
0x3b000	83	「む…!?| 鬼太郎…あれを見ろ!」
0x3b000	84	「え?」
0x3b000	85	「あれは…!」
0x3b000	86	「あれがダイダラボッチの| 脳みそか!」
0x3b000	87	「げ~! 他のにも増して| 大きくて気持ち悪~い!」
0x3b000	88	「確かに大きいの…」
0x3b000	89	「ところで…| ここには誰もいないのか?」
0x3b000	90	「妙じゃな…| 脳を破壊してくれと| いわんばかりではないか!」
0x3b000	91	「よ~し! これなら楽勝たい!| おいどんがひとっ走り行って、| あいつを壊してやるでごわす!」
0x3b000	92	「いかん!| 一反木綿…よすんじゃ!」
0x3b000	93	「大丈夫とよ~~!」
0x3b000	94	「うおおおおおお~~!?」
0x3b000	95	「一反木綿!?」
0x3b000	96	「何!? 何なの…?」
0x3b000	97	「な、何か…見えない| 壁のようなものがあったで| ごわす…!」
0x3b000	98	「き、鬼太郎! あれを!」
0x3b000	99	「なにあれ…? 結界って奴?」
0x3b000	100	「やはりな…何もない筈は| ないと思っておったが…」
0x3b000	101	「はっはっはっはっは!」
0x3b000	102	「やっと来たか鬼太郎…| 待っていたぞ!」
0x3b000	103	「出おったな!」
0x3b000	104	「お前の陰謀もここまでじゃ。| 覚梧せい!」
0x3b000	105	「ダイダラボッチの復活までには| なんとか間に合ったようだな。| 約束通り…決着をつけようか!」
0x3b000	106	「…………」
0x3b000	107	「どうした鬼太郎…?| ワシが恐ろしくて| 声もだせぬか?」
0x3b000	108	「ぬらりひょん…お前の| 本当の目的はなんだ?」
0x3b000	109	「なんだ?| 何を言っておる鬼太郎?@ わかりきっておるではないか!| ダイダラボッチを復活させ…| 日本を支配するのだ!」
0x3b000	110	「本当に…それだけが目的か?」
0x3b000	111	「無論だ!」
0x3b000	112	「きき…鬼太郎。話は後じゃ!| 早くあの脳を何とかせんと| ワシらも危ないぞ!」
0x3b000	113	「そ…そうですね。| わかりました!」
0x3b000	114	「ふふふ…」
0x3b000	115	「あ~~!? 何よ何よ!@ 決着をつけるとか言って…| 自分だけ安全な所に| 隠れようっての?」
0x3b000	116	「この結界が破れたら| ワシ自身が相手に| なってやる。@ その代わり…お前達には| 別な相手を用意した」
0x3b000	117	「く…またこいつらか…!」
0x3b000	118	「いや…親父殿、| 見慣れん奴が混じっとるぞ!」
0x3b000	119	「あれは…| ダイダラボッチの〝鼻"だ!」
0x3b000	120	「鼻…? なんか弱そうじゃの」
0x3b000	121	「油断するな…鼻だけとはいえ| 敵はあのダイダラボッチじゃ!| 心してかかるんじゃ!」
0x3b000	122	「ワシはここでしばらく| 高見の見物をさせてもらう」
0x3b000	123	「くそ……と、とにかく| 戦闘の準傭だ!」
0x3b000	124	「…こんな所で| 倒されんでくれよ。@ ワシとの決着という| メインディッシュが| 待っているんだからな!」
0x3b000	125	「待っていろぬらりひょん!| すぐにその結界を| 破ってやる!」
0x3b000	126	「増援か!?」
0x3b000	127	「気を付けろ鬼太郎。| 恐らく奴らの仲間は| まだ現れるはずじゃ!」
0x3b000	128	「しかし大きな鼻ですね…」
0x3b000	129	「うむ、鼻といえどあの| ダイダラボッチの一部。| 気を救いてはいかん!」
0x3b000	130	「グガガガガガァ~ッ!」
0x3b000	131	「やったか!?」
0x3b000	132	「また逃げられたか…」
0x3b000	133	「グギャアアオオオ~~ッ!」
0x3b000	134	「倒したか?」
0x3b000	135	「あ! しまった!」
0x3b000	136	(……足で歩くワシとちがって| 宙に浮いとる目玉は| 素早いのう…)
0x3b000	137	「うおおおおおお~~~~!!」
0x3b000	138	「今だ! とどめを!」
0x3b000	139	「む! いかん、| 逃げられてしまったぞ!」
0x3b000	140	「く…後もう少しだったのに…」
0x3b000	141	「ブフ!? ブフ~~ッ!!」
0x3b000	142	「逃したか…」
0x3b000	143	「奴らの力は強力じゃ。| 退けただけでも良しとせんとな」
0x3b000	144	「結局…ダイダラボッチのパーツを| 全部逃がしてしまいましたね…」
0x3b000	145	「気にするな鬼太郎。| どうせ奴らは脳さえ破壊すれば| 動けなくなる。@ とにかくダイダラボッチの脳を| 破壊するんじゃ!」
0x3b000	146	「そうですね…わかりました!」
0x3b000	147	「おおっといけねえ!| こっちは出口じゃねえのかよ!」
0x3b000	148	「ね…ねずみ男!」
0x3b000	149	「面倒な事になりそうだから| 急いで救け出そうと| 思ったのによ。@ …やっぱついてねえぜ。| どうも最近、行動が| 裏目にでちまうみてえだな…」
0x3b000	150	「ちゃんと正気に| 戻った様じゃな…」
0x3b000	151	「お、おうよ。| ちょっとだが操られる| 前後の事も思い出して来たぜ!
0x3b000	152	 あんの大口懸郎…へんな音楽で| 俺を操りやがって!| 今度会ったらとっちめてやる!」
0x3b000	153	(大口…? ぬらりひょんに| 催眠術をかけられた| わけじゃないのか?)
0x3b000	154	(やれやれ…正気にもどっちまった| 手前、今更連中の仲間に戻る| 訳にもいかねえな…@ しゃあねえ、今は鬼太郎に| つくか。旗色が悪くなったら| また考えりゃいいしよ)
0x3b000	155	「へへ、鬼太郎その節は| 世話になったな!| 俺様も…手伝うぜ」
0x3b000	156	「あ…ああ…」
0x3b000	157	(鬼太郎に味方すると決めた以上、| ちゃんと〝勝つための方程式"を| 教えてやらねえとな)
0x3b000	158	「鬼太郎。| その結界を破る方法を| 教えてやるぜ」
0x3b000	159	「なんだって?| どこでそんな情報を| 仕入れてきたんだ?」
0x3b000	160	「言っただろ? 操られてた間の| 事をちょっとずつ| 思い出して来たってな!@ 俺の記憶によると、その結界を| 破るには、四カ所のコウモリを| 全部倒さなきゃダメだ」
0x3b000	161	「ふむ…確かに結界の四購に| コウモリがおるの…| 奴らを倒せばいいんじゃな?」
0x3b000	162	「なんだ、そんな事でいいのか?| じゃあ、さっそく…」
0x3b000	163	「まてまて! あわてるな鬼太郎!@ あいつらは倒しても倒しても| わいてきやがる! できるだけ| 一気に四匹とも倒すんだ」
0x3b000	164	「そ…そうなのか?| 成る程…わかった」
0x3b000	165	「ま、後はお前次第だ。| がんばれよ、鬼太郎!」
0x3b000	166	「お前もたまには| 役に立つじゃないか、| 見直したぞ!」
0x3b000	167	「いや~それほどの事も…@ あ<87>る<87>け<87>ど<87>よ~!@ ま、情報料の請求書は後でお前の| 家に届けとくから、感謝の| 気持ちはそこで示してくれ」
0x3b000	168	「父さん…こいつ、ここに| 置いていきましょうか?」
0x3b000	169	「うむ、ワシも今| そう考えとった所だ」
0x3b000	170	「な…なんだよ!| 親子で脅廸か~?」
0x3b000	171	「何言ってるんだ。僕達がお前を| 正気に戻してやったんだぞ。| これで帳消しだ!」
0x3b000	172	「とほほ…わ、わかったよ!」@(ったく…こいつらは相変わらず| けちけちしてやがんな…| やっぱ関係を考え直すかな…)
0x3b000	173	「よし!」
0x3b000	174	「後三匹もこの調子で| 倒すんじゃ!」
0x3b000	175	「父さん、あれを!」
0x3b000	176	「む?」
0x3b000	177	「とほほ…増援か…」
0x3b000	178	「ねずみ男の言うとおり| 一気に結界を崩さないと| キリがないですね」
0x3b000	179	「うむ、そうじゃな。| 鬼太郎。できるだけ短い間隔で| 結界を護る四匹を倒すんじゃ!」
0x3b000	180	「はい!」
0x3b000	181	(要はあの場所にコウモリ達を| 復活させなきゃいいんだな?@ だったらコウモリを倒した後、| 場所をふさいでしまえば…)
0x3b000	182	「結界が…」
0x3b000	183	「ほほう…やっとワシの| 出番か…」
0x3b000	184	「ぬらりひょん! さあ、| 僕達と戦え!」
0x3b000	185	「…いいだろう。| ワシを引きずりだした事、| 後悔させてくれるわ!」
0x3b000	186	「ぬらりひょん!| ダイダラボッチを一体| どうやって操るつもりなんだ!」
0x3b000	187	「どうやって…だと?| 知らぬな…」
0x3b000	188	「な…なんだって!?| どういうことだ!?」
0x3b000	189	「ふふふ…鬼太郎。| さあ、そんなことより| 存分に戦おうではないか…@ 宴は…まだ始まったばかりだぞ。| ふははははははは!」
0x3b000	190	(おかしい…やっぱり何か| おかしいぞ…?)
0x3b000	191	「さあ…そこまでだぬらりひょん!| おとなしくしろ!」
0x3b000	192	「そのダイダラボッチの脳みそは| 封鰯させてもらうぞ!」
0x3b000	193	「や…やめろ…| うぐ…うががが…| うがあああああああああ~~!」
0x3b000	194	「な…なんだ…?」
0x3b000	195	「うわあ! ダイダラボッチの| 手足が…もうすぐそこまで| きてるのか…?」
0x3b000	196	「き、鬼太郎!| ぬらりひょんの事は後回しじゃ。| 脳みその方をなんとかせんと!」
0x3b000	197	「は…はい!」
0x3b000	198	「こうなったら封鰯している時間は| ない! 直接ダイダラボッチの| 脳を破壊するんじゃ!」
0x3b000	199	「ほ、本当に破壊するんですか?| なんだか少し…| かわいそうですが…」
0x3b000	200	「大丈夫じゃ、ダイダラボッチの| 脳が破壊されたとて| 奴は消滅したりはせん。@ ほんの何百年か動けなくなる| だけじゃ。| とにかく急ぐんじゃ!」
0x3b000	201	「そ、そうですか…?| じゃあ…いきます!」
0x3b000	202	「ダイダラボッチの…最期か…」
0x3b000	203	「足音が……やんだ」
0x3b000	204	「脳が破壊されれば| 残りのパーツは活動できん。@ こちらに向かっていた足も手も| おそらく…今頃地上で| 横たわっていることじゃろう」
0x3b000	205	「そうですか…大きな被害が| でていなければいいですが…」
0x3b000	206	「とりあえず…終わったな、| 鬼太郎」
0x3b000	207	「ええ…父さん…」
0x3b000	208	「ううう…」
0x3b000	209	「鬼太郎~!| ぬらりひょんの奴、| 気が付いたわよ!」
0x3b000	210	「う…鬼太…郎?」
0x3b000	211	「ぬらりひょん…お前の悪巧みは| これで全て無駄に終わった…| 観念しろ!」
0x3b000	212	「うう…| ワシは…ここで何をして| おるのだ?」
0x3b000	213	「なんじゃと!?」
0x3b000	214	「あれま、なんでえ、| ひょっとしてあんたも俺みたいに| 操られてたってのか?」
0x3b000	215	「馬鹿な、ぬらりひょん程の| 妖怪が操られるなぞ…」
0x3b000	216	「うぐ…どうやら…| ワシはお前と戦わされて| いたようだな…不覚…」
0x3b000	217	「催眠術…本当にそうなのか?| お前ほどの実力者を…| 一体誰が!」
0x3b000	218	「わわ! なんじゃ?| 電話の音か?」
0x3b000	219	「これは…嶋ってるのは| 僕の携帯か…?」
0x3b000	220	「あら? さっきまで| 使えなかったのに…変ね?」
0x3b000	221	「いつのまに電波が届くように| なっていたんだろう?」
0x3b000	222	「ももも…もしもし?」
0x3b000	223	「ルカちゃんかい?」
0x3b000	224	「あ! 鬼太郎さん!| やっとつながった!| 今どこにいるんですか?」
0x3b000	225	「ああ、秋芳洞だよ。そっちは| ダイダラボッチの手や足が| 現れて大変だっただろう?」
0x3b000	226	「だ、ダイダラボッチの手足?| なんの事ですか?」
0x3b000	227	「えっ? あんな大きいものが| 出現したのに、ニュースに| なってないのか?」
0x3b000	228	「そんな事より、竹の精さんが| 鬼太郎さんに| 話があるらしくて…」
0x3b000	229	「鬼太郎かい?| あんた、どこいってるの!| 大変なんだよ!」
0x3b000	230	「もしかして…ダイダラボッチの| 事かい? それなら心配は| いらないよ」
0x3b000	231	「ダイダラボッチ?| それは…何の話?」
0x3b000	232	(竹の精も知らないなんて…)@「じゃあ…何が大変なんだ?」
0x3b000	233	「あんた達がよく使ってる| 恐山の病院…しってるだろ?」
0x3b000	234	「ああ、〝土中恐山"の事かい?| もちろんさ、@ 僕らの身体に異常があった時に| 離一診てもらえる病院だからね」
0x3b000	235	「その…土中恐山が| 何者かに襲われたらしいよ!」
0x3b000	236	「なんだって…!?| それで!?」
0x3b000	237	「病院の中に蓄えてあった| 大量の妖怪血漬が全て奪われた| らしい…犯人や目的は不明さ」
0x3b000	238	「こりゃ大変じゃ…!」
0x3b000	239	「ぬ~り~か~べ~!| 一体~誰~が~!」
0x3b000	240	「とにかく…一度ゲゲゲの森に| 帰ってきて。…じゃあ」
0x3b000	241	「どうなってるの?| 全ての黒菷は…ぬらりひょんじゃ| なかったってわけ?」
0x3b000	242	「わからないけど…| 一体誰が…?」
0x3b000	243	「な、今度は何じゃ?」
0x3b000	244	「ハ~イ、鬼太郎!」
0x3b000	245	「な! お前は…誰だ!」
0x3b000	246	(いや…まてよ?| こいつ、どこかで| 会ったことがあるぞ!?)
0x3b000	247	「あ~~!| あいつは俺に催眠術を| かけやがったやろうだ!」
0x3b000	248	「なんですって?」
0x3b000	249	「ぬらりひょん…| もしかしてお前も| こいつに…?」
0x3b000	250	「わ、若造…貴様、よくも| このワシを操ってくれたな!」
0x3b000	251	「おやおや…| そうにらまないで欲しいな…@ アンタに最適な催眠音楽を| 作曲するのも結構| 大変だったんだぜ。@ …恨むなら俺じゃなく| 鬼太郎を恨んでくれ」
0x3b000	252	「どういう事だ…!」
0x3b000	253	「俺達の計画に、彼は思ったより| 早く気付きはじめていた。@ こうなれば鬼太郎達を| 罠にかけ抹殺する他ない。@ キミとダイダラボッチは…| 名養ある鬼太郎の注意をひく| 囮に選ばれたんだよ!」
0x3b000	254	「ワシが…囮だと?」
0x3b000	255	「信じらんない…!」
0x3b000	256	「そんな…じゃあまさか| 本当の黒菷は…!?」
0x3b000	257	「君達は俺たちの計画に| 完璧にひっかかってくれた。@ 今回はそのお礼を| 言おうと思ってね…| 挨拶にきたってわけさ!」
0x3b000	258	「なんだって!?」
0x3b000	259	「なんじゃ!?」
0x3b000	260	「あ…あれは…!」
0x3b000	261	「お…お前達は…」
0x3b000	262	「へ、久しぶりだな鬼太郎。| あいかわらずしけた面だぜ…」
0x3b000	263	「へへ…そうかい?| 前見たときより男前に| なったんじゃないかい?」
0x3b000	264	「…………………」
0x3b000	265	「エリート…ごくろうだった」
0x3b000	266	「なあに…簡単だったよ。| 退屈な任務だった…」
0x3b000	267	(そうだ…あいつの名は| 吸血鬼エリート!@ あいつだけじゃない。| みんな僕が戦ったことのある| 西洋の妖怪達だ!)@「…エリートにラ<87>セーヌ…| 西洋妖怪大集合って訳か…」
0x3b000	268	「へっへっへ!| なかなか壮観だろう?」
0x3b000	269	「エリート殿、| 申し訳ない| 不覚をとった…」
0x3b000	270	「いいや、充分さ!| おかげで完璧な結果が| 出せたよ…」
0x3b000	271	「大首もこいつらの仲間か!」
0x3b000	272	「くっくっく…| 久しいな、鬼太郎。| 元気そうで何よりだ!」
0x3b000	273	「そうか…全てはお前の| 仕業だったんだな?
0x3b000	274	 吸血鬼…ドラキュラ!」
0x3b000	275	「ふっふっふ…| 思いもよらなかった様だな」
0x3b000	276	「ああ、だが…合点がいったよ。| お前が真の黒菷だったのか!」
0x3b000	277	「ドラキュラ様、作業は完了| 致しました。我らは先に| 戻っております」
0x3b000	278	「ああ、そうしてくれ」
0x3b000	279	「またね、鬼太郎!」
0x3b000	280	「貴様らは何を| 企んでおるんじゃ?| さては…日本の征服か?」
0x3b000	281	「日本の征服? はっはっは!| こいつはお笑いだな!」
0x3b000	282	「何がおかしい!?」
0x3b000	283	「確かに…それは| 過程の一端ではある。
0x3b000	284	 そうとも、| この日本は制圧する…
0x3b000	285	 〝世界征服"への| 第一歩としてな!」
0x3b000	286	「世界…征服だって!?」
0x3b000	287	「正気なの…?」
0x3b000	288	「また大それた事を| 言いだしおって…| つき合ってられんわい!」
0x3b000	289	「貴様らのようにこの狭い島国に| 生きる妖怪の物差しでは| 理解できんかもしれんな…@ だが、それこそが| 由緒正しき魔の血統を| 現代に受け継ぐこの私…@ 〝吸血鬼ドラキュラ"の| 使傘であり、悲願なのだ!」
0x3b000	290	「彼岸だかお盆だかしらんが…| そんな世迷い事…本当に| できると思っておるのか?」
0x3b000	291	「私はついにそれを成しえる| 力の一端を手に入れた。@ 夜の世界へと封じられし我らが、| 人間を支配するその力を…な。@ それは可能なのだ…!| ある条件を満たせば!」
0x3b000	292	「ある…条件?」
0x3b000	293	(あれは…| ぬっぺらほう達じゃないか!?)
0x3b000	294	「そう…その条件を満たす為には| 樵点となる場所が必要だった。@ 我らが懸望を育み…| 目的を達成させる為に| 根をはる苗床がな!」
0x3b000	295	「7つの海を渡り、我らが| たどり着いた結論| それは…@ 数多の霊場を持ち、| 霊的要素が強く、妖力を| 培い、養うのに最適な場所…@ 極東に存在する島国。| そう、つまりここ日本だ!」
0x3b000	296	「お前達は…何者だ!」
0x3b000	297	「ワシの名は〝チー"| 中国を統べる妖怪だ」
0x3b000	298	「チー?」
0x3b000	299	「手下の中にはワシを〝帝"と| 崇める者もいるがな」
0x3b000	300	「帝ですって!?@ じゃあ…ぬっぺらほう達に| 若さのエキスを献上| させていたのは…こいつ?」
0x3b000	301	「ふん…こいつらの邪魔を| してくれたそうだな…?」
0x3b000	302	「中国妖怪…チーだって?| お前が…狐達を| 操っていた張本人か!」
0x3b000	303	「天狐殿はこのことを| 知っておられるのか?」
0x3b000	304	「ふふ…天狐の昼行虹は| ワシが倒してやったわ…」
0x3b000	305	「なんと!? 天狐が| 倒されたじゃと!?」
0x3b000	306	「ふふふ…驚いたか!| 我らが帝に不可能はない」
0x3b000	307	「お前は何者だ!?」
0x3b000	308	「ふっふっふ…」
0x3b000	309	「あれはぬっぺらほうじゃ!」
0x3b000	310	「ぬっぺら…ほう?」
0x3b000	311	「チー様、予定通り全ての準傭が| 終了いたしました」
0x3b000	312	「うむ…ご苦勞!」
0x3b000	313	「あ~あいつ!」
0x3b000	314	「ふふふ…」
0x3b000	315	「むじな! 貴様、| このチーとかいう奴の| 部下じゃったのか?」
0x3b000	316	「まあな…そんな所だ。| 日本の妖怪達を混乱させ…@ 世界の妖怪のみなさんが| 仕事を進めやすくするのが| 俺の主な仕事さ…」
0x3b000	317	「日本の妖怪のクセに…| 恥ずかしくないのか!?」
0x3b000	318	「ふん…弱者の遠吠えは| みっともないぜ…」
0x3b000	319	「ペナンガラン!| お前もやはり| こいつらの一味か!」
0x3b000	320	「改めて自己紹介しよう| 俺の名はペナンガラン。| 南国の妖怪だ!」
0x3b000	321	「南国…だって!?」
0x3b000	322	「ふふふ…」
0x3b000	323	(あいつは何者だ?| 見慣れない妖怪だな…)
0x3b000	324	「俺の名はペナンガラン!| 南国の妖怪よ!」
0x3b000	325	「ペナンガランだって!?」
0x3b000	326	「ふふふ…」
0x3b000	327	(あいつはたしか…| 鏡獅子の中に入って| いた妖怪じゃないか!)
0x3b000	328	「俺の名はペナンガラン!| 南国の妖怪よ!」
0x3b000	329	「ペナンガラン…| お前もやはり| こいつらの一味か」
0x3b000	330	「ドラキュラ殿、では後ほど…」
0x3b000	331	「うむ」
0x3b000	332	「鬼太郎、やっと会えたが…| さらばだ!」
0x3b000	333	「そして俺はヴォジャーイ!| 流氷漂う北の海の主とは| 俺の事よ!」
0x3b000	334	「北の海の主…?| お前さんが雪ん子達を…?」
0x3b000	335	「ああ、こいつらは俺の部下だ。| おっと…〝だった"| と言うべきか?」
0x3b000	336	「どういうことじゃ!?」
0x3b000	337	「………」
0x3b000	338	「………」
0x3b000	339	「………」
0x3b000	340	(なんだ…? 前に戦った時と| 様子が違うな…)
0x3b000	341	「ふふふ…」
0x3b000	342	「ヴォジャーイ! 思い出した!| 奴はロシアの大妖怪じゃ!」
0x3b000	343	「西洋に南方に中国にロシア…?| ってことは…@ この日本へ世界中の妖怪が| 攻めてきたって事になるのか!?| こりゃ大ニュースだぜ!!」
0x3b000	344	(へへへ…俺様にも運が| 回ってきたぜぇ~!)
0x3b000	345	「貴様達が死んでしまう前に| こいつらで楽しもうかと| 思ったが…間にあわなんだわ!」
0x3b000	346	「何!?」
0x3b000	347	「まあいいさ。時間はある…| お前達が消えた後で| ゆっくり楽しむとしよう。@ ではさらばだ…ボン<87>ボヤージュ!」
0x3b000	348	「鬼太郎…今からでも遅くはない。| 私の仲間になる気はないか?@ そして…ともに世界を| 征服しようではないか」
0x3b000	349	「世界を征服して…| どうしようというんだ?」
0x3b000	350	「妖怪が人間を支配する| 理想的な社会を作るのだ!」
0x3b000	351	「…断る」
0x3b000	352	「ほほう…?」
0x3b000	353	「征服とか…支配とか…| 妖怪と人間の関わりあいかたは| そんなものじゃない筈だ。@ どちらか一方がもう一方を| 支配するなんて間違ってる!」
0x3b000	354	「お前ならそういうと思ったよ…@ では、お前は我らがこれより| 行う日本制圧作戦を| 見ることなく死ぬがいい!」
0x3b000	355	「ドラキュラ…妖怪血漬を| 盗んで何をする気じゃ!」
0x3b000	356	「ふ、冥土の土産に| 教えてやろう…| あの妖怪樹を復活させるのだ…」
0x3b000	357	「なんじゃと? 正気か!?」
0x3b000	358	「それだけじゃないぜ。@ この日本にベリアルを呼んで| 悪魔軍団を召喚しちまおうって| 計画もあるのさ!」
0x3b000	359	「な…悪魔軍団を…?」
0x3b000	360	「ふふふ…| おしゃべりがすぎたようだ。@ これまで共に死闘を繰り広げて| きたキミに敬意を表して@ 最後のチャンスを| 与えようと参じたが…| どうやら無駄に終わったようだ」
0x3b000	361	「うわ!」
0x3b000	362	「な…なに?」
0x3b000	363	「我々の仕掛けた霊気幡弾が| 作動した様だな…」
0x3b000	364	「この洞窟は…| まもなく崩れ去る…!」
0x3b000	365	「なんじゃと、本当か!?」
0x3b000	366	「日本制圧の障害になりかねない| 鬼太郎達とダイダラボッチが| 最大の心配の種であったが…@ それもたった今解消された…| ダイダラボッチは見事鬼太郎が| 始末をしてくれた。@ そして…ダイダラボッチ相手に| 戦った今のお前達には、ここから| 脱出する力など残っていまい。@ ダイダラボッチも貴様らも、| 二度と蘇れぬ様| 生き埋めにしてくれる!」
0x3b000	367	「く…まだ中にはぬらりひょんや| 信者達人間が残っているんだぞ!| 彼らも殺す気か!?」
0x3b000	368	「ふん!| 知ったことではないわ…| どのみち邪魔者よ」
0x3b000	369	「ドラキュラ…貴様!」
0x3b000	370	「いかん、| これは大掛かりな罠じゃ!| はやく逃げるんじゃ鬼太郎!」
0x3b000	371	「でも…!」
0x3b000	372	「鬼太郎! ダイダラボッチ教の| 信者さん達…助けなきゃ!」
0x3b000	373	「…………く…」
0x3b000	374	「うぐ…」
0x3b000	375	(ぬらりひょんも自力では| もう動けないみたいだ…| 彼も助けないと…)@「わ、わかりました…」
0x3b000	376	「ドラキュラ殿、| 引き上げますか?」
0x3b000	377	「ああ、超音波瞬間移動を頼む」
0x3b000	378	<8b>例の物も…忘れずに…な<8c>
0x3b000	379	<8b>はは…わかっておりますとも!<8c>
0x3b000	380	「さらばだ鬼太郎…| せいぜい悪あがきでもする事だ、@ 自分の無能をかみしめながらな!| あ~っはっはっはっはっは!」
0x3b000	381	「あ~ちょっちょっと| まってくれよ~!」
0x3b000	382	「な、なんだ貴様は!」
0x3b000	383	「な、なんだこれ?| 転送って奴か? あ~れ~!」
0x3b000	384	「行ってしもうたな…」
0x3b000	385	「アイツの事は| もう放っておけ!」
0x3b000	386	「はやく脱出しないと~!」
0x3b000	387	「そうじゃ!| いそげ鬼太郎!」
0x3b000	388	「は、はい!」
0x3b000	389	(でも…間に合うのか?)
0x3b000	1024	開癸中
0x40800	0	「ふふふ…これで我らの計画を| ゆっくり進める事ができるな…」
0x40800	1	「かような事なら…| 初めから奴を始末しておけば| よかった物を…!」
0x40800	2	「いいえ、ヴォジャーイ様、| 鬼太郎は手強い奴です。@ 我らの地道な計略があればこそ、| 奴を右往左往させて| 消耗させる事ができたのです。@ そうでなくては…いかに| ダイダラボッチやぬらりひょんを| 差し向けたところで@ ああも簡単に倒せは| しますまい…」
0x40800	3	「ふん!| 自分の手柄だとでも| 言いたそうだな?@ 鬼太郎に追われてワシの| 所に泣きついて| 来おったくせに!」
0x40800	4	「これは手厳しい…| ですが、結果を出した事は| 認めていただきたいものです」
0x40800	5	「おっと、このエリート様が| ぬらりひょんを操ったって事も、| 忘れてもらっちゃ困るな。@ まあ、やりがいがあって| 楽しかったけどね」
0x40800	6	(ワシ自身の手で仇を| 取りたかったが…| まあ、しかたがあるまい)
0x40800	7	「私の超音波瞬間移動の| 効果の程もお忘れなく」
0x40800	8	「ああ、わかってるよ兄弟…」
0x40800	9	「ここまでくれば| 日本の占樵は時間の問題だ!| そしてそこから…@ これまで虐げられてきた我々| 妖怪が人間を支配する| 新しい時代が始まるのだ!」
0x40800	10	「そう…上手くいくかな?」
0x40800	11	「ドラキュラ殿!」
0x40800	12	「兄弟…」
0x40800	13	「ドラキュラの兄貴…」
0x40800	14	「…どういう意味だ?」
0x40800	15	「パトロールに出ていた| ロンロンの部下から| 連絡が入った。@ 鬼太郎達は…| 秋芳洞の崩落から| 全員脱出しおったようだ」
0x40800	16	「なんだと!」
0x40800	17	「それは真か!?」
0x40800	18	「ああ、やはり奴は強敵だ…@ エリート!| 例のものの癸動は| まだできんのか?」
0x40800	19	「ああ…あのお方が言うには| まだその時ではないらしい。@ 癸動の準傭は| できているんだけどな…」
0x40800	20	「ち、しかたがあるまい。@ 鬼太郎達がすぐ動き出す筈だ。| ラ<87>セーヌ、妖怪樹のおばさまと| 悪魔達に準傭を急がせるんだ!」
0x40800	21	「了解…」
0x40800	22	「ドラキュラ様…| こいつの処分は| どういたしましょう?」
0x40800	23	「いてて、は…放せよ!」
0x40800	24	「ふむ…脱出の時に紛れ込んで| きおった鬼太郎の仲間だな…| 確か…ねずみ男とかいったな?」
0x40800	25	「ドラキュラのダンナ、| 俺…アタシをダンナ方の末席に| 加えて頂けやせんかね?」
0x40800	26	「寝返ろうというのか?」
0x40800	27	「同族を助けようという| 気はないのか?」
0x40800	28	「ご冗談を。あんな先の見えない| バカ者共とアタシを一緒にして| 欲しくありませんな。@ その点、アタシは違いますぜ。| これからはダンナ方の時代だ。| 精一杯尽くさせて頂きますとも」
0x40800	29	「なかなか面当いやつだな…| いいだろう。奧に案内してやれ」
0x40800	30	「ドラキュラ様!?| よろしいのですか?」
0x40800	31	「仲間にして頂けるんで?| いやあ、さすがお目が高い!| よっ、大統傭!」
0x40800	32	「食事係が不足しておったのだ、| 厨房で芋の皮でも剥かせろ…」
0x40800	33	「成る程…わかりました」
0x40800	34	「…は? 芋の皮剥き…?| ちょ、ちょ、ちょっと待った!」
0x40800	35	「…不満か?」
0x40800	36	「いや、その、不満と申しますか、| なんと申しますか…@ 適材適所っていいますし、| こう見えてアタシは財務管理は| ちょっとしたもんですぜ?@ できればその、会計担当か| なんかで…」
0x40800	37	「そら! さっさと歩け!」
0x40800	38	「ちょ…ちょっと待ってくれよ!| お~い! お~いってばよ!」
0x40800	39	「よし、それではワシらは| 計画を進めるとしよう」
0x40800	40	(鬼太郎が生きている…| ふふ、楽しみが増えたわ)
0x40800	41	「ドラキュラ様、では私も| 出癸いたします」
0x40800	42	「うむ」@(鬼太郎…やはり貴様は| あの程度でくたばりはせんか…@ だが、今更我々の計画を| くつがえせはしまい。@ 我々に…あのお方が| 味方としておられる以上はな!)
0x40800	43	「それで…なんとか懸づちの| 開けた穴を通って脱出したのさ」
0x40800	44	「そうですか…| 大変だったんですね」
0x40800	45	「それにしてもダイダラボッチの| 手足の事、全然ニュースに| なってなかったとはね…」
0x40800	46	「…ネットでも、そんなニュースは| 流れてませんでした」
0x40800	47	(TVやネットの情報を消す| なんて…やつら、どうやって| そんな大がかりな事を…)
0x40800	48	「ともかく、奴らは恐山から盗んだ| 妖怪血漬で、妖怪樹を蘇らせる| つもりじゃ。なんとかせんと…」
0x40800	49	「父さん…その〝妖怪樹"| というのは| なんなんですか?」
0x40800	50	「日本のどこかにおる| 互大吸血植物妖怪じゃ。@ 奴に妖怪血漬を与えれば| 種子を作り、自分の| 分身を産み出すじゃろう。@ 恐山の大量の妖怪血漬を使えば、| それこそ日本中吸血植物だらけに| してしまえるのじゃ…」
0x40800	51	「〝ベリアル"とか| いっておったのは| 何者じゃ?」
0x40800	52	「……悪魔じゃ」
0x40800	53	「あ…悪魔じゃと!?| やつらそんなものまで| 仲間に加えおったのか?」
0x40800	54	「…ワシもにわかには| 信じがたいが…」
0x40800	55	「じゃあ…悪魔軍団| っていうのは…?」
0x40800	56	「おそらく…そのベリアルとか| いう奴が妖怪血漬を使って、@ 悪魔の仲間を大量にこの日本へ| 召喚するつもりじゃろう」
0x40800	57	「もし…それらが本当なら」
0x40800	58	「やつらの計画が成功すれば、| 日本はあっという間に| 支配されてしまうじゃろうて」
0x40800	59	「なんてことだ…」
0x40800	60	「急いで奴らを止めんと!」
0x40800	61	「じゃが…奴らがどこで| その計画を進行させて| おるのかわからん…@ 動きたくても| 動きようがないぞ!」
0x40800	62	「…どうにかならんのか…」
0x40800	63	「鬼太郎ど~ん!」
0x40800	64	「あ! お帰り一反木綿!」
0x40800	65	「どうだった、みんなの様子は?」
0x40800	66	「ダメでごわす…| みんなに協力を要請しに| かけずり回ったでごわすが…@ みんな相手があの| 〝ドラキュラ"聿いる| 世界妖怪軍団と聞くと…@ おびえてしもうて、一緒に| 戦ってくれる奴は| おらんかったとよ!」
0x40800	67	「そうか…まあ無理もない| 話じゃな」
0x40800	68	「連絡のとれん妖怪や、@ 鬼太郎の名前をだしただけで| 追い返された妖怪の家も| あったでごわす」
0x40800	69	「なにそれ? どういう事?」
0x40800	70	「きっと誤解を植え付けられた| ままの妖怪さん達がいるんです。@ 私の父の会社みたいに| 操られた人間の手によって、| ひどい目にあわされて…」
0x40800	71	「なんて事だ…奴らが| ここまで周到な作戦で| 日本をせめてくるなんて…@ どうやら…| 僕達だけでなんとか| するしかないみたいですね…」
0x40800	72	「……私…これで失礼します」
0x40800	73	「え? どうしたの急に?」
0x40800	74	「一反木綿さん。協力を断られた| 妖怪さん達の家を| 教えてください」
0x40800	75	「どうする気でごわす?」
0x40800	76	「私が直接事情を話して| 誤解を解いてきます!」
0x40800	77	「なんじゃと!?」
0x40800	78	「やめたほうがいいわよ!| 妖怪っていっても話のわかる| 奴ばっかじゃないんだから!」
0x40800	79	「でも…悔しいじゃないですか!| 鬼太郎さんががんばってるのに| 誤解されたままなんて!」
0x40800	80	「ルカちゃん…」
0x40800	81	「気持ちはわかるでごわすが…| 考え直すとよ。@ それに…全部の妖怪に| 断られた訳じゃないでごわす」
0x40800	82	「そうなのか?」
0x40800	83	「ほっほっほ!| かわいいファンも| いたもんじゃな。@ 鬼太郎は人気があって| ええのう」
0x40800	84	「この声は…」
0x40800	85	「よっと…邪魔するよ」
0x40800	86	「油すまし!」
0x40800	87	「話は聞いた…| ワシも協力するぞ」
0x40800	88	「おお…お前さんか!」
0x40800	89	「ワシの懇意にしとる連中にも| 声をかけてきた。まもなく| ここへ集まってくれる筈じゃ」
0x40800	90	「おお! さすがじゃな…| 頼もしいわい!」
0x40800	91	「じゃが…肝心の今後の| 作戦が決まっとらんのじゃ…」
0x40800	92	「奴らの動向が| さっぱり掴めんでな…」
0x40800	93	「小笠原と…京都だ」
0x40800	94	「ぬらりひょん!| 気が付いたか?」
0x40800	95	「お主は!?| …ここで何をしとる!」
0x40800	96	「詳しい説明は後にするが…| こ奴もドラキュラの奴に| 利用されておっての。@ 今は家で治療して| やっておったのじゃ」
0x40800	97	「小笠原に…京都?| それはなんの話じゃ?」
0x40800	98	「一眠りしたら…操られている間に| 聞いたことをおほろげに| 思い出してきた…@ 奴らは…小笠原と京都で| 何かを企てておる…| 恐らく…一方が妖怪樹…@ もう一方がベリアルとかいう| 奴の計画を進めている地では| ないかと思うが…」
0x40800	99	「ぬらりひょん…| その記憶は…確かなのか?」
0x40800	100	「ああ…断片的で核心部分までは| 思い出せないが…| 地名に関しては確かだ」
0x40800	101	「ふん!| アンタの言うことなんて| 信じられないわ!」
0x40800	102	「どうする…鬼太郎?」
0x40800	103	「…その場所に向かいましょう」
0x40800	104	「鬼太郎!?」
0x40800	105	「こ奴はワシらの昔からの| 敵じゃぞ!@ この機に乗じてワシらを| 陥れ、亡き者にする腹やも| しれん。信じていいのか?」
0x40800	106	「今は…一刻を争う事態だ。| たとえそれが100%確実な| 情報じゃなくても、@ 僕達がすぐに行動を| 開始しないと手遅れになって| しまう…」
0x40800	107	「うむ、ワシも異存ない」
0x40800	108	「小笠原に京都…| 確かに奴らが作戦を行うには| ふさわしい地と思えるな。@ その言葉を信じれば、| 恐らく妖怪樹は未だ多くの| 自然森林を残す小笠原…@ そして悪魔軍団の召喚は| 霊力の集う古都京都で行うと| 考えるべきであろうな。@ そう考えれば筋は通る。| ワシもその話を| 信じよう」
0x40800	109	「ここでじっとしてても| しょうがないし…」
0x40800	110	「いっちょそこへ| 向かってみるか!」
0x40800	111	「きまりじゃな」
0x40800	112	「ぬりか~べ~!」
0x40800	113	「では…ワシは失礼するぞ」
0x40800	114	「その怪我で…大丈夫なのか?」
0x40800	115	「いつまでも敵の世話になど| なっておれんからな…@ 鬼太郎…今の情報でこの治療の| 借りは返した…次に会うときは| 敵だ。それを忘れるな」
0x40800	116	「これからどうするんだ?」
0x40800	117	「奴らは…まだ何か| 秘歯を隠している。| ワシはそれを調査する」
0x40800	118	「そうか…じゃ、| 何かわかったら| 教えてくれ、協力する」
0x40800	119	「鬼太郎…それはできぬ。| 情報は自分で| つかみ取る物だ…@ 今回、ワシがお前に情報を| 教えたのは特別だ。| 二度目は無い」
0x40800	120	「そうか…」
0x40800	121	「じゃあな…」
0x40800	122	「な~にあいつ、| 感じ悪いの!」
0x40800	123	「お前達…本気で| あいつらとやり合うつもりか?」
0x40800	124	「ああ、情報は少ないけど…| 日本が危ないんじゃ| じっとしてる訳にいかない!」
0x40800	125	「そうか…そうだな」
0x40800	126	「ぬらりひょん…| お前はどうする?」
0x40800	127	「鬼太郎…ワシもお前に| 協力してやろう…といったら| どうする?」
0x40800	128	「な…なんじゃと?」
0x40800	129	「ど…どういう事よ!」
0x40800	130	「恥ずかしい話だが…| ワシの手下共はあらかた| 世界妖怪共の手に落ちている。@ 今更ワシ一人では| 動くことができん」
0x40800	131	「それで…ワシらと| 手を組もうというのか?」
0x40800	132	「貴様らの作戦や方針に口を出す| 気はない…単に戦力になって| やろうというのだ。不満か?」
0x40800	133	「どうする…鬼太郎?」
0x40800	134	(……今は一人でも戦力が| 必要な時だ…)
0x40800	135	「ああ、いいよ。ぬらりひょん」
0x40800	136	「いいのか…?| 何を企んでおるのか| わからんぞ?」
0x40800	137	「今は日本の妖怪同士| いがみ合っている場合じゃ| ないですし、@ 協力してくれるなら| 彼ほど心強い味方は| いない筈です」
0x40800	138	「まあ…たしかに…な」
0x40800	139	「決まりだな…よろしく頼むぞ。| 必要になったら呼んでくれ」
0x40800	140	「ああ、こちらこそ!」
0x40800	141	 |<ぬらりひょんが仲間になった!>
0x40800	142	「だが…勘違いするなよ鬼太郎。| あくまでこの共闘は| 一時的なモノだ…@ 今回の戦いが済んだら| ワシとお前は敵同士に| もどるという事を忘れるな!」
0x40800	143	「…そうだな。わかったよ」
0x40800	144	「油すまし殿~~!!」
0x40800	145	「な…なに?」
0x40800	146	「む…ワシの呼びかけで| 集まってくれた連中が| 到着したようじゃ」
0x40800	147	「おお、みんな、きてくれたか」
0x40800	148	「おお、もちろんじゃ!」
0x40800	149	「鬼太郎のみならず日本の危機だ。| ドラキュラ達が怖いなんて| いってられないよ!」
0x40800	150	「ま、そういう事だな」
0x40800	151	「力になれる事があるなら| なんでも協力するぞ!」
0x40800	152	「みんな…| よく集まってくれた。| ありがとう!」
0x40800	153	(すっすっすっすご~い…!| 本で見た妖怪さん達が| こんなに一度に集まるなんて!)
0x40800	154	「どうしたんじゃ| あの子は…」
0x40800	155	「妖怪ファンなのよ。| 今風に言うと〝妖怪萌え"| ってとこかしら…?」
0x40800	156	「〝萌え"…?| よ、よくわからんが…| 幸せそうじゃな…」
0x40800	157	「ああ…感<87>激ぃ~」
0x40800	158	「よし、そうと決まれば| 善は急げじゃ!| すぐにみんなで出癸しよう!」
0x40800	159	「待った…!」
0x40800	160	「な、なんじゃ砂かけ!」
0x40800	161	「全員で順番に小笠原と京都を| 回っていたんでは手遅れに| なってしまうかも知れんぞ」
0x40800	162	「確かに…悪魔軍団にせよ| 妖怪樹にせよ…一方でも| 止められなければ@ 大変な事になってしまう…」
0x40800	163	「じゃあ…どうするんじゃ?」
0x40800	164	「よし、戦力を二手に分けよう。| 鬼太郎達は小笠原か京都の| どちらか一方に向かってくれ。@ ワシと今来たこいつらは| 別行動を取って、鬼太郎達が| 選ばなかった側をあたろう」
0x40800	165	「でも…それだけの人数じゃ…」
0x40800	166	「心配すんな、まだここへ| 到着してない奴もいる」
0x40800	167	「そそそ!| そいつらと合流しながら| いくからよ!」
0x40800	168	「そういうことなら鬼太郎。| ワシらが向かう場所を| 選ぶとするか!」
0x40800	169	「わかりました」
0x40800	170	(どうしようかな…?)|<g400><妖怪樹がいると思しき小笠原へ>|<g400><悪魔の召喚が予想される京都へ>
0x40800	171	「よし、こっちに決めた!」
0x40800	172	「よし、じゃあワシらは| もう一方のほうじゃな」
0x40800	173	「すぐに出癸しよう」
0x40800	174	「お互い…気をつけてな!」
0x40800	175	「あああ…あの!| 待ってください!」
0x40800	176	「なんじゃ、お嬢ちゃん。| まだ何か用か?」
0x40800	177	「え、えっと…私…| お邪魔になっちゃうから| ここに残りますけど…@ みなさん、気をつけて| 行ってきてください!」
0x40800	178	「ふふふ…なんだそんな事か。| ああ、わかってるさ!」
0x40800	179	「大丈夫よ、ルカちゃん!| 鬼太郎にはちゃ~んと| アタイがついてるから!」
0x40800	180	「…本当に| 気をつけてくださいね…」
0x40800	181	「とにかく出癸じゃ!」
0x40800	182	「おおー!」
0x40800	183	「こいつは何度乗っても| いいのう」
0x40800	184	「機械の乗り物と違って| 風情がありますからね…」
0x40800	185	(それにしても…ドラキュラ達の| 作戦は周到だ…僕達は完全に| 後手後手にまわっている…@ 敵は、一枚も二枚も| 僕らより上手だ…)
0x40800	186	「うわあ! なんでごわすか!?」
0x40800	187	「ま…まぶしい!」
0x40800	188	「う! こ…これはたまらん!」
0x40800	189	「カ…カ~~~~!!」
0x40800	190	「いけない…今ので| カラス達の目がくらんで| しまったみたいだ!」
0x40800	191	「このままでは墜落じゃ、| 今の内に急いでどこかに| 着陸するんじゃ!」
0x40800	192	「え、ええ…なんとか| やってみましょう!」
0x40800	193	「よし、カラス達、| 準傭はいいか?」
0x40800	194	「カ~~~~~~~!!」
0x40800	195	「ふふふ…いい返事ね!」
0x40800	196	「すまない、みんな| もう一度頼む」
0x40800	197	「カ~~~~~~~!!」
0x40800	198	「やはり、ぬらりひょんの| 情報は正しかったようじゃな」
0x40800	199	「ええ、バックベアードが| 妨害しに来たのが| なによりの証樵です」
0x40800	200	「しかし…バックベアード程の| 妖怪までもが日本の中を| うろついているとなると…@ 既にかなりの妖怪がこの| 日本に入り込んでいる| 可能性があるのう」
0x40800	201	「げ~! あんな奴らが| まだまだ| うろついてるっての?」
0x40800	202	「ああ…そう考えて| 間違いないだろうね」
0x40800	203	「さあ、これ以上邪魔が| 入らんうちに先を急ごう」
0x40800	204	「よいしょ…っと。| へ…あいつら…| 油断してやがるな。@ このままお前を通したんじゃ…| ドラキュラ達に合わせる| 顔がないんでね…@ 俺の残りの力を…| 全てこの〝目"にかける…| それ! くらえ!」
0x40800	205	「うわ! これは…ベアードの| 眼力か!? あいつ…まだこんな| 力が残っていたのか!?」
0x40800	206	「カ…カ~~~~!!」
0x40800	207	「うわ!」
0x40800	208	「いかん! 今ので| 化けガラス達が本格的に| 参ってしまったぞ」
0x40800	209	「スマン…| おいどんも限界でごわす!| もう飛んどれそうになかと~!」
0x40800	210	「じょ…冗談よね」
0x40800	211	「ど…どうにかならんのか~!?」
0x40800	212	「ダメじゃ…カラスも一反木綿も| 完全に参っとる!| 落ちるしかないぞ!」
0x40800	213	「いや、諦めるな!| なんとか安全な場所に| 着陸するんじゃ!」
0x40800	214	「そ…そうですね…| やってみましょう!」@(ここからは…丘と森が見える| 不時着するならどっちが| いいかな…?)
0x40800	215	<g400>|<g400><丘に着陸>|<g400><森に着陸>
0x40800	216	「迷ってる暇はない…| 一か八か、こっちに| カラス達を誘導してみよう…@ 子なき爺! 石になって| ウェイトを調整してくれ!@ オババ! 着陸時に砂をまいて| シ∃ックを和らげてくれ!」
0x40800	217	「わかったぞい!」
0x40800	218	「了解じゃ!」
0x40800	219	「猫餅!」
0x40800	220	「はいはいはい!| 何!? アタイは何を| すればいいの?」
0x40800	221	「…きみは…無事| 不時着できるよう祈ってくれ」
0x40800	222	「へ?」
0x40800	223	「すまん…後は頼んだでごわす…」
0x40800	224	「ひえええええええええ~!| 落~~ち~~る~~!!
0x40800	225	 か……か……かかか……| か~み~さ~ま~~~!!」
0x40800	226	「ふう…なんとか着陸| できましたね…」
0x40800	227	「みんな大丈夫か?| よく墜落せんよう耐えたな…| 少し休んでくれ」
0x40800	228	「しかし…今のは| 一体なんなんじゃ?@ ワシら全員の目が| やられる程のすごい| 光じゃったぞ…」
0x40800	229	「世界妖怪の仕業かしら…」
0x40800	230	「世界の妖怪で…| 目をくらませる妖怪…?| は! ま…まさか!」
0x40800	231	「うわ…ま、また!!」
0x40800	232	「これは…強烈じゃ!」
0x40800	233	「ふう…やっと| 目が戻ってきたわ…」
0x40800	234	「って、あれれ?| カラス達がいないじゃない!」
0x40800	235	「ふははは…!| 化けガラス達を使って| どこへ行く気だ鬼太郎?」
0x40800	236	「この声は…!?」
0x40800	237	「あ…あいつは!?」
0x40800	238	「久しぶりだな鬼太郎!」
0x40800	239	「やはりバックベアード…!| お前もこの日本に| きていたのか!?」
0x40800	240	「そうとも…ドラキュラみたいな| すかした奴のいいなりになるのは| 嫌だが…俺の国も不況でな!」
0x40800	241	「カラス達をどうする| つもりじゃ!?」
0x40800	242	「どうやら…お前達は| 俺達の計画に| 気付きやがったみたいだな。@ こうなったら仕方ねえ…| ここから先には行かせないぜ、| 鬼太郎!」
0x40800	243	「何度も…同じ手はくわない!」
0x40800	244	「へ、そうかよ!」
0x40800	245	「あ!| カラス達をどこへやった!?」
0x40800	246	「あわてるな鬼太郎。| カラス達を返して欲しければ| ここまで来い…@ 久しぶりに相手になってやるぜ!| ただし…」
0x40800	247	「こいつらも| 一緒だがな…」
0x40800	248	「ひっひっひ! 鬼太郎…| お前の首をロンロン様への| 手土産にしてやるよ!」
0x40800	249	「あれは魔女の軍団じゃ!| ロンロンの手下か!?」
0x40800	250	「こいつは少しやっかい| じゃな…」
0x40800	251	「…カラス達を奪われては| 京都まで何日かかるか| わからんぞ」
0x40800	252	「もちろん、化けガラス達を| 見捨てる訳にはいかない…| いくぞ! ベアード!」
0x40800	253	「ふふふ…さあ、| はじめようか!」
0x40800	254	「ベアードの眼力…久しぶりに| 見たけどすごい威力だ…」
0x40800	255	「ああ…| やつめ、ああして高台で| ワシらを見下ろす事で@ 自分の眼力の効果が| 存分にふるえる事を| 計算にいれておるのじゃ!」
0x40800	256	「そうか…カラス達をさらったのも| 僕達の方から近づかせて| 狙い撃つつもりか…」
0x40800	257	「やっと来たか。| 軽くひねってやる!」
0x40800	258	「ち、鏡か!? 小癪な…| …俺様の眼力で| 撃ち砕いてくれるわ!」
0x40800	259	「無駄だ! お前の眼力は| 鏡には効かないよ!」
0x40800	260	「黙れ! なめた口をたたくな!」
0x40800	261	「無駄だというのが…」
0x40800	262	「な…鬼太郎、見ろ!」
0x40800	263	「なんて事だ…| ご神体の鏡にヒビが…!?」
0x40800	264	「見たか…鬼太郎!| 俺の眼力は何人にも| 防げはしない!」
0x40800	265	「く…」@(さすがベアードだ、こんな| 付け焼き刃の戦法は| 通用しないって訳か…)@「奉納されてたんだから| 大切な鏡だった筈だ…| 悪いことしちゃったな…」
0x40800	266	「く…さすがは鬼太郎だ…!| やられたぜ…」
0x40800	267	「バックベアード様が| やられるなんて…畜生!| 鬼太郎…覚えておいでよ!」
0x40800	268	「勝負あったなベアード」
0x40800	269	「とどめを…ささないのか?」
0x40800	270	「……ああ、もう決着はついた。| そんなことをする必要はない」
0x40800	271	(ち、相変わらずムカツク懸郎だ…)@「鬼太郎…こいつらは返すぜ…」
0x40800	272	「お前が邪魔をしに| 来たって事は、やはり京都で| 何かを企んでいるんだな?」
0x40800	273	「ああ、詳しい事は知らねえが、| 京都には悪魔ベリアルと| 悪魔ブエルって奴がいる」
0x40800	274	「なんだって…悪魔を| 二人も呼び出したのか!?」
0x40800	275	「一体…どうやって?| 並大抵の知識でなしえる事では| ないぞ!」
0x40800	276	「へ、どうやったかなんて| しるかよ。俺はドラキュラに| 信用されてねえからな。@ ま、せいぜい急いで京都へ| 向かうこった。さもないと…| 悪魔軍団を召喚されちまうぜ」
0x40800	277	「やはりそうか…こやつに| かまっている時間はないわい。| 急ぐんじゃ、鬼太郎!」
0x40800	278	「はい! ベアード、お前はもう| 動けないだろう。ここで| おとなしくしていろ!@ じゃあな!」
0x40800	279	「ふん…なめられたモンだな…| 気にいらねえぜ!」
0x40800	280	「ん? あれは?」
0x40800	281	「今何か光る物が見えたな…」
0x40800	282	(ち! あの社…まさか| アレを奉ってやがるんじゃ| ないだろうな…)
0x40800	283	「魔女ども! あの中にある物を| 奪ってこい!」
0x40800	284	「へ? な、何があるって| いうんだい?」
0x40800	285	「いいから早くしろ!」
0x40800	286	「なんだ? ベアードの奴| いったい何を焦っているんだ?」
0x40800	287	「もしかすると…何か| バックベアードの苦手な物が| 納められておるのかもしれん。@ 魔女達よりはやくあの社に| 辿り着けば、それが| 手にはいる筈じゃ!」
0x40800	288	「上手くいくかどうか| わかりませんけど…| 試してみましょう」
0x40800	289	「ひっひっひ、ついたよ!」
0x40800	290	「そうか…あの社には| 鏡が奉納されとったんじゃ!| しまった、アレさえあれば@ ベアードの眼力を| はね返せたかもしれんが…| まあ、諦めるしかないのう」
0x40800	291	「しまった! 鬼太郎共に| 先をこされたか!」
0x40800	292	「中にあったのは鏡じゃな。| 社に奉納されとる| ご神体といった所か?」
0x40800	293	「父さん、鏡なら| ベアードの眼力を跳ね返せるかも| しれませんね…」
0x40800	294	「それは名案じゃ!| たしかに、普通の鏡ならともかく| この鏡なら可能かもしれん!@ おそらくベアードもそいつを| 恐れておったんじゃ。| 試してみる価値はあるのう!」
0x40800	1024	開癸中
0x45000	0	「う…うん…」
0x45000	1	「あいたたたた…ここは…?| 確か…カラスのヘリコプターが| 墜落して…」
0x45000	2	「気がついたか鬼太郎…」
0x45000	3	「あ…父さん!| ここは…一体?」
0x45000	4	「わからん…洞窟の様じゃが…」
0x45000	5	「なにやらおかしな所に| 降りてしまった様じゃぞ…| 上を見てみよ」
0x45000	6	「上の方が…明るい…| ひょっとして僕達は| あそこから落ちてきたのか?」
0x45000	7	「丘の上に着地するつもりが…| そこに開いておった穴に| はまって…@ この洞窟まで落ち込んで| しまったということか…?」
0x45000	8	「あいたたた…| こ…腰打った~~!!」
0x45000	9	「あ! 猫餅! 大丈夫か?」
0x45000	10	「あ! き、鬼太郎!| う…うん! 平気よ!| でも…ここはどこなの?」
0x45000	11	「僕にもよくわからないけど…」
0x45000	12	「ぬ~り~か~べ~~!」
0x45000	13	「おお! ぬりかべ!| 無事じゃったか!」
0x45000	14	「一反木綿とカラス達を| 見つけてきた~!」
0x45000	15	「あいたた…やれやれ、| 酷い目にあったでごわす!」
0x45000	16	「カラス達も傘に別状はない~!| でも大分まいってるから| 俺がのせてつれていく~!」
0x45000	17	「すまない、そうしてくれ」
0x45000	18	「さてと、いつまでも| こんな所におっても| しょうがないのう…」
0x45000	19	「とりあえず出口を| 捜すとするか…」
0x45000	20	「…とは言っても、| どっちが出口なんじゃ?」
0x45000	21	「待って…」@〈クンクン…〉@「こっちからなんか| 臭いがする…」
0x45000	22	「空気にのって外の臭いが| 流れ込んでいるのかもしれん。| 猫餅の鼻を頼りに進んでみるか」
0x45000	23	「そうですね…他に| 手がかりもないですし…| 猫餅、案内を頼むよ!」
0x45000	24	「任せて、鬼太郎!」
0x45000	25	「いててて…」
0x45000	26	「手荒なまねをして| 済まなかったね…カタキラウワ」
0x45000	27	「お前さん達はそもそも| どうしてこんな所に| おったんじゃ?」
0x45000	28	「俺達は昔から地下で慕らして| いるんだが…ある日突然| 奴に襲われたんだ」
0x45000	29	「奴? 誰じゃ、それは?」
0x45000	30	「強い妖怪だ…| そいつの名は〝ゴルゴーン"。| 俺達はそいつと戦ったが…@ 強い仲間を引き連れている| ゴルゴーンにはかなう筈も| なくて、俺達は敗北…@ おまけに仲間を| 人質に取られちまったんだ…」
0x45000	31	「成る程…それ以来| そいつのいいなりに| なっとるってわけか!」
0x45000	32	「ああ…今はオオカミ男とか| いう奴の下で使いっ走りの| ような事をさせられている」
0x45000	33	「父さん…〝ゴルゴーン"って| 聞いた事ありますか?」
0x45000	34	「はて? それに近い名前なら| 知っとるが…わからんな」
0x45000	35	「とにかく、そいつも| 世界妖怪の一味じゃろうて」
0x45000	36	「それで…この場所は| 一体なんなんだい?」
0x45000	37	「ここは…オオカミ男の| 薬品工場なんだ」
0x45000	38	「薬品工場だって?」
0x45000	39	「ああ…オオカミ男のやつ、| 毒や薬を調合するのが| 得意みたいなんだ。@ この施設で、日本の薬草を| 使って何か新しい薬を研究する| つもりらしい」
0x45000	40	「た~いへん!| 急いで壊していかなきゃ!」
0x45000	41	「いや、それはまずい」
0x45000	42	「え? どうして?」
0x45000	43	「ここが破壊されると、人質に| されている彼らの仲間達の| 傘が危ない。@ ここを壊すのは| 僕達が彼の仲間を| 助け出してからでも遅くない」
0x45000	44	「鬼太郎…お前、| 俺の仲間を助けて| くれるっていうのか!?」
0x45000	45	「すぐには無理かもしれないけど…| 僕達は世界妖怪達の懸望を| 阻止して、日本から追い錨う。@ キミ達の仲間も必ず| 解放してみせる。約束する!」
0x45000	46	「鬼太郎…」
0x45000	47	「そうたい、おいどん達に| 任せるとよ!」
0x45000	48	「よし、そうと決まれば| 急いで出癸じゃ!」
0x45000	49	「ワシらは今から京都に| 向かうんじゃ。すまんが| 近道を教えてもらえんか?」
0x45000	50	「お安いご用さ。| でも…」
0x45000	51	「〝でも"…なんだい?」
0x45000	52	「俺が知ってる近道を使うと| ある森に救けるんだが…@ 今じゃそこは世界妖怪達の| 根城になってる場所だ。| かえって危険かもしれないぜ?」
0x45000	53	「そうか…でも、僕達もぐずぐず| してる時間はないんだ。危険でも| かまわない。案内してくれ」
0x45000	54	「わかった。見つかるとまずいから| 途中までしか見送れないが、| 急いで案内しよう」
0x45000	55	「それが済んだら| お前さん達はここで| 今まで通り振る舞うんじゃ。@ 奴らのいいなりになるのは| つらいじゃろうが…| 後はワシらに任せてくれ!」
0x45000	56	「いいや、希望があれば、| 苦しい日々でも耐えられる。@ 俺達の事は気にせず| がんばってくれ。@ それじゃ行くぜ、| ついて来てくれ!」
0x45000	57	(世界妖怪達はこんな所まで| 手を広げていたのか…| 早く…なんとかしなくちゃ!)
0x45000	58	「ふう、なんとか洞窟を| 救けられましたね父さん」
0x45000	59	「うむ、思ったより| 上手くいったな」
0x45000	60	「でも…これからどうするの?」
0x45000	61	「カラス達は| まだ飛べそうにないぞ~」
0x45000	62	「まいったのう、| この急いどる時に…」
0x45000	63	「とにかくジッとしとっても| 始まらん…歩いてでも| 京都の方に進もう!」
0x45000	64	「そうだね…カラス達が| 回復するまでは徒歩で| すすもう」
0x45000	65	「え~~! 本当に~?」
0x45000	66	「ああ…疲れとるなら| おいどんに乗って行けば| よかよ?」
0x45000	67	「…………いい! アタイ歩く!| 鬼太郎やオババが歩いてるのに| 一人だけ楽できないもん!」
0x45000	68	「すまんのう…ワシだけ| 楽をしておって…」
0x45000	69	「あ! いや…| そ、そういうつもりじゃ…!」
0x45000	70	「はっはっは! とにかく行こう!| ちょっとでも京都に近づいて| おかんとな」
0x45000	71	「ええ、行きましょう」
0x45000	72	(くそ…バックベアードのおかげで| 京都に行くのが大分遅れそうだ。@ 僕達の到着が間に合って| くれればいいんだけど…)
0x45000	73	「何じゃ…ここは?」
0x45000	74	「奇妙な場所じゃの…」
0x45000	75	「あれは何かしら?」
0x45000	76	「韲…というか、| 大きなカメに見えるけど…」
0x45000	77	「何に使うものなんじゃ?」
0x45000	78	「遅かったな…| 材料が届かないもんで納入が| 遅れるかと思ったぜ!」
0x45000	79	「誰だ!」
0x45000	80	「なんだ…お前達は!?| …オオカミ男様の| 仲間じゃないな?」
0x45000	81	「なにあれ…ぬいぐるみ?」
0x45000	82	「だ…誰がぬいぐるみだ!| 俺はカタキラウワ!| これでもれっきとした妖怪だ!」
0x45000	83	「カタキ…ラウワ…?」
0x45000	84	「おいどん知ってるでごわすよ!| おいどんと同じ鹿児島の| 妖怪でごわす!」
0x45000	85	「なんじゃ…日本の妖怪ではないか」
0x45000	86	「あまり聞いた事はないがな」
0x45000	87	「なんだと! カタキラウワを| 馬鹿にする気か!?」
0x45000	88	「〝オオカミ男様"とか| …いっておったの?| 貴様ら、世界妖怪の手先か!?」
0x45000	89	「…そうか、| お前達が鬼太郎とかいう| 妖怪の一味だな?」
0x45000	90	「そうとも、僕が鬼太郎だ」
0x45000	91	「そうか…」@(こいつらなら…ひょっとして| 俺達を解放してくれるかも| しれない…)
0x45000	92	「お前達はここで| 何をしているんだ!@ もし世界妖怪の悪巧みに| 関与しているんだったら…| 見逃すわけにはいかないぞ!」
0x45000	93	「!?」@(いや…ダメだ…俺達の仲間を| 見捨てる訳にはいかない…| それに…@ それに…奴の言うとおり| 俺達はもう世界妖怪達の| 〝共犯者"なんだ。@ 今更戻る事なんて…| できないんだ!)@「ここを見られたからには…| 全員死んでもらうぞ鬼太郎!」
0x45000	94	「問答無用ってわけか…」
0x45000	95	「よすでごわす!| 同郷の妖怪とは戦いたく| ないでごわす!」
0x45000	96	「だまれ! そんな情があるから| つけ込まれるんだ…| お前も…俺達も!」
0x45000	97	「…何か事情がありそうじゃの」
0x45000	98	「みんな、出てこい!」
0x45000	99	「うわ! なんだこいつら!」
0x45000	100	「ぬいぐるみがいっぱい…」
0x45000	101	「く、まだ言うか!?@ 兄弟! こいつらは俺達の| 邪魔をしに来た侵入者だ!| こてんぱんにのしちまえ!」
0x45000	102	「こいつら鬼太郎達だろ?| 本当に…やるのか」
0x45000	103	「それが…俺達に残された| 離一の道だ…ためらうな!」
0x45000	104	「やはり…何か事情が| ありそうじゃな。できれば| 戦わずにすませたいが…」
0x45000	105	「そうですね…@ 彼らを説得してちゃんと| 事情を聞いてあげた方が | 根本的解決になるかも…」
0x45000	106	「何をしゃべっている!| 行くぞ!」
0x45000	107	(また…戦いか、| やれやれだ…)
0x45000	108	「こいつカタキラウワ…とか| 言ってたな。| 随分変わった妖怪ですね」
0x45000	109	「うむ。こいつらはこんな地下で| 何をしておったんじゃ?」
0x45000	110	「ここは…| 何かの製造所でしょうか?」
0x45000	111	「かもしれん。| 偶然とはいえ…エラいところに| 迷い込んだモンじゃ」
0x45000	112	「ち、なかなかしぶといな!」@(バラバラに戦っていたんじゃ| らちがあかねえ…| こうなったら!)
0x45000	113	「何をする気じゃ?」
0x45000	114	「合体…した?」
0x45000	115	「さしずめ…〝大ブタ"といった| ところじゃな」
0x45000	116	「見たか鬼太郎! これぞ| 我らが切り札よ!| 今度こそ貴様を倒してやる!」
0x45000	117	(これは気を付けて戦わないと| まずいかもしれないな…)
0x45000	118	「ひょっとして君達は| 無理やり世界妖怪に| 従わされているんじゃないか?」
0x45000	119	「…なぜそう思う!」
0x45000	120	「君達が…戦いを好む| 妖怪とは思えないから…」
0x45000	121	「お前達は普段理由もなく| 戦っているのか?」
0x45000	122	「え?」
0x45000	123	「戦う者には…誰にだって理由が| ある。好む、好まざるに| 関わらずな…@ そう、お前達にも| それがある筈だ。| 当たり前の事を言うな!@ それに…それは| お前には関係ない事だ…| 放っておいてもらおうか!」
0x45000	124	(ダメだ…僕じゃ話をして| もらうこともできない…| 誰か…もっと適任者がいれば…)
0x45000	125	「やめるでごわす!| なぜ同郷のおいどん達が| 戦わにゃならんとよ!」
0x45000	126	「お前…鹿児島生まれか?」
0x45000	127	「そうでごわす!」
0x45000	128	「嘘つけ…今時鹿児島でも| そんなしゃべり方の奴は| いないぞ…?」
0x45000	129	「そ…そんな事はどうでもよか!| なんでお前達は| おいどん達を襲うとよ?」
0x45000	130	「ふん! その理由を| お前達に伝えてなんになる!| 助けてくれるとでも言うのか?」
0x45000	131	「もちろんじゃ!| おいどんと鬼太郎が| 力ば貸すでごわす!」
0x45000	132	「……信じて…いいのか?」
0x45000	133	「もちろんでごわす!」
0x45000	134	(どうせこのままでも| 事態が好転する見込みはない。| こいつに莵じて…信じてやるか)@「わかった。もう…戦いはやめだ」
0x45000	135	「わかってくれたと?」
0x45000	136	「ふう、やったな一反木綿」
0x45000	137	「さっすが九州の妖怪は| ものわかりがいいでごわす!」
0x45000	138	「はは…そ、そうだね…」
0x45000	139	(もっと早くに説得できとれば| ものわかりがいいと| 思えるんじゃが…な)
0x45000	140	「うぐおおおおおお~!!」
0x45000	141	「なんとか…倒せたか」
0x45000	142	「畜生…鬼太…郎…め…」
0x45000	143	(少し…やりすぎたか…)
0x45000	144	「父さん。| 時間は無いですけど…| 手当くらいしてやりましょう」
0x45000	145	「そうじゃな、確かに急いでは| おるが、こいつらから近道を| 聞きだせばいいことじゃしな」
0x45000	146	「決まりですね」
0x45000	147	「うおお! よくも仲間を!」
0x45000	1024	開癸中
0x47800	0	「もうすぐ出口だ。| 悪いが…俺は| ここで戻らせてもらう」
0x47800	1	「充分だ、ありがとう」
0x47800	2	「……鬼太郎。| こいつを…持っていけ」
0x47800	3	「これは…?」
0x47800	4	「何かの…薬のようじゃの?」
0x47800	5	「これは…一時的に| ゴルゴーンの攻撃の効果を| 弱める薬だ」
0x47800	6	「ゴルゴーンの…攻撃?」
0x47800	7	「ああ、俺達がまだ自分達の手で| 仲間を救うつもりだった頃| 作ったものだ。@ もしお前達がゴルゴーンに| 会って、奴の攻撃を浴びる事に| なったら…これを使ってくれ。@ 監視の目を盗んで作った| 未完成品だから、効果は| さほどでもないが…」
0x47800	8	「わかった…使う機会が| あるかどうかわからないけど、| 約束の鰯に預かっていくよ」
0x47800	9	「さ、お前さんは戻って| そ知らぬ顔で奴らの言うことを| きいておるフリをしてればいい」
0x47800	10	「僕らが必ずドラキュラを倒し| 世界妖怪達を退けてみせる。| だから、辛抱してくれ」
0x47800	11	(くそ…なんでこいつらは| 見ず知らずの俺達をこんなに| 気遣ってくれるんだ…?@ それに比べて俺達は…)
0x47800	12	「? どうかした?」
0x47800	13	「い…いや、なんでもない。| 済まないが…頼んだぜ!」
0x47800	14	「ああ!」
0x47800	15	「うっわ~~!| なんか…変な場所に| きちゃったわよ!」
0x47800	16	「木や草が…石になっとるぞい」
0x47800	17	「なんだこれは…| 森の中の全部が石だ!」
0x47800	18	「見ろ…鳥も石になって| ころがっとるぞ!?」
0x47800	19	「これは恐らく妖怪の| 仕業じゃな」
0x47800	20	「これが…?| 信じられない!」
0x47800	21	「聞いた事がある。西洋には| 目で見た物を全て石に変える| 力をもった妖怪がいるらしい。@ おそらくこいつは…| そいつの仕業じゃ!」
0x47800	22	「でも…どうしてそいつが| この森を石に?」
0x47800	23	「森を石にするのが| 目的じゃなか!@ おいどん達がもし| 何も知らずにこの森の上を| 飛んどったら…@ そいつに岷まれて| 石にされておったかも| しれんでごわす!」
0x47800	24	「そうか…待ち伏せか!」
0x47800	25	「ここはゲゲゲの森と京都を結ぶ| 最短ルートの上に| あるからのう…」
0x47800	26	「どうします父さん?@ このまま進めば僕達は| この森を作り出した主に| 出会う羽目になりますよ…@ 今からでもこの森を救けて| 迂回しましょうか…?」
0x47800	27	「いや…このまま進むんじゃ」
0x47800	28	「危険じゃない!?| …平気なの?」
0x47800	29	「何度もいうようじゃが時間が| ない。回り道なぞしておられん。@ 幸い…奴らはワシ達が| この森の上空を通ると| 思いこんでいる筈じゃ。@ まさか正面きって| この怪しい森に入り込んで| こようとは夢にも思うまいて!」
0x47800	30	「成る程…こっそり潜入して| 敵に奇襲をかけるわけですね」
0x47800	31	「そうか…確かに| 今から回り道をするより| その方が確実じゃな」
0x47800	32	「このままではこの森も、| 森に住む動物達の生活も…| 滅茶苦茶じゃ。@ どうせなら、この現象の| 原因である妖怪を叩いて| いってやらんと…」
0x47800	33	「わかりました。| みんな、行こう!」
0x47800	34	「さあ、この森を| 早く元に戻すんだ!」
0x47800	35	「何度も言わなくても| わかってるよ!| ちょっとは待てないのかい?@ …そらよ」
0x47800	36	「おお…戻ったようじゃな」
0x47800	37	「わ~! やっぱり| 普通の森が一番ね」
0x47800	38	「ふん、こんな騒がしい森の| どこがいいんだか…」
0x47800	39	「ゴーゴン…キミの好みを| どうこう言う気はない。@ だけど、僕は石の森よりも| 植物や虫や鳥が生きている森の| 方が正しい姿だと思う。@ 妖怪は…自然の一部なんだ| 僕もキミも…自然の中から| 生まれてここにいるんだからね」
0x47800	40	「おやまあ…! この私に講釈| たれようっていうのかい?| 気に入らないね…@ 私が自然の一部なら| 私が欲を満たそうとするのも| やっぱり自然の一部さ!」
0x47800	41	「ちがう、| 僕が言いたいのは…」
0x47800	42	「ふん! 一度くらい私に| 勝ったからって…偉そうに| しないでもらおうか」
0x47800	43	「うわ!」
0x47800	44	「きゃあ!| な、何なの!?」
0x47800	45	「今ので目がくらんで…| 何も見えないでごわす!」
0x47800	46	「ふふふ…」
0x47800	47	「!? この声は!」
0x47800	48	「ゴーゴン…助けにきたぞ」
0x47800	49	「おお、ベアードかい!?| 丁度いいところに!」
0x47800	50	「バ、バックベアード!| またお前か!?」
0x47800	51	「ベアード、手伝っとくれ!| こいつらを倒すんだよ!」
0x47800	52	「無茶言うなよ…| 今は逃げる事だけ考えな」
0x47800	53	「ち、なんだいなんだい!| どいつもこいつも| 役立たずだね!@ わかったよ、| 引き上げるから| 乗せとくれ!」
0x47800	54	(ち、負けたってのに| 威勢のいい女だぜ!)@「わかった…」
0x47800	55	「ま…待て!」
0x47800	56	「鬼太郎、勝負は| また今度だ…@ お前達もゴーゴンと戦ったんだ、| 無傷じゃあるまい。ここは黙って| 見送っておくのが利口だぜ」
0x47800	57	「きゃあ!」
0x47800	58	「く…」
0x47800	59	「じゃあな…鬼太郎」
0x47800	60	「バイバ~~イ!」
0x47800	61	「くそ、| 行ってしまいおったな…」
0x47800	62	(人質になっていたっていう| カタキラウワの仲間達は| どこにいるんだろう?@ 石化されていたんなら…| 今頃どこかで戻っている| 筈だと思うんだけど…)
0x47800	63	「鬼太郎! さっきの戦闘で| ゴーゴンの石化攻撃を受けた人が| 重体でごわす!!」
0x47800	64	「いかん、やはり人間の身体には| あの攻撃は酷じゃったか!| 早く救急車を呼ぶんじゃ!」
0x47800	65	「うん、アタイが電話で呼ぶわ!」
0x47800	66	(こういう時には携帯というのも| 便利なもんじゃな…)
0x47800	67	「……………」
0x47800	68	「傘に別状は無いと思うが…| 心配じゃな」
0x47800	69	「く…騫けられた筈なのに…| 僕の戦い方が悪いばかりに| こんな事に…」
0x47800	70	「まあ、そう自分を脊めるな」
0x47800	71	「そうじゃ、元はといえば| ゴーゴンの奴が全て| 悪いんじゃからな!」
0x47800	72	「こうなったらなんとしても| ドラキュラ達の計画を| 阻止しなくっちゃ…@ そうしないと| 彼らを傷つけてしまった事に| 申し訳がたちませんからね」
0x47800	73	「うむ、その通りじゃ」
0x47800	74	「鬼太郎、救急車、| すぐ来てくれるって!」
0x47800	75	「た、助かった…」
0x47800	76	「もう大丈夫ですよ」
0x47800	77	「何があったんじゃ?」
0x47800	78	「いきなりだったんで| よく思い出せないけど…| バイクで森の中走ってたら@ いきなりさっきの髪が蛇の女に| にらまれて…| つかまっちまったんだ。@ なんにせよ、助かったよ| 有り難う!」
0x47800	79	「全員大した怪我もないようで| よかったのう」
0x47800	80	「ばってん…| 一応一度はお医者様に| 診せた方が良かよ」
0x47800	81	「アタイが電話で呼ぶわ!」
0x47800	82	(こういう時には携帯というのも| 便利なもんじゃな…)
0x47800	83	「鬼太郎、救急車、| すぐ来てくれるって!」
0x47800	84	「よし、彼らを見送ったら| すぐ出癸しよう。@ 時間を取られてしまったけど…| まだ、間に合う筈だ!」@(…いいや…間に合わせ| なきゃいけないんだ…| 絶対に!)
0x47800	85	「ようやく…| 森の中心まできましたね」
0x47800	86	「気をつけろ鬼太郎。| どこかにこの森を石に変えた| 妖怪が潜んでおるはずじゃ」
0x47800	87	「ん…? あれは…?」
0x47800	88	「鬼太郎…あの石像」
0x47800	89	「うわ! びっくりした!」
0x47800	90	「ウ~ラ~」
0x47800	91	「ララララ~」
0x47800	92	「ウ~ララ~」
0x47800	93	「こいつらは!?」
0x47800	94	「ぬっぺらほう達じゃ!| また例の石像をかぶって| いるようじゃな」
0x47800	95	「なんだこいつらは…| 動く石像か!?」
0x47800	96	「待ってください父さん。| どうやら…中に誰か| 入っているようです」
0x47800	97	「ほう…さすが鬼太郎…| いい勘をしているな」
0x47800	98	「お前は…何者だ!」
0x47800	99	「ふふふ…今顔を見せてやろう」
0x47800	100	「お前は…ぬっぺらほう!?」
0x47800	101	「いかにも…| 俺達の名前は〝ぬっぺらほう"| チー様に仕える妖怪だ」
0x47800	102	(おっと…この状態でいるのは| 危険だな…)
0x47800	103	「よっと…これでよし!」
0x47800	104	(あいつらは…なんで| 石像の中に入っているんだ?)
0x47800	105	「この森はお前達の仕業か?| 今すぐ元に戻せ!」
0x47800	106	「そうはいかぬ。| 貴様らを待ち伏せするのは| 失敗したが…@ この森をゴーゴン様は| たいそうお気に入り| だからな!」
0x47800	107	「〝ゴーゴン"じゃと…?| やはりそうか!」
0x47800	108	「なんだい騒々しいね…」
0x47800	109	「おお…ゴーゴン様!」
0x47800	110	「お前がゴーゴンか!」
0x47800	111	「お前…鬼太郎じゃないか!?@ この役立たず共!| 鬼太郎にこの森での待ち伏せを| 感づかれたのかい?」
0x47800	112	「い…いえ、私どもは別に…」
0x47800	113	「ふん、言い訳かい?| 情けないね…」
0x47800	114	「この森が石になっとるのは| お主の仕業じゃな?| いますぐ戻さんか!」
0x47800	115	「おやまあ…キンキン声の| うるさい親父だね…@ 私の〝静寂の森"が| 気に入らないとは…」
0x47800	116	「静寂の…森ですって…?」
0x47800	117	「そうよ、今のご時世、| 人間が作り出した機械のせいで| 世界中どこに行っても@ 騒音であふれかえっている…| 静かで落ち着ける場所なんて| 何処にもないじゃない…」
0x47800	118	「ここが…| その〝静かで落ち着ける場所"| じゃというのか?」
0x47800	119	「そうよ…ドラキュラに| 誘われて日本攻略に| 力を貸しにやってきたけど…@ 日本っていやあ田舎だから| もっと静かな国だと| 思ってたわ。でも逆ね。@ この国は特にひどい。狭い国土に| 人間がこんなにひしめき合って| よく息が詰まらないものね?@ せめて洞窟の中なら静かかと| 思って試してみたけど…そこには| 変な妖怪が住んでるし…」
0x47800	120	「変な…妖怪?」
0x47800	121	(もしかして…| カタキラウワ達の事か?)@「お前は…もしかして| 〝ゴルゴーン"と名乗った| 事はないか?」
0x47800	122	「あら…よく知ってるわね?| 〝ゴルゴーン"は私の| ペンネームよ」
0x47800	123	「ぺ…ペンネームじゃと?」
0x47800	124	「そ、気分転換ってやつ?| 時々違う名前を使うと| 楽しいじゃない? …趣味なの。@ あのブタ共ったら…| 人質を取ったらあっさり| 降伏してくれちゃって…@ 張り合いがないったらありゃ| しない…面倒だからオオカミ男に| 押しつけてきてやったわ!」
0x47800	125	「人質はどうしたんだ!」
0x47800	126	「なによ…まだ話の途中よ!| 後で教えてあげるわ」
0x47800	127	「く…ふざけた奴じゃ…」
0x47800	128	「そうこうしてる内に| あんた達を待ち伏せするように| 言われたんだけど…@ ただ待ってるのもつまらない| から、私の趣味に合うように| してやったの。@ それがこの〝静寂の森"よ」
0x47800	129	「こすれあう葉の音や…| 小鳥のさえずる声一つしない| 死の森…@ たしかにここは〝静寂"| そのものじゃな…」
0x47800	130	「そうよ…静寂は| 実は慷沢な物なの。| わかってもらえたかしら?」
0x47800	131	「残念だけど…僕には全然| 理解できない。こんな静けさ、| 慷沢でもなんでもない!」
0x47800	132	「おやまあ…残念だねえ!@ …真の静寂を身をもって| 体験してみないと…| わからないらしいね」
0x47800	133	「鬼太郎! あれ!」
0x47800	134	「た! たすけてくれ~!」
0x47800	135	「!? 人間が捕まっている!| ゴーゴン、何をするつもりだ!」
0x47800	136	「やかましいったらないよ!| こいつらは私の静かな森に| 迷い込んだ不届き者さ!@ ちょうどいい、あんたらの前で| こいつらを素敵な石像に| 変えてやるよ!」
0x47800	137	「なんだって!? やめろ!」
0x47800	138	「傘令する気かい!?| なら腕ずくで止めてみな!」
0x47800	139	「またこいつらか…| 騒々しいのはどっちだ。| まあいい、相手になってやる!」
0x47800	140	「鬼太郎、そういえば| カタキラウワから| 何か受け取っておったの」
0x47800	141	「そうだ! 確かゴルゴーンの…| つまりゴーゴンの攻撃に| 効果がある薬だとか…」
0x47800	142	「おそらく…石化攻撃を| 緩和する薬品じゃろう。| 全員に配っておくんじゃ」
0x47800	143	「そうですね…わかりました」
0x47800	144	「ふん…石化攻撃は怖いが…| 今からは生身で| 相手になってやる!」
0x47800	145	(そうか…こいつらはゴーゴンの| 石化攻撃を受けないように| 石像をかぶっていたのか)
0x47800	146	「こい! 鬼太郎共!」
0x47800	147	「ふん! まだ外側が| やられただけだ!」
0x47800	148	「やるな…」
0x47800	149	「だが……本番はここからだ!」
0x47800	150	「くそ…撤退する!」
0x47800	151	「おのれ鬼太郎…!」
0x47800	152	「やられた…!| どうして俺がこんな目に!@ ゴーゴンめ…奴がきちんと| 鬼太郎の相手をしていれば| | 何が静寂の森だ…| あの女の考える事は| まるでわからん!」
0x47800	153	「おやおや…ふがいないねえ。| お前達の実力はこの程度かい?」
0x47800	154	「ゴーゴン様!| も…申し訳ございません!」
0x47800	155	「チーの奴の部下だっていうから| もうちょっと使えるのかと| 思ったんだけど…@ たいしたことないねえ、| 本気出してないんじゃ| ないのかい…?」
0x47800	156	「い、いえ、| そのような事は…」
0x47800	157	「それと…| 女の言うことを聞くのは| そんなに不服かい?」
0x47800	158	「そ…そんな!?| 滅相もございません!」
0x47800	159	「うわあああああああ!!」
0x47800	160	「ちゃんと…聞こえてんだよ!| この全身ヘチャムクレが!」
0x47800	161	「なんだ…?| 仲間を石に!?」
0x47800	162	「気まぐれな上に| 非情な奴のようじゃな…」
0x47800	163	「…つれて行きな!」
0x47800	164	「はは!」
0x47800	165	「さ、いよいよお楽しみタイムさ。| 相手になってやるよ、鬼太郎!」
0x47800	166	「ああ、お前を倒せば| この森は元に戻るんだろう?| …悪いけど本気で戦うぞ!」
0x47800	167	「鬼太郎、奴は石化攻撃を| 使ってくる筈じゃ。| 気をつけろ!!」
0x47800	168	「今のぬっぺらほうみたいに| なってしまうんですか?」
0x47800	169	「石化攻撃を受けた直後は| しばらくの間、行動に| 支障をきたすじゃろう。@ その間に敵に取り囲まれ| でもしたら危険じゃ。@ できるだけゴーゴンに| 対しては背後から| 攻撃するんじゃ!」
0x47800	170	「わかりました!」
0x47800	171	「ゴーゴン、お前は何の為に| ドラキュラに従っているんだ?」
0x47800	172	「何の為だって…?| そうだねえ、@ アイツは人間を支配して| 妖怪が楽できる世界を| 作るつもりらしいからね…@ 一口乗っときゃ、| 色々旨みがあると| 思ってね…」
0x47800	173	「奴が本当に世界の征服など| できると信じておるのか?」
0x47800	174	「私も半信半疑だったさ…| でもね、あの方がいれば…| それも可能さ」
0x47800	175	「あの方…?」
0x47800	176	「おっと、しゃべりすぎると| オオカミ男の奴にしかられ| ちまう、話はここまでさ」
0x47800	177	(〝あの方"だって?| ドラキュラ達以外にまだ誰か| 協力者がいるのか?)
0x47800	178	「いかん! 石化攻撃じゃ!」
0x47800	179	「私の前に立つなんて…| いい度胸してるよ…さあ、次は| どいつが石になりたいんだい!」
0x47800	180	「く…こいつは強敵じゃぞ…」
0x47800	181	「ひっひっひ、どんどん石像に| してやるよ!」
0x47800	182	「何? 石化がとけた!」
0x47800	183	「父さん…これは一体…?」
0x47800	184	「石化攻撃を跳ね返した…| そうか…カタキラウワの| 薬のおかげじゃ!」
0x47800	185	「くっナマイキだねえ…けど| そんな薬が何度も効くものか。| 次はこうはいかないよ!」
0x47800	186	「ふむ、どうやら薬の効力は| 一人につき一度しか| 効かんようじゃ。@ 次は本当に石にされてしまう。| 気をつけるんじゃぞ!」
0x47800	187	「またか!?| くそ、いまいましい!」
0x47800	188	「く…やってくれたね…この私を| ここまで苦しめるなんて| 大したもんだよ…」
0x47800	189	「傘まで取ろうとはいわん。| この森を元にもどすんじゃ!」
0x47800	190	「ち……わ、わかったよ!」
0x47800	191	「ち、ゴーゴン様がやられたのか?| 引き上げだ!」
0x47800	192	「ち、ゴーゴン様がやられたのか?| 引き上げだ!」
0x47800	193	「へっへっへ、| どっちから石にしてやろうか?」
0x47800	194	「止めろ!」
0x47800	195	「こっちにするか!」
0x47800	196	「う、うわ~~~!!」
0x47800	197	「ひっひっひ!| 静かになったよ!」
0x47800	198	「なんてことだ…」
0x47800	199	「そろそろこっちの奴も| 石にしてやるとするか!」
0x47800	200	「ひ!」
0x47800	201	「ぐわあああ~~~!!」
0x47800	202	「う~ん! また一段と| 静かになったよ!」
0x47800	203	「くそ…二人とも| 助けられなかったか…」
0x47800	204	「鬼太郎、待ってても| 来ないんなら…そろそろ本当に| 人間を石にしちまうよ!」
0x47800	205	「く…いそがないと!」
0x47800	206	「ふわ~~~~あ!| 退屈だねえ…| 待ってるのは皰きたよ…@ そろそろ本気で| 人間を石にしてやるとするか」
0x47800	207	「いかん!| 鬼太郎、急ぐんじゃ!」
0x47800	1024	開癸中
0x4b000	0	「しかし…徒歩では| なかなか京都につけんのう」
0x4b000	1	「カラス達の調子は| どうなんじゃ?」
0x4b000	2	「カーー!」
0x4b000	3	「大分元気になってきた~!」
0x4b000	4	「一反木綿…お主はどうじゃ?」
0x4b000	5	「おいどんならもう大丈夫たい!| またいつでもみんなを乗せて| 飛べるでごわす!」
0x4b000	6	「それなら…そろそろ| カラスのヘリコプターに| 乗れるの?」
0x4b000	7	「そうだね…急いでるし、| カラス達さえ大丈夫なら| その方がいいだろうな」
0x4b000	8	「カーー!」
0x4b000	9	「〝OK"だといってるぞ~」
0x4b000	10	「じゃあ…行きましょうか、| 父さん」
0x4b000	11	「…………………」
0x4b000	12	「父さん…?」
0x4b000	13	「鬼太…郎…」
0x4b000	14	「ど…どうしたんですか| 父さん!?」
0x4b000	15	「わからん…急に…| めまいがして…きおった…| う…うわああああ!」
0x4b000	16	「きゃあ! な、何!?| どうしたの!?」
0x4b000	17	「と…父さん!?」
0x4b000	18	「なんという事じゃ…| 親父殿が…」
0x4b000	19	「親父殿が…石に!?」
0x4b000	20	「うわああ! 父さん!?| 父さん…しっかりして下さい!」
0x4b000	21	「いかん!| 手荒にあつかって…| 割れでもしたら大変じゃ!」
0x4b000	22	「ぬ~り~か~べ~| 鬼太郎…お~ち~つ~け~!」
0x4b000	23	「は、放してくれ!| 父さんが…石に?| そ…そんな!」
0x4b000	24	「でも…どうして…?| 目玉の親父さんは直接攻撃されて| ないし、第一今頃になって…」
0x4b000	25	「ふうむ…これは推測じゃが…@ 目玉の親父殿は見ての通り| もともと目だった所から| 身体をつくっておる。@ 全身は…ワシらのそれより| 光を受け取りやすい妖怪細胞で| できとるのかもしれん。@ その親父殿の近くで| 何度もあのゴーゴンが| 石化攻撃をおこなったんじゃ。@ 奴の強い視線が徐々に全身に| 焼き付いて…今になって| 効果が現れたのではないかの」
0x4b000	26	「そんな事って…あるの?」
0x4b000	27	「だとしたら…一体どうやって| 父さんを元に| 戻したらいいんだ…!?」
0x4b000	28	「もう一度…| カタキラウワ共の| 元へ戻ってはどうじゃ?」
0x4b000	29	「え…?」
0x4b000	30	「おお…そうじゃ!| それがええぞ!@ ゴーゴンの攻撃を防ぐ薬を| くれた奴らなら、親父殿を| 治せるかもしれん!」
0x4b000	31	「でも…彼らに貰った| 薬は父さんも使っていたのに| こんな事になっちゃったんだ。@ 彼らに父さんを治す事なんて| できるかな…」
0x4b000	32	「鬼太郎、| とにかく行きましょう!」
0x4b000	33	「そうじゃ、ここでこうして| おってもラチがあかんぞい!」
0x4b000	34	「……わかった…| カタキラウワ達にかけて| みよう」
0x4b000	35	「よし、カタキラウワ達のおった| 洞窟まで戻るぞ!」
0x4b000	36	「カラス達~!| 仕事だ~~!」
0x4b000	37	「カ~~~~~~~!」
0x4b000	38	(父さん…すぐ助けます。| もう少しだけ| 辛抱してください!)
0x4b000	39	〈ガサガサ〉
0x4b000	40	「ん?」
0x4b000	41	〈ガサガサ〉
0x4b000	42	「誰? …そこに誰かいるの?」
0x4b000	43	「どうした? 猫餅」
0x4b000	44	「今…そこの茂みから| 何か物音がしたの…」
0x4b000	45	「…………………」
0x4b000	46	「誰だ! ゴーゴンの| 仲間か!?」
0x4b000	47	「ひ! い…いや、違う!| 今そっちに出て行くから…| 何もしないでくれ!」
0x4b000	48	「俺達の名前は| 〝カタキラウワ"。@ さっきあんたらが倒してくれた| ゴル…いや、ゴーゴンに| 捕まって石にされていたんだ」
0x4b000	49	「カタキ…ラウワ?| ひょっとしてさっき洞窟で| 戦ったのは君達の仲間かい?」
0x4b000	50	「俺達の仲間に| あったのか?」
0x4b000	51	「ああ…実は…」
0x4b000	52	「なんじゃと?| お主らは人質じゃった| というのか?」
0x4b000	53	「ああ、ゴーゴンの奴が| 俺達の仲間を手下にするために、| 人質にとられていたんだ」
0x4b000	54	「そうか…奴ら、| そんな事をしていたのか」
0x4b000	55	「けど、お前達のおかげで| 自由になれた。| 礼を言うよ」
0x4b000	56	「そうか…それは良かった…」
0x4b000	57	「どうしたんだい…?| 元気がないみたいだな?」
0x4b000	58	「…ああ、実は…」
0x4b000	59	「成る程…お前の父親が| そんな事に| なっちまったのか…」
0x4b000	60	「ああ…急いで京都にも| 行かなきゃいけないのに…| 一体どうすればいいのか」
0x4b000	61	「元に戻す方法が…| 無い訳じゃないぜ」
0x4b000	62	「ほ、本当かい?」
0x4b000	63	「ああ。| 石にされる前にゴーゴンの| 奴から聞いたんだが…@ 俺達の住処はオオカミ男って奴の| 〝秘歯の薬品工場"にされている| らしい」
0x4b000	64	「秘歯の…薬品工場?」
0x4b000	65	「お前達が俺達の仲間と会ったのは| 多分そこだ…そこでは色々な| 薬品の研究をしてるって話だ。@ そこならあんたの| 父親の症状を治す薬が| 見つかるかもしれない!」
0x4b000	66	「成る程…悔しいけど、| 僕達の知識じゃ父さんを| 治せそうにない。@ ここは…世界妖怪の| 知恵をいただくか!」
0x4b000	67	「よし、カラス達に乗せてもらって| 急いでそこに向かうとしよう」
0x4b000	68	「君達も| 一緒に来てくれるね?」
0x4b000	69	「ああ、おやすいごようさ」
0x4b000	70	(父さん…すぐ助けます。| もう少しだけ| 辛抱してください!)
0x4b000	71	〈ガサガサ〉
0x4b000	72	「ん?」
0x4b000	73	〈ガサガサ〉
0x4b000	74	「誰? …そこに誰かいるの?」
0x4b000	75	「どうした? 猫餅」
0x4b000	76	「今…そこの茂みから| 何か物音がしたの…」
0x4b000	77	「…………………」
0x4b000	78	「誰だ! ゴーゴンの| 仲間か!?」
0x4b000	79	「ひ! ち…違う!| 今出て行くから…| 何もしないくれ!」
0x4b000	80	「キミは…?」
0x4b000	81	「なんじゃ…こんなに隠れて| おったのか?」
0x4b000	82	「俺達の名前は| 〝カタキラウワ"」
0x4b000	83	「カタキ…ラウワ?」
0x4b000	84	「カタキラウワ!?| おいどんと同じ| 鹿児島の妖怪でごわす!」
0x4b000	85	「さっきあんたらが倒してくれた| ゴル…いや、ゴーゴンに| 捕まって石にされていたんだ」
0x4b000	86	「どうして捕まって| おったんじゃ?」
0x4b000	87	「俺達には大勢仲間が| いるんだが…@ ゴーゴンの奴がその仲間を| 手下にするために、| 俺達を人質にとったんだ」
0x4b000	88	「そうか…奴ら、| そんな事をしていたのか」
0x4b000	89	「けど、お前達のおかげで| 自由になれた。| 礼を言うよ」
0x4b000	90	「そうか…それは良かった…」
0x4b000	91	「どうしたんだい…?| 元気がないみたいだな?」
0x4b000	92	「…ああ、実は…」
0x4b000	93	「成る程…お前の父親が| そんな事に| なっちまったのか…」
0x4b000	94	「ああ…急いで京都に| 行かなきゃいけないのに…| 一体どうすればいいのか」
0x4b000	95	「……元に戻す方法が…| 無い訳じゃないぜ」
0x4b000	96	「ほ、本当かい!?」
0x4b000	97	「ああ。| 石にされる前にゴーゴンの| 奴から聞いたんだが…@ 俺達の仲間はオオカミ男って奴の| 〝秘歯の薬品工場"で| 働いているんだ」
0x4b000	98	「秘歯の…薬品工場?」
0x4b000	99	「そこでは| 色々な薬品の研究を| してるらしい。@ そこにいけば、お前の| 父親の症状を治す薬が| 見つかるかもしれないぜ!」
0x4b000	100	「成る程…悔しいけど、| 僕達の知識じゃ父さんを| 治せそうにない。@ ここは…世界妖怪の| 知恵をいただくか!」
0x4b000	101	「よし、カラス達に乗せてもらって| 急いでそこに向かうとしよう」
0x4b000	102	「カタキラウワ、| その工場って…| 遠いの?」
0x4b000	103	「ちょっと離れてるが、| たいした距離じゃない」
0x4b000	104	「よし、案内してくれ」
0x4b000	105	「ああ、おやすいごようさ」
0x4b000	106	(父さん…すぐ助けます。| もう少しだけ| 辛抱してください!)
0x4b000	107	「うむ、そうじゃな。| 急いだ方がいい」
0x4b000	108	「カラス達!| 頼むよ!」
0x4b000	109	「カ~~~~~~~!」
0x4b000	110	「確か…ここだったよね?」
0x4b000	111	「ああ、| 間違いない筈じゃ」
0x4b000	112	「お~い、カタキラウワ~!」
0x4b000	113	「駄目だよ、猫餅。| 今頃オオカミ男の手下達が| 戻ってきてるかもしれない」
0x4b000	114	「あ、そうか…| 奴らにばれちゃ| いけないんだったわね…」
0x4b000	115	「………………………」
0x4b000	116	「む…砂かけ…」
0x4b000	117	「…ああ、遅かったようじゃな」
0x4b000	118	「え?」
0x4b000	119	「鬼太郎、ワシらは| 見つかってしまった| ようじゃぞ」
0x4b000	120	「どこかからワシらの事を| 監視しとる妖怪がおる」
0x4b000	121	「そうか…ひょっとしたら| 以前に僕達がここに来たのが| バレていたのかもしれない…」
0x4b000	122	「ど、どうしよう、鬼太郎?」
0x4b000	123	「この場所は狭くて戦い難い。| よし! 思い切って…@ 一気にあのカメが| おいてあった広い所まで| 走って行こう!」
0x4b000	124	「敵がもっとたくさん| 待っとるかも知れんとよ?| 危険でごわす!」
0x4b000	125	「父さんを助けるには| どのみちここで引き返す| わけにはいかない。@ 逆に、こっちから乗り込んだ方が| 敵の意表をつけるかも| しれない!」
0x4b000	126	「よし、走るぞ!| ぬりかべ、遅れるな!」
0x4b000	127	「わかった~~!」
0x4b000	128	「戻ってきたね」
0x4b000	129	「ここはもともと| 俺達の住処だったんだ。@ そこをあのゴーゴンの奴に| 襲われて…奴らに| のっとられちまったってわけさ」
0x4b000	130	「うう…苦勞しとったんで| ごわすな…@ 同郷の妖怪の危機を| 見逃しておったとは…| おいどん恥ずかしかとよ!」
0x4b000	131	「ま、まあまあ、気にしないで。| こんな場所で起きた出来事なんか| 知らなくて当然さ」
0x4b000	132	「じゃが…こんな場所で| 一体なんの薬品を| 研究しとるんだ?」
0x4b000	133	「生憎詳しい事までは| わからないけど…」
0x4b000	134	「………………………」
0x4b000	135	「む…砂かけ…」
0x4b000	136	「…ああ、みつかったようじゃな」
0x4b000	137	「え?」
0x4b000	138	「どこかからワシらの事を| 監視しとる妖怪がおる」
0x4b000	139	「ど、どうしよう、鬼太郎?」
0x4b000	140	「この場所は狭くて戦い難い。| 思い切って、カタキラウワのいた| 所まで一気に走って行こう!」
0x4b000	141	「敵がたくさん| 待っとるかも知れんとよ?| 危険でごわす!」
0x4b000	142	「父さんを助けるには| どのみちここで引き返す| わけにはいかない。@ どうせバレたのなら、| こっちから乗り込んで| 敵の意表をつこう!」
0x4b000	143	「よし、走るぞ!| ぬりかべ、遅れるな!」
0x4b000	144	「わかった~~!」
0x4b000	145	「ここが、君達の仲間が| 働かされている| 薬品工場かい?」
0x4b000	146	「なあんだ…工場っていうから| どんな建物かと思ったら…| ただの洞窟じゃない」
0x4b000	147	「ここはもともと| 俺達の住処だったんだ。@ そこをあのゴーゴンの奴に| 襲われて…奴らに| のっとられちまったんだ」
0x4b000	148	「うう…苦勞しとったんで| ごわすな…@ 同郷の妖怪の危機を| 見逃しておったとは…| おいどん恥ずかしかとよ!」
0x4b000	149	「ま、まあまあ、気にしないで。| こんな場所で起きた出来事なんか| 知らなくて当然さ」
0x4b000	150	「じゃが…こんな場所で| 一体なんの薬品を| 研究しとるんだ?」
0x4b000	151	「生憎詳しい事までは| わからないけど…」
0x4b000	152	「………………………」
0x4b000	153	「む…砂かけ…」
0x4b000	154	「…ああ、みつかったようじゃな」
0x4b000	155	「え?」
0x4b000	156	「どこかからワシらの事を| 監視しとる妖怪がおる」
0x4b000	157	「もう少しで目的の| 場所に出るんだけど…」
0x4b000	158	「ど、どうしよう、鬼太郎?」
0x4b000	159	「この場所は狭くて戦い難い。| 思い切って、カタキラウワのいう| 工場まで一気に走って行こう!」
0x4b000	160	「敵がたくさん| 待っとるかも知れんとよ?| 危険でごわす!」
0x4b000	161	「父さんを助けるには| どのみちここで引き返す| わけにはいかない。@ どうせバレたのなら、| こっちから乗り込んで| 敵の意表をつこう!」
0x4b000	162	「よし、走るぞ!| ぬりかべ、遅れるな!」
0x4b000	163	「わかった~~!」
0x4b000	164	「これが〝ベラドンナの汁"| とやらか…」
0x4b000	165	「とりあえず、親父さんに| かけてみましょう」
0x4b000	166	(これで…本当に治ればいいけど)
0x4b000	167	「…父さん……!」
0x4b000	168	「う…うん…」
0x4b000	169	「父…さん…?」
0x4b000	170	「ん…なんじゃ、鬼太郎?」
0x4b000	171	「おお…元に戻ったぞい!」
0x4b000	172	「やった~!」
0x4b000	173	「なんともないか、| 親父殿」
0x4b000	174	「な、なんじゃ…?| どうしたんじゃみんなして」
0x4b000	175	「父さん…身体の調子は| どうですか?| 痛い所とかないですか?」
0x4b000	176	「ふわああああ~~!| なんだかよく寝たような| 気分じゃ」
0x4b000	177	「そ…そうですか」
0x4b000	178	「ふふふ…全然心配| ないみたいね!」
0x4b000	179	「なんだか話が見えんのだが…| 何かあったのか?」
0x4b000	180	「実は…」
0x4b000	181	「そうか…そんな事が| あったのか。| 迷惑をかけたな、鬼太郎」
0x4b000	182	「心配しましたよ…| でも、無事元に戻れて| 良かったです」
0x4b000	183	「鬼太郎…」
0x4b000	184	「誰じゃ!」
0x4b000	185	「!? お前達は…」
0x4b000	186	「さっきはすまなかった」
0x4b000	187	「輪入道…!」
0x4b000	188	「元に戻ったんじゃな、| よかったのう」
0x4b000	189	「???」@(なんだかわからんが…| ワシが石になっとった間に| 色々あったようじゃの)
0x4b000	190	「よかった。| みんな大丈夫みたいだね」
0x4b000	191	「鬼太郎…ひょっとして…| ワシ達をあまり傷つけないように| してくれてたんじゃないか?」
0x4b000	192	「そうなのか?」
0x4b000	193	「…ええ、彼らは操られて| いるのがはっきりして| いましたから…」
0x4b000	194	「ともかく。お前さん達が| 奴らを倒してくれたおかげで、| 自由になれた。@ 改めて礼を言わせてくれ」
0x4b000	195	「いいんだよ。そんな」
0x4b000	196	「これからどこへ行くんじゃ?」
0x4b000	197	「京都で世界の悪い妖怪達が| 何か企んでいるらしいんだ。| …それを阻止しにいく」
0x4b000	198	「良かったら…仲間達を代表して| ワシを一緒に連れて行って| くれんか?」
0x4b000	199	「キミを?」
0x4b000	200	「世話になったままでは| ワシらの気がすまん。@ 邪魔にならんよう、| お前達の行動には口出し| せんように気をつける。@ …どうじゃ?」
0x4b000	201	「どうって言われても…」
0x4b000	202	「つれてってあげたら?」
0x4b000	203	「どうしましょう…父さん」
0x4b000	204	「輪入道ほどの妖怪が頭を| さげて頼んでおるんじゃ。@ その気持ちを汲んで| やらんと失礼というものじゃ」
0x4b000	205	「そうですね…| お言葉に甘えましょうか」
0x4b000	206	「じゃあ…」
0x4b000	207	「ああ、今日からキミは| 僕達の仲間だ」
0x4b000	208	「そうか!| よろしく頼むぞ!」
0x4b000	209	 |<輪入道が仲間になった!>
0x4b000	210	「話もまとまった所で…| そろそろ出癸するか」
0x4b000	211	「おお、そうじゃ。| ワシの為に随分進行が| 遅れてしまったようじゃな」
0x4b000	212	「気にせんでええ…| と、言いたいが、| 少し心配じゃな」
0x4b000	213	「ええ、急いで京都に| いきましょう」
0x4b000	214	「カ~~~~~~~!」
0x4b000	215	「カラスのヘリはいつでも| 飛べるぞ~~!!」
0x4b000	216	「こうなったら| 一気に京都までいきましょ!」
0x4b000	217	「よっしゃ!| 張り切っていくとよ!」
0x4b000	218	「みんな、次は京都だ。| そのつもりでいてくれ」
0x4b000	219	「お~う!」
0x4b000	220	(ワシがおらんでも鬼太郎は充分| 皆を引っ張っておる…母さんや、| 鬼太郎は立派に成長しとるぞ。@ 地獄から…お前も| 今回の戦いの成功を| 祈ってやってくれ…)
0x4b000	221	「く、さすが鬼太郎だ。| この程度の兵力では| 相手にならないか…@ フランケン!」
0x4b000	222	「何!?」
0x4b000	223	「呼んだか~」
0x4b000	224	「そろそろ仕上がって| いるだろう、| あいつらを出せ…!」
0x4b000	225	「ああ…わかった。| 出てこい、お前ら~~!」
0x4b000	226	「……………………」
0x4b000	227	「これは…〝輪入道"| じゃないか!?」
0x4b000	228	「そうとも、お前達の| お仲間の日本妖怪だ」
0x4b000	229	「君達が…どうして| オオカミ男達の味方を| するんだ!?」
0x4b000	230	「…………………」
0x4b000	231	「何を言っても無駄さ…| こいつらにはさっき話した薬の| 実験台になってもらった」
0x4b000	232	「なんだと!?」
0x4b000	233	「俺は宝石が好きでね…@ なんとかしてこいつらの| 特殊能力である〝炭素化光線"の| 秘歯を知りたかったのさ」
0x4b000	234	(ああ、輪入道は〝炭素化光線"で| 色んな物をダイヤモンドに| してしまう事ができるんだっけ)
0x4b000	235	「フランケン、俺は一旦引く。| お前はこいつらとしばらく| 持ちこたえていろ」
0x4b000	236	「わかった~!」
0x4b000	237	「待て! 逃げる気か!?」
0x4b000	238	「ふふ…あわてるな、| どこにもいきゃあしない。| また後でな…」
0x4b000	239	「お前の相手は俺だ~!」
0x4b000	240	「フランケンか…| 相手になってやる!」
0x4b000	241	「なんとか工場についたみたいね」
0x4b000	242	「おや…あれは…?」
0x4b000	243	「前来た時には…| あんな色の漬体は| あそこに入っとらんかったな」
0x4b000	244	「おそらく…ワシらがここを| 去ってから作られた| 何かの薬品じゃろう」
0x4b000	245	「なんか…いやな色ね」
0x4b000	246	「カタキラウワ達はいないのか?」
0x4b000	247	「おやおや…| 誰かと思えば| 鬼太郎達じゃないか!」
0x4b000	248	「誰だ!?」
0x4b000	249	「オオカミ男!」
0x4b000	250	「ここで俺が薬品の研究を| している事がどうして| わかったんだ…?」
0x4b000	251	(カタキラウワ達は| もうどこか別の場所に| 派遣されてしまったのか?@ …幸い、彼らと僕達の関係は| バレていないみたいだ)
0x4b000	252	「オオカミ男…| 一つ聞きたい事がある。@ 石になってしまった| 妖怪を元に戻す薬を| お前はもっていないか?」
0x4b000	253	「石になってしまった体を元に| 戻すだと? そうか、さては| ゴーゴンと一戦やらかしたのか?@ 奴を倒したのに石化が| 解けない仲間がいるのか…| そいつは余程重症なんだな?」
0x4b000	254	「お前の推測なんか聞いてる| 暇はないんだ。答えろ!| ここにそれはあるのか?」
0x4b000	255	「ふん、あるぜ」
0x4b000	256	「おお…本当か?」
0x4b000	257	「それをこっちに| 渡してもらおうか!」
0x4b000	258	「ふん…そう言われて| 素直に渡す馬鹿が| どこにいる!」
0x4b000	259	「でたわね~!?」
0x4b000	260	「どっちみち、この工場の事が| バレた以上、生かして| 帰すわけにはいかないんだ。@ ドラキュラ様に代わって…| この俺が貴様を倒してやる!」
0x4b000	261	「父さんを助ける為だ…| オオカミ男。覚梧しろ!」
0x4b000	262	「ふん! 望む所だ!」
0x4b000	263	「ここがそうか…| キミの仲間はどこにいるんだ?」
0x4b000	264	「おかしい…仲間達が…いない?」
0x4b000	265	「これはこれは…誰かと| 思えば鬼太郎じゃねえか!?」
0x4b000	266	「お前は…オオカミ男!」
0x4b000	267	「いかにも。ところで…| ここが俺の薬品工場だと| どうやってわかったんだ?」
0x4b000	268	「……………………」
0x4b000	269	「…ん? そうか…ゴーゴンを| 倒して、そいつらに| 案内させたってわけか…」
0x4b000	270	「仲間達を…どこへやったんだ!」
0x4b000	271	「奴らはついさっき| ロンロンの奴に引き渡した」
0x4b000	272	「なんだと!?」
0x4b000	273	「薬品作りにメドがたったんでな、| 奴らはもう用済みだ。後は| ロンロンが自由に使うさ。@ 奴は俺と違って、| 生け誉や儀式にあいつらを| 使うつもりだろうからな…@ 助けたいなら、| 急いで追いかけた方が| いいぜ?」
0x4b000	274	「なんじゃと!?」
0x4b000	275	「鬼太郎…どうする?」
0x4b000	276	「く…」@(どうしよう…オオカミ男の| 言うことが本当だとしたら| カタキラウワ達が大変だ。@ でも、父さんも助けなきゃ| いけないし…)
0x4b000	277	「俺達…仲間を助けに行く。| 鬼太郎達は、ここで親父さんを| 助ける薬を手に入れてくれ!@ ここなら…きっと石化を治す| 薬だって作っている筈だ!」
0x4b000	278	「君達だけで仲間を| 助けようっていうのか?| 危険だ!?」
0x4b000	279	「そうじゃ…ワシも行こう」
0x4b000	280	「いや、俺達が無事な姿を| 見せれば奴らと戦って…| 倒せなくても逃げる位できる」
0x4b000	281	「そうか…成る程」
0x4b000	282	「奴の口調では、運ばれて| まだそれほど時間はたって| ない筈。@ 臭いを頼りに| 追いかけてみるさ」
0x4b000	283	「その方が良さそうだな。| わかった。| …健闘を祈るよ」
0x4b000	284	「鬼太郎達も…| それじゃ!」
0x4b000	285	「行っちゃったわね…」
0x4b000	286	「ふん、そう上手くいくかな?」
0x4b000	287	「オオカミ男…| 一つ聞きたい事がある。@ 石になってしまった| 妖怪を元に戻す薬を| お前はもっていないか?」
0x4b000	288	「ふん、さっきの話で大体| わかったぜ。お前の親父が| 石になったんだな?」
0x4b000	289	「答えろ!| ここにそれはあるのか?」
0x4b000	290	「ふん、あるぜ」
0x4b000	291	「おお…本当か?」
0x4b000	292	「それをこっちに| 渡してもらおうか!」
0x4b000	293	「ふん…そう言われて| 素直に渡す馬鹿が| どこにいる!」
0x4b000	294	「でたわね~!?」
0x4b000	295	「どっちみち、この工場の事が| ばれた以上、生かして| 帰すわけにはいかないんだ。@ ドラキュラ様に代わって…| この俺が貴様を倒してやる!」
0x4b000	296	「父さんを助ける為だ…| オオカミ男。覚梧しろ!」
0x4b000	297	「ふん! 望む所だ!」
0x4b000	298	「行くぞ! オオカミ男!」
0x4b000	299	「オオカミ男!| お前はここで何の薬を| 作っているんだ!?」
0x4b000	300	「ふふ…様々な薬品だ。| だが…最も力を入れているのは…| 妖怪や人間を操る薬だ」
0x4b000	301	「何だと!?」
0x4b000	302	「ラグレシアに作らせている| 胞子が届けば…より強力な| 薬品を作る事ができる…」
0x4b000	303	(〝ラグレシア"…?| 何者だ?)
0x4b000	304	「もっとも…あの方が| 本当の力を解放された| 暁には、@ この程度の薬品など| 不要になっているかも| 知れんがな…」
0x4b000	305	「何!? そうか、ラグレシアに| 何か怪しいキノコを作らせて| いたのは…お前の仕業だな!?」
0x4b000	306	「ああ…ここといい、| ラグレシアの森といい、| よく場所を嗅ぎつけたものだ…@ さすが鬼太郎といった所か?」
0x4b000	307	(どちらも見つけたのは| 偶然なんだけどな…)
0x4b000	308	「貴様がラグレシアの計画を| 邪魔してくれたおかげで| 計画の進行が遅れたが…@ 今改めて奴に例のキノコを栽培| させている。それができれば、| より強力な薬品を作れる…@ もっとも…あの方が| 本当の力を解放された| 暁には、@ この程度の薬品など| 不要になっているかも| 知れんがな…」
0x4b000	309	「そいつは何者だ?」
0x4b000	310	「おっと、喋りすぎた。| 話は後だ。| 行くぞ鬼太郎共!」
0x4b000	311	(〝様々な薬品"か…| もしそれが危険な薬品なら| 中身をこほしたら大変だな。@ まてよ? あのカメを壊して| 上手く敵を巻き込めば| ダメージを与えられるかも?@ 逆に中には僕達を回復させて| くれる薬もあるかもしれない。@ 試しにカメを破壊して| 中身をこほしてやれば| 有利に戦えるかもしれないな…)
0x4b000	312	「輪入道! やめるんだ!」
0x4b000	313	「……死ね…鬼太郎…!」
0x4b000	314	「ダメだ…完全に操られてる。| この様子じゃ説得は| 効きそうにない…@ できれば戦いたくないけど…| そうもいっていられないか」
0x4b000	315	「う…輪入道の| 炭素化光線か!?@ ゴーゴンの石化攻撃と| 似たような感じだな。@ しばらくは動きが不自由に| なるけど…時間をかければ| はねのけられそうだ…!」
0x4b000	316	「うわあああ~~!」
0x4b000	317	「なんだ!| でかい図体の割に| たいしたことないな!」
0x4b000	318	「ふん、フランケンを| 倒したか…」
0x4b000	319	「オオカミ男!| 石化を治す薬をよこせ!」
0x4b000	320	「いいだろう…お前が俺に| 勝ったら、いかなる石化| 状態も元に戻せる特効薬、@ 〝ベラドンナの汁"を| くれてやろう!」
0x4b000	321	「……………」
0x4b000	322	「フランケン、| お前はもう下がってろ。| 後は俺が始末をつける」
0x4b000	323	「…わかった」
0x4b000	324	「さあ、ここからが本番だ。| 相手になってやるぞ!」
0x4b000	325	「ふふ…さっきとは違うぞ!」
0x4b000	326	「う…すごい〝気"が| 奴の身体にみなぎっている…@ さては、一旦退却している間に| 何か特別な薬でも| 飲んできたのか?」
0x4b000	327	「く…か、勝てないのか…?」
0x4b000	328	「オオカミ男、これ以上戦っても| 無駄だ! 〝ベラドンナの汁"| とやらを渡せ!」
0x4b000	329	「ち! わ、わかったよ!」
0x4b000	330	 |〈ベラドンナの汁を手に入れた〉
0x4b000	331	「こうなったら…引き上げだ!」
0x4b000	332	「了~解~!」
0x4b000	333	「逃げる気か!」
0x4b000	334	「あの方がおられる以上、| いずれ用済みになる施設だ。@ 貴様らにくれてやる!| また会おう鬼太郎…| あばよ!」
0x4b000	335	(〝あの方"か、| 本当に…何者なんだろう?)
0x4b000	336	「とりあえず…これで| 父さんを治せる筈だ。| 急いで試してみよう」
0x4b000	1024	開癸中
0x4f800	0	「そうか…ゴーゴンの| 奴が倒されたか…」
0x4f800	1	「ああ…死ぬようなケガじゃないが| 石化攻撃はしばらく| 使えないぜ」
0x4f800	2	「おのれ鬼太郎…| 奴ら…そろそろ京都に| ついてしまうぞ!」
0x4f800	3	「まあ…いいじゃないか。| あそこには〝悪魔"が| いるんだろ?@ 鬼太郎には、せいぜい| がんばってもらえば…さ」
0x4f800	4	「おやおや…エリート殿とも| あろう方が、@ 鬼太郎の血には興味が| ないように見えますが…| それはなぜですかな?」
0x4f800	5	「確かに…俺は有名人や| 地位の高い人間の生き血を| 吸うのが大好きだ。@ だけど、今は| それどころじゃないのさ」
0x4f800	6	「ほほう…?| では、ついに噂のアレが…」
0x4f800	7	「エリート!| …余計な事は喋るな!」
0x4f800	8	「あ、ああ…」
0x4f800	9	(ちっ、うるさい懸郎だぜ!)
0x4f800	10	「ベアード、以前までのお前なら| いざしらず、今のお前は| 私の部下にすぎない。@ 全ての計画を知り得る| 立場ではないのだ。| わきまえてもらおうか?」
0x4f800	11	「わかったよ、| ドラキュラ…〝様"。| …じゃあな」
0x4f800	12	「待て、何処へいく!」
0x4f800	13	「俺はあの蛇頭を京都に| 送った足でここまできたんだ。@ もうへとへとだぜ、| 休ませてもらう…| それじゃあ…またな」
0x4f800	14	(ち、まだ自分の| 立場がわかって| いないようだな…)
0x4f800	15	「ドラキュラの兄貴、アイツを| 懸放しにしていていいのか?@ アイツが鬼太郎を射落とした事を| きちんと連絡してりゃあ| ゴーゴンだって今頃…」
0x4f800	16	「アイツにはまだ利用価値がある。| 殺す事などいつでもできる。| 今は日本を制圧するのが先だ」
0x4f800	17	「今頃は京都血戦か…ふふ、| 確かに見物にいけないのが| 悔しいぜ。@ じゃあ、俺はそろそろ出癸する。| 後をたのんだぜ、兄弟」
0x4f800	18	「ああ、任せろ」
0x4f800	19	「そういえば兄貴、例の新しく| 入った飯係を見かけないけど…| 何処に行ったんだ?」
0x4f800	20	「飯係? ああ、ねずみ男の事か?| さっきロンロンが| 連れて行ったぞ」
0x4f800	21	「ロンロンが?| どうして?」
0x4f800	22	「さあな…| 女の考える事はわからん…」
0x4f800	23	「あの方の考えも…だろ?」
0x4f800	24	「ラ<87>セーヌ! 言葉使いに| 気をつけろ。今、あの方を敵に| 回すワケにはいかんのだ」
0x4f800	25	「ああ…わかってるよ」
0x4f800	26	「…………………………」
0x4f800	27	「化けガラス達!| 目的地はそろそろの筈だ。@ 一番妖気が濃い場所を捜して| そこへ急いでくれ!」
0x4f800	28	「カ~~~!!」
0x4f800	29	「父さん…いよいよですね」
0x4f800	30	「うむ。そうじゃな」
0x4f800	31	「でも…相手は| 〝悪魔"なんでしょう?| きっとすっごく手強いわよ!@ 何か作戦でもあるの?」
0x4f800	32	「え…ええっと…」@(作戦? そういえば…| そんなの考えてなかったな…)
0x4f800	33	「うむ、実は少しばかり| 仕込みをしてある」
0x4f800	34	「え…初耳ですよ父さん!?」
0x4f800	35	「ワシもじゃ!」
0x4f800	36	「そんな話…聞いとらんぞ!」
0x4f800	37	「すまんすまん。実は出癸する前に| 油すましとワシでこっそり| 知恵を絞っておいたんじゃ」
0x4f800	38	「それにしても…僕にくらい| 話しておいてくれても| いいじゃないですか!」
0x4f800	39	「すまんな、| 上手くいくかどうか| 確証がなくてのう…@ 実は…今でもその仕込みが| きちんとできておるのか| わからん状態なんじゃ」
0x4f800	40	「その〝仕込み"のできとやらは| いつはっきりするんじゃ?」
0x4f800	41	「京都に行ってみんと…| わからん」
0x4f800	42	「博打でごわすな…」
0x4f800	43	「ま、まあ、| もし父さんの作戦がダメでも、| これまで通り@ 〝精一杯ぶつかって| あいつらを倒す"| ただそれだけさ!」
0x4f800	44	「そうじゃ、心許ない事を| 言ってすまんが…@ あくまでワシの作戦は| 保険程度に思っておいて| くれたらいい」
0x4f800	45	「もうすぐ京都だ~!」
0x4f800	46	「いよいよね!」
0x4f800	47	「鬼太郎…あそこに| 何か見えるでごわす!」
0x4f800	48	「うむ…おそらく| あそこが悪魔の召喚場所に| 間違いあるまい!」
0x4f800	49	「間に合ったみたいですね…| 急いで降りましょう!」
0x4f800	50	「す…すごい。| 悪魔軍団を| 全部すいこんじゃった…!」
0x4f800	51	「うむ。ヤカンヅルなら| 当然じゃ」
0x4f800	52	「ヤカン…ヅル?」
0x4f800	53	「うむ、コレが禁断の妖怪| 〝ヤカンヅル"じゃ!@ この世のあらゆる物を| いくらでも吸収する異次元の| 胃袋を持つ妖怪でのう。@ ある意味、ダイダラボッチ| 以上に危険な妖怪の一人じゃ!@ こいつならたとえ悪魔軍団と| いえども見ての通りじゃ!」
0x4f800	54	「一つ…質問があるんじゃが…」
0x4f800	55	「なんじゃ?」
0x4f800	56	「アイツは…ヤカンヅルは| 満腹になる事はあるのか?」
0x4f800	57	「恐らく…ないじゃろうな」
0x4f800	58	「じゃあ…アイツを| どうやってとめるんじゃ?」
0x4f800	59	(む…しまった!)
0x4f800	60	「父さん…どうしたんです」
0x4f800	61	「……奴をいさめる方法を| 考えておらんかった」
0x4f800	62	「なんじゃと!? それじゃあ| アイツはこのまま京都中の物を| 吸い込んでしまうではないか!」
0x4f800	63	「下手をすると…| 〝日本中の物を"じゃな」
0x4f800	64	「どどど…どうするのよ!| 悪魔軍団より| タチが悪いじゃない!」
0x4f800	65	「むう…毒をもって毒を制す| つもりが…ちょっとばかり| 毒が強すぎたようじゃわい!」
0x4f800	66	「……………!」
0x4f800	67	「父さん! | ヤカンヅルが!」
0x4f800	68	「いかん!| ワシらをねらって| おるのか?」
0x4f800	69	「きゃあ~~~!| 大<87>ピン<87>チ~!!」
0x4f800	70	「に…逃げるでごわす!」
0x4f800	71	「いや、その必要はないぞ」
0x4f800	72	「!? 誰だ!」
0x4f800	73	「ワシだ、鬼太郎」
0x4f800	74	「あ…油すまし!| 小笠原の方は無事に解決| できたのか?」
0x4f800	75	「ああ、随分苦勞したが、@ 鬼太郎達がこっち方面で| 暴れてくれたおかげで、| なんとかなったわ」
0x4f800	76	「そんな事より| 油すまし、逃げる必要がないって| どういう事だい?」
0x4f800	77	「ヤカンヅルの事を親父殿に| 提案した時から、こんな事態も| 予想しておった。@ 止める方法も調査済みじゃ。| アイツを止めるには、| 生け誉が必要なんじゃ」
0x4f800	78	「なんじゃと!?| それは知らなんだ、本当か!?」
0x4f800	79	「ああ、ちょっと物足りんが、| ブエルとベリアルを飲み込んだ| 後じゃ、ワシに任せておけ」
0x4f800	80	「いけない! そんな事を| させるワケにはいかないよ!| 僕が行きます!」
0x4f800	81	「勘違いするな、| ワシがその役を買って出る| わけじゃない。@ …今そこで| 生け誉に最適な逸材を| 捕まえてきた」
0x4f800	82	「え?」
0x4f800	83	「は! はなせ! 畜生~!」
0x4f800	84	「あ~~! あんた!」
0x4f800	85	「……!!」
0x4f800	86	「ほ~ら、ヤカンヅルちゃん!| 生け誉をど~ぞ!」
0x4f800	87	「や…やめてくれ!| 俺が何したっていうんだよ!」
0x4f800	88	「大丈夫、死にはしないよ。| …百年ほど出て来れないかも| しれないけど」
0x4f800	89	「そ…そんならお前ぇが| やればいいだろ~!| この人でなし! 妖怪でなし!」
0x4f800	90	「しかし…あいつで| 大丈夫なのか?」
0x4f800	91	「ああ。あいつだから大丈夫| なんじゃ。| 猫餅、やっとくれ!」
0x4f800	92	「は~い! えい!」
0x4f800	93	「!!!!」
0x4f800	94	「うぎゃあああああ~~!」
0x4f800	95	「…食べられちゃいましたね」
0x4f800	96	「…うむ」
0x4f800	97	「!!?!!?」
0x4f800	98	「!?!?!!!!!~」
0x4f800	99	「!?!?!?~~!?」
0x4f800	100	「な…なんじゃ?」
0x4f800	101	「……………」
0x4f800	102	「大人しくなったわよ…」
0x4f800	103	「た、助かった~!」
0x4f800	104	「おお、ねずみ男!」
0x4f800	105	(こ…この臭いは!?)
0x4f800	106	「きゃ~あんた、| ヤカンヅルのなかで| オナラしたのね!?」
0x4f800	107	「へっへっへ!| ざまあ見ろってんだ!」
0x4f800	108	「…………………」
0x4f800	109	「さすがの〝異次元の胃袋"も| ねずみ男の最終屁器には| かなわなかったようじゃな」
0x4f800	110	「油すまし…お前さん、| これを計算して…?」
0x4f800	111	「うむ。思っていたより| 上手くいったがな」
0x4f800	112	「な…なんだと?| やっていい事と悪い事が| あるぞ!」
0x4f800	113	「まあまあ、おかげで助かったよ」
0x4f800	114	「とりあえず、ドラキュラ達、| 世界妖怪の計画は| 阻止できたようじゃな」
0x4f800	115	「ちょっと長い戦いだったわよね」
0x4f800	116	「一度ゲゲゲの森に| もどろう~~~~!」
0x4f800	117	「そうじゃな」
0x4f800	118	「ヤカンヅルはどうするんじゃ?」
0x4f800	119	「やあ、上手くいったみたいだね」
0x4f800	120	「おお、からす天狗!」
0x4f800	121	「事情はわかってる。| 後の事は僕に任せて| くれればいい」
0x4f800	122	「すまんな」
0x4f800	123	「ねずみ男、お前は| どうするんだ?」
0x4f800	124	(ち、ドラキュラの所に| 戻っても、どうせ芋の皮むきだ)@「しょ…しょーがねえな~!| そこまでいうんだったら俺様も| ゲゲゲの森に帰ってやるか!」
0x4f800	125	(別に…頼んでないけど…)
0x4f800	126	「よし、久しぶりに| 我が家へ帰るとするか!」
0x4f800	127	「はい!」
0x4f800	128	「さて…ヤカンヅルをつれて| 帰るか…」
0x4f800	129	「うわ! な…なんだ…!?」
0x4f800	130	「うう…ひどいめにあった…」
0x4f800	131	「お、お前は!」
0x4f800	132	「ブエル様…ご無事でしたか!」
0x4f800	133	「何!?」
0x4f800	134	「うわあ!」
0x4f800	135	「へっへっへ!| 後ろも注意しないとね!」
0x4f800	136	「まさか鬼太郎共が| ヤカンヅルを使うとは…| 酷い目にあった。@ お前達が最後に分け与えて| くれたエネルギーのおかげで| なんとか脱出できたが@ なければ危ない所だったぞ」
0x4f800	137	「ひっひっひ、鬼太郎達が| アタシ達をちゃんと| 倒さないもんだからさ、@ こっちも力が| あまっててね、それで| 上手くいったみたいだよ」
0x4f800	138	「まさか悪魔軍団が| みんな吸い込まれちまう| なんてね」
0x4f800	139	「ブエル様、ベリアル様は?」
0x4f800	140	「まだヤカンヅルの中だ| 助け出してくれ」
0x4f800	141	「私が蔦をのばして| なんとかやってみるわ。| 悪魔軍団はどうしましょう?」
0x4f800	142	「おそらく手遅れだろう」
0x4f800	143	「ブエル様はこれから| どうなされますか?」
0x4f800	144	「大分霊力を使った。| ベリアルと共に近鱗の| 都市から人間の生き血でも頂いて@ 再び力をつけねばなるまい」
0x4f800	145	「そうですか、ではそのように| ご報告をいたします」
0x4f800	146	「おのれ鬼太郎…| お前達をいつまでも| 懸放しにせんぞ…」
0x4f800	147	「京都の山奥にこんな場所が| 作られていたのか…」
0x4f800	148	「見ろ鬼太郎…」
0x4f800	149	「恐ろしい量の妖怪血漬じゃ…@ これだけあれば、| 確かに悪魔くらい、幾らでも| 呼び出せそうじゃわい!」
0x4f800	150	「よくここまで| 辿り着いたな鬼太郎…| 寰めてやるぜ!」
0x4f800	151	「お前が…悪魔ベリアルか?」
0x4f800	152	「ざ~んねん!| ワシは〝悪魔ブエル"!」
0x4f800	153	「ブエル…じゃと?」
0x4f800	154	「日本ではベリアルほど有名じゃ| ないが…これでも悪魔業界では| そこそこ恐れられてるんだぜ」
0x4f800	155	「鬼太郎…初めて会うな」
0x4f800	156	「それじゃあ…お前が…?」
0x4f800	157	「そうとも…我が輩が| 悪魔ベリアルだ!」
0x4f800	158	「………………………ねえ、| オババ」
0x4f800	159	「なんじゃ、猫餅」
0x4f800	160	「こう言っちゃあなんだけど…| なんか、アタイが想像してた| 悪魔の姿と…違うんだけど」
0x4f800	161	「むう…そうじゃな。@ 悪魔というから、もっと| トゲトゲしくて精桿で| 強そうな奴かと思っとったが…@ あいつらはどう見ても| 〝タダのダサいオジン"じゃな」
0x4f800	162	 |         〈ガ~~ン!〉
0x4f800	163	「な…なんじゃと~~!」
0x4f800	164	「うむ、同感じゃ」
0x4f800	165	 |         〈ガ~~ン!〉
0x4f800	166	「お…お前が同意するな~!」
0x4f800	167	「おのれ…ジャパンの妖怪は| 我が輩達の恐ろしさを| 知らんとみえるな」
0x4f800	168	「ベリアルよ…これはワシらの| 怖さを思い知らせて| やらねばいかんぞ…」
0x4f800	169	「うむ…アレをやるか」
0x4f800	170	「丁度いい、ワシは最後の仕上げに| 入る。お前は例の〝あれ"で| 護りの方を圜めてくれ」
0x4f800	171	「わかった…」
0x4f800	172	「何をする気だ…?」
0x4f800	173	「む…鬼太郎、アレを見ろ!」
0x4f800	174	「え!?」
0x4f800	175	「げげ! な、なにあれ!」
0x4f800	176	「ふふふ…恐れいったか!@ 我が輩は自分の身体の一部を| 百倍に増殖させる事が| できるのだ!」
0x4f800	177	「百倍…だって!?」
0x4f800	178	「むむむ…なんという| デタラメな奴じゃ!」
0x4f800	179	「さあ…いくぞブエル!」
0x4f800	180	「ああ、時間がかかったが…| 準傭は全て整ったからな!」
0x4f800	181	「!? あれは?」
0x4f800	182	「ま、魔法陣じゃ…!| 奴らいよいよ悪魔を| 呼び寄せる気じゃぞ!」
0x4f800	183	「そ、そりゃまずいぞ!」
0x4f800	184	(油すましの〝仕込み"は| まだできとらんようじゃな…| ええい、仕方があるまい)
0x4f800	185	「鬼太郎、こうなったら| 力づくで奴らを止めるんじゃ!@ 魔法陣を展開したということは| おそらくあと10分もあれば| 悪魔召喚を実行できるじゃろう。@ それまでになんとしても| 増殖したベリアル達を全員倒し、| 召喚を阻止するんじゃ!」
0x4f800	186	「わかりました、父さん!」
0x4f800	187	「とりあえず…| 魔法陣を生み出している| ベリアルを倒して、@ 悪魔召喚の儀式を| 止めないと……」
0x4f800	188	「そう…上手くいくかな?」
0x4f800	189	「誰だ?」
0x4f800	190	「俺だ…鬼太郎」
0x4f800	191	「お前は…たしか| ドラキュラの部下の…」
0x4f800	192	「俺の名は〝二つ首のミイラ| 妖怪"…ベリアル様達の| 邪魔はさせぬ」
0x4f800	193	「僕達だって…悪魔なんかに| 日本を好き勝手荒らさせる| わけにはいかないんだ…@ さあ、いくぞ!」
0x4f800	194	「自分の身体を百倍にして| 別々に操るなんて…| なんて霊力の持ち主なんだ」
0x4f800	195	「うむ、外見はどいつも| 似たようなもんじゃが…@ 百倍になっておる身体の部位に| よって、こ奴らの戦い方は| 若干違うようじゃ。@ 気をつけるんじゃぞ、鬼太郎」
0x4f800	196	「ち…邪魔しやがって!@ あと少しでワシの手下である| 〝悪魔軍団"を呼び出せる| というのに!」
0x4f800	197	「ブエル! お前達悪魔は| なぜ世界妖怪に味方するんだ!」
0x4f800	198	「そうじゃ、お主らからすれば| ドラキュラなぞ下等な魔物の筈。@ それなのに…| どうして奴らに味方して| おるのじゃ?」
0x4f800	199	「ふん、仕方がねえじゃねえか。| ワシらを召喚したアイツが| それを傘じたんだからな」
0x4f800	200	「アイツ…? 誰の事だ!」
0x4f800	201	「ふん、誰でもいいだろうが!@ とにかく、ワシとベリアルは| 正式な手続きでこの地上に| 呼び出されたんだ。@ だったら呼び出したそいつの| 言うことは聞かなきゃ| ならねえ…それがキマリだ。@ それまで自由が貰えないんだ| からな!」
0x4f800	202	(悪魔を二人も呼び出した| 人物…一体何者だ?)
0x4f800	203	(くそ…さっさとこんな| 契約は終わらせたいぜ!)
0x4f800	204	「やった!」
0x4f800	205	「う…うおおおおおお~!| よ、よくもやってくれたな!?」
0x4f800	206	「ベリアル…もう魔法陣は| 作り出せないだろう。| 観念しろ!」
0x4f800	207	「そうじゃ、これで悪魔の召喚も| ダメになったんじゃからのう!」
0x4f800	208	「ふん…甘いな」
0x4f800	209	「何!?」
0x4f800	210	「召喚に必要な手順は済んだ。| エネルギーは| 全て集まった…@ 後は時間さえかければ| ワシ一人で悪魔を呼び出す事が| できる!」
0x4f800	211	「なんじゃと!」
0x4f800	212	「ブエル、それにはどれくらい| かかるのだ?」
0x4f800	213	「そうだな…後5分もあれば| いけるぜ」 
0x4f800	214	「それなら…ブエル! それまでに| お前をとめてみせるぞ!」
0x4f800	215	「ふん、いいだろう。| かかってこい鬼太郎!| ただし、急いだ方がいいぞ」
0x4f800	216	「また増援か!」
0x4f800	217	(なんだアイツ…見たこと| ない奴だな…?)
0x4f800	218	「おお、ラグレシアか」
0x4f800	219	「ラグレシア…?| 南方の妖怪か?」
0x4f800	220	「私も加勢に来てやったよ!」
0x4f800	221	「魔法陣を解除したと思ったら…| これじゃキリがない!」
0x4f800	222	「鬼太郎、とにかく今は| ブエルを倒す事に集中するんじゃ!」
0x4f800	223	「は、はい!」
0x4f800	224	「お前達は!」
0x4f800	225	「ベリアル様! ブエル様!| 俺達も加勢するぜ!」
0x4f800	226	「あんた達を今度こそ| 倒してやるわ!」
0x4f800	227	「ひっひっひ!| また会えたね鬼太郎!」
0x4f800	228	「ロンロン!」
0x4f800	229	「予傭の杖をもって来たよ…| もう〝木綿切り"なんて| 効かないからね!」
0x4f800	230	「またこいつか…」
0x4f800	231	「助太刀するよ。まあ、みんなで| 楽しくやろうじゃないか!」
0x4f800	232	「へへ…き…鬼太郎!」
0x4f800	233	「お前…ねずみ男じゃないか!」
0x4f800	234	「生きておったようじゃな」
0x4f800	235	「この子は可愛いねえ~!| あんまり可愛いんでドラキュラの| 所からもらって来たんだよ」
0x4f800	236	(とほほ~~!!| 芋の皮むきの次は婆さんと| 一緒に鬼太郎の相手かよ…@ これ以上こいつらに| つき合っててもいい事ねえな…| こうなったら…ずらかるか!)
0x4f800	237	「わ、悪いなロンロン。| おらあこれで失礼させて| もらうぜ!」
0x4f800	238	「え! 何いってんだい!」
0x4f800	239	「世話になったな、あばよ~!」
0x4f800	240	「あれ、逃げちゃいましたよ?」
0x4f800	241	「ワシはもう知らん。放っておけ」
0x4f800	242	「くそ…一時退却だ」
0x4f800	243	「いててて!| 一旦引かせてもらうよ!」
0x4f800	244	「おやまあ…アタシが| やられたのかい?@ しょうがないね…| すこし下がって| 休ませてもらうよ」
0x4f800	245	「うわ!!| 何かの…間違いだよ!」
0x4f800	246	「馬鹿な…| 我が輩がジャパンの妖怪ごときに| これ程までしてやられるとは!@ ええい、一時撤退だ!」
0x4f800	247	「やられた! た…退却だ~!」
0x4f800	248	「あいたたた…ちっとは| 手加減しろよ!」
0x4f800	249	(これ以上世界妖怪共に| つき合っててもいい事ねえな…| ずらかるか!)
0x4f800	250	「あ! どこいくんだい!」
0x4f800	251	「世話になったな、あばよ~!」
0x4f800	252	「ふふふ…悪魔召喚まで| 後3分ほどだ…」
0x4f800	253	「もうすぐだ…あと1分もあれば| 悪魔軍団が呼び出せるぞ!」
0x4f800	254	「後5分だ…」
0x4f800	255	「あと一分で召喚の準傭が完了する| ふふ…終わりだな!」
0x4f800	256	「ふふふ…残念だったな鬼太郎」
0x4f800	257	「しまった! 間に合わなかったか!」
0x4f800	258	「ブエル! 我らの力も使うのだ!」
0x4f800	259	「わかった!」
0x4f800	260	「うわ~~~!」
0x4f800	261	「悪魔ブエルの| 名の下に傘ずる…@ 出よ! 悪魔軍団~~!」
0x4f800	262	「し…しまった!」
0x4f800	263	「き…鬼太郎!| う…上をみろ!」
0x4f800	264	「そんな…あれが…| 悪魔軍団!?」
0x4f800	265	「ふはは…やった!| ついにこの地上に悪魔軍団を| 呼び寄せたぞ!」
0x4f800	266	「とほほ…ここまで来て…」
0x4f800	267	「なんてことだ、| もう少しだったのに!」
0x4f800	268	「ぐはあ! そ…そんな!| ここまでワシが追いつめられる| なんて!」
0x4f800	269	「もはや奴には| 悪魔軍団とやらを呼び出す力は| 残ってないじゃろう!」
0x4f800	270	「もう終わりだ、ブエル。| さっさと悪魔の国に帰れ!」
0x4f800	271	「くそ…おのれ鬼太郎!」
0x4f800	272	「ブエル!」
0x4f800	273	「ベリアル…このままでは| アイツとの契約が果たせぬ。@ そんな事になれば我らはずっと| この地上に辧られたままだ!」
0x4f800	274	「うむ、こうなれば四の五の言って| おれん。我が輩達の身体に残る| 力を全てお前に注ぎ込む。@ お前はそれで悪魔軍団を| 呼び出すのだ!」
0x4f800	275	「わかった…!」
0x4f800	276	「なんだって!| やめろ!」
0x4f800	277	「もう…遅い!」
0x4f800	278	「うわ!」
0x4f800	279	「今だブエル…やるのだ…!」
0x4f800	280	「悪魔ブエルの| 名の下に傘ずる…@ 出よ! 悪魔軍団~~!」
0x4f800	281	「し…しまった!」
0x4f800	282	「き…鬼太郎!| う…上をみろ!」
0x4f800	283	「そんな…あれが…| 悪魔軍団!?」
0x4f800	284	「ふはは…やった!| ついにこの地上に悪魔軍団を| 呼び寄せたぞ!」
0x4f800	285	「とほほ…ここまで来て…」
0x4f800	286	「なんてことだ、| もう少しだったのに!」
0x4f800	287	「…作戦は成功だ」
0x4f800	288	「もうアタシ達は用済みだね」
0x4f800	289	「なら、こんな騒がしい場所、| いつまでもいるこたあないよな」
0x4f800	290	「やれやれ…一安心だな。| 帰らせてもらうとしよう。| 引き上げだよ」
0x4f800	291	「へ、あばよ鬼太郎」
0x4f800	292	「任務完了だな…帰還する」
0x4f800	293	「や…やったなブエル!」
0x4f800	294	「ふふ…これで| 日本もおしまいだ!」
0x4f800	295	「くっ…どうすればいい?| これだけの数の悪魔を相手に| 勝てるのか…?」
0x4f800	296	(く…せめて、ワシが考えておった| 計画の準傭ができておれば…)
0x4f800	297	「え…?」
0x4f800	298	「ええい! こんな時に| また電話か!」
0x4f800	299	「もしもし…? 鬼太郎かい?」
0x4f800	300	「キミは…誰だ?」
0x4f800	301	「僕は〝からす天狗"」
0x4f800	302	「なんじゃと?| き…鬼太郎! ワシに| 代わるんじゃ」
0x4f800	303	「もしもし、親父殿か?@ 遅くなってすまない。| 油すましからの頼まれものが| まもなくそちらに届くよ。@ 気をつけて扱ってくれ。| なにせ危険なんだからな」
0x4f800	304	「う、うむ。わかった!」
0x4f800	305	「父さん! 何か来ますよ!」
0x4f800	306	「な…なんだ?」
0x4f800	307	「カラスだ。何か…| 鰆をぶら下げていますね」
0x4f800	308	「アレが、油すましと| ワシが用意して| おったものじゃ!」
0x4f800	309	「なんだ…あれは」
0x4f800	310	「あ! 父さん、| 奴らに奪われてしまいますよ!」
0x4f800	311	「いいんじゃ、何もするな」
0x4f800	312	「え?」
0x4f800	313	「こ…これは!? まさか…!」
0x4f800	314	「うわあ! や…やめろ!」
0x4f800	315	「うわあああああああ~!」
0x4f800	316	「ベリアルを…飲み込んだ!?」
0x4f800	317	「お…おのれ!| このような手を使うとは…」
0x4f800	318	「鬼太郎、| いそいで騫難するんじゃ!| 巻き込まれるぞ…急げ!」
0x4f800	319	「は…はい!」
0x4f800	320	「うわああああああ~~!」
0x4f800	1024	開癸中
0x53800	0	「フフフ…東京か…俺様の| シ∃ーにはおあつらえ向きな| ビッグなステージだぜ!」
0x53800	1	「いよいよやるのか?」
0x53800	2	「ああ、まもなく菷が開く。@ 日本の滅びの唄を奏でる…| ファイナル<87>コンサートの| 菷がな!」
0x53800	3	「この計画の噂は聞いていたが…| 本当だとは思わなかったぜ。@ 小笠原と京都の計画が| 日本征服作戦のメインだとばかり| 思っていたんだが…」
0x53800	4	「ふん、だろうな」
0x53800	5	「何!?」
0x53800	6	「今回の東京での計画は、| 幹部の中でも上層の妖怪にしか| 聞かされていなかった筈。@ なにしろ、| 実はこれこそが| 日本攻略の為に…@ いや、世界征服の為に| 真に必要な計画なのだからな!」
0x53800	7	「ドラキュラは承知しているのか?| 囮にしては…| 血が流れすぎたぞ!」
0x53800	8	「こんな計画を奴に飲ませる事。| それこそが…あの方の恐ろしさを| 物語っている。そう…思う事だ。@ 批制めいた言動は、| あの方の下で働いて| いたいなら慎め。@ どこで聞かれているか| わからんぞ? …大統傭」
0x53800	9	「だ…〝大統傭"はよしてくれ!| わ…わかってるさ、そんな事」
0x53800	10	「予定開演時間だよ…| 始めようか?」
0x53800	11	「ああ…」
0x53800	12	「いつでもいいぜ」
0x53800	13	(ふふ…)
0x53800	14	「イッツ…」
0x53800	15	「シ∃~~タ~~イム!」
0x53800	16	「そうか…そっちでは| そんな事があったのか」
0x53800	17	「ああ、油すましの方も| 大変だったみたいだね…」
0x53800	18	「うむ、小笠原に向かう途中で| ヴォジャーイとかいう奴が| 邪魔をしてな、往生したわい。@ それに妖怪樹もやはりなかなか| 手強い相手じゃったぞ。| なんとか倒したがのう!」
0x53800	19	「おお、奴らは京都の山奥に| 悪魔召喚用の魔法陣を| しいておってな。@ そいつを破るのは| なかなか骨がおれたよ!」
0x53800	20	「ありがとう、| おかげで助かったよ。| …他のみんなは?」
0x53800	21	「さすがにあいつらは| ダウンしとる。| ギリギリの勝利だったからな」
0x53800	22	「そうか…」
0x53800	23	「ふ~~~!| 一仕事終えた後の風呂は| 格別じゃわい!」
0x53800	24	「父さん!| 今、油すましの話を| 聞いてる所なのに!」
0x53800	25	「いや、気にせんでいい。| そっちも大変だったんじゃ| ろうからな」
0x53800	26	「じゃが、ドラキュラ達が| あの程度で引き下がるとは| 思えんぞ…@ ここにもいずれ| 攻めてくるのではないか?」
0x53800	27	「その可能性はあります。だけど、| どんなに手強い妖怪が| 攻めてきたとしても、@ 僕がいる限りこの森を| 奴らの勝手にはさせませんよ!」
0x53800	28	「しかし…ドラキュラを| 倒したワケじゃないでごわすし…| すっきりせんとよ!」
0x53800	29	「ぬ~り~か~べ~!| きっとやつら~また何か| 企んでる~~!」
0x53800	30	「大丈夫よぬりかべ。@ 小笠原と京都の…あんな| 大がかりな作戦だって、| アタイ達には通じなかったのよ!@ 今更半端な計画なんか| 奴らがたてて来たって…| きっと楽勝よ!」
0x53800	31	「うむ。鬼太郎救きの戦力でも| なんとかなる程度の連中じゃ。@ 全員の力を合わせれば| 乗り鑓えられぬ| 危機などない!」
0x53800	32	「おおお!| な、なんじゃこれは!」
0x53800	33	「へへへ…どうでえ親父!| これが〝ジャグジー"って奴だ」
0x53800	34	「ほほ! なかなか| いい物じゃな?」
0x53800	35	「…なにが〝ジャグジー"よ、| 熱帯魚用のポンプをお茶蜿風呂に| 刺しただけじゃない!」
0x53800	36	「わかってね~な!| 名前は大事だぜ?@ コーヒー牛乳は〝カフェオレ"!| バラ肉は〝カルビ"!@ ほ~ら、言い換えただけで| ぐっとイイ感じになるだろ~が」
0x53800	37	「やれやれ…世界妖怪の仲間に| なっておきながら@ 何の情報も持って帰って| 来られなかった奴が| その程度で偉そうに…」
0x53800	38	「しょうがね~だろ!| あいつらドケチでよ、金も情報も| 持ってるくせに回って来ねえ!@ いやんなっちまったよ!」
0x53800	39	「ふん。ワシらの旗色が| 良くなったらちゃっかり| 戻ってきおって…調子いいぞ!」
0x53800	40	「まあまあ、| ねずみ男も僕らの事を| さして話したりしてない様だし、@ 今まで通り、| 仲良くやっていこうよ」
0x53800	41	「そうそう…仲良くね!」
0x53800	42	(やれやれ…またここに| 戻って来ちまったが…@ こいつらといると| 骨の髄まで拿泛が染みつい| ちまう…なんとかしねえと…@ 世界妖怪の連中も| まだ金儲けのネタを| 鏡ってやがる筈だ。@ なにしろ、奴らは| 俺の負債を帳消しにできる| 力があるんだからな。@ 金には困ってねえみたい| だったが…それはなぜなのか?| へへ…探らねえとな)
0x53800	43	「ん? 誰か来たようじゃな?」
0x53800	44	「き、きき…鬼太郎さんっ!」
0x53800	45	「やあ、ルカちゃん。| どうしたの?」
0x53800	46	(なんだか…彼女はあの| 登場の仕方が普通になっちゃって| 慣れちゃったわね…)
0x53800	47	「きゃ! ご…ごめんなさいぃ!| オフロ中でしたか!?」
0x53800	48	「いや…別に見られて困る| ものではないが…」
0x53800	49	「どうしたんじゃ?| そんなにあわてて…」
0x53800	50	「暁光寺建設の社員さんは| その後どうじゃ?」
0x53800	51	「は、はい! おかげさまで| みんな随分元気に…
0x53800	52	 って違うんですっ!| 大変なんですぅ~っ!」
0x53800	53	(今日は飛ばしとるな…)
0x53800	54	「よし、まじめに話を聞こう」
0x53800	55	「TVを…付けて下さい!」
0x53800	56	「TV?」
0x53800	57	「あ、アタイが付けるわ!」
0x53800	58	「こ…これは…!?」
0x53800	59	「これは…東京か?」
0x53800	60	「…東京上空を突如襲った| 謎の霧は勢力をゆっくりと…| しかし確実に広げています。@ あの霧が電波障害を引き起こし、| 現在、徐々に中と連絡も取れなく| なっていっている状態です。@ 先ほど全面的に営業を中止した| 各種交通機関もダイヤ復旧の| メドは立っていないため、@ 自衝隊の出動が決まるまでは| 東京は完全に陸の狐島と| なってしまうと思われます」
0x53800	61	「何これ…アタイ、夢でも| 見てるの?」
0x53800	62	「しかし各省庁の大臣が| あの霧の中に開じこめられて| いるため、@ 自衝隊の出動を決定する| 緊急閣議を開きたくとも| 事実上不可能であり、@ 今回の異常気象に対する対応が| 迅速に行えるのか…| 非常に危ぶまれています」
0x53800	63	「鬼太郎さん達に小笠原と京都の| 事の顛末を聞いたんですが…@ こっちではやっぱり| その一件がTVとかネットで| ちゃんと流されてなくて…@ それで色々調べていたんです!| そしたら…| これが放送されてて…」
0x53800	64	「やられた…小笠原と| 京都は保険のようなもの…| 本傘はこいつだったんじゃ!」
0x53800	65	「父さん…これは一体| 何なんでしょう?」
0x53800	66	「これは…恐らく| 〝ブリガドーン現象"じゃ!」
0x53800	67	「〝ブリガドーン現象"じゃと?」
0x53800	68	「うわ! な…なんじゃ!?」
0x53800	69	「TVが…急に」
0x53800	70	「ふふふ…鬼太郎…」
0x53800	71	「この声は…ドラキュラ!?」
0x53800	72	「そうとも…私だ」
0x53800	73	「きゃあ!| ほ…本物のドラキュラ?| す…すごい! 初めて見た…!」
0x53800	74	「小笠原と京都では| 私の部下を随分痛めつけて| くれたそうじゃないか…@ だが、そんなお前達の苦勞も| 徒勞に終わる…@ 〝ブリガドーン現象"を使った| 〝怪気象作戦"が、ほほ完璧に| 完了したのだからな!」
0x53800	75	(こいつ…僕達の| 声が聞こえているようだ…| 一体どうやって…?)
0x53800	76	「怪気象…作戦じゃと?」
0x53800	77	「我々の真の目的はこれだ…| この日の為に…深く静かに| 作戦を進めていたのだ!」
0x53800	78	「東京を押さえて…| 日本の国家機能を麻痺させる| 作戦か!?@ でも、日本には僕がいる!| お前達の好きにはさせないぞ!」
0x53800	79	「ふん、今更どうしようと| いうのだ? お前達は| もう負けたのだ!」
0x53800	80	「黙れ! そんな事はないぞ!」
0x53800	81	「ふむ…直接雌雄を決さねば| 勝敗に納得が行かぬのも| 道理だが…@ それと気付かずに部下を| 負け戦に駆り立てる将は| ただの愚か者だ!」
0x53800	82	「やる前に諦めるのが| 賢いリーダーなら…僕は| 愚か者でも構わない!」
0x53800	83	「なんにせよ、この国はこれより| 我らが支配する。世界征服の| 記念すべき第一歩としてな!@ お前達は…そこで指をくわえて| 見ているがいい!」
0x53800	84	「待て!」
0x53800	85	「さらばだ鬼太郎!| あ~っはっはっはっはっは!」
0x53800	86	「く…」
0x53800	87	「大変な事になって| しまったな…」
0x53800	88	「ど…どうしたら良かと!」
0x53800	89	「何とかして…| 奴らが怪気象と呼んでいた| あの霧を止めないと…」
0x53800	90	「じゃが…どうするんじゃ?@ 自衝隊が何とか| してくれるのを待ってからの方が| いいかもしれんぞ?」
0x53800	91	「アレがブリガドーン現象によって| 引き起こされた霧じゃとすると…| 物理的な力では歯がたたん。@ たとえ幡弾を落としたって| あの霧はびくともせんじゃろう」
0x53800	92	「そんな…じゃどうするのよ!」
0x53800	93	「あの怪気象の中心には、| 必ずあの状態を留める為の| 〝妖気定着装置"がある筈…@ それを壊せば…あの霧を| 不安定にして霧散させて| しまう事ができる筈じゃ!」
0x53800	94	「なんじゃ…方法があるで| ごわすか!」
0x53800	95	「それを早く言ってよ。| じゃ、そいつを壊せば| いいのね? 簡単じゃない!」
0x53800	96	「じゃが…怪気象の中は| 既に異空間になっておる筈じゃ。@ それに奴らも部下を配置して| ワシ達を待ち受けておる| じゃろうて。@ そう簡単に中心部まで| 入れるとは思えんぞ…!」
0x53800	97	「でも…父さん。| ここにじっとしているワケにも| いきませんよ!」
0x53800	98	「しかし…」
0x53800	99	「…………………………
0x53800	100	 東京の中心まで…| 無事に行ける道が| あればいいんですね?」
0x53800	101	「え? ルカちゃん、| 何か心当たりがあるのかい?」
0x53800	102	「はっきり断言は| できませんが…みなさん、| 耳を貸してください!」
0x53800	103	「奴ら…来ますかね?」
0x53800	104	「ああ、アイツは必ず来る。| このような通信など| せずともな…」@(そうとも…あ奴はやはり| 私の世界征服の夢を叶える上で| 最大の障害なのだ…)
0x53800	105	「通信…それもやはり、| あの方の指示ですか?」
0x53800	106	「〝良いやり方ではない"| …そう思うか?」
0x53800	107	「いいや、むしろ興が乗りすぎて| いるくらいさ…まるで…| 楽しんでいるみたいに、ね」
0x53800	108	(楽しむ…そう…きっと| あの方は楽しんでいるのだ…@ それこそが…私と彼の方との| 決定的な違いか…)
0x53800	109	「ふふ…だが、| それもまた面当いか…」
0x53800	110	「こうもり猫まで出てくる| なんて…」
0x53800	111	「まあ、あ奴も日本を| 手に入れようとした妖怪の| 一人じゃ。@ 確かにドラキュラ達の| 仲間になっておっても| おかしくはないのう」
0x53800	112	「あんな奴…たいして役に立つ| わけないのにね」
0x53800	113	「お…俺様は、猫だらけの連中を| 相手にするのはもう| ごめんだぜ…」
0x53800	114	「とにかく、怪気象が| どんどん広がっておるんじゃ、| 急がんと!」
0x53800	115	「この怪気象の中では、普段| 弱かったこうもり猫みたいな| 妖怪も強化されてる。@ このままこれが日本中に| 広がったら、悪い妖怪が| 一気に力をつけて…@ 世界妖怪よりもタチが| 悪くなってしまうかも知れない」
0x53800	116	「それはなんとしても| 阻止せんとな」
0x53800	117	「鬼太郎! ひとっ飛びいって| 確認してきたとよ!@ タワーは| こっちでごわす!」
0x53800	118	「よし、父さん行きましょう」
0x53800	119	「うむ、いざ…タワーへ!」
0x53800	120	「ふう…やっと地上か」
0x53800	121	「ここが…怪気象の中?」
0x53800	122	「鬼太郎!」
0x53800	123	「猫餅! みんなも無事に| ここまでたどり着けた| みたいだね」
0x53800	124	「普段の東京とは| まるでちがうのう…@ これが〝当日夢のような世界"| とかいう奴か?」
0x53800	125	「うむ。すっかり変わって| しまっておるが…東京で| ある事に違いはないぞ」
0x53800	126	「住んでいた人は| どうなったんでしょうか…?」
0x53800	127	「騫難できなかった人は、まだ| この中に取り残されておる| じゃろう。@ 妖怪が彼らを襲い出す前に| なんとしてもこの怪気象を| 晴らすんじゃ!」
0x53800	128	「位置的にはタワーは| もう目と鼻の先の筈だけど…」
0x53800	129	「よし、急ごう!」
0x53800	130	「ひっひっひっひっひ! 〝急ぐ"| だって~? 俺を無視して| どこに急ごうっていうんだ?」
0x53800	131	「何者だ!?」
0x53800	132	「お主は…こうもり猫!」
0x53800	133	「ふふふ…久しぶりだな| 鬼太郎」
0x53800	134	「こいつは確か…| 昔鬼太郎と戦ったアメリカの| 妖怪よね?」
0x53800	135	「ドラキュラ達の| 仲間になっとったのか…」
0x53800	136	(たしか、前に日本に来た時は| アメリカの妖怪大統傭戦に| やぶれて…@ 日本の大統傭になろうとして| やってきたのよね)
0x53800	137	「一度鬼太郎に負けた癖に| 性懲りもなくまたやって来たの?@ やめてよね…みっともない。| 同じ猫の妖怪として| 恥ずかしいわ」
0x53800	138	「だ…黙れ!」
0x53800	139	「だいたい…日本で| 〝大統傭"になろうという時点で| ちょっとおかしいのう!」
0x53800	140	「く…」@(いかん…奴らのペースだ)
0x53800	141	「ふ…ふん!| どうやってここまで| 忍び込んだのか知らんが…@ ちょうどいい、| お前達を倒して| 俺の手柄にしてやるぜ!」
0x53800	142	「ふ…ふん!| 誰か侵入者がいるらしいとは| 報告があったが…@ まさか地下からくるとはな、| うかつだったぜ…」
0x53800	143	「ふ…ふん!| そんな事はどうでもいい!@ お前達…下手くそな| 潜入だったな。| まるわかりだったぜ!@ おかげでこっちは準傭は| すっかり完了だ!」
0x53800	144	「せっかくまた会えたのに| 残念だけど…キミを倒して| タワーに行かせてもらう!」
0x53800	145	(く…人の話を聞いてるのか?)@「い、いいぜ、鬼太郎!| リベンジ<87>マッチ開始だ!」
0x53800	146	「さあ、かかって来い!」
0x53800	147	「え? …お前一人で| 僕達の相手をするつもりか?」
0x53800	148	「きゃ! こうもり猫が| いっぱい!」
0x53800	149	「現れたな!」
0x53800	150	「心配いらん、奴お得意の| 幻覚で作り出した幻だ!」
0x53800	151	「ふふ…〝心配ない"だって?| それはどうかな?」
0x53800	152	「うわ!」
0x53800	153	「なんじゃこいつ!?| タダの幻ではないぞ!」
0x53800	154	「まるで…本物みたいだ!| どういう事だ!?」
0x53800	155	「ふふふ…この怪気象中に| 充満した妖気のエネルギーと| ある物を使えば…@ こんな風に幻を実体化する事が| できるのさ!」
0x53800	156	「ある物…?」
0x53800	157	「成る程…こうもり猫程度の| 妖怪でも、こんな| 使い方があったとはな…」
0x53800	158	「だ…だまれ!| とにかくタワーへは| 行かせないぞ!」
0x53800	159	「ふん…やっぱり| タワーに妖気定着装置が| あるんだな?」
0x53800	160	「ち、しまった…」
0x53800	161	「あ! てめえ!| 何しやがるんだ!」
0x53800	162	「幻じゃなくて実体化している| ってことは…こっちの攻撃も| 当たるって事だ!@ そうとわかれば| 怖くないぞ!」
0x53800	163	「ち…強がりを!」
0x53800	164	「鬼太郎、奴らはああして| 待ち伏せをするつもりじゃ!@ こうもり猫本体を叩かねば| 苦戦を強いられるかも| しれんぞ!」
0x53800	165	「そうですね…| あの奧にいる本物のこうもり猫を| 急いで倒しましょう!」
0x53800	166	「そう簡単にはいかねえぜ!」
0x53800	167	「あ! 逃げた!?」
0x53800	168	「いいや、見えないが気配はある…| 姿を消しておるのじゃ@ 妖怪アンテナを上手く使えば| 癸見する事ができるじゃろう。| やってみるんじゃ!」
0x53800	169	「はい!」
0x53800	170	「こうもり猫…見つけたぞ!」
0x53800	171	「ち、しまった!」
0x53800	172	「ぐぐぐ……またしても~~!!」
0x53800	173	「こんな奴まで| かくれていたのか!?」
0x53800	174	「まだおるかもしれん。| 慎重にいくんじゃぞ!」
0x53800	175	「ふふふ…もう一度いくぜ…」
0x53800	176	「こうもり猫の姿が| また見えなくなった…!」
0x53800	177	「鬼太郎、落ち着け、| アンテナを使うんじゃ!」
0x53800	178	「人にぶつかっといて…| ただですむと思ってんのか!」
0x53800	179	「いてえな! こうしてやる!」
0x53800	180	「お前は今回の仕事で| どんな報酬を貰うんだ!」
0x53800	181	「日本の大統傭の座…と、| いいたい所だが、@ この怪気象の中の世界を| 一部傭土として頂く予定さ!@ なにせこの中は住みやす| そうだからな!」
0x53800	182	「そうか…| でも、その夢はかなわないぞ。| 怪気象は僕が消してみせる!」
0x53800	183	「ほざけ、半妖が!!」
0x53800	184	「父さん…さっきから| 気になっていたんですが…@ こうもり猫の幻を倒すたびに| あがっていくあの光る| ものはなんでしょう?」
0x53800	185	「ひょっとすると…| あれは人間の魂かも| しれんぞ」
0x53800	186	「よく気が付いたな、あれは| 怪気象の中に取り残された| 人間共から頂いた魂だ!@ それを芯に使ってこの幻を| 実体化させたのさ!」
0x53800	187	「なんという事じゃ…」
0x53800	188	「どうしましょう…父さん」
0x53800	189	「気にする事はない、| 幻のこうもり猫を倒せば| 魂は解放される。@ どんどん倒してしまうんじゃ!」
0x53800	190	「そ、それもそうですね。| わかりました!」
0x53800	191	「ぜ…全滅?| 俺の…幻のこうもり猫軍団が?」
0x53800	192	「今ので全部みたいだね」
0x53800	193	「人間の魂はこれで全部| 解放できたようじゃな」
0x53800	194	「お…おのれ、| よくも~~~~!!」
0x53800	195	「鬼太郎…今日までの一連の戦いで| お前も随分成長したようじゃな」
0x53800	196	「そ、そうですか? そんな実感は| あまりないですけど……| どうしたんですか、急に?」
0x53800	197	「実感はない……か。| では、知らぬ間に新しい技を| 会得したという訳じゃな?」
0x53800	198	「え? 僕が新しい技を!?」
0x53800	199	「〝体内電気放電"。高まった| 妖怪電気エネルギーを周囲に| 放出する〝広範囲"の技じゃ。@ 強くなったな鬼太郎。| 上手く使えよ!」
0x53800	200	「ぐああああああ!| やられ…た!」
0x53800	201	「いくら幻を作り出してきたって…| 全部お前の姿じゃ怖くないね!」
0x53800	202	「全くじゃな」
0x53800	203	「ち、畜生!| 好き放題言いやがって!| 憶えてろ~~!」
0x53800	204	「さあ、先を急ごう」
0x53800	1024	開癸中
0x57800	0	「ここがタワーか…| なかなか広いではないか」
0x57800	1	「僕らはあまりこういう所には| 来ませんからね」
0x57800	2	「へ、こんな所に来るのは| おのほりさんだけよ!@ 世界妖怪の連中も、| こんな場所を樵点に選ぶなんざ…| まだまだカッペだねえ…」
0x57800	3	「でも…エレベーターは| 多分止まってるわよね?| どうやって上までいくの?」
0x57800	4	「もちろん…階段じゃ」
0x57800	5	「うそ…ホントに?」
0x57800	6	「猫餅は無理しないで| ゆっくり昇って| くればいいよ」
0x57800	7	「な、何言ってるのよ!| バカにしないで!| アタイ、階段大好きなんだから!」
0x57800	8	「そ、そうかい?| じゃあ、昇ろうか…」
0x57800	9	「ええ!」
0x57800	10	「この階段で昇れるのは| ここまでみたいだな…@ ぬりかべ、もっと上に続く| 別の階段がどこかにある筈だ。| 捜してきてくれ!」
0x57800	11	「わかった~~~」
0x57800	12	「ちょ…ちょっと待って…| まだ昇るの…?」
0x57800	13	「だから言ったのに…@ 仕方がない。ぬりかべが| 捜しに行っている間| ちょっと休憩しよう」
0x57800	14	「ううう…ゴメン、| 鬼太郎…みんな…」
0x57800	15	「気にするな猫餅。| ワシもじつはヘトヘト| だったんじゃ。@ この年でこんなに階段を| 昇らされるとは| 思わんかったわい!」
0x57800	16	「いつもながら| だらしねえな~!@ 日々の鍛鰊が足りないから、| 君達はいざというときそんな| ていたらくなんだよ!」
0x57800	17	「ちょっと、なんであんたは| 涼しい顔してんのよ?」
0x57800	18	「そうじゃ、変じゃぞ?」
0x57800	19	「変じゃないぜ。| 俺はこう見えても毎日| トレーニングしてるからよ…@ まあ、日頃の成果さ…| な~んちゃって!」
0x57800	20	(ムッカ~!| なによこいつ!)
0x57800	21	「ねずみ男ならおいどんのしっぽを| 無理矢理掴んでここまで| ぶら下がってきたでごわすよ!」
0x57800	22	「あ~! ばか!| なんて事言いやがるんだ| 空気を読め、空気をよ~!!」
0x57800	23	「な~にが…」
0x57800	24	「ぎゃああああ~~!」
0x57800	25	「〝日頃の成果"よ!」
0x57800	26	「お見事!」
0x57800	27	「ふん、これなら| いつも鍛えてるから| 百癸百中よ!」
0x57800	28	「猫餅、オババ、| つらいと思うけど…| 我慢して進んでくれるかい?」
0x57800	29	「あ、うん! 大丈夫よ、| 気にしないで!」
0x57800	30	(か~~! 相手によって| コロコロ態度変えやがって~!)
0x57800	31	「なあに、ちょっと休めば| すぐ回復するわい!」
0x57800	32	(ここまでの戦いで彼女達も| 大分疲れとるじゃろうて…@ 早くゆっくり休ませて| やりたい所じゃな。@ ワシだけ風呂なんぞに入って| いい気になっておったのが| 恥ずかしいわい!)
0x57800	33	「妖気定着装置は| まだ上なんでしょうか…?」
0x57800	34	「わからん、このタワーの| どこかにあるんじゃろうとは| 思うが…」
0x57800	35	「上にいく階段が| みつからない~~!」
0x57800	36	「なんだって?| そんな筈ないけど…」
0x57800	37	「いいや、ここは普段の| タワーとは違う。@ 実際のタワーとは間取りが| 全然変わってしまっておるの| じゃろうて。@ どこかまだ捜しとらん場所に| 必ずあるわい!」
0x57800	38	「ん?」
0x57800	39	「どうした、鬼太郎?」
0x57800	40	「何か…聞こえませんか?」
0x57800	41	「人間の…悲嶋か何かで| ごわすか?」
0x57800	42	「いいや…そんな音じゃない。| もっと規闡正しいリズムだ…| この奧から聞こえてくる!」
0x57800	43	「ふうむ…よくわからんが…| 上に進む道も| 捜さねばならんし、@ 鬼太郎のいう〝音"のする方へ| 行ってみるとするか」
0x57800	44	「おいおい…| 危ないんじゃね~か?| もっとよく調べた方がいいぜ!」
0x57800	45	「この怪気象の中に| 安全な所なんてないよ。| …ねずみ男」
0x57800	46	「鬼太郎…アタイの耳じゃ| まだ聞き取れないけど| それってどんな種類の音?」
0x57800	47	「金属がたてる音みたいだけど…」
0x57800	48	「な、なぬ~~~!?」
0x57800	49	(金目のものか?| 奴らはどこかに財宝を隠し| 持ってると踏んでいたんだが…@ 確かにここなら金をため込むには| うってつけ!@ 財宝を運び込んでるって| 可能性もあるな?| これはもしかすると…!?)
0x57800	50	「き、鬼太郎…俺は先にいくぜ!」
0x57800	51	「あ、おい待てよ!」
0x57800	52	「これが待って| いられるかってんだ!| あばよ~~~~~!!」
0x57800	53	「なに? あいつ…」
0x57800	54	「僕達も急ごう!」
0x57800	55	「やれやれ、大変な| 戦いじゃったわい!」
0x57800	56	「しかし…敵も色々| しかけてくるでごわすな」
0x57800	57	「この先にも…まだ厳しい戦いが| 待っているのかしら…」
0x57800	58	「そうじゃ、恐らくはな」
0x57800	59	(ちぇ、結局ここにも| 金は隠してね~のかよ!| やってられないぜ、まったく!)
0x57800	60	「あの…」
0x57800	61	「わ~~!!| な! なんだ~~!?」
0x57800	62	「あ…あの、すいません」
0x57800	63	「貴方は…?」
0x57800	64	「は、はい。| 私はあのカリーカとかいう| 奴に捕らえられていた者です」
0x57800	65	「おお、そいつは危ないところ| じゃったな」
0x57800	66	「あんた達、危うくあ奴に生け誉に| される所だったぞい」
0x57800	67	「私の他にも大勢捕らえられて| いたのですが、カリーカが| あわてて逃げていった時に…@ 牟屋の竇を落としていきまして、| それで全員逃げだす事が| できました」
0x57800	68	「あいつ、身体に火がついたもん| だから、大あわてだったもの…| きっとそのせいね!」
0x57800	69	「ああ、そうか」
0x57800	70	「ええ、あなた達が誰か| 知りませんが、| 一言お礼を、と思いまして…」
0x57800	71	「とにかく助かってよかった。| この辺りは危険です。どこかに| 隠れておいてください」
0x57800	72	「わかりました。| 皆さんもお気をつけて!」
0x57800	73	「カリーカ…か、変わった| 妖怪でしたね」
0x57800	74	「コンピュータで人形を操る| とは…妖怪とは思えん| ハイカラな奴じゃったな」
0x57800	75	「コンピュータなら、| 僕も使いますよ?」
0x57800	76	「…………………………@ そうじゃな、今やそれぐらいが| 普通なのかも知れん。時代は| 変わり始めているんじゃな。@ それについていけんワシは| もうずいぶん年を取ったと| いうことか…」
0x57800	77	「父さん…時代が変わったって| やっぱり必要なのは経験に| 裏付けされた知識ですよ。@ 現にさっきだって…父さんの| 助言がなかったら、僕は奴に| 負けてたかもしれない…」
0x57800	78	「鬼太郎…」
0x57800	79	「アタイ達が強いのは| 力を合わせて| やってきたからだわ…」
0x57800	80	「うむ、そうじゃ。| カリーカには人形の手下は| いっぱいおったんじゃろうが…@ 知恵を貸してくれる仲間は| 一人もいなかった。| だから負けたんじゃ」
0x57800	81	「うむ、その通りじゃな」
0x57800	82	「ぬ~り~か~べ~!| 力~合~わ~せ~る~!」
0x57800	83	「ふふ、ありがとう、| ぬりかべ!」
0x57800	84	「みんな…」@(そうじゃな、時代だとか| 道具だとか…そんなもので| ワシらは生きておるんじゃない。@ 大事なのは…ワシや| 鬼太郎には志を同じくする| 仲間がおるという事か…)@「いかん、変な事を| 言ってしまったな。| さあ、上の階へ急ぐぞ!」
0x57800	85	「はい、父さん!」
0x57800	86	「一刻も早く妖気定着装置を| 破壊して怪気象を| 止めるんじゃ!」
0x57800	87	「お~~う!」
0x57800	88	(そして…ワシらが互いに| この仲間を守りたいと思う事…| それがワシらの力…@ 呪文コンピュータと| 人形しか仲間におらなんだ| カリーカには無かった@ 大切な〝力"なんじゃ…)
0x57800	89	「な…なんだこりゃ~~!!」
0x57800	90	「こ…これは」
0x57800	91	「時計が…いっぱい……」
0x57800	92	「鬼太郎が聞いた音は| これか…」
0x57800	93	「なんだか異様な| 光簫じゃな」
0x57800	94	「ねえ…一体なんなの。| この部屋…気味が悪いわ」
0x57800	95	「とほほ…金目の物| なんかありゃしねえ…」
0x57800	96	「鬼太郎…あそこを見ろ!」
0x57800	97	「!? あれは…」
0x57800	98	「上に昇る階段じゃ!」
0x57800	99	「おお、まんざら| 無駄足でもなかったな」
0x57800	100	「よし、これで上の階に| 進めるのう!」
0x57800	101	「フフフ…そう簡単に| 通すワケにはいかぬな」
0x57800	102	「む…誰だ!?」
0x57800	103	「あ~! 扉がしまっちゃった!」
0x57800	104	「せっかくこの怪気象の中まで| 遠路はるばるやって来たんだ…@ ここでゆっくり| していったらどうだい?」
0x57800	105	「お主は…何者だ?」
0x57800	106	「おやおや…俺を知らないのか?| 失礼な奴だな…」
0x57800	107	「俺は〝カリーカ"!
0x57800	108	 お前達が〝世界妖怪"と呼んで| ひとくくりにしている| ドラキュラの仲間の一人だ」
0x57800	109	「カリーカ…?」@(見たところ…服装が古めかしい| 以外は普通の人間と| 変わらないみたいだけど…)@「お前は…妖怪なのか?」
0x57800	110	「ふっふっふ…| 〝らしくない"かな?| なら…これはどうだい?
0x57800	111	 おいで…俺の可愛い人形達!」
0x57800	112	「なんだあれは…蝋人形…?| あれを操るのが| アイツの能力って事か?」
0x57800	113	「あ奴、何やら得体が知れん。| 気をつけるんじゃぞ、鬼太郎」
0x57800	114	「この扉は妖術で| ロックさせてもらった。@ 俺を倒さない限り…| 開く事はない」
0x57800	115	「どうしても…| 戦えって事だな?」
0x57800	116	「そういう事だ!」
0x57800	117	「わかった。行くぞ…カリーカ!」
0x57800	118	「お前はどうして| ドラキュラに味方するんだ!」
0x57800	119	「ドラキュラの奴は人間を| 支配するつもりだ…@ かねてより大勢の人間を| 生け誉にして黒魔術の| 研究を行おうと考えていた俺には@ 妖怪がこの世を支配している| 世界のほうがやりやすいのさ!」
0x57800	120	「生け誉だって?| そんな事はさせないぞ!」
0x57800	121	「ふん! 俺を止めたければ| 殺してみろ!| …できればの話だがな」
0x57800	122	「どういうことだ!?」
0x57800	123	「ふふふふ…| じきにわかるさ…」
0x57800	124	「や…やられたか…」
0x57800	125	「子なき爺、無理せず| 一旦下がっておいて下さい」
0x57800	126	「すまん、そうさせてもらうぞ…」
0x57800	127	「ぐはあ!」
0x57800	128	「え!?」
0x57800	129	「ば…幡癸しおったぞ!?」
0x57800	130	「あれは!?」
0x57800	131	「ふふふ…何処を見ている。| 俺ならここだ!」
0x57800	132	「ま…また幻術か?」
0x57800	133	「幻術? それは違う| 俺は〝不死身"なのだ!」
0x57800	134	「不死身だって…?| そんな事…あり得るもんか!」
0x57800	135	「口で言ってもわからないなら、| 何度でも俺を倒すがいい…| 俺は…何度でも蘇る!」
0x57800	136	「く…父さん、どうしましょう?」
0x57800	137	(むむむ…外見の割に一筋縄では| いかん相手の様じゃ…)
0x57800	138	「考えておってもわからん…| と、とにかく…| 戦って答えを見つけるんじゃ!」
0x57800	139	「は…はい!」
0x57800	140	「うぐぐ!」
0x57800	141	「まだまだ…」
0x57800	142	(こいつの身体は幻術じゃない、| 実体だ…でも…手応えが| おかしい、まるで…@ !? …まてよ?)
0x57800	143	「そうか…お前は蝋人形達と| 同じ様に、自分の偽物の人形を| つくって操っているんだな?」
0x57800	144	「な…何を言っているんだ| 鬼太郎…!?| 俺は不死身なのだ…!」
0x57800	145	「図星か! 本体はどこかに| 隠れているんだな?| どこだ…どこに隠れてる!?」
0x57800	146	「鬼太郎…さっきから怪しいと| 思っておったんじゃが…@ このたくさんある柱時計…| どうも不自然じゃな」
0x57800	147	「ええ…確かに| 多すぎますね…」
0x57800	148	「数もそうじゃが…| 時計の音がしとらん奴が| 一つ混じっておるようじゃ…」
0x57800	149	「本当ですか?| 戦闘に忙しくて| 気が付きませんでした…@ そうか! 奴はそこから| 偽物や蝋人形達を操って| いるんですね?」
0x57800	150	「うむ、恐らく…| あの時計じゃ!」
0x57800	151	「鬼太郎、あの時計の中を| 調べるんじゃ! そこに必ず| 本物のカリーカがいる!」
0x57800	152	「はい!」
0x57800	153	「ぐああ!」
0x57800	154	「その時計じゃ!」
0x57800	155	(ずいぶん頑丈そうだな…| なにか圜くて大きなものを| ぶつけないと…)
0x57800	156	「子なき爺!」
0x57800	157	「なんじゃ?| 呼んだか鬼太郎」
0x57800	158	「時計を壊したいんだ。| 石になって体当たりを頼む!」
0x57800	159	「なるほど…よしきた!」
0x57800	160	「うわああああああ!」
0x57800	161	「おのれ…よくも俺様を| 外に引きずり出してくれたな!@ おまけに大切な呪文コンピュータ| を壊しやがって…| もう許さないぞ!」
0x57800	162	「階段への扉を開けてくれるなら、| これ以上キミに危害を加える気は| ない。おとなしく降参するんだ」
0x57800	163	「なんだと…ふざけるな!| 俺を齏辱するにも| 程があるぞ!」
0x57800	164	「しまった…逆効果だったか…?」
0x57800	165	「殺してやる鬼太郎…| ここがお前の慕場だ!」
0x57800	166	「ギャアアアアアアア~~!| おのれ…おのれ鬼太郎~!」
0x57800	167	「ふう、やったか…」
0x57800	168	「なかなか変わった戦法を| 使ってくる奴じゃったのう」
0x57800	169	「ええ、でも、父さんの| 助言のおかげでなんとか| 倒せました!」
0x57800	170	「し! しまった!| 服に炎が!」
0x57800	171	「ギャアア~~! あ、熱い!| おのれ…おのれ鬼太郎~| 憶えておけ~!」
0x57800	172	「あらら、| あわてて逃げちゃいましたね…」
0x57800	173	「うむ…格好をつけて| おった割には、みっともない| やつじゃのう。@ それにしても…| なかなか変わった戦法を| 使ってくる奴じゃったな」
0x57800	174	「ええ、でも、父さんの| 助言のおかげでなんとか| 倒せました!」
0x57800	175	「父さん、あれを!」
0x57800	176	「うん?」
0x57800	177	「これで上の階に| 進む事ができますね」
0x57800	178	「おお、よし!| すぐに出癸じゃ!」
0x57800	179	「はい!」
0x57800	180	「よし、これで後は| 時計の中に隠れておる奴を| 残すのみじゃ!」
0x57800	181	「確かあそこだったな…?| よ~し、待っていろカリーカ!」
0x57800	1024	開癸中
0x5a800	0	「…カリーカまでもが倒されたか」
0x5a800	1	「ああ、鬼太郎達はやはり| なかなか手強いよ。@ どうする?| …アイツを使っちゃって| いいのかい?」
0x5a800	2	「ああ、こうなればやむをえん。| なんとしても奴の| 息の根をとめるんだ」
0x5a800	3	「わかった。| じゃあ、派手に決めるぜ」
0x5a800	4	「頼む」
0x5a800	5	(…鬼太郎。| 最後の決着をつけてやる…!)
0x5a800	6	「もうそろそろ| 展望台ですよ、父さん」
0x5a800	7	「おお、そうか?」
0x5a800	8	「そういえば随分| 高い所まで昇ってきたのう」
0x5a800	9	「本当なら良い眺めなんじゃ| ろうが…怪気象のせいで| 全然じゃわい!」
0x5a800	10	「鬼太郎、怪気象が| 日本中を覆っちゃったら…@ やっぱりゲゲゲの森も| お日様の照らない| 暗い世界になっちゃうの?」
0x5a800	11	「ああ、ゲゲゲの森だけじゃない、| 日本全部がどんよりとした霧に| 包まれた世界になるんだ…」
0x5a800	12	「そんなのは…絶対嫌ね!| 日なたほっこが| できなくなっちゃうじゃない!」
0x5a800	13	「そ、そうだね」
0x5a800	14	(そういう問題かな…)
0x5a800	15	「洗濯もできんでごわす!」
0x5a800	16	(…ま、まあそれは確かに…)
0x5a800	17	「でもよ…椎茸とかの栽培には| 案外この暗くてじめじめした| 感じ、いけるかもよ?」
0x5a800	18	「あいて~~!!」
0x5a800	19	「椎茸なんか放っておけ!」
0x5a800	20	「な…なんだと?| 椎茸をバカにするのか?」
0x5a800	21	「日本の美しい風簫を| 護る事の方が大事じゃろうが!」
0x5a800	22	「椎茸だって大事だぜ!| 繊細な俺の身体には| ビタミンDが必要なんだよ!」
0x5a800	23	「や、やめんか二人とも!」
0x5a800	24	「ま、まあ〝椎茸"はともかく。@ ワシらの日本をこんな霧に| 覆われてしまうのは| やはり気にいらん。@ …そうならん様に| なんとしても妖気定着装置を| 壊さんとな!」
0x5a800	25	「はい!」
0x5a800	26	「展望台についた~!」
0x5a800	27	「ここに妖気定着装置が| ある筈…」
0x5a800	28	「奴らも待ち構えとるじゃろうな」
0x5a800	29	「ふん、望む所じゃわい!」
0x5a800	30	「入りましょ、鬼太郎」
0x5a800	31	「よし、みんな行くぞ!」
0x5a800	32	「わ~~! お日様よ鬼太郎!」
0x5a800	33	「まだ完全には| 晴れきっとらんようじゃが…| 時間の問題じゃな」
0x5a800	34	「おお…いつもなら当たり前の| 風が、妙に心地よいでごわす!」
0x5a800	35	「今回も、ワシらの勝ちじゃな」
0x5a800	36	「勝ち…か」
0x5a800	37	「ドラキュラの言った事を| 気にしとるのか?」
0x5a800	38	「ええ…」
0x5a800	39	「奴が苦し紛れに言った事| じゃろう? 気にすることなど| ないぞい!」
0x5a800	40	「それは…そうなんですけど」
0x5a800	41	「鬼太郎、とにかく| あいつらは追っ錨ったのよ!| 怪気象だってこの通りだわ!@ これでもあいつらが| まだ何か仕掛けてくるって| いうなら…@ アタイ達は何度だって| 鬼太郎に力を貸すわ!| だから…心配しないで!」
0x5a800	42	「猫餅…」
0x5a800	43	「そうじゃ鬼太郎| とりあえず今は帰ろう。@ そしてゲゲゲの森で| 祝賀会でも開くとしよう」
0x5a800	44	「そうですね、| ルカちゃんにも| お礼をしなきゃいけませんし…」
0x5a800	45	「決まりね!」
0x5a800	46	「き~ま~り~ね~!」
0x5a800	47	「ま、まねしないでよ!」
0x5a800	48	「ははは! うまいうまい!」
0x5a800	49	「上手くないわよ!| なによ! 鬼太郎ったら!」
0x5a800	50	「ふふ、ごめんごめん!」
0x5a800	51	(良かった…鬼太郎、| やっと笑ってくれた| ぬりかべのお手柄ね)
0x5a800	52	「よし、帰るとするか」
0x5a800	53	「ええ!」@(そうとも…| 来るなら来てみろドラキュラ!@ 僕がお前達を、何度だって| 懲らしめてやる!)
0x5a800	54	「うへ~! やっぱり大勢| 待ち構えてたわね!」
0x5a800	55	「ご苦勞なこったな」
0x5a800	56	「ようやく来たか…鬼太郎」
0x5a800	57	「ラ<87>セーヌ! お主か!?」
0x5a800	58	「そうとも、俺だ。お前達は| 妖気定着装置を止めに| きたのだろう?」
0x5a800	59	「そうだ! 怪気象は| 僕達が止める…覚梧しろ!」
0x5a800	60	「無駄な事を…」
0x5a800	61	「鬼太郎!」
0x5a800	62	「ベアード、| お前もここに| 来ていたのか!?」
0x5a800	63	「お前は張り切り過ぎだぜ。| おかげで俺まで| かり出されちまったじゃねえか。@ 面倒だが、お前には借りも| あるしな。今日はそいつに利子を| 付けて返してやるぜ!」
0x5a800	64	「ひっひっひ!| アタシも忘れてもらっちゃ| こまるよ!」
0x5a800	65	「げ!| ろ…ロンロンじゃねえか!」
0x5a800	66	「おお、ねずみ男!| お前さん、戻ってきて| くれたんだね?」
0x5a800	67	「か…勘弁しろよ、なんで| 俺の周りにはこうろくでもない| 女がついて回るんだ?」
0x5a800	68	「ほっほっほ!| 気に入られとるようじゃな!@ いいではないか、外国の女性と| つきあえるなぞ、良い体験じゃと| 思うぞ?」
0x5a800	69	「…そういうものか?」
0x5a800	70	「勝ち目のない戦いに挑むか。| ふ…無駄なことを」
0x5a800	71	「やってみなければ| わかるものか! 行くぞ!」
0x5a800	72	「鬼太郎、妖気定着装置は| この階のどこかに| 隠してある筈じゃ。@ やつらと戦いつつ、それを| 見つけ出すんじゃ!」
0x5a800	73	「わかりました!」
0x5a800	74	「…………………」
0x5a800	75	「…………………」
0x5a800	76	(ん? なんであ奴らは| あそこでじっとして| おるんじゃ?)
0x5a800	77	「そうか! 鬼太郎、あいつらの| 足下を見ろ!」
0x5a800	78	「え?」
0x5a800	79	「あれは…それぞれ何か同じ様な| 物の上に立っていますね。| …あれは一体?」
0x5a800	80	「恐らくあれはスイッチじゃ!」
0x5a800	81	「スイッチ?」
0x5a800	82	「うむ、この階にある筈の| 妖気定着装置が見あたらない| 理由はそれじゃ。@ 恐らく妖気定着装置は| どこかに隠されて| おるんじゃろう。@ 奴ら幹部が護っておる| あのスイッチを| 作動させれば@ 妖気定着装置のある場所への| 隠し扉が開くに違いない」
0x5a800	83	「成る程、試してみる| 価値はありますね」
0x5a800	84	「うむ、まずあいつらを倒して| スイッチの上から| どけるんじゃ!@ そして、その上にワシらや| 仲間を待機させれば、スイッチが| 入れられる筈じゃぞ!」
0x5a800	85	「わかりました!」
0x5a800	86	「またこうもり猫の幻じゃな?」
0x5a800	87	「そうとも! しかも今度は| 人間の魂ではなく、俺の魂の| 一部を分け与えた特別版だ!」
0x5a800	88	「自分の魂を?」
0x5a800	89	「バカにされたままじゃ| いられないんでな!」
0x5a800	90	「何も起きんのう…」
0x5a800	91	「スイッチには| 間違いないようですが…| 故障でしょうか?」
0x5a800	92	「うむ、おそらくこいつは| 三カ所同時に作動させんと| だめなようじゃな」
0x5a800	93	「三カ所同時に…?」
0x5a800	94	「やってみるんじゃ、| 鬼太郎!」
0x5a800	95	「は、はい!」
0x5a800	96	「来たか…我ら吸血鬼一族の| 恐ろしさ…思い知れ!」
0x5a800	97	「その程度の力で| 俺を倒すつもりか…?| 後悔するぜ?」
0x5a800	98	「ひっひっひ!| 楽しもうじゃないか!」
0x5a800	99	「畜生…面当くないね…」
0x5a800	100	「ふん! ここまでか…だが| ドラキュラとの約束は果たした。| あばよ、鬼太郎共!」
0x5a800	101	「ち…ちくしょう!| 俺様が負けるなんて~!」
0x5a800	102	「お…おのれ~~!」
0x5a800	103	「スイッチが…全部| 作動させる前の状態に| もどってしまいましたね」
0x5a800	104	「スイッチは同時に作動させねば| ダメじゃ。@ 失敗したときは一度| スイッチから降りて、もう一度| 乗り直して待機させるんじゃ!」
0x5a800	105	「何かの機械が| 動き出したみたいだ…」
0x5a800	106	「鬼太郎 あそこじゃ!」
0x5a800	107	「あれが…妖気定着装置?」
0x5a800	108	「…………………………」
0x5a800	109	「あれは…| 妖怪朧車(おほろぐるま)じゃ| ないですか!」
0x5a800	110	「…………………………」
0x5a800	111	「ふうむ……鬼太郎、どうやら| 朧車は身体を定着装置として| 利用されておるようじゃ」
0x5a800	112	「その通りさ…さすが| 目玉の親父だ、鋭い| 洞察力だね…」
0x5a800	113	「え…エリート!| そうか…朧車もエリートの| 催眠術で操られているのか」
0x5a800	114	「鬼太郎…君達はもう| おしまいだ。| それでも戦うのか?」
0x5a800	115	「ふん!| 妖気定着装置は| 朧車なんだろう?@ だったら彼女の目を覚まさせれば| 怪気象は止まる。| おしまいなんかじゃない」
0x5a800	116	「そうかい…そこまでいうなら| 好きにすればいい」
0x5a800	117	「俺がお相手するよ!」
0x5a800	118	「ああ、望むところだ!」
0x5a800	119	「朧車! キミはエリートの| 催眠術で操られているんだろう?| 目を覚ますんだ!」
0x5a800	120	「………!??」
0x5a800	121	「ダメだ…まるで聞こえていない| みたいだ…」
0x5a800	122	「鬼太郎…奴はそもそも| ワシらと違う言葉で話す| 妖怪じゃ。@ 普段ならワシらの言葉も| 聞いてくれるんじゃろうが…| 今の状態では無理な様じゃな」
0x5a800	123	「でも…それじゃあどうやって| 説得すればいいんですか?」
0x5a800	124	「朧車は牛車の妖怪じゃ。| 牛か車に関係ある妖怪なら@ あるいは彼女を説得できるかも| 知れん!」
0x5a800	125	「車か牛に…関係する妖怪か…」
0x5a800	126	「朧車!」
0x5a800	127	「!?」
0x5a800	128	「やった、彼の言葉が| わかるみたいだ!」
0x5a800	129	「輪入道、| 朧車を説得するんじゃ!」
0x5a800	130	「わかった!」
0x5a800	131	「!!!??!?」
0x5a800	132	「……!! ~~!!!」
0x5a800	133	(何を話しているのか…| 全然わからないや…)
0x5a800	134	「!? ………………!!!!」
0x5a800	135	「やったぞ、鬼太郎!」
0x5a800	136	 |〈朧車が仲間になった!〉
0x5a800	137	「はは…なんだかわからないけど| 上手くいったみたいだね」
0x5a800	138	「朧車!」
0x5a800	139	「!?」
0x5a800	140	「やった、彼の言葉が| わかるみたいだ!」
0x5a800	141	「牛鬼、| 朧車を説得するんじゃ!」
0x5a800	142	「わかった!」
0x5a800	143	「!!!??!?」
0x5a800	144	「……!! ~~!!!」
0x5a800	145	「何を話しているのか…| 全然わからないや…」
0x5a800	146	「!? ………………!!!!」
0x5a800	147	「やったぞ、鬼太郎!」
0x5a800	148	 |〈朧車が仲間になった!〉
0x5a800	149	「はは…なんだかわからないけど| 上手くいったみたいだね」
0x5a800	150	「く…一旦下がるか…」
0x5a800	151	「!?!?!?~~!!!」
0x5a800	152	「やった!| やりましたよ父さん!」
0x5a800	153	「うむ、これで怪気象も| おしまいじゃ!」
0x5a800	154	「ふふ…やるな…鬼太郎!」
0x5a800	155	「この声は…?」
0x5a800	156	「お前は…!」
0x5a800	157	「ド…ドラキュラ!」
0x5a800	158	「お見事…それでこそ鬼太郎だ」
0x5a800	159	「あんた…来たのか?」
0x5a800	160	「うむ、やはり| 見届けたくてな…」
0x5a800	161	「真打ち登場ってわけか?」
0x5a800	162	「じゃが、お前らの| 懸望はたった今砕かれた| ところじゃ。@ 出てくるのが| 少し遅かったのう!」
0x5a800	163	「まだだ…怪気象を保つことは| もう出来なくなったが…@ 鬼太郎。お前を倒せば| 我らの勝利であることに| 違いはない!」
0x5a800	164	「ふん! この期に及んで| 強がりを言いおって!」
0x5a800	165	「…じゃあ、始めるか」
0x5a800	166	「始める? 何をだ!?」
0x5a800	167	「ワシが用意した〝力"と| お前達との最後の戦いをだ」
0x5a800	168	「なんだって…?」
0x5a800	169	「ふふふ…| じゃあ始めるよ?」
0x5a800	170	「うわ!」
0x5a800	171	「な…なんだ」
0x5a800	172	「ふふふ…」
0x5a800	173	「これが俺達から貴様らに贈る| 最後にして最大の| アンコ~~ルだ!!」
0x5a800	174	「うわあああああああ~~!!」
0x5a800	175	「鬼太郎! いかん!| 伏せるんじゃ!」
0x5a800	176	「いてて…」
0x5a800	177	「な…何が起こったんじゃ!?」
0x5a800	178	「父さん! あ…あれは?」
0x5a800	179	「グワアアアアアアアア~~!!」
0x5a800	180	「ガ…ガシャドクロじゃ!?」
0x5a800	181	「ふふふ…みたか鬼太郎!」
0x5a800	182	「まさか…ガシャドクロも| お前のそのギターで| 操っているのか?」
0x5a800	183	「そうとも…」
0x5a800	184	「そ…そんな馬鹿な!@ いくらエリートといえども| ガシャドクロ程の妖怪を| あんなギターごときで…」
0x5a800	185	「無論、無理だろうさ、| 普通なら…な」
0x5a800	186	「…どういう事だ!」
0x5a800	187	「エリートは…このタワーの| アンテナとしての力を| 利用して…@ 彼の催眠音楽を極限まで| 増幅しているのだ!」
0x5a800	188	「なんだって!?」
0x5a800	189	「さあ、| 終わりにしようか鬼太郎。| 俺達の手にかかって…死ね!」
0x5a800	190	「回復…してるのか?」
0x5a800	191	「その通り…簡単には倒せないぜ!」
0x5a800	192	「鬼太郎、エリートを倒すんじゃ!」
0x5a800	193	「え? どういう事ですか父さん?」
0x5a800	194	「おそらく…エリートの催眠音楽には| ガシャドクロを鼓舞する効果も| 含まれておるんじゃ。@ エリートを倒せば、おそらく| ガシャドクロの回復効果を| なくす事ができるじゃろう。@ うまく行けば…催眠を解いて| 正気に戻せるかも知れんしな!」
0x5a800	195	「なんにせよこのままじゃ| 苦しい戦いになりますからね…| 試してみましょう!」
0x5a800	196	「観念しろ! ドラキュラ!」
0x5a800	197	「く…まだここで私は力つきる| ワケにはゆかぬ!| 一旦退却だ…」
0x5a800	198	「ぐあああ~| し…しまった~~!!」
0x5a800	199	「そこまでだ、エリート!」
0x5a800	200	「グ…ウウウウウウ…!」
0x5a800	201	「父さん! ガシャドクロが!」
0x5a800	202	「うむ、催眠音楽を癸生させていた| エリートを倒したんじゃ、| これで奴も元に…」
0x5a800	203	「ゴバアアアアアアア~~~!」
0x5a800	204	「戻らないみたいですよ?」
0x5a800	205	「なんじゃと!?| むむむ…音楽がとぎれただけでは| すぐには目が醒めんようじゃな…@ し、しかたがない。| 後はワシらが実力で奴を| 大人しくさせるとしよう!」
0x5a800	206	「ゴワアアアアアアアア~~!」
0x5a800	207	「今度こそ終わりだ!」
0x5a800	208	「グ…グガ…ううううう」
0x5a800	209	「ガシャドクロ! 正気に| 戻ったか!?」
0x5a800	210	「うう…あ、ああ。| ワシは一体| 何をしておったんじゃ?」
0x5a800	211	「吸血鬼共の催眠音楽で| 操られておったんじゃ!」
0x5a800	212	「な…なんじゃと!| そうか…迷惑をかけたようだな」
0x5a800	213	「ここにいて、また操られると| いけない、ひとまずキミは| 帰ってくれないか?」
0x5a800	214	「うむ…そうか、成る程。| では…失礼するぞ~~!」
0x5a800	215	「ググゴ…ガ| グアアアアアアア~~!」
0x5a800	216	「いかん! ガシャドクロの奴が| 倒れるぞ!」
0x5a800	217	「え?」
0x5a800	218	「あっちゃあ~~!」
0x5a800	219	「ビルがいくつか…壊れたかの?」
0x5a800	220	「ガシャドクロは…生きているで| しょうか?」
0x5a800	221	「なあに、奴は元々死者じゃ、| 心配することはない。@ じゃが今の様子では| しばらく動けんじゃろう。@ もうエリートに操られる| 心配はない。後で様子を| 見に行ってやればよい」
0x5a800	222	「よもやガシャドクロまで| 倒されるとは…」
0x5a800	223	「鬼太郎はやはり強いな…」
0x5a800	224	「私の…完敗…か。| ふふふ…これで悔いはない」
0x5a800	225	「ドラキュラ、| とうとう観念したか!」
0x5a800	226	「鬼太郎…私は勝負に負けた。| だが真の意味で我々がお前に| 敗北したわけではない」
0x5a800	227	「ふん! 負け線しみを| 言いおって!」
0x5a800	228	「できれば私自身の力で| お前達に勝ちたかった。| だが、それはできなかった。@ 実力で結果をだせなかった以上| もはやあの方の言うことに| 従うほかあるまい。@ これがラストチャンス| だったのだ」
0x5a800	229	「どういう事だ!」
0x5a800	230	「さらばだ鬼太郎」
0x5a800	231	「待て!」
0x5a800	232	「鬼太郎…時代は変わる。| それは妖怪の世界でも同じだ。| その事を忘れるな…!」
0x5a800	233	「く…逃げられたか」
0x5a800	234	「なんだかすっきりせんな…」
0x5a800	235	「彼らは何の事を| 言っていたのでしょうか?」
0x5a800	236	「わからんのう…| じゃが、言わせておけば| いいじゃろう。@ ワシらの勝利に違いはない!| 見ろ! アレが証樵じゃ!」
0x5a800	237	「!? 怪気象が…!」
0x5a800	238	「邪魔な奴らは| いなくなった様じゃな……」
0x5a800	239	「あとはあのスイッチの上に| 仲間を待機させるんじゃ」
0x5a800	240	「しまった。この人数じゃ| スイッチを全部動かすことが| できない!」
0x5a800	241	「作戦は失敗か…| くう、ここまできて…」
0x5a800	1024	開癸中
0x5e000	0	「鬼太郎!| 飲み物の手配してきたわよ~!」
0x5e000	1	「ああ、ありがとう猫餅」
0x5e000	2	「テ~ブルはもう運び込んでも| い~のか~?」
0x5e000	3	「そうあせらんでもいいじゃろう。| まだ何人来るかわからんしな」
0x5e000	4	「そうですね。ぬりかべ、| テーブルは一反木綿が| 帰ってきてからでいいよ」
0x5e000	5	「おお…にぎやかじゃな」
0x5e000	6	「あ! オババ!」
0x5e000	7	「丁度良いところに!| 今お料理作ってるんだけど、| 分量がよくわからないのよ!@ こっちに来て手伝って!」
0x5e000	8	「お、おい! 待て待て!| ひっぱらんでもちゃんと| ついていくぞい!」
0x5e000	9	「やれやれ、まだ| 時間まで大分あるというのに| 今からこの騒ぎか!」
0x5e000	10	「ええ、なんだか| 猫餅が張り切っちゃって…」
0x5e000	11	「今からあんな調子で大丈夫か?| パーティの途中でぶっ倒れても| 知らんぞ…!」
0x5e000	12	「うむ、じゃが…こういった| 臘やかさはいいのう。@ 同じ忙しいのでも、| 楽しい事なら大歓迎じゃ!」
0x5e000	13	「そうですね。| こんな風に楽しい毎日を| 護る為だと思えばこそ@ 苦しい戦いも| 戦い救けるんですよね…」
0x5e000	14	(鬼太郎の奴…まだどことなく| 元気がないのう。ドラキュラの| 言った事を気にしとるのか?)@「う、うむ。今日は思い切り|  楽しむ事じゃ。@ そうでなくては…| 何の為にドラキュラ達と| 戦ったのかわからんからな!」
0x5e000	15	「ええ、そうですね」
0x5e000	16	「お~い鬼太郎ど~~~ん!」
0x5e000	17	「やあ、一反木綿。どうだった?| みんなはたくさん| 来てくれそうかい?」
0x5e000	18	「それが…それどころじゃ| ないでごわす!
0x5e000	19	 世の中は大変な事に| なっとったでごわすよ~!」
0x5e000	20	「大変な…事?」
0x5e000	21	「なんなのよ一反木綿!| 今手が離せないんだから!」
0x5e000	22	「そうだよ、何が大変なのか| とりあえず話せよ!」
0x5e000	23	「いいからTVをみるで| ごわす!」
0x5e000	24	「なんだかわからんが…」
0x5e000	25	「東京を襲った謎の気象現象から| 数日。東京もようやく元の| 平静さを取り戻しつつあります」
0x5e000	26	「なんじゃ、東京の光簫では| ないか。こんなものを| わざわざ見せに呼んだのか?」
0x5e000	27	「いいから!」
0x5e000	28	「都市機能を完全に奪った| 謎の霧…あれは一体| 何だったんでしょうか?@ 我々は独自の調査ルートから、| ついにその正体に関する情報を| 入手する事に成功しました!」
0x5e000	29	「なんだって!?」
0x5e000	30	「へ~! 人間のTVも| なかなかやるじゃない。@ 今までは妖怪関係の事件は| 全然報道されなかったのに!」
0x5e000	31	「恐らく今までは| ドラキュラの奴が| 何らかの方法で@ 報道機関へ届く情報に| 細工をしとったんじゃろうて。@ 今回の報道は奴が日本から| 退散しおった証樵じゃな!」
0x5e000	32	「…と、いうように、| あの〝怪気象"は@ 人為的に東京に作り出された| 実に恐ろしい現象…いえ、| 計画的な犯行だったのです!@ そして我々はこの恐ろしい| 日本征服計画を立案<87>実行した| 犯人達の情報を入手しました…@ ごらん下さい!| これがその人物達の映像です!」
0x5e000	33	「おお、ドラキュラ達の| 悪事がついに当日の元に| 哂されるぞ!」
0x5e000	34	「って…おりょりょ?」
0x5e000	35	「子なき爺…お主が| 映っとるぞ!」
0x5e000	36	「な…なんじゃこれは!?」
0x5e000	37	「これは、犯人と思われる| 人物の、過去の悪行が| 標影されたフィルムです!」
0x5e000	38	「きゃ~~!?| 子なき爺ってばなんて事を!?」
0x5e000	39	「知らなんだ…実は| 陰でこんな悪い事を| しておったのか?」
0x5e000	40	「待て待て! 誤解じゃ!| それに…見ろ! 猫餅だって…」
0x5e000	41	「え?」
0x5e000	42	「なっ…なっ…| なによこれ~~~っ!?」
0x5e000	43	「これらのフィルムは| 偶然標影されたもので、@ 標られた方が報復を恐れて| 公開せず、保存されていた| 物だそうです」
0x5e000	44	「ね…猫餅…」
0x5e000	45	「知らない!| アタイ知らないわよ!| こんな事してないわ!」
0x5e000	46	「そして…この少年が| リーダー格の〝K"と| いう人物です」
0x5e000	47	「な…なんじゃと?」
0x5e000	48	「!? ほ…僕だ!?」
0x5e000	49	「これは一体| どういうことじゃ…?」
0x5e000	50	「怪気象を引き起こしたのは| ワシらのせいみたいに| 報道されとるではないか!」
0x5e000	51	「この局だけじゃなかと!| よそのチャンネルでも同じ様な| 映像を流しとるでごわす!」
0x5e000	52	「なんだって?」
0x5e000	53	「しかも…病院や放火の一件| 小笠原や京都での戦いも@ 全部おいどん達が酷い事をして| 暴れたみたいに報道されとるで| ごわす!」
0x5e000	54	「な、なんと!| それは本当か!?」
0x5e000	55	「おいどんがみんなの家に| 祝賀パーティの誘いに行ったら| すごい剣菷で追い返されたとよ!@ 理由を聞いたら…| 今みたいなTVをみせられて…| あわてて戻ってきたでごわす!」
0x5e000	56	「なんじゃと? こんなデタラメを| 皆は信じておるのか?」
0x5e000	57	「むむむ…じゃがこの映像は| よくできておる。ワシでも| 思わず信じてしまいそうじゃ…@ どうやって作ったのか知らんが…| 並み大抵の特標では| こうはできんぞ!」
0x5e000	58	「…ドラキュラの| 仕業でしょうか?」
0x5e000	59	「わからんが…| そうだとしたら| 随分大掛かりじゃぞ。@ 事件の報道を押さえるには| 情報を何とかして| 制限すればいい。@ じゃが、TVにここまで| ウソの放送をさせるとは、一体| どんな方法を使ったんじゃ?」
0x5e000	60	「こんな嘘っぱちが日本中に| 放送されているっていうの?| こうしちゃいられない!」
0x5e000	61	「どこへ行くんじゃ?」
0x5e000	62	「TV局に行って…| 本当の事を話してくる!」
0x5e000	63	「そうじゃな、ワシらは何も悪い事| などしておらん。きちんと話せば| きっとTV局の人も…」
0x5e000	64	「…ん? 鬼太郎…なんだか| 外が騒がしいぞ?」
0x5e000	65	「え?」
0x5e000	66	「誰か来たのかもしれん。| とにかく…一度外へ| 出てみるか」
0x5e000	67	「そうですね…」
0x5e000	68	「クックックックック!」
0x5e000	69	「きゃ! なにこの笑い声!?」
0x5e000	70	「!? 誰だ」
0x5e000	71	「鬼太郎…紹介しよう」
0x5e000	72	「クックック…| 初めまして…鬼太郎!」
0x5e000	73	「お前は…何者だ!?」
0x5e000	74	「私の名は〝ギーガ"…| 〝大妖怪ギーガ"だ!」
0x5e000	75	「ギーガ…?」
0x5e000	76	「大…妖怪じゃと?」
0x5e000	77	「なにあれ…おっきい~!」
0x5e000	78	「惑わされるな…あれは| 映し出された姿…| 映画の様なものじゃ!」
0x5e000	79	「じゃが…あの黒い姿から| 邪悪な妖気が放たれておるぞ…| なんという威圧感じゃ!」
0x5e000	80	「お前が…ドラキュラ達の| 親玉か!| 随分遅いご登場だな。@ 大妖怪だか何だかしらないけど…| 僕達と戦う気なら| 相手になってやる!」
0x5e000	81	「勘違いするな…| 勝負はもうついている」
0x5e000	82	「何!?」
0x5e000	83	「父さん…この音は…!?」
0x5e000	84	「まさか…!?」
0x5e000	85	「ききき…鬼太郎!」
0x5e000	86	「!?」
0x5e000	87	「せ…戦車じゃ!」
0x5e000	88	「あちこちから来るぞ!」
0x5e000	89	「包囲された~~!」
0x5e000	90	「止まった…」
0x5e000	91	「………」
0x5e000	92	「ゲゲゲの…鬼太郎だな!?」
0x5e000	93	「ああ、そうだけど…」
0x5e000	94	「お前には東京を襲った| 国家テロの首謀者であるという| 疑いがでている。@ 我々はA飯危険人物である| お前の捕獲傘令を受け、| ここに来た」
0x5e000	95	「な…なんじゃと?」
0x5e000	96	「そんな…!| こ…これは| 何かの間違いです!」
0x5e000	97	「正式な我々への傘令書だ。| 抵抗する場合は射殺許可も| でている。一緒に来てもらおうか」
0x5e000	98	「く…お前の仕業か、| ギーガ!」
0x5e000	99	「そうとも、| 私がさせた事だ…」
0x5e000	100	「な…なんと!」
0x5e000	101	「ネットの情報を操作し…@ TV局にお前が日本転覆を企む| 悪者だと報道させたのも| 全て私がやった事だ!」
0x5e000	102	「お前には…そんな事が| 可能なのか?」
0x5e000	103	「ふふふ…そうだ、鬼太郎」
0x5e000	104	「ば…ばっかね~!| 自衝隊員達の前で、自分の| 悪事を当状しちゃったわよ!」
0x5e000	105	「は! そ、そういえばそうじゃ!| こいつはお笑いじゃのう!」
0x5e000	106	「なあ、兵隊さんや、| 今の聞いたじゃろう…?」
0x5e000	107	「……………| お前達は…さっきから| 誰を相手に話しているんだ?」
0x5e000	108	「なんじゃと!」
0x5e000	109	「くっくっく! 無駄な事だ| 私は情報を統べる者…@ 今、人間共には| 私もドラキュラも見えていないし| 声も聞こえない。@ 私がそうさせているのだ」
0x5e000	110	「それがお前の力か、ギーガ!| さては以前からTVやネットの| 情報を改ざんしていたのも@ お前が小細工を| していたんだな?」
0x5e000	111	「そうとも。| 私は以前からこの日本の| ネットに侵入を始めた。@ そしてお前達がドラキュラ達と| 戦っている間に、ありとあらゆる| システムを我が手に納めてきた。@ もはや日本中の情報蜩は| 私の支配下にある」
0x5e000	112	「なんだって!」
0x5e000	113	「鬼太郎、もはやお前に| 勝ち目はない。@ ギーガ様に跪け。| そうすればこれ以上| 無駄な血が流れずにすむ」
0x5e000	114	「そんな事…できるもんか!」
0x5e000	115	「…残念だな…なら、私も| 力の一端をもう少し| 見せる必要があるな」
0x5e000	116	「なんじゃと!?」
0x5e000	117	「電話だ…」
0x5e000	118	「早く取った方が| いいぞ…鬼太郎」
0x5e000	119	「ええい、うるさいぞ!| 鬼太郎、なんでもいいから| 早くとれ!」
0x5e000	120	「え、ええ…」
0x5e000	121	「鬼太郎さん…ですか」
0x5e000	122	「あ!| ルカちゃんのお父さん!」
0x5e000	123	「TV…見ましたよ」
0x5e000	124	「!? 違うんです…あれは…!」
0x5e000	125	「わかっています。| 今日まで直接あなた方に| 協力をしてきたのですから。@ あの報道やネットで騒がれて| いる内容が事実無根であることは| 私達が一番よく知っています」
0x5e000	126	「おお…わかってくれるか!」
0x5e000	127	「鬼太郎…ルカちゃんや| ルカちゃんのお父さんに| 手伝ってもらって…@ アタイ達の無実をはらして| いきましょうよ!」
0x5e000	128	「……………。@ 鬼太郎さん。すいません。| こんな事は言いたく| ないんですが…」
0x5e000	129	「え?」
0x5e000	130	「もう…私達と関わらないで| 欲しいんです」
0x5e000	131	「な…」
0x5e000	132	「なんじゃと?」
0x5e000	133	「実は…ルカが| 怪我をしたのです」
0x5e000	134	「なんですって!?| それはどういう事です!」
0x5e000	135	「ネットで私の会社が| あなた方に味方してテロの| 手助けをしたとして@ 実名で攻撃されているんです」
0x5e000	136	「そんな…!? デタラメだ!| むしろあなた達はドラキュラの| 手先になった妖怪に操られて…」
0x5e000	137	「その辺りの一件も、全て| 鬼太郎さん達の差し金という| 話になってしまっているんです」
0x5e000	138	「なんてことじゃ…」
0x5e000	139	「朝から私の会社にいやがらせの| 電話や投石が相次いでいて…@ ルカは…その犯人達に| 正面から抗議しようとして…| それで…奴らの投げた石が…」
0x5e000	140	「怪我の具合はどうなんです?」
0x5e000	141	「傘に別状はありません」
0x5e000	142	「良かった…」
0x5e000	143	「鬼太郎さん。こんな事で| あなた達に受けた恩を忘れる| 気はありません。@ ですが…私にも家族や| 会社を護らなければいけない| 脊任があります。@ あなた方を弁護することも…| 今後関係を持つことも| できないと思ってください」
0x5e000	144	「…わかりました。| ルカちゃんに……今まで| ありがとうと伝えてください」
0x5e000	145	「………ええ」
0x5e000	146	「…………………」
0x5e000	147	「……………ギーガ…| これもお前の仕業か?」
0x5e000	148	「ふふふ…@ 情報を少し操作してやれば、| 後は人間共が勝手に動き始める。| 私は見ているだけでいい。@ だが…こんなのは可愛いもんだ。| 私の実力はこの程度ではない。| 私がその気になって力を使えば…@ キミの大事なお友達の家に| ミサイルを撃ち込むくらい| 訳のないことだ」
0x5e000	149	「な…なんという事を!」
0x5e000	150	「鬼太郎…降伏しろ」
0x5e000	151	「…………」
0x5e000	152	「何いってるのよ!| アタイ達は…」
0x5e000	153	「ならばこの自衝隊を相手に| 戦えるのか?@ こいつらは人間だぞ…| しかも…戦えば…| お互いタダではすむまい」
0x5e000	154	「それが…キミの望みなら、| 私は一向にかまわんがね?| 鬼太郎…@ そのかわり、今日からキミは| 人間の敵だ。@ キミは一生…| 人間と戦い続ける事になる。| 勝利という幻を追い続けて…ね」
0x5e000	155	「………わかった。| もう…いいよ…
0x5e000	156	 ギーガ、キミの勝ちだ。| 僕は…キミ達に降伏するよ」
0x5e000	157	「き…鬼太郎!」
0x5e000	158	「そんな…」
0x5e000	159	「鬼太郎…」
0x5e000	160	「僕は…人間と妖怪が| 共存する世の中が| 理想だと思って戦ってきた。@ だけど…そんな僕の戦いは、| 人間達にとってどうでも| いい事だったみたいだ…」
0x5e000	161	「…………鬼太郎…| それは違うぞ…」
0x5e000	162	「そうでごわす! 妖怪にも| 人間にも、鬼太郎を信じてくれる| 仲間は大勢いるでごわす!」
0x5e000	163	「ああ、いるさ。だけど…| その彼らもギーガがいる限り| 危険な目に遭わされたり、@ 嘘を真実だと放送する| TVに洗脳されて…| 考えを変えてしまうさ」
0x5e000	164	「とほほ…鬼太郎…」
0x5e000	165	「父さん…僕は疲れました。| もう…戦えません」
0x5e000	166	「……………………」
0x5e000	167	「フフフ…| 鬼太郎が籖ちた…| 私の勝ちだ!」
0x5e000	168	「投降する気になったのか?」
0x5e000	169	「ああ…」
0x5e000	170	「よし、連行する!」
0x5e000	171	「待ってくれ、| 最低限準傭する時間くらい| もらえるんだろう?@ 逃げないから、一度| 家の中に戻らせてくれないか」
0x5e000	172	「………?」
0x5e000	173	「あれがお前の家か…| まあ、いいだろう」
0x5e000	174	「…ありがとう」
0x5e000	175	「………」
0x5e000	176	「よし、すんだ様だな、| 連れて行け!」
0x5e000	177	「…………」
0x5e000	178	「き…鬼太郎~~!」
0x5e000	179	「鬼~太~郎~~!!」
0x5e000	180	「ギーガ様。| この後はどのように| いたしましょう」
0x5e000	181	「日本はもう我々が手に入れたも| 同然。ゆっくり鬼太郎を料理して| …それから考えるとしよう」
0x5e000	182	(鬼太郎の奴…| もしかして…?)
0x5e000	183	「ふふふ…ワシの| 出番のようだな」
0x5e000	184	「お…お前は!」
0x5e000	185	「チー、そいつらの事は| もうどうでもいい、| お前に任せる」
0x5e000	186	「了解した、ギーガ殿。| ふふふ…そこそこ霊力の高そうな| 連中ばかりのようだな…@ これは…良い反物が| できそうじゃわい!」
0x5e000	187	「良い…反物?」
0x5e000	188	「いかん! 逃げるんじゃ!」
0x5e000	189	「ええ?| どういう事でごわす?」
0x5e000	190	「くらえ!」
0x5e000	191	「うぎゃあああ~~~~!」
0x5e000	192	「ぬりかべ!」
0x5e000	193	「ぬりかべが…茹切れに| なっちゃった!」
0x5e000	194	「あれは| 妖怪を反物にする薬じゃ!| みんな、逃げろ!」
0x5e000	195	「ふふふ…もう遅い!」
0x5e000	196	(なんとしても…なんとしても| 逃げるんじゃ!)
0x5e000	197	「僕は…人間と妖怪が| 共存する世の中が| 理想だと思って戦ってきた。@ だけど…そんな僕の戦いは、| 人間達にとってどうでも| いい事だったみたいだ…」
0x5e000	198	「…………鬼太郎…| それは違うぞ…」
0x5e000	199	「そうでごわす! 妖怪にも| 人間にも、鬼太郎を信じてくれる| 仲間は大勢いるでごわす!」
0x5e000	200	「ああ、いるさ。だけど…| その彼らもギーガがいる限り| 危険な目に遭わされたり、@ 嘘を真実だと放送する| TVに洗脳されて…| 考えを変えてしまうさ」
0x5e000	201	「とほほ…鬼太郎…」
0x5e000	202	「父さん…僕は疲れました。| もう…戦えません」
0x5e000	203	「……………………」
0x5e000	204	「フフフ…| 鬼太郎が籖ちた…| 私の勝ちだ!」
0x5e000	205	「僕は大人しく捕まる。| そのかわり他のみんなには| 手を出さないって約束してくれ」
0x5e000	206	「フフフ、いいだろう。| だがこいつらには今までと同じ| 自由は与えられんと思え。@ まあ…傘まではとらないと| 約束しよう」
0x5e000	207	「大人しく投降する気に| なったようだな…?」
0x5e000	208	「ああ…」
0x5e000	209	「よし、連行する!」
0x5e000	210	「鬼太郎!」
0x5e000	211	「鬼~太~郎~~!!」
0x5e000	212	「…………」@(これでいい…| これでいいんだ…)
0x5e000	213	「ギーガ様。| この後はどのように| いたしましょう」
0x5e000	214	「日本はもう我々が手に入れたも| 同然。ゆっくり鬼太郎を料理して| …それから考えるとしよう」
0x5e000	215	「とほほほ…なんて事じゃ…| ワシらは一体…| どうなってしまうんじゃ?」
0x5e000	216	「僕は…人間と妖怪が| 共存する世の中が| 理想だと思って戦ってきた。@ だけど…そんな僕の戦いは、| 人間達にとってどうでも| いい事だったみたいだ…」
0x5e000	217	「…………鬼太郎…| それは違うぞ…」
0x5e000	218	「そうでごわす! 妖怪にも| 人間にも、鬼太郎を信じてくれる| 仲間は大勢いるでごわす!」
0x5e000	219	「ああ、いるさ。だけど…| その彼らもギーガがいる限り| 危険な目に遭わされたり、@ 嘘を真実だと放送する| TVに洗脳されて…| 考えを変えてしまうさ」
0x5e000	220	「とほほ…鬼太郎…」
0x5e000	221	「父さん…僕は疲れました。| もう…戦えません」
0x5e000	222	「……………………」
0x5e000	223	「フフフ…| 鬼太郎が籖ちた…| 私の勝ちだ!」
0x5e000	224	「僕は大人しく捕まる。| そのかわり他のみんなには| 手を出さないって約束してくれ」
0x5e000	225	「フフフ、いいだろう。| だがこいつらには今までと同じ| 自由は与えられんと思え。@ まあ…傘まではとらないと| 約束しよう」
0x5e000	226	「大人しく投降する気に| なったようだな…?」
0x5e000	227	「ああ…」
0x5e000	228	「よし、連行する!」
0x5e000	229	「鬼太郎!」
0x5e000	230	「鬼~太~郎~~!!」
0x5e000	231	「…………」@(これでいい…| これでいいんだ…)
0x5e000	232	「ギーガ様。| この後はどのように| いたしましょう」
0x5e000	233	「日本はもう我々が手に入れたも| 同然。ゆっくり鬼太郎を料理して| …それから考えるとしよう」
0x5e000	234	「とほほほ…なんて事じゃ…| ワシらは一体…| どうなってしまうんじゃ?」
0x5e000	235	「君達は…」
0x5e000	236	「鬼太郎…TVをみたぜ!」
0x5e000	237	「お前達…とんでもないことを| してくれたみたいじゃねえか!@ こいつは日本に住んでる| 俺達としては放って| おけねえよな!」
0x5e000	238	「ご、誤解じゃ!| ワシらはあんな事しとらん!」
0x5e000	239	「うそつけ! どのチャンネルでも| お前達が日本を乗っ取ろうと| した計画を暴蠶してるんだぜ。@ ちょっとやそっとの誤解で| TVがあんな報道をするか!@ 今まで散々正義の味方面して| 俺達を痛めつけてくれた| お前らが、@ 実は一番の悪党だったとはな!| みんな腹に据えかねているんだ| 観念しろよ!」
0x5e000	240	「みんなは驪されてるんだ、| ちゃんと話せばきっと…」
0x5e000	241	「はっはっは! お前の言い分と| 世間の報道…皆が信じるのは| どっちかな?」
0x5e000	242	「お…大首!| こ奴らを羃動したのは| お主か!」
0x5e000	243	「いかにも…我なり!」
0x5e000	244	「これは全部お前達の| 仕業だな!?」
0x5e000	245	「ふふ…奴はこんな事を| 言っておるぞ?| 往生際が悪いと思わんか?」
0x5e000	246	「鬼太郎! 観念しろ!| もう誰もお前達を信じる| 奴なんていない…@ 皆にかわって…| 俺達が成敗してやる!」
0x5e000	247	「そんな…」
0x5e000	248	「むむむ…話してもわかってもらえ| そうにないのう…@ 鬼太郎、ほうこうやひでり神達は| TVを見て誤解しとるだけじゃ。| 倒すのは気が進まん…@ こいつらを直接羃動しておる| 大首を倒せば恐らく彼らも| 引き上げてくれるじゃろう。@ 無理な場合は仕方がないが…| 可能なら大首を| 優先して倒すんじゃ!」
0x5e000	249	「そ、そうですね…| わかりました」
0x5e000	250	「鬼太郎…TVをみたぜ!」
0x5e000	251	「お前達…とんでもないことを| してくれたみたいじゃねえか!」
0x5e000	252	「ご、誤解じゃ!| ワシらはあんな事しとらん!」
0x5e000	253	「うそつけ! どのチャンネルでも| お前達が日本を乗っ取ろうと| した計画を暴蠶してるんだぜ。@ ちょっとやそっとの誤解で| TVがあんな報道をするか!@ 今まで散々正義の味方面して| 俺達を痛めつけてくれた| お前らが、@ 実は一番の悪党だったとはな!| みんな腹に据えかねているんだ| 観念しろよ!」
0x5e000	254	「みんなは驪されてるんだ、| ちゃんと話せばきっと…」
0x5e000	255	「はっはっは! お前の言い分と| 世間の報道…皆が信じるのは| どっちかな?」
0x5e000	256	「お…大首!| こ奴らを羃動したのは| お主か!」
0x5e000	257	「いかにも…我なり!」
0x5e000	258	「これは全部お前達の| 仕業だな!?」
0x5e000	259	「ふふ…奴はこんな事を| 言っておるぞ?| 往生際が悪いと思わんか?」
0x5e000	260	「鬼太郎! 観念しろ!| もう誰もお前達を信じる| 奴なんていない…@ 皆にかわって…| 俺達が成敗してやる!」
0x5e000	261	「そんな…」
0x5e000	262	「むむむ…話してもわかってもらえ| そうにないのう…@ 鬼太郎、赤舌やほうこう達は| TVを見て誤解しとるだけじゃ。| 倒すのは気が進まん…@ こいつらを直接羃動しておる| 大首を倒せば恐らく彼らも| 引き上げてくれるじゃろう。@ 無理な場合は仕方がないが…| 可能なら大首を| 優先して倒すんじゃ!」
0x5e000	263	「そ、そうですね…| わかりました」
0x5e000	264	「鬼太郎…TVをみたぜ!」
0x5e000	265	「お前達…とんでもないことを| してくれたみたいじゃねえか!」
0x5e000	266	「ご、誤解じゃ!| ワシらはあんな事しとらん!」
0x5e000	267	「うそつけ! どのチャンネルでも| お前達が日本を乗っ取ろうと| した計画を暴蠶してるんだぜ。@ ちょっとやそっとの誤解で| TVがあんな報道をするか!@ 今まで散々正義の味方面して| 俺達を痛めつけてくれた| お前らが、@ 実は一番の悪党だったとはな!| みんな腹に据えかねているんだ| 観念しろよ!」
0x5e000	268	「みんなは驪されてるんだ、| ちゃんと話せばきっと…」
0x5e000	269	「はっはっは! お前の言い分と| 世間の報道…皆が信じるのは| どっちかな?」
0x5e000	270	「お…大首!| こ奴らを羃動したのは| お主か!」
0x5e000	271	「いかにも…我なり!」
0x5e000	272	「これは全部お前達の| 仕業だな!?」
0x5e000	273	「ふふ…奴はこんな事を| 言っておるぞ?| 往生際が悪いと思わんか?」
0x5e000	274	「鬼太郎! 観念しろ!| もう誰もお前達を信じる| 奴なんていない…@ 皆にかわって…| 俺達が成敗してやる!」
0x5e000	275	「そんな…」
0x5e000	276	「むむむ…話してもわかってもらえ| そうにないのう…@ 鬼太郎、赤舌やひでり神達は| TVを見て誤解しとるだけじゃ。| 倒すのは気が進まん…@ こいつらを直接羃動しておる| 大首を倒せば恐らく彼らも| 引き上げてくれるじゃろう。@ 無理な場合は仕方がないが…| 可能なら大首を| 優先して倒すんじゃ!」
0x5e000	277	「そ、そうですね…| わかりました」
0x5e000	278	「よお! 鬼太郎!」
0x5e000	279	「ねずみ男…?」
0x5e000	280	「大首様!| 俺も手伝いますよ~!」
0x5e000	281	「なんじゃと?| なぜお前までワシらを| 裏切るんじゃ!」
0x5e000	282	「ここだけの話だが…| お前達にネットで懸甞金が| かかってるんだよ!」
0x5e000	283	「な…なんじゃと!?」
0x5e000	284	「TVって奴はこわいね~~?| 悪いけど…お前達はすっかり| 世間の嫌われ者だ。@ お前達の仲間だって思われちゃ| 俺様も危ないって事もあるしよ、| 〝敵"に回らせてもらうぜ~!」
0x5e000	285	「ネットでも僕達の事が| 酷く言われているのか?」
0x5e000	286	「ああ、ケチ∃ンケチ∃ンの| クソミソに書かれてるぜ!」
0x5e000	287	「く…なんと言う事じゃ」
0x5e000	288	「ねずみ男。案内ご苦勞であった。| 後で寰美を取らせる。| 今は下がっておれ」
0x5e000	289	「へへ、際でございますか。| では失礼をば…」
0x5e000	290	「やれやれ…コロコロと| 寝返りおって!」
0x5e000	291	「とにかく…行きます!」
0x5e000	292	「む、鬼太郎!| あれを見ろ!」
0x5e000	293	「え?」
0x5e000	294	「あれは…幻のこうもり猫軍団!」
0x5e000	295	「こうもり猫!」
0x5e000	296	「また会えたな、鬼太郎!@ おっと…今は名前の前に| 〝日本の敵の"とつけた| ほうがいいのか?@ とにかく俺の幻に| こいつらの| 援護をさせるぜ。@ 楽しい戦いになりそうだな。| ふふ…じゃあまた後でな」
0x5e000	297	「あ!」
0x5e000	298	「行ってしまいよったか…」
0x5e000	299	「あいつ…性懲りもなく!」
0x5e000	300	「死ね、鬼太郎共!」
0x5e000	301	「誤解だ! 僕達は| 悪いことなんかしてない!」
0x5e000	302	「問答無用だ!」
0x5e000	303	(くそ! どうして| わかってくれないんだ!?)
0x5e000	304	「赤舌! 僕達の話を聞いてくれ!」
0x5e000	305	「ふん! 俺は前からお前達が| 気にいらなかったんだ!| 話を聞く気など無いわ!」
0x5e000	306	(く…わからず屋め!)
0x5e000	307	「ウオオオオオオ~!!| この…日本の敵め!」
0x5e000	308	「だから違うんだ!| 誤解なんだよ!」
0x5e000	309	「じゃあ…TVもネットも| 嘘だというのか~~!?| そんな事信じられるか~!」
0x5e000	310	「そ…それは…」
0x5e000	311	(僕達がいくら本当の事を| 言っても、証樵がなくちゃ| 信じてもらえそうにない。@ どうすれば…)
0x5e000	312	「傘化け、君まで僕達を| 悪い奴だと思っているのか?」
0x5e000	313	「いいやつだと思ったのに…| 鬼太郎、俺を驪して| いたんだな!?@ やっぱりお前は| 悪い妖怪だったんだな?」
0x5e000	314	「傘化け…話を聞いてくれ」
0x5e000	315	「もう何も聞きたくない!| いくぞ、鬼太郎!」
0x5e000	316	(傘化け…)
0x5e000	317	「お前達…よくもオイラを| 驪したな?」
0x5e000	318	「違う! わかってくれかわうそ!| 僕達は友達だったじゃないか!」
0x5e000	319	「こんな時に友達なんて| 言葉を使うな! @ お前にそんな言葉を| 口にする資格はないんだ!」
0x5e000	320	「オイラの船を使って小笠原に| いったのも、本当は悪い事を| するためだったんだってな!@ 驪されたよ…| お前は最低だ、鬼太郎!」
0x5e000	321	(すっかり誤解されてる。| かわうそまで僕を信じて| くれないなんて…!)
0x5e000	322	「くたばれ、鬼太郎共!」
0x5e000	323	「違う! TVの放送は| 嘘っぱちなんだ!| わかってくれ!」
0x5e000	324	「俺をバカにするな!| もう驪されないぞ!@ この前の新聞記事だって| やっぱり本当の| 事だったんだろう!」
0x5e000	325	(だめだ…彼はすっかり| 報道を信じてるみたいだ)
0x5e000	326	「日本妖怪の恥さらし共め!| ワシが懲らしめてやる!」
0x5e000	327	(こいつは…輪入道!| ダイヤモンド好きの妖怪だ!)
0x5e000	328	「違うんだ! これは| ドラキュラ達の…」
0x5e000	329	「見苦しいぞ!| 潔く罪を認めろ!」
0x5e000	330	(くそ、僕達が何の罪を| 犯したっていうんだ!)
0x5e000	331	「鬼太郎とその仲間達…殺す!」
0x5e000	332	「牛鬼…だな?| キミとは争いたくない。| お願いだ、僕の話を…」
0x5e000	333	「殺す殺す殺す殺す殺す殺す~!」
0x5e000	334	(く……| 話くらい聞いてくれたって| いいじゃないか!)
0x5e000	335	「死ぬがよい! 鬼太郎共!」
0x5e000	336	「大首! 報道機関を驪して| 何を企んでいるのか| 知らないけど、@ お前達にいつまでもこんな事| 続けていられるもんか!| すぐボロが出るに決まってる!@ ドラキュラ達の計画は| 全部たたきつぶして来た。| お前もいい加減目を覚ませ!」
0x5e000	337	「ふふふ…それはどうかな?| 彼の方の力はまだ| この程度ではないなり!」
0x5e000	338	「彼の…方…?」
0x5e000	339	「我は彼の方の力に感服したなり。| 我やドラキュラの力も強大なれど| 彼の方には及ばぬ!@ ドラキュラとの擾約を改め| 我は彼の方の配下となりて| 従う事を決めたなり!」
0x5e000	340	「そいつは何者だ!」
0x5e000	341	「すぐ会える。| そう、すぐにな…!」
0x5e000	342	「ち、やっぱ俺じゃこいつらの| 相手は無理か?| あばよ~! またな鬼太郎!」
0x5e000	343	「あいつ…コロコロと| 寝返りやがって!」
0x5e000	344	「畜生…ここまでか…| 出直しだ!」
0x5e000	345	「おのれ! 今一歩の所で…| 憶えていろ鬼太郎!」
0x5e000	346	「ち…ここまでか…!」
0x5e000	347	「畜生! あのときやはり| 倒しておけばよかったぜ!| ひきあげだ!」
0x5e000	348	「よってたかってオイラを| だましやがって…| 憶えてろよ!」
0x5e000	349	「俺はお前を許さないぞ!| 絶対に絶対に…絶対にだ~!」
0x5e000	350	「日本の妖怪の面汚しめ…| いずれきっちり片は| つけてやる……さらばだ!」
0x5e000	351	「運がよかったな鬼太郎~!| 引き上げだ~!」
0x5e000	352	「ふん!」
0x5e000	353	「何!?」
0x5e000	354	「ふう、我の不死身の力が| ようやく少し| もどってきおったわ!@ これも骨女の献身の| 屬なり!」
0x5e000	355	「回復能力か…やっかいじゃが| 倒せぬ筈はない。| 諦めずに倒すんじゃ!」
0x5e000	356	「はい!」
0x5e000	357	「ぐう! ま、まだまだ!| この上は最後の力で| 一気に回復してくれるわ」
0x5e000	358	「止めろ、お前の身体は| もうそんな無茶には| 耐えられないぞ!」
0x5e000	359	「ば、バカにするな! 我を| 誰と心得る! 我は縄文の| 昔よりこの地に住まいし…」
0x5e000	360	「ぐおおお!| こ、これは!| そんな…そんな馬鹿な!?@ うぎゃああああああああああああ| ああああ~~~~~~~~!?」
0x5e000	361	「度重なる再生の負荷に| 細胞が耐えきれなく| なったんじゃな…」
0x5e000	362	「大首は…死んだんですか?」
0x5e000	363	「ああ。だが奴の事じゃ、| また何千年もすれば| 蘇るじゃろう」
0x5e000	364	「なんとか…終わったか…」
0x5e000	365	「さて、時間だな…| そろそろ引きあげるとするか」
0x5e000	366	「何!? これだけ騒ぎを| 大きくしておいて、| どこに行く気だ!?」
0x5e000	367	「ふふふ、鬼太郎。| この座興はなかなか| 面当かったであろう…?@ だが、ここからが| このシ∃ーの本番なり!| さあ、皆の者、引きあげるぞ!」
0x5e000	368	(く…なんだっていうんだ!?)
0x5e000	369	「鬼太郎…つらいのう」
0x5e000	370	「ええ、相手にする数は| 大したことはなかったですけど、@ 彼らと…なぜ| 戦わなければいけないのか、| それを考えると…」
0x5e000	371	「奴らは戦法を| 切り替えてきたんじゃ…@ 力ではなく、TVやネットを| 使ってワシらを日本の中で| 狐立させるつもりなんじゃ」
0x5e000	372	「鬼太郎…」
0x5e000	373	「ドラキュラ!」
0x5e000	374	「お前達の味方をする者は| もういない。大人しく我々の| 軍門に下るのだ」
0x5e000	375	「黙れ! お前達がどうやって| TV局にあれだけの放送を| 行わせたのか知らないけど…@ 放っておけば、お前達は| 似たような方法を使って| もっと悪い事をするに違いない!@ そんなことさせるもんか!」
0x5e000	376	(…愚かな……)
0x5e000	377	「鬼太郎…妖怪とは| 一体なんだろうな?」
0x5e000	378	「何? 何を言いだすんだ| ドラキュラ!」
0x5e000	379	「かつて人間は…我ら妖怪を| 今よりも恐れ、そして| 敬意を持って接していた。@ 彼らは無知であるが故に| 我らに強い興味を持ち…@ 未知の物への恐怖心から我らに| 蝿敬の念を抱いていたのだ。| だが…それは昔の事だ」
0x5e000	380	「何の話だ…」
0x5e000	381	「……………………| そうじゃ…時代は| 変わった…」
0x5e000	382	「父さん…?」
0x5e000	383	「情報化は進み…TVや| ネットはこの世界を購々まで| 照らした…@ 妖怪の世界という…| 〝闇"までな!」
0x5e000	384	「でも…全てじゃない。| 人間が知らない事なんて| 幾らでもある!」
0x5e000	385	「だが、人間は| 妖怪を信じなくなった…| 妖怪を恐れなくなった!@ 全てを知った気になって| 齎り…大事な物を| 感じ取れなくなったのだ…」
0x5e000	386	「それはお前の思いこみだ!| 人間全てが妖怪を| 無視している訳じゃない!」
0x5e000	387	「勘違いするな。別に妖怪の| 存在を信じて欲しい| わけじゃない。@ 時代も人間も変わったのだ、| だったら…妖怪もまた変わる。| 私が言いたいのはそういう事だ」
0x5e000	388	「妖怪も…変わるだって?」
0x5e000	389	(時間だな…)@「もう…我らが直接| 手を下すまでもない…」
0x5e000	390	「何!?」
0x5e000	1024	開癸中
0x64000	0	「ギーガ殿、いかがですかな?| われらが新たなる樵点| 〝晝士山麓チー城"は?」
0x64000	1	「うむ、いい眺めだ。| 鬼太郎の処刑中継を見ながら| 酒宴を催すにはもってこいだな」
0x64000	2	「チー様。| 反物にした連中は当チー城の| 倉庫に運び込ませました」
0x64000	3	「ああ、それでいい」
0x64000	4	「ゲゲゲの森の全ての| 妖怪共を反物にしたのか?」
0x64000	5	「いいえ、数名は| 逃してしまいました」
0x64000	6	「まあ良い、後で私の力で| 捜し出してくれる。@ それよりも今は| 鬼太郎の処刑を見るのが| 先だ」
0x64000	7	「しかし…ギーガ様の力は| 恐ろしいねぇ…@ 自衝隊の連中は| アタシ達に鬼太郎を引き渡して| 何とも思わないのか?」
0x64000	8	「自衝隊も所詮は組織。奴らは| 傘令書の通りに動くだけさ。| たとえそれが偽物でも…な」
0x64000	9	「本当かい? へっへっへ!| それならもう怖いもの| なしだね!」
0x64000	10	「ふん。日本人は勤勉だというが…| 所詮上の言うことに素直に従う| だけの無能の集まりだ。@ 確かに…ギーガ殿の力を| 癸揮するには…うってつけの| 国というわけだな」
0x64000	11	「もちろんそれだけではないぞ」
0x64000	12	「ああ、わかっているとも。| この地が持っている霊力は| 計り知れないものがある」
0x64000	13	「普段その霊力は流れとなって| 目には見えないが日本中を| 緩やかに漂っている。@ 我々はそれらの流れを、| 怪気象を使ってこの城に| 誘導する事に成功した。@ おかげでギーガ様は瞬く間に| 力を増幅させ、日本中のネットを| 皐鏡することができた」
0x64000	14	「怪気象を癸生させるのは| 正直準傭に時間がかかったよ。@ なかなかギーガ様にGOサインを| 出していただけなくてね…」
0x64000	15	「…………………………」
0x64000	16	「とにかく、一度怪気象を| 癸生させて霊力の流れを変えて| しまえばこっちのものさ。@ このままこの城でギーガ様の| パワーアップに使う霊力を| 貯め続けていけば…」
0x64000	17	「世界中のネットやネットに| 接続された機械はすべて我々の| 手中に収まる。@ 一瞬で世界は我々のものだ!」
0x64000	18	「鬼太郎も捕まえたし…| もうそれも時間の問題だね」
0x64000	19	「本当に…そうならいいがな」
0x64000	20	(ドラキュラ様…やはり| 奴の事が気にかかるのか…?)
0x64000	21	「処刑は何処で行われる| のでしたかな?」
0x64000	22	「恐山に作った処刑場だ。@ そしてそこから…世界中に| 鬼太郎の処刑シーンを| 生中継するのだ!」
0x64000	23	「何もそこまで| 趣向をこらさずとも| よかったのではないですか?@ 相手はあの鬼太郎…| 油断は禁物です」
0x64000	24	「心配性だな、ドラキュラ。| 鞁にも一族の長ならば| 臆病者のような癸言は慎め」
0x64000	25	「わ…私は別に」
0x64000	26	「ひっひっひ! …始まるよ!」
0x64000	27	(鬼太郎…)
0x64000	28	「ふはははは!| よ~く映っているわ!」
0x64000	29	「世界にその名を| とどろかせた鬼太郎も、| もはや最期の時か…」
0x64000	30	「強者はいつか更なる豪傑に| 打ち倒されるものだ」
0x64000	31	「だけど、案外あっけない| 菷引きだね」
0x64000	32	「これで…本当に終わりなのか?| なんだか実感が涌いてこんな…」
0x64000	33	「ふふふ…よし、| 予定より早いが…| 処刑を開始しろ!」
0x64000	34	「チー様!」
0x64000	35	「なんだ、この大事な時に| 騒々しい!」
0x64000	36	「曲者です! 我々の| 警戒蜩を鑓え、城付近まで| 侵入する者が現れました!」
0x64000	37	「なんだと!?| ええい、見張りは何を| しておったんだ!」
0x64000	38	「それが…侵入者は何か特殊な| 道具で自分達の気配を| 消していたらしく…」
0x64000	39	「何!?」
0x64000	40	「ま…まさか…」
0x64000	41	「その…侵入者とやらを| この部屋のスクリーンに| 映し出せ」
0x64000	42	「はっ!」
0x64000	43	「き…鬼太郎!?」
0x64000	44	「なんだと?| では恐山にいるのは…」
0x64000	45	「あ~~!| 恐山のカメラを| 見てごらんよ!」
0x64000	46	「鬼太郎が…溶けちまった…」
0x64000	47	「…どういう事だ!?」
0x64000	48	「あれは…俺の蝋人形の| 素材で作った偽物だ!」
0x64000	49	「へえ…タワーでの| 戦いの時に残骸を回収| してたってわけか!」
0x64000	50	「それで偽物を?| なかなかやるではないか!」
0x64000	51	「ぐぐぐ…おのれ!」
0x64000	52	(いわん事ではない…| ギーガは鬼太郎の恐ろしさを| まだわかっておらんのだ)
0x64000	53	「この私をそんな| 原始的な手口で驪すとは| 味なマネを…@ ふん! 返り討ちに| してくれるわ!@ 処刑中継も酒宴も終わりだ!| 奴を迎え撃て!」
0x64000	54	「はは!」
0x64000	55	「ぐはあ!」
0x64000	56	「ふう、そろそろ| 奴らにも気付かれた頃かな」
0x64000	57	「うむ、あの蝋人形は| こんなこともあろうかと| 準傭しておいたものじゃが…@ なにせ奴らが攻めてくるのが| いきなりじゃったからな…| 今頃元の蝋に戻っとるじゃろう」
0x64000	58	「でも…とっさに| すり替わるなんて事| よくおもいついたわね?」
0x64000	59	「まったくじゃ、戦車に| 囲まれておったのに…どこに| そんな余裕があったんじゃ?」
0x64000	60	「自衝隊の人と戦うなんて| ごめんだからね。
0x64000	61	 でも…そのかわり| みんながチーの奴に…」
0x64000	62	「気にせんでええ。@ 鬼太郎が機転を利かせずに| 自衝隊と戦っておったら| もっと犠牲者が出たかもしれん」
0x64000	63	「でも…正直戦力は| 心もとないわね。@ チーの奴に反物にされなかった| のって…結局| アタイと親父さん。@ 子なき爺に砂かけのオババ、| それにつるべ火と| 一反木綿だけだもんね…」
0x64000	64	「今から行くチー城に| みんな反物にされて| 捕まっている筈だ。@ 急いで助けだして| 合流しよう」
0x64000	65	「鬼太郎…随分不敵な事を| 言ったもんじゃな…」
0x64000	66	「え? あ、ああ…| すいません、| 気にさわりましたか?」
0x64000	67	「いいや、| すかっとしたわい!」
0x64000	68	(僕のせいで傷つく人が| いることを…僕は忘れてなんか| いない。@ だけど…傷つけた人がいるから| こそ、僕は立ち止まる訳には| いかない…@ 負ける訳にはいかないんだ…| 絶対…そう、絶対に!)
0x64000	69	「で、さっき二つ首の奴から| 取り上げた反物じゃが…」
0x64000	70	「うむ、恐らくワシらの仲間の| 内の誰かじゃろうて。| 元に戻してやらんとな」
0x64000	71	「でもこれ…どうすれば| いいの?」
0x64000	72	「直し方を知っとる妖怪を| 呼び出しておいた。| そろそろ来る筈じゃが…」
0x64000	73	「ふえ~、やっとついたわい」
0x64000	74	「あ…あなたは井戸仙人!」
0x64000	75	「おお、久しぶりじゃな。| 大きくなったのう鬼太郎」
0x64000	76	「そ、そうですか…?」
0x64000	77	「成る程、井戸仙人殿は日本に| 千年も住んどる方じゃ。@ 反物にされた妖怪を| 元に戻す方法くらい知って| おられるじゃろう」
0x64000	78	「鬼太郎、お前の| 仲間が反物にされたらしいな。| 見せてみろ」
0x64000	79	「これです」
0x64000	80	「うむ………………………。@ 大丈夫じゃ、| まだ心臓の音がコチコチと| 聞こえておる」
0x64000	81	「でも…包帯に| されてたのよ?」
0x64000	82	「心配ない、チーの薬をかけられて| するめの様にのばされて| おるだけじゃよ。@ 水にひたして洗濯すれば| のびて縮んで元通りじゃ」
0x64000	83	「ほ…本当かのう?」
0x64000	84	「アタイ、ちょっとそこの| 川で試してみるわ!@ つるべ火、一緒に来て!| 洗濯が終わったら、| アンタの炎で乾かしましょ!」
0x64000	85	「ああ、わかった!」
0x64000	86	「チーの薬の臭いが| ぷんぷんしおるのう」
0x64000	87	「恐らく、この先の城の| 中から臭ってくるんでしょう。@ 猫餅が洗濯をしてる間に| 城に乗り込んで| 急いでさがしましょう!」
0x64000	88	「ああ、奴らの兵隊も| すぐかけつけてくるじゃろう。@ それまでに急いで仲間達を| 助けて、こちらも戦力を| 確保するんじゃ!」
0x64000	89	「はい!」@(さあ…忙しくなってきたぞ!)
0x64000	90	「もうすぐ…チーの城の入り口か」
0x64000	91	「こんな場所に| あんな大きい建物を| 建ておって…」
0x64000	92	「奴ら…やりたい放題ね」
0x64000	93	「無理もないよ。やつらミサイル| だって撃てるって言ってたけど、| それもきっと本当さ」
0x64000	94	「怖い話じゃな…」
0x64000	95	「それほどの力をつけさせて| しまうとは…ワシらも| してやられたもんじゃな…」
0x64000	96	「でも、それが傘とりだ。@ 奴らは自分達の力に自信を| 持ちすぎて…心に隙が| 出来ているんだ。@ 僕自身、上手くいくかどうか| 半信半疑だった…あんな蝋人形を| 見破れなかったのがその証樵さ」
0x64000	97	「うむ、そうじゃな。| TVやネットは押さえられて| しまったが…@ 直に戦えばギーガといえど| タダの妖怪と変わらん。@ 奇襲をかけて一気に切り倒して| やるまでじゃ!」
0x64000	98	「鬼太郎~~!! | よくも我らを| 驪してくれたな!?」
0x64000	99	「お前は…何者じゃ!」
0x64000	100	「俺様は二つ首のミイラ妖怪…| ドラキュラ様に仕える者よ!」
0x64000	101	「ようやくお出ましか…| のんきなもんだね」
0x64000	102	「なに~!!」
0x64000	103	「お前なんぞに足止め| されとる暇はないんじゃ!」
0x64000	104	「よし、やりますよ父さん!」
0x64000	105	「うむ!」
0x64000	106	「二つ首のミイラ妖怪様!」
0x64000	107	「おお、準傭できたか?」
0x64000	108	「ええ、この辺りへの| 落とし穴の敷設…| 完了しました」
0x64000	109	「場所を教えておいてくれ」
0x64000	110	「あれらの鑢所です」
0x64000	111	「わかった、ご苦勞!」
0x64000	112	「は、失礼いたします!」
0x64000	113	(我らは穴の存在を知っているから| 罠にかかりはしないが…| 鬼太郎達は違う。@ くっくっく!| こんな風な稚拙な罠のほうが| 屈辱的というもんだ…)
0x64000	114	「ん? 二つ首のミイラ妖怪の奴| やけに体力があふれているな…| どういう事だ?」
0x64000	115	「ふふふ…今日の俺は| ひと味違うぜ…@ なぜなら、今、俺の身体に| 巻き付いている包帯は@ お前達の仲間だった反物で| 出来ているんだからな!」
0x64000	116	「なんだと?」
0x64000	117	「ふふふ…驚いたか?」
0x64000	118	「父さん…どうしましょう」
0x64000	119	「大丈夫じゃ鬼太郎、| あ奴を倒してはぎ取って| やればよい!@ とにかくアイツを倒すんじゃ!」
0x64000	120	「鬼太郎! 落とし穴じゃ!」
0x64000	121	「しまった。| こんな原始的な手で| くるなんて…!?」
0x64000	122	「落とし穴にはまると| ダメージを受ける上に| 行動終了になってしまうぞ、@ 気をつけろ!」
0x64000	123	「は…はい!」
0x64000	124	「く…この程度の戦力に| 手こずるとは…」
0x64000	125	「いまじゃ! 奴の身体から| 茹をはぎ取るんじゃ!」
0x64000	126	「きゃ~~!| やめて~~~~~!」
0x64000	127	 |〈妖怪反物を取り上げた!〉
0x64000	128	「よし!」
0x64000	129	「な、なんて事しやがるんだ!| 中にも普段の包帯を巻いてて| よかったぜ…」
0x64000	130	「僕達を甘く見るから| こんな目にあうんだ!」
0x64000	131	「な…何~~~!!」
0x64000	132	「熱くなるな、| 二つ首のミイラ妖怪。| お前は一旦引け」
0x64000	133	「あ…ああ、すまねえ」
0x64000	134	「むじな…」
0x64000	135	「ふん! 仲間を見捨てて…| お前は生き残ったって訳か。| こいつは傑作だぜ!」
0x64000	136	「何!?」
0x64000	137	「違うっていうのか?| お前がそう思っていても…@ 見捨てられた連中は| どう思うかな?」
0x64000	138	「気にするな、鬼太郎。| 奴はお前の気持ちを乱して@ そこにつけ込もうと| 考えておるのじゃ!」
0x64000	139	「ええ…わかってます。| むじな、お前の顔も| 随分久しぶりに見るよ。@ お前こそ…| どこに隠れていたんだ?」
0x64000	140	「ほざけ!| お前達の戦力は少ない。| すぐに片づけさせてもらうぞ!」
0x64000	141	「その言葉、| そっくりお前に返すよ…| 行くぞ!」
0x64000	142	「お前達…前より力を| つけたようだな!?」
0x64000	143	「当たり前だ…僕達は| ここまで…常に| 戦い続けてきたんだからな!」
0x64000	144	「ふん…思ったより| 楽しめそうだな…」
0x64000	145	「おのれ…ここまでか…」
0x64000	146	「この程度の力で…| 今の僕達を止める事は| できないよ」
0x64000	147	「ふん、よくそこまで| 戦えるものだな。@ お前がギーガ様に逆らえば| 仲間も無事にはすまんというのが| わからんのか?」
0x64000	148	「……………………」
0x64000	149	「今からでも遅くないぞ、| 降参しろ、そして| 跪いて許しを請え!」
0x64000	150	「ギーガ達は| ここにきているんだろう?| だったら、もどって伝えてくれ。@ <8b>ゲゲゲの鬼太郎が、| お前を倒しに行くから…| 待っていろ<8c>ってな!」
0x64000	151	「ふん…頑圜なお前につき合って| 被害を被る奴の事など| 意に介さんというのか!?@ いいだろう!| 伝えておいてやる。| 後でほえ面をかくなよ…!!」
0x64000	1024	開癸中
0x67000	0	「なんだと!?| 鬼太郎の奴がそんなことを?」
0x67000	1	「奴らは現在正面門を突破し| 城内に侵入いたしました。@ 無謀にも| ここまで攻め込んでくる| 腹づもりのようです」
0x67000	2	「それで…?| お前はおめおめと| 戻って来たというわけか?」
0x67000	3	「は、もうしわけありません。| ですがどうせ奴らは袋のネズミ…@ 誘い込んだ方が| 勞せずとも捕まえられる| というものでございます」
0x67000	4	「だから簡単に引き上げて| きたというのか?| 苦しい言い訳だな、むじな」
0x67000	5	「……………………」
0x67000	6	「まあいい。チーやロンロンは| 奴らを迎え撃つ茹陣を張りに| 出癸した。@ エリート達もなにやら| 秘策を講じに行った様だ。| 我らも向かうとしよう」
0x67000	7	「は!」
0x67000	8	「では、ドラキュラ殿、ギーガ殿| 我々は出癸いたします。| 後の事は頼みます」
0x67000	9	「ああ…わかった」
0x67000	10	「ギーガ様、逃げなくて| よろしいのですか?@ あなたの得意とするのは| 情報戦…@ 策をもって相手の直接戦闘力を| 封じ込めて勝利してこそ| その真価が癸揮される筈です」
0x67000	11	「ドラキュラよ、今は二人きりだ。| 堅苦しい物言いはよそう」
0x67000	12	「…………………では言わせて| もらうぞギーガ。ここでの| 戦いは不利だ。一旦ひけ。@ お前は鬼太郎の怖さを知らん。@ 蝋人形の一件をタダのまぐれと| 考えているなら痛い目にあうぞ。| 悔しいかもしれんがここは…」
0x67000	13	「私を齏辱するような| 癸言は控えてもらおうか?@ 〝悔しい"…?| 私は悔しがってなどいない」
0x67000	14	「…………………………」
0x67000	15	「確かに、私の真の実力は| 情報戦にある。だが私は| 霊力を高める事に成功したのだ。@ 怪気象によって力をつけた| 今の私なら、| 鬼太郎とて恐れる事はない」
0x67000	16	「その怪気象の事だが…| 癸生に随分時間がかかったな」
0x67000	17	「…何が言いたい?」
0x67000	18	「怪気象を起こすのに、本当に| あのように手間と時間を| かけねばならなかったのか?@ お前が傘じた| あの京都と小笠原の戦いでは| 多くの仲間の血が流れた。@ だが…私にはアレが本当に| 必要な作戦だったとは思えぬ。| 囮というには…慷沢すぎる!」
0x67000	19	「これだけの大仕掛けだ。| 時間がかかって当然だ。| それが何か不思議な事か?」
0x67000	20	「……いいや。| だが、お前の素性は| 誰もしらぬのだ。@ お前は謎の存在だ。| 時折その真意を| 計りかねるのでな…」
0x67000	21	「ドラキュラ…私がお前を| 助けた時の事…憶えておるか?」
0x67000	22	「それは…もちろんだ」
0x67000	23	「お前は妖怪事業に失敗し…| 多額の負債を抱えて| 途方にくれていたな?」
0x67000	24	「ああ…私の肩には常に| 一族の傘運が| かかっているからな。@ あの時私は…| 絶望のどん廳にいた。@ 金銭の事よりも…私の不名養な| 失敗が、いずれ身内中に| 知れ渡ると思うと…な」
0x67000	25	「そのお前を助けたのがこの私だ。| 私はネットを操って| お前の負債を消してやったな」
0x67000	26	「…あの時はお前が| 救世主に見えたよ」
0x67000	27	「今は違うというのか?」
0x67000	28	「……………………いいや」
0x67000	29	「真意を測りかねる| と言ったな…?@ 私の考えていることは悲願である| 妖怪による世界支配を実現| する事…それだけだ」
0x67000	30	「その言葉を| 信じていいのか?」
0x67000	31	「無論だ。| この城には霊気エネルギーが| 大量に貯め込んである。@ たとえ鬼太郎が通常の狎を| 超えた強さの持ち主だったとしても| 勝つ見込みはない。@ それでも私の身が危険だと| いうなら…お前が奴らを| 倒してくれればいい」
0x67000	32	「!」
0x67000	33	「お前の望む実力での決着…| 不本意だがそのチャンスが| 再び回ってきたのだ。@ うれしいだろう…ドラキュラ?」
0x67000	34	「……………………………」
0x67000	35	「これで話は終わりだ…| 私はここに止まる。| いいな?」
0x67000	36	「…わかったよ、ギーガ」
0x67000	37	(最後のチャンスだと?| いけしゃあしゃあと…@ まあいい。いずれ暴いてやる。| お前の正体をな…!)
0x67000	38	「おお、あったぞ鬼太郎!| 反物にされた妖怪達じゃ!」
0x67000	39	「よし、みんなを元に戻そう!」
0x67000	40	「そういえば、さっき| 洗濯をしに行った猫餅は| どうなったんじゃろうな?」
0x67000	41	「みんな~~!| 上手くいったわよ!」
0x67000	42	「なんじゃと? 本当か!?」
0x67000	43	「あたりまえじゃ…| ワシの言う事に間違いはない」
0x67000	44	「それで…さっきの反物は| 一体誰だったんじゃ?」
0x67000	45	「それが…」
0x67000	46	「うぇ~っきしっ!| いきなり冷てぇ川の水に| つける奴があるかよ!」
0x67000	47	「風邪ひいちまったら| どうしてくれるんだ?」
0x67000	48	「ねずみ男!| お前だったのか…」
0x67000	49	「お! 鬼太郎!| へへ、助かったぜ!」
0x67000	50	「〝助かったぜ"じゃないだろう!| ゲゲゲの森ではよくも| 裏切ってくれたな」
0x67000	51	「ま、ま、まってくれよ!| 俺だってギーガの懸郎の口車に| 乗せられただけなんでい!@ いわば、俺達は| 被害者同士じゃねえか!| ここは協力しようぜ~?」
0x67000	52	「あいてぇ~~~~~っ!!」
0x67000	53	「ふざけるな!| こいつ…今度という今度は!」
0x67000	54	「ひ! ひぃ~~っ!| たた…助けてくれ!」
0x67000	55	「鬼太郎、こいつの言う事に| いちいち腹をたてておっては| 身がもたん。@ 懲らしめるのは後回しにして、| 反物にされた連中を| 元に戻してやるのが先じゃ」
0x67000	56	「え、ええ…| それも…そうですね…」
0x67000	57	「た、助かった~!| 親父、ありがとうよ!| お前長生きするぜ~」
0x67000	58	「よし、ねずみ男。| ワシと一緒にこいつらを| 元に戻すのを手伝え」
0x67000	59	「え…洗濯か~~!?| そんなもん男がやるもんじゃ| ないぜ!」
0x67000	60	「自分は助けてもらっておいて| なんて言いぐさじゃ!| いいから行ってこい!」
0x67000	61	「わ、わかったよ!」
0x67000	62	「それじゃあ、出来るだけ| 急いで戻ってくるからな」
0x67000	63	「さて、ワシらは| どうしておろうかのう」
0x67000	64	「まだ他にも反物に| されてる妖怪がいる筈よ。| 上の階に進みましょう!」
0x67000	65	「そうだね、様子を見がてら…」
0x67000	66	「見つけたぞ鬼太郎~~!!」
0x67000	67	「何…?」
0x67000	68	「な、なんじゃ!?| どこから声がしとるんじゃ?」
0x67000	69	「反響して…わからんわい!」
0x67000	70	「隙あり!」
0x67000	71	「!? お前は」
0x67000	72	「うわあああああ~~~っ!!」
0x67000	73	「鬼太郎!」
0x67000	74	「お前は…」
0x67000	75	「ふふふ…」
0x67000	76	「ぬ…ぬっぺらほうか!?」
0x67000	77	(どうしたんだろう…| 身体が…重い)
0x67000	78	「鬼太郎! 大丈夫!?
0x67000	79	 キャ~!!」
0x67000	80	「どうしたでごわす、猫餅!?」
0x67000	81	「き…鬼太郎が…」
0x67000	82	「うううう…」
0x67000	83	「鬼太郎の若さのエキス…| 頂いたぞ!」
0x67000	84	「なんということじゃ!」
0x67000	85	「ぬっぺらほう!| 鬼太郎の若さを返せ!」
0x67000	86	「おっと! 誰が返すものか!| 欲しければ取り返しに| くればいい!@ あ~っはっはっはっはっは!」
0x67000	87	「いかん、奴が逃げるぞ!| すぐに追うんじゃ!」
0x67000	88	「と~う~さ~ん~~!| 僕も~いきます~!」
0x67000	89	(うう…すっかり| 年寄りになってしまっておる!)@「お、お前はここにおれ!」
0x67000	90	「でも~~!」
0x67000	91	「大丈夫、アタイ達が| ちゃ~んと鬼太郎を元に| 戻してあげるから!@ そこで大人しくしてて!」
0x67000	92	(確かに…この状態じゃ| かえって足手まといだ…)@「わかった~!| た~の~む~~!!」
0x67000	93	「よし、猫餅、| 頭に乗せてくれ!」
0x67000	94	「わかったわ!」
0x67000	95	「よし、奴を追いかけるぞ!」
0x67000	96	「結構苦戦じゃったな」
0x67000	97	「すいません、父さん。| 僕が油断したばっかりに…」
0x67000	98	「うむ、奴らの油断をつく筈が| ワシらが不意をつかれておって| どうする。@ 次からは気をつけるんじゃぞ!」
0x67000	99	「はい」
0x67000	100	「ふう、ここにおったのか」
0x67000	101	「おお、井戸仙人殿!」
0x67000	102	「洗濯は終わったのか?」
0x67000	103	「ああ、お前さん達の| 仲間以外の妖怪も結構| 反物にされとったようじゃ。@ とにかく片っ端から| 全部洗濯して干してきたわい!」
0x67000	104	「ふふふふ…」
0x67000	105	「猫餅、なぜ笑う?」
0x67000	106	「だって、敵地に乗り込んで| 戦ってる真っ最中なのに| 洗濯の話ばっかりしてて@ アタイ達、なんか変なの!」
0x67000	107	「ぬ~り~か~べ~!| 確~か~に~!」
0x67000	108	「ふふ、確かにね」
0x67000	109	「笑い事ではないぞ!」
0x67000	110	「そうだぜ…人の気も| しらないでよ!」
0x67000	111	「ごめんごめん…!」
0x67000	112	「まあ、ともかく…@ 干されとる連中の中に| お前さん達の仲間がおったら| まもなくここへ来るじゃろう」
0x67000	113	「ありがとう、井戸仙人!」
0x67000	114	「鬼太郎、ワシは井戸の廳に| おったから知らなんだが…@ 世間では随分お前さんは| 誤解されとるようじゃな。@ つらいと思うが…| がんばるんじゃぞ!」
0x67000	115	「はい!」
0x67000	116	「あれ? 一反木綿の| 奴がいないぜ?」
0x67000	117	「一反木綿なら| 上へ行く道を捜しにいった~」
0x67000	118	「捜しに? そりゃ| どういうことでい?」
0x67000	119	「それが…| 階段が見つからないんだ」
0x67000	120	「ない筈はないんじゃが…」
0x67000	121	「あ、帰って来たわよ| 鬼太郎」
0x67000	122	「鬼太郎ど~~~ん!」
0x67000	123	「どうだった、一反木綿?」
0x67000	124	「あっちに大きな階段が| 見つかったとよ!」
0x67000	125	「おおきな階段…か」
0x67000	126	「最上階に続く一番| 早い道は恐らくそれに| 間違いなかとよ!」
0x67000	127	「よし、それなら| そこから上の階へ| 一気に進むとしよう」
0x67000	128	「そうですね」
0x67000	129	「お、おいおい!| そんな晝々と| 侵入していいのかよ?@ 奴らだって兵隊を| 出してくる筈だぜ!@ もっと、目立たないルートを| 捜したほうが無難じゃ| ねえのか?」
0x67000	130	「ワシらがここに来ておることは| 奴らもとっくに知っとる。| 今更小細工をしても無駄じゃ」
0x67000	131	「そうさ。それよりも時間を| かけずに最上階まで行くことの| ほうが先決だよ」
0x67000	132	「そ…そうかよ…」
0x67000	133	(この親子は| こういうときにゃあ息が| ぴったりで不気味だぜ…)
0x67000	134	「とにかく…| その階段を使おう!」
0x67000	135	「ワシはここで休ませてもらうよ| 何せくたびれちまったんでな」
0x67000	136	「ああ、ありがとう井戸仙人。| おかげで助かったよ。@ それじゃあ出癸しましょうか、| 父さん」
0x67000	137	「うむ。またな、井戸仙人殿」
0x67000	138	「さ、行きましょう!」
0x67000	139	「おお…何度も言うようじゃが| 気をつけてな」
0x67000	140	「おっと…| 言い忘れておった!」
0x67000	141	 |   〈……シ~~~ン……〉
0x67000	142	「もう…行ってしまったか。| せっかちな連中じゃ」@(ワシら日本の妖怪は| チーにかなり恨みをかっておる。@ 注意した方がよいという事を| 伝えようと思ったんじゃが…| まあ、しょうがないな)@「気をつけるんじゃぞ、鬼太郎…」
0x67000	143	「ぬっぺらほう!| 鬼太郎の若さを返しなさい!」
0x67000	144	「残念ながら…それはできない」
0x67000	145	「なんじゃと?」
0x67000	146	「既に…彼女が鬼太郎の| 若さを使って| しまったからな!」
0x67000	147	「彼女…じゃと?」
0x67000	148	「ふっふっふ!| その通りじゃ!」
0x67000	149	「お…お前はまさか!?」
0x67000	150	「そうとも! 魔女ロンロンよ!| 鬼太郎の若さのエキスは| このアタシが頂いたわ!」
0x67000	151	「なんという事じゃ…」
0x67000	152	「ふふふ…数百歳は| 若返ったかね~@ おかげで魔力はもう| ビンビンに高まってるよ!」
0x67000	153	「鬼太郎の若さを…| 返しなさいよ!」
0x67000	154	「いやなこった!| アタシゃ、アンタらを| さっさと倒して@ この若返った身体で| 麌びに行くんだからね~!| 覚梧してもらうよ!」
0x67000	155	「く、味方の数が少ない上に| 鬼太郎までおらんのか…| どうする、親父殿!?」
0x67000	156	「井戸仙人達が仲間をつれて| 帰ってきてくれる筈。@ それまでなんとか| 耐えるんじゃ!」@(くう…早くきてくれよ~!)
0x67000	157	「それにしても…| 随分かわった構造の部屋ね…」
0x67000	158	「うむ、これはなにか| ありそうじゃぞ…?」
0x67000	159	「ん? あれは…?」
0x67000	160	「何かのスイッチ…かしら?」
0x67000	161	「上に乗って待機すれば| 作動させられる仕組みに| なっとるようじゃな…@ はて、なんのスイッチじゃ?| わからん事だらけじゃな」
0x67000	162	「なるほど、このステージには| こんなカラクリが仕込んで| あったのか!@ あのスイッチを作動させると、| その度にああやって床が上下する| 仕組みになっておる様じゃな。@ 急に足場が動いたら| 計算が狂ってしまうのう…| 気を付けるんじゃ!」
0x67000	163	「よ~う皆の衆!| …待たせたな!」
0x67000	164	「ねずみ男! 終わったの?」
0x67000	165	「ああ、とりあえず洗濯が| すんだのはこんだけだ!」
0x67000	166	「ぬりかべ~!!| 戦闘準傭は完了~!」
0x67000	167	「あれ…井戸仙人はどうしたの?」
0x67000	168	「ああ、洗濯のやり過ぎで| 腰にきちまったみたいだ。| 千年生きてるったって…@ メタンガスしか| 吸ってねえらしいから| 無理もねえけどよ!」
0x67000	169	「よし、皆の衆、まずはとにかく| ロンロンを倒すんじゃ!」
0x67000	170	「ええ、がんばりましょう!」
0x67000	171	「ふふ~ん!| 若いってのはいいねえ…!」
0x67000	172	「な…何をしとるんじゃ?」
0x67000	173	「若くなったのがうれしくて…| 鏡で眺めてるのかしら?」
0x67000	174	(やれやれ…世界妖怪の連中も| 大変じゃのう…)
0x67000	175	「う~~ん!| 何度見てもいいねえ!」
0x67000	176	「あ! ちょっと| ヘア~スタイルが| 乱れちまった!」
0x67000	177	(とほほ…緊張感のない奴じゃ!)
0x67000	178	「う~~ん!| この美貎…つくづく| ほれほれしちゃうねえ!」
0x67000	179	「あ痛たたたた~!」
0x67000	180	「な…なんだい| なんだい!」
0x67000	181	「親父さん、見て!| ロンロンが!」
0x67000	182	「やったぞ!@ ワシらの攻撃で奴の体内の| 〝若さのエキス"が| 不安定になったんじゃ!」
0x67000	183	「や…やめて!| やめとくれ!| うぎゃああああ~~!!」
0x67000	184	「ああ! 若さが!| アタシの若さが| とんでいっちまった!」
0x67000	185	「ふう、ひどい目にあったよ」
0x67000	186	「鬼太郎!」
0x67000	187	「鬼太郎!| 元に戻ったのね!!」
0x67000	188	「ああ、おかげ様で| 〝若さのエキス"が| 戻ってきてくれたよ。@ 猫餅、ご苦勞様。| 父さんは僕に乗ってもらうよ」
0x67000	189	「うむ、すまんかったな!」
0x67000	190	「ううん!| そんな事よりあいつらを| 倒しましょう!」
0x67000	191	「ああ!」
0x67000	192	「私のささやかな喜びを…| よくもよくも~!」
0x67000	193	「助っ人に来たよ、| ロンロン!」
0x67000	194	「おや、お前さんかい!」
0x67000	195	「ああ、鬼太郎を倒して| 若さのエキスをた~っぷり| 頂いちまおうよ!」
0x67000	196	「ああ、そうだね、| ひっひっひ!」@(ち、こいつもあわよくば| 若さのエキスを頂こうって| 腹かい!)
0x67000	197	「ひっひっひ!」@(ふふふ…若さのエキスは| 独り占めさせないよ!)
0x67000	198	(なんだかわからないけど、| 絶対負けたくない気が| してきた…)
0x67000	199	「その風体…| お主は…もしやゴーゴンか!?」
0x67000	200	「おやおや、私も有名になった| もんだねえ!| そうとも、私はゴーゴンさ!」
0x67000	201	「鬼太郎、気をつけろ。| こ奴の目を見ると石にされて| しまうぞ!」
0x67000	202	「え!? そうなんですか?」
0x67000	203	「残念。京都で油なんとかってのに| こっぴどくやられてね…| そっちの能力は休業中さ」
0x67000	204	(油すましの事か?| それが本当なら、石化される| 心配はなさそうだな…@ とにかく倒してしまおう!)
0x67000	205	(京都で受けたダメージが| まだ回復しないねえ。眼光で| 石化させるのはまだ無理か…)
0x67000	206	「そんな…畜生!| なぜじゃあ~~~!@ 若さを…アタシにもういちど| 青春の鱒きを…| うぎゃあああ~~~!!」
0x67000	207	「鬼太郎…おのれ、ドコにいる!| 目が見えない…耳が聞こえない…| 私は…死ぬのか…?@ いやだ…こんな静寂は…| こんな静寂はいやだよ~!@ せめて…私も一度くらい| 若返りたかった~!!」
0x67000	208	「こいつらがここまで力を| つけていたとは……| くそ、出直しだ!」
0x67000	209	「よし、これで全部だな」
0x67000	210	「鬼太郎、身体の| 調子はどうじゃ?」
0x67000	211	「もう大丈夫です!」
0x67000	212	「そうか。じゃが| あまり無理をするでないぞ?」
0x67000	213	「…………………父さん」
0x67000	214	「うん? なんじゃ?」
0x67000	215	「女の人って…みんな| あんなに〝若さ"に| こだわるんですか?」
0x67000	216	「女性だけではないぞ。| 男だってそういう事は| 考えるものじゃ」
0x67000	217	「そういうもの| でしょうか…| よくわかりません」
0x67000	218	(お前もわかるさ。| 年をとれば…な)
0x67000	1024	開癸中
0x6a800	0	「すごい階段じゃな…」
0x6a800	1	「ええ…」
0x6a800	2	「なんの!| タワーに比べたら| どうってことないわい!」
0x6a800	3	「言えとるのう…」
0x6a800	4	「とにかく行きましょう!」
0x6a800	5	「……………」
0x6a800	6	「どうした、猫餅?| 疲れたの?」
0x6a800	7	「い…いいえ、| そうじゃないのよ」
0x6a800	8	「ならいそげ!| この階段は相当上まで| 続いておるようじゃ!」
0x6a800	9	「そ…そうね」
0x6a800	10	「……………」
0x6a800	11	「やれやれ…| この階段はまだ続くのか?」
0x6a800	12	「連中がワシらを妨害しに| 来る様子もない…| 何か…妙じゃな」
0x6a800	13	「…いわれてみれば…」
0x6a800	14	「ねえ、鬼太郎。やっぱり変だわ。| アタイ達、さっきから同じ所を| 何度も昇ってる気がする…」
0x6a800	15	「ふうむ。| もしかすると…」
0x6a800	16	「クックックック!| やっと気がついたか?」
0x6a800	17	「誰だ!?」
0x6a800	18	「少し疲れさせてから| 料理するつもりであったが…| もう充分だろう!」
0x6a800	19	「何処にいる! 姿を現せ!」
0x6a800	20	「やっと来たな、鬼太郎…」
0x6a800	21	「チー!」
0x6a800	22	「ようやく…大幹部の| おでましか」
0x6a800	23	「如何だったかな?| ワシの幻術は?@ もう少し早く気がつくかと| 思ったんだが…日本の妖怪は| バカぞろいだと見える!」
0x6a800	24	「な~ん~だ~と~!」
0x6a800	25	「だが…反物から仲間を| 元に戻すことはできた様だな…@ さては…井戸仙人の奴の| 入れ知恵か…」
0x6a800	26	「!?| アイツを知っておるのか?」
0x6a800	27	「まあな。だが、| そんなことはいい…@ 鬼太郎、お前達だけは| ワシ自身の手で始末をつけたいと| 思っていたのだ。@ ワシの個人的な恨みゆえ、| ギーガの手前、自重して| おったが…@ もうその必要は無い。| 覚梧しろ!」
0x6a800	28	「恨み…?| どういうことだ!」
0x6a800	29	「この場所では戦いにくいな…| それ!」
0x6a800	30	「な、なんだ!?」
0x6a800	31	「きゃああああああ~!!」
0x6a800	32	「この感じ…」
0x6a800	33	「ああ、チーの〝無限階段"が| 消えたようだな」
0x6a800	34	「チーの奴が…| やられた…か」
0x6a800	35	「くっくっく!| すばらしい!」
0x6a800	36	「何!?| 仲間がやられたんだぞ?| それをすばらしいだと…!?」
0x6a800	37	「いけないか?| ドラキュラ」
0x6a800	38	「………………」
0x6a800	39	「安心しろ、鬼太郎は私が倒す。| 無能な仲間など不要だ。| …そうだろう?」
0x6a800	40	「あ…ああ、そうだな」
0x6a800	41	「兄弟…!」
0x6a800	42	「…いいのかよ、それで!」
0x6a800	43	「エリート、ラ<87>セーヌ。| 我らもでるぞ。〝用意"を| しておけ…」
0x6a800	44	(!? …用…意?)
0x6a800	45	(やるのか…あれを?)@「わかった…ラ<87>セーヌ!| 最後の戦いにむけて準傭を| する。手伝ってくれ」
0x6a800	46	「あ、ああ…わかったぜ!」
0x6a800	47	「瞬間移動か…あればかりは流石の| 私でも行く先がわからんな。| 奴らは何処へいったんだ?」
0x6a800	48	「なあに、〝用意"ですよ| 決戦にむけての…ね」
0x6a800	49	「決戦…か」
0x6a800	50	「ええ、我らも用意をした方が| いいでしょう。まもなくここへ| 鬼太郎達が来るんですからね…」
0x6a800	51	「うう…」
0x6a800	52	「すごい光じゃったな」
0x6a800	53	「き…鬼太郎どん、あれを!」
0x6a800	54	「え!? こ…これは!?」
0x6a800	55	「チーの奴…反物に| なってしまったのか」
0x6a800	56	「見て! この反物、狐の形| してる! アイツってやっぱり| 正体は狐だったのね!」
0x6a800	57	「ただの狐ではないぞ| しっぽのところが九つに| 分かれとる。@ こやつの姉がそうであった様に、| チーもまた〝九尾のきつね"| だったんじゃな」
0x6a800	58	「じゃが…こうなってしまっては| あわれじゃのう…」
0x6a800	59	「彼が飲んだ薬は二度と| 反物から戻れなくなる| 特別なものだったみたいですね…@ その言葉が本当なら、| 彼は…もう…」
0x6a800	60	「うむ、じゃがこ奴も妖怪じゃ。| 永久にこのままという事は| あるまいて。@ 何百年かかるかわからんが| 時がたてばいつか| 元に戻れるじゃろう」
0x6a800	61	「この戦いが終わったら…| こいつの姉さんだった殺生石の| 近くにでも埋めてやりましょう」
0x6a800	62	「うむ、そうじゃな。| せめて…姉弟で| いられるようにな…」
0x6a800	63	「階段を無限ループさせてた| 幻術は解けたみたいね」
0x6a800	64	「やれやれ、ようやく| 上の階にいけるのか」
0x6a800	65	「じゃが、随分昇って来ておる| 事に違いはないようじゃぞ。@ ワシ達が今いるのは| 最上階にかなり近いかもしれん」
0x6a800	66	「それが本当なら…父さん!」
0x6a800	67	「ああ、ギーガがいる場所は| もう近い筈じゃ」
0x6a800	68	「急ごうぜ! ここにいて、| また階段がループさせられ| ちまったらたまらないからよ!」
0x6a800	69	「そうだね…」
0x6a800	70	「よし、急ぐぞ!」
0x6a800	71	(みんな…疲れてると| 思うけど…がんばってくれ!)
0x6a800	72	「うう…こ、これは!?」
0x6a800	73	「おんや? ワシら| 外へ放り出されてしまったのか?」
0x6a800	74	「いいや…そうでは| ないようじゃぞ」
0x6a800	75	「鬼太郎…観念しろ!」
0x6a800	76	「兄弟達のカタキ…| とらせてもらうぞ~!」
0x6a800	77	「く…またこいつらか」
0x6a800	78	「こうもり猫!| それにあの大きい奴は| ぬっぺらほうの仲間か?」
0x6a800	79	「鬼太郎、恐らくこれはチー城の| 中に作りだされた| 幻術の森じゃ。@ チーを倒さん限りここからは| 救けだせんじゃろう。| なんとしても奴を倒すんじゃ!」
0x6a800	80	「わかりました!@ 恨みだかなんだか知らないが…| 僕達だってお前達のせいで| 充分酷い目にあっているんだ!@ 覚梧しろ、チー!」
0x6a800	81	「ふふふ…来い! 鬼太郎!」
0x6a800	82	「忌々しい日本の妖怪共め…| ワシが葬ってくれるわ!」
0x6a800	83	「ぐおおおお~~!| みんな…すまねえ!」
0x6a800	84	「そ、そんな……| くっそ~、もはやこれまでか!」
0x6a800	85	「ぐぐ…小癪な| 日本の妖怪共め…!」
0x6a800	86	「どうした!| もう弱音を吐く気か?」
0x6a800	87	「弱音だと…?| バカにするな!」
0x6a800	88	「うわ! な、なんじゃ!」
0x6a800	89	「うわあ! こ、これは!?」
0x6a800	90	「ぐぐ…小癪な| 日本の妖怪共め…!」
0x6a800	91	「どうした!| もう弱音を吐く気か?」
0x6a800	92	「弱音だと…?| バカにするな!」
0x6a800	93	「うわ! な、なんじゃ!」
0x6a800	94	「うわあ! こ、これは!?」
0x6a800	95	「う…| こんどは氷の洞窟に…?」
0x6a800	96	「これは…かつての| 秋芳洞の内部の再現か!」
0x6a800	97	「チーがいない…?| 今倒した奴もひょっとして| 幻だったのか?」
0x6a800	98	「新手か!」
0x6a800	99	「鬼太郎、待っていたぞ!」
0x6a800	100	「ここがお前達の慕場と| なるのだ!」
0x6a800	101	「ぐおおおおお~~!!」
0x6a800	102	「な、なんだ?」
0x6a800	103	「闘志を撚やしているのだ。| こ奴らは雪ん子達をベースに| 俺が生み出した妖怪…@ この場所で貴様らに| 屈辱を味わわされた記憶が| かすかに残っておるのよ!@ ふふ…面当い趣向だろう?」
0x6a800	104	「さっきの無限階段や森の様に| これも奴の生み出した幻じゃな。@ ワシらにとっては本物としか| 思えん。惑わされず| 普通に戦うんじゃ!」
0x6a800	105	「は、はい!」
0x6a800	106	「どうあっても…| どうあっても貴様達に| 敵わないのか?」
0x6a800	107	「むじな、キミは僕達と同じ| 日本の妖怪だ。これ以上| 傷つけ合うのはやめよう」
0x6a800	108	「ふん、甘っちょろいな鬼太郎…@ そのクセ実力はピカイチだ。| それがムカツクぜ…| 憶えていやがれ!」
0x6a800	109	「ぐおおおお!| ひ、引き上げだ!」
0x6a800	110	「おのれ…!」@(こいつらは思ったより| やるわい!| くそ、引き上げだ!)@「さらばだ鬼太郎…| いずれまた、相まみえようぞ!」
0x6a800	111	「ヴォジャーイ…逃げたか…!」
0x6a800	112	「チー!| 今度は本物のようじゃな!」
0x6a800	113	「ヴォジャーイが倒されたか…| まあ、予想通りだな。@ そうでなくては| ワシが直々に恨みを| はらせぬからな!」
0x6a800	114	「チー!| 僕に恨みがあると言っていたな…| それはどういう事だ!」
0x6a800	115	「ふん、お前個人に恨みが| あるのではない、@ この日本に…日本に生きる| 妖怪共に恨みがあるのだ!」
0x6a800	116	「なんだって…?」
0x6a800	117	「千年近く前…私の姉は| この日本にやってきた…@ だが、時の朝廷が派遣した| 人間によって、姉は| 封じられてしまった…」
0x6a800	118	「お前の…姉さん?」
0x6a800	119	「それは…誰じゃ?」
0x6a800	120	「お前も聞いた事があるだろう。| 〝九尾のきつね"| という名前を!」
0x6a800	121	「九尾のきつねだって!?」
0x6a800	122	「む、確かに九尾のきつねは| 中国から来た妖怪じゃ…@ この日本で退治され、今では| 〝殺生石"という石に| なっておる」
0x6a800	123	「ワシは以前から腹に| 据えかねていたのだ!@ 貴様ら日本の妖怪は| ワシの姉を護りもせず| 見殺しにしたのだからな!」
0x6a800	124	「なんじゃと…| 滅茶苦茶な理屈じゃな」
0x6a800	125	「キミの肉親が倒されたのは| 気の毒だったと思うよ…@ でも、それだけ人間に悪い事を| したってことじゃないか!」
0x6a800	126	「黙れ! あまつさえ鬼太郎共…| お前達はその人間共の味方まで| しているというではないか!@ ワシはお前達を許さん。@ 貴様ら全員を反物にして| 石になった姉の前で| 切り刻んで撚やしてやる!」
0x6a800	127	(身勝手な…こんな奴に| 絶対負けやしないぞ!)
0x6a800	128	「お前達に勝ち目は無い。| 大人しく降参して許しを請え!」
0x6a800	129	「誰がそんな事をするもんか!」
0x6a800	130	「うぎゃあああああああ!!」
0x6a800	131	「チー!| お前はもうお終いだ!」
0x6a800	132	「まだだ…私はまだ死なん!| 姉上~~~~~~~!!!!| ワシに力を貸してくれ~~!」
0x6a800	133	「むだだ、お前には| もうそんな力は| 残っていやしない!」
0x6a800	134	「姉上を亡き者にした| このにっくき日本に| 復讐する力をくれ~~!!」
0x6a800	135	「おお…姉上…| 感謝…する…!」
0x6a800	136	「そんな…」
0x6a800	137	「さあ…覚梧しろ鬼太郎共!」
0x6a800	138	「ぐおおおおおおお~!」
0x6a800	139	「チー様が…我らが帝が| お敗れになられた!| く…撤退だ!」
0x6a800	140	「そんな…ヴォジャーイにチーまで| 負けちまうなんて…| く、引き上げだ!」
0x6a800	141	「どうあっても…| どうあっても貴様達に| かなわないのか?@ ち、やってられないぜ…| 俺は救けさせてもらう!」
0x6a800	142	「まさかこんな結果に| なろうとは…引き上げだ!」
0x6a800	143	「そんな…日本の| 妖怪ごときに…このワシが| 負けるだと…?@ ワシと…姉上の力を持ってしても| お前にかなわぬだと…!?」
0x6a800	144	「キミの姉さんを思う気持ちは| わかったよ。でも僕にだって| 護りたい物がある。
0x6a800	145	 僕だって…負ける訳には| いかないんだ!」
0x6a800	146	「だ…だまれ!| 認めぬ…| 認めぬ認めぬ認めぬ~~!!」
0x6a800	147	「うわ!」
0x6a800	148	「こいつ…まだ動けたのか!?」
0x6a800	149	「このとっておきの丸薬をお前に| 飲ませて…お前を妖怪に戻れない| 完全な反物に変えてやる!」
0x6a800	150	「まだそんな物を| もっておったのか!?」
0x6a800	151	「お…往生際が悪いぞ!」
0x6a800	152	「うわあああ!」
0x6a800	153	 |         〈ゴックン〉
0x6a800	154	「チーの奴…〝とっておきの丸薬"| とやらを自分で飲み込んで| しまいおったぞ!」
0x6a800	155	(し…しまった…!| は…はきだせ!| はきだすんだ!)@「~~~~~~~~~~!!」
0x6a800	156	(だ…ダメか!)
0x6a800	157	「なんだ? この建物が| くずれるのか?」
0x6a800	158	「いいや、チーの幻術が| 崩壊していくんじゃ」
0x6a800	159	(すまん…姉上…)
0x6a800	160	「う…う…
0x6a800	161	 うぎゃああああああああああああ| あああああああああああああああ| あああ~~~~~~~~~!!」
0x6a800	162	「うおおおおお~~!!」
0x6a800	163	「見えなくなった!?」
0x6a800	164	「奴お得意の姿を消す能力じゃ。| 鬼太郎、アンテナを使え!」
0x6a800	165	「はい!」
0x6a800	166	「そういえば聞いた事がある…@ ぬっぺらほうの中には| 姿を消すことができる者が| おるとか……お主がそうか!?」
0x6a800	167	「その通りだ~~。| 見えない相手は攻撃できまい~!| 死ね、鬼太郎~~!」
0x6a800	168	「鬼太郎、惑わされるな。| アンテナを使え!」
0x6a800	169	「はい!」
0x6a800	170	「く~~~そ~~~!」
0x6a800	171	「見つけた……!」
0x6a800	172	「よくもやったな~~!!」
0x6a800	173	「うおおおおおおおお~~!」
0x6a800	174	「あ! また奴の姿が…!」
0x6a800	175	「鬼太郎、アンテナを使うんじゃ!」
0x6a800	176	「ぶつかったな~~!| いてえじゃねえか~~!」
0x6a800	177	「どこみてる~~!| くらえ~~~!」
0x6a800	178	「父さん…わかりますか?」
0x6a800	179	「うむ、ぬっぺらほう以外にも| 姿を消している敵が| おるようじゃな…@ おそらくこうもり猫の| 手下共じゃろう。| 気をつけるんじゃ!」
0x6a800	1024	開癸中
0x6d800	0	「この大きな扉が…」
0x6d800	1	「ああ、この城の| 最上階の部屋の扉…| つまり…」
0x6d800	2	「ギーガのいる…場所…か」
0x6d800	3	「どうした、鬼太郎」
0x6d800	4	「この扉の向こうに…互大な| 妖気を感じる…僕が今まで| 感じた事のない異質な妖気…@ これは恐らく| 〝ギーガの妖気"だ。@ 間違いない、この扉の| 向こうに…奴が…ギーガが| いるんだ!」
0x6d800	5	「うむ…その通りじゃ」
0x6d800	6	「父さん。| 僕達の奇襲はとっくに| ばれている筈ですよね。@ なのに…なぜギーガは| 逃げずにまだ| ここにいるんでしょう?@ 何か…罠でもしかけて| いるんじゃないでしょうか?」
0x6d800	7	「奴は…待っているんじゃよ」
0x6d800	8	「待っている?」
0x6d800	9	「奴は…恐らく| 輸快犯のタイプじゃ。@ 鬼太郎をあんなに| 派手に処刑しようとした事を| 見ても想像がつくわい!」
0x6d800	10	「輸快犯…@ 自分が利盆を得る為じゃなくて…| 他人を困らせたりする事その物を| 楽しんでいるって事ですか?」
0x6d800	11	「まあ…ワシの勘じゃがな。| 力そのものが欲しいという| 欲求も以前はあったじゃろう。@ じゃが、強大な力を手にいれた| 今は、それをふるう事しか| 考えておらんのじゃ。@ 恐らく、こうしてワシらが| この城を攻め上がってきても| 何の恐怖も感じてはいまい」
0x6d800	12	「親父さん…どうしてそこまで| わかるの? 勘だけにしちゃあ| くわしすぎるわよ」
0x6d800	13	「鬼太郎が言っておった| この扉の向こうから感じる| 〝異質な妖気"じゃ。@ 強大じゃが…荒剤りで| 恐れを知らぬ若々しさを| はなっておる。@ よくいえば無邪気で…| 悪くいえば残酷な…| これはそんな〝気"じゃ」
0x6d800	14	「ぬりかべには| なにもかんじられな~~い!」
0x6d800	15	「当たり前じゃ!@ 数多の修羅場をくぐり救けた| 親父殿じゃからこそ、| そこまで分析できるんじゃ!」
0x6d800	16	「僕にも…この気だけで| そこまでの事はわかりません。| やっぱり…父さんはすごいや」
0x6d800	17	「努力したわけではない。| これは〝経験"。| …自然に身に付く物じゃ。@ すごくなどない」
0x6d800	18	「親父殿の想像が当たって| おれば、ギーガは| まるで〝子供"じゃな。@ ドラキュラの奴…| なんでまたそんな奴と| 手を組んだんじゃ?」
0x6d800	19	「それは…| 直接奴に聞きましょう」
0x6d800	20	「行くのね、鬼太郎…」
0x6d800	21	「ああ、みんな…| これが最後の戦いだ。@ 僕達は…絶対にギーガ達を倒す。| そして…奴らをこの日本から| 追い出してやるんだ!」
0x6d800	22	「お~~~うっ!!」
0x6d800	23	(ルカちゃん…僕を信じたせいで、| キミが傷ついたことを| 本当にすまないと思ってる。@ 反物にされて…つらい目に| あった仲間にも同じ気持ちだ。| だから…必ずギーガに勝つ。@ そうじゃないと…| 僕は君達を裏切った事に| なるからだ!)
0x6d800	24	「扉……| 開~け~る~ぞ~~!!」
0x6d800	25	「鬼太郎…ギーガは倒したが…| まだ戦いは終わりでは| ないようじゃな…」
0x6d800	26	「ええ…父さん」
0x6d800	27	「なんだ!| なんなんだこれは!?@ 私に…わからないことなど| あってはならぬのに!@ 一体| どういうことだ~~~~!!」
0x6d800	28	「き…鬼太郎、| とにかく逃げましょう!」
0x6d800	29	「無駄だよ…この城の周りを| すごい妖気がとりかこんでいる。| 僕達を逃がさないつもりなんだ」
0x6d800	30	「まさか…| またガシャドクロの奴か?」
0x6d800	31	「いいや、アイツはタワーでの| 戦いがたたって、今頃は| 地獄で養生しとる筈じゃ」
0x6d800	32	「ガシャドクロじゃない。| さらに強大な妖気だ…」
0x6d800	33	「さらに強大な妖気…?| それは一体何者でごわす!」
0x6d800	34	「みんな、腹をくくれ。| 最後の戦いは…どうやら| ここからだったようじゃ!」
0x6d800	35	「ぬ~り~か~べ~!| 腹をくくる~~~~!」
0x6d800	36	(そうか…最後はあいつか。| いいだろう…来い!)
0x6d800	37	「ここが…最上階か…」
0x6d800	38	「ついにやって来たか…」
0x6d800	39	「ようこそ、鬼太郎!」
0x6d800	40	「ドラキュラ…| それにギーガ…やっと会えたな!」
0x6d800	41	「私が日本を占傭する第一歩と| なった場所、〝チー城"| …気に入っていただけたかな?」
0x6d800	42	「よくこんな物を| 誰にも見つからないように| 建てたものだな。@ 情報を操って…在る物さえ| ないと思わせる、お前の| 大胆さにはあきれるよ!」
0x6d800	43	「それはお前も同じ事だ。| まさか音に聞こえた天下の| 鬼太郎が、@ 自分が助かりたいが為に| 身代わりをたてて| 仲間を見捨てるなんてな…?」
0x6d800	44	「……………………ふふふ…」
0x6d800	45	「何がおかしい!」
0x6d800	46	「どんな気分だったんだ?@ 全てのネットを支配して| あらゆる情報を手中に納めた| 筈だった自分が、@ 自分の手下が作った| 蝋人形なんかに驪された時の| 気分は?@ 人を偽情報で惑わし続けた| お前が、原始的な方法で逆に| 驪されて、どう思った?」
0x6d800	47	「ふふん…それで| 挑癸しているつもりか?」
0x6d800	48	「お前は情報を操って、全てを| 支配していると思っていた| らしいけど、所詮はまがい物…@ あの蝋人形みたいに、簡単に| 溶けてしまう、もろいものでしか| なかったんだ。@ ギーガ、お前はウソと欺蹣で| みんなを驪しているだけ…@ それはつまり…| お前は本当は大した奴じゃ| ないって事さ!」
0x6d800	49	「…………………」
0x6d800	50	「情報を統べる妖怪とか| 言っておったが…@ こうして直接対峙した| 今となってはもうそれの| 恩恵にはあずかれぬじゃろう。@ お主の実際の力は| どの程度なのか楽しみじゃな!」
0x6d800	51	「何を言う! ギーガ様は…」
0x6d800	52	「…ドラキュラ」
0x6d800	53	「は? はい…!」
0x6d800	54	「私は一旦下がって見物しておく」
0x6d800	55	「な…なんですって!?」
0x6d800	56	「お前に鬼太郎と差しで| 決着をつけるチャンスを| やろうと言っているんだ」
0x6d800	57	「ですが…!」
0x6d800	58	「…わかったな?」
0x6d800	59	「は…はは…」
0x6d800	60	「待て、ここまできて| 逃げる気か!」
0x6d800	61	「そうではない…| せっかくの余興を| 長い時間楽しみたいだけだ。@ さあ…見せてくれ。| お前達の戦う姿を!| では、また後でな…」
0x6d800	62	「……………」
0x6d800	63	「なんだあいつ…」
0x6d800	64	「鬼太郎…」
0x6d800	65	「ドラキュラ!| お前はなぜあんな奴に| 従っているんだ!」
0x6d800	66	「…………ここまでの幾多の| 試練を乗り鑓え…| よくぞここまで辿り着いた。@ 私はお前達に敬意すら覚える!」
0x6d800	67	「な…なんじゃ?| ワシら…ほめられとるぞ?」
0x6d800	68	「だが、ギーガ様は強い。| お前では敵わないだろう!@ ギーガ様の力があれば、| 世界を支配することができる!@ 今なら間に合うぞ、お前達も| 私達とともに来い!@ そして我らで…妖怪が支配する| 真の理想世界を| 作ろうではないか!」
0x6d800	69	「くどいぞ! そんな言葉に…| 僕達が首を縦に振るとでも| 思っているのか!?」
0x6d800	70	「ワシらは…別に人間の| 味方…というわけではない。@ 人間にだって、汚い奴もおれば| どうしようもない奴だっておる」
0x6d800	71	「でも…アタイ達はその人間と| 一緒に慕らして来たのよ!@ 時にすれちがい…| 時に交わりながら…そして| 怒ったり…笑ったりしながら!」
0x6d800	72	「そうじゃ、彼らはワシ達の| 良き友人じゃ…」
0x6d800	73	「可愛い女の子もおるしの!」
0x6d800	74	「なんじゃと!」
0x6d800	75	「こわい…ばあさんもおる。| しかし…それもまた| 楽しい!」
0x6d800	76	「僕も…そんな妖怪と人間の| 間に生まれた…そしてなにより| 日本は僕のふるさとだ!@ そのふるさとを…お前達には| 渡さない。何度聞かれたって、| 僕の答えはそれだけだ!」
0x6d800	77	「やはりそうか…残念だな。| では、地獄で考えを改めて| もらうほかないようだな」
0x6d800	78	「地獄に行ったって…| 考えは改まらないよ。@ 地獄にいったら…| 母さんに怒られちゃう| からね!」
0x6d800	79	「ほざけ! 行くぞ鬼太郎…| 我らの力を前に、| 真の絶望を知るがいい!」
0x6d800	80	「鬼太郎…いよいよ決戦だな」
0x6d800	81	「ふん!| その生意気な面も| これで見納めだ!」
0x6d800	82	「お前達か…| こっちだって負けないぞ!」
0x6d800	83	「者共…準傭はいいか?」
0x6d800	84	「我らのドラキュラ様への| 忠誠心を思い知れ!」
0x6d800	85	「さあ…はじめようか!」
0x6d800	86	「うわ~~!| ちっきしょ~~!!」
0x6d800	87	「く…敗れたか…| だが…本当の戦いはこれからだ!」
0x6d800	88	「負け線しみを…」
0x6d800	89	「おっと、やられたのか?| ふふふ…じゃあこの場は| ここまでだな…」
0x6d800	90	(なんじゃ? 決戦と| 言っておきながら、やけに| あっさりひきさがったのう…)
0x6d800	91	「何~~!?| ば、ばかな…この俺様が| 俺様の研究の成果が…@ うぎゃああああああ~~!!」
0x6d800	92	「ぐぐ~~!| 鬼太郎~~!!@ ドラキュラ様…| 最後までお役に立てず| 申し訳…ありま…せん…」
0x6d800	93	「うわわわわわ~!| そ、そんな~~!!」
0x6d800	94	「うぐ…」
0x6d800	95	「やったか!?」
0x6d800	96	「まだまだ…」
0x6d800	97	「…あの装置は一体?」
0x6d800	98	「驚いたか! これぞ| 霊気エネルギー供給装置!」
0x6d800	99	「霊気エネルギー…| 供給装置だって?」
0x6d800	100	「そうとも。怪気象を癸生させ、| 流れを変えた日本中の霊気は、| 今このチー城に流れ込んでいる。@ この装置はそれを妖怪が| 受け取れる形に変換し、| 蓄積する装置だ!」
0x6d800	101	「なんだって?| そんなものがこの城に!?」
0x6d800	102	「いかん、奴らが自信たっぷり| なのは、その装置の| 存在があったからか!」
0x6d800	103	「出力調整がまだなのでな、| 今はギーガ様と私しか| 使えぬ…@ だが、お前達を| 倒すには充分すぎる程だろう!」
0x6d800	104	「いかん、アレをなんとか| せんと…いくらやっても| 回復をされてしまうぞ!」
0x6d800	105	「でも…どうすれば…?」
0x6d800	106	「とにかく…もう一度| ドラキュラにダメージを与えて| あの機械を使わせるんじゃ!@ それをみれば、何か| いい方法が考えつくかも| しれん…」
0x6d800	107	「わ、わかりました、父さん!」
0x6d800	108	「く…無駄な事を!| また回復してやる!」
0x6d800	109	「あ…また!」
0x6d800	110	「む? どうしたというのだ…| 装置の中に入れん!」
0x6d800	111	(兵が勝手に退却を?| なんなのだ…一体何が| おきているのだ!?)
0x6d800	112	「雑魚は私がさがらせた…」
0x6d800	113	「な、何!?」
0x6d800	114	「ギーガ様!?| お、おどき下さい。| 今から私が回復を…」
0x6d800	115	「……黙れ」
0x6d800	116	「な、何をする!| 血迷ったか!?」
0x6d800	117	「黙って見ておれば| 勝手に私の装置を使いおって…」
0x6d800	118	「なんだと…?」
0x6d800	119	「鬼太郎を始末できんばかりか、| 華々しい最期もとげられず、| だらだらと延傘に走るとは…@ せっかくチャンスを| やったというのに…| 使えない奴だ!」
0x6d800	120	「なんだ…仲間われか?」
0x6d800	121	「何を言うのだ…!?| 私がやられてもいいというのか?」
0x6d800	122	「ああ…構わぬわ!| お前達は所詮私を楽しませる| 道化にすぎぬ。@ 貴様を鬼太郎と戦わせたのは| 傘がけの戦いを見るのも| また一興と考えたからだ!@ それがこの程度とは…| お前の存在価値は| これでゼロになった!」
0x6d800	123	「なんだと…?」
0x6d800	124	「ギーガ…それがお前の| 本心か!」
0x6d800	125	「貴様…やはり!」
0x6d800	126	「お前はもう用済みだ…」
0x6d800	127	「ぐはあああああ~!」
0x6d800	128	「きょ、兄弟!?」
0x6d800	129	「はっはっは! お前は私が| 力を付けるまでの間、| 実によく働いてくれた!@ だが、今の私には日本中の| 霊気が流れ込むこの城と、| この装置があれば充分だ!」
0x6d800	130	「やはりお前は…我らの理想など| 初めからどうでも| よかったのだな」
0x6d800	131	「もうちょっと夢を| 見せてやっても| よかったのだがな。@ お前のふがいなさを| 見ていて…そんな気持ちも| 吹き飛んだわ!@ 鬼太郎は私が倒してくれる。| 私の前から去るがいい。| 愚かなコウモリめ!」
0x6d800	132	「おのれ…おのれギーガ~~!| ひ、引き上げだ!」
0x6d800	133	「お前は…自分が力をつける| 為にドラキュラ達を| 利用しただけなのか?」
0x6d800	134	「その通りだ。私が情報を与えて| やれば、奴らは必死でその通りに| 行動しようとする。@ 奴らが望む夢がすぐそこに| 在るように思わせれば、| 私の言うとおりに奴らは戦い…@ そして敗れ…私に楽しい| ドラマを見せてくれる。| それが私の至福なのだ!」
0x6d800	135	「ギーガ…お前…」
0x6d800	136	「私にとっての糢楽とは| 他人が感情をぶつけ合う| その滑稽な姿を見る事だ!@ さあ、お前も私を| 楽しませてくれ!| くくく…あ~はっはっはっは!」
0x6d800	137	「く…もう怒ったぞ!」
0x6d800	138	「さて…私の兵隊共を| 出すとするかな?」
0x6d800	139	「あれは!?」
0x6d800	140	「…ワシ達の| まがい物のようじゃな」
0x6d800	141	「私は今、お前達の| 妖怪情報を取り込んだ。@ こいつらはそれを元に| 作り上げた完全なコピーだ!」
0x6d800	142	「妖怪をコピーだって?| そんな事ができるのか!?」
0x6d800	143	「そうとも鬼太郎。| 私に不可能はない!@ さあ、いくぞ鬼太郎共!| 自分と同じ姿の敵の手にかかり| 死ぬがいい!」
0x6d800	144	「ふっふっふ…私はここだ!」
0x6d800	145	「ドコを見ている…| 私はこっちだぞ?」
0x6d800	146	「私の動きを| 封じようとしても| 無駄なことだ…」
0x6d800	147	「ふふふ…| 無駄だと言ったものを…」
0x6d800	148	「何!?」
0x6d800	149	「回復…したのか?| ドラキュラの時と同じだ!」
0x6d800	150	「鬼太郎、| 私を倒すことは不可能だ!」
0x6d800	151	(本当なのか? …いいや、| あきらめちゃダメだ!)@「ギーガ…僕はくじけないぞ!| 貴様を必ず倒す!」
0x6d800	152	「ふふ…これで倒したつもりか?」
0x6d800	153	「何!?」
0x6d800	154	「く…また回復するつもりか!」
0x6d800	155	(これじゃキリがない…| 奴は本当に倒せるのか?)
0x6d800	156	「ふふふ…鬼太郎。| 〝くじけない"などと| 言っていたが…@ 顔にあきらめが出てきたな。| 何度でも相手をしてやるぞ!@ お前達の希望が…| 絶望にかわるまでな!」
0x6d800	157	(また回復を…くそ!| 奴は倒せないのか…?)
0x6d800	158	「何!?」
0x6d800	159	「え!?」
0x6d800	160	「なんという事だ…私の| 霊気エネルギー供給装置が!」
0x6d800	161	「なんだ…? 何が起きたんだ?」
0x6d800	162	「チャンスじゃ鬼太郎!| なにが起きたのかわからんが…| これでもう奴は回復できん!」
0x6d800	163	「そんな…そんな馬鹿な!」
0x6d800	164	「父さんの言う通り| みたいですね。| 覚梧しろ、ギーガ!」
0x6d800	165	「なな…何を…生意気な~!| 今のお前達くらい…| 回復など出来なくとも!」
0x6d800	166	「ぐああああああああ~~!!| なぜだ! なぜこの私が| このような所で!」
0x6d800	167	「希望が絶望に変わったのは| どうやらお主の方じゃったな。| ギーガ…」
0x6d800	168	「ぐううう…!| か、身体の大きさを鱇持できん!」
0x6d800	169	(ギーガの身体が縮んだ…| もうさっきまでの力は| 出せなくなったみたいだな)
0x6d800	170	「ギーガ、お前の負けだ。| 諦めて自分の国に帰れ」
0x6d800	171	「自分の国だと…?| 私に自分の国などない!」
0x6d800	172	「なんだと…どういうことだ?」
0x6d800	173	「なんじゃ…この揺れは!?」
0x6d800	174	「ギーガ…お前の仕業か?」
0x6d800	175	「いいや、違う…| なんだ…何が起きているんだ?」
0x6d800	176	「一体これは…」
0x6d800	177	「そこまでだぜ鬼太郎!」
0x6d800	178	「こうもり猫!それに…| 二つ首のミイラ妖怪!」
0x6d800	179	「出遅れたが…助太刀参上よ!| さあ、覚梧しろ!」
0x6d800	1024	開癸中
0x71000	0	「腹をくくるって言ったってよ…| 一体今から何が始まるって| いうんでい!@ ドラキュラ達もギーガも| 倒しちゃったじゃね~か」
0x71000	1	「まさかとは…おもうけど」
0x71000	2	「ふふふ…」
0x71000	3	「だ…誰じゃ!?」
0x71000	4	「鬼太郎…お前には| もう目星がついたようだな」
0x71000	5	「ドラキュラ!」
0x71000	6	「なんじゃ、| まだピンピンしとる| ではないか!」
0x71000	7	「やられたフリを…| お前は…ギーガを信用して| いなかったんだな?」
0x71000	8	「信じようとしていた…| 私を助けてくれたコイツをな。@ 気にいらん奴とは思ったが、| いずれ互いに仲間としての情も| 生まれるかと楽観的に考えた」
0x71000	9	「だが…それは間違いだった…| そういうことか?」
0x71000	10	「ぐ…ドラキュラ…!| 霊気エネルギー供給装置を| 停止させたのはお前の仕業か!?@ お前の負債を消してやった恩を| 忘れたのか!?」
0x71000	11	「私はお前に充分恩を返した。| それに…お前の本心を確かめた| 以上、我らの協力関係も終了だ」
0x71000	12	「うぐぐぐぐぐ…」
0x71000	13	「欲をかかずに我らといい関係を| 保っておればよかったものを。| まだ…若いな…ギーガ」
0x71000	14	「…お前達だけで| 鬼太郎に勝つつもりか?」
0x71000	15	「我々にもきちんとした| 計画くらいある。| 打倒鬼太郎の為のな!」
0x71000	16	「そういう事さ」
0x71000	17	「兄弟、準傭はいいぜ」
0x71000	18	「エリートに…ラ<87>セーヌ!| 本気で…あれを使う気か!?」
0x71000	19	「もちろんだ…全てはこの時の為、| 用意に救かりはない」
0x71000	20	「いくぜ…」
0x71000	21	「きゃああ! あ…あれは!?」
0x71000	22	「ダイダラボッチの…| パーツじゃ!」
0x71000	23	「そんな…ダイダラボッチの脳は| 鬼太郎が破壊した筈じゃ!」
0x71000	24	「それに…こいつらは全部| 秋芳洞の戦いで、地中に埋まって| しまったのではなかったか?@ こやつらがここに来られる| 筈がない!」
0x71000	25	「こ、怖くなかとよ!@ どんな切り札かと思えば…| 一度戦ったこいつらを| 復元しただけでごわす!」
0x71000	26	「違うよ一反木綿…| こいつらがここにいるって| 事はそんな単純な話じゃない」
0x71000	27	「どういうこと鬼太郎!?」
0x71000	28	「奴らは完成させ…| 味方につけたんだ。| 日本で最も恐ろしい妖怪を!」
0x71000	29	「ふふ…そうとも。さあ、| ごらんにいれよう!」
0x71000	30	「…来る!」
0x71000	31	「な、なんだ…?」
0x71000	32	「………」
0x71000	33	「キミは…?」
0x71000	34	「僕は…グレムリン| といいます」
0x71000	35	「グレムリン…だと?」
0x71000	36	「機械が好きな西洋の| 妖怪じゃな」
0x71000	37	「はい。@ 僕達は機械にいたずらしたり、| 反対に故障を直したりして| くらしている妖怪なんです。@ ある日…ネット端末ってものに| 興味がでて…生まれて初めて| さわってみたんです。@ そうしたら…僕の身体に| いきなり色んな情報が流れて| きて…」
0x71000	38	「それで…| ギーガが生まれたのか」
0x71000	39	「うむ、恐らく| 機械や電気と相性の良い| グレムリンの身体に@ ネットの中に凝り圜まった| 人間の想念が一気に流れ込んで| 奴が生まれたんじゃ」
0x71000	40	「そうだったのか…」@(こんな小さな妖怪に| あれほどの力を与えた| ネットの中の世界…@ あそこには、それほどの| 目に見えない力が| 渦巻いていたってわけか)
0x71000	41	「僕の意識はほほギーガに占傭| されていましたが…自分が何を| していたのかは憶えています。@ 鬼太郎さんのおかげで| 自由になることができました。
0x71000	42	 鬼太郎さん。| ありがとうございました」
0x71000	43	「あ、ああ。| キミにケガがなくて| 良かったよ。@ それに…僕だけの力でキミを| 助けられたわけじゃない。@ ドラキュラ達にもお礼を| 言ってあげてくれ」
0x71000	44	「ドラキュラさん達も…| 有り難うございました」
0x71000	45	「あ…ああ…」@(く…俺はこんな妖怪に| 手玉に取られていたと| いうのか!?)
0x71000	46	「それでは、僕は失礼します。| 本当に…本当に感謝しています。| さようなら、鬼太郎さん」
0x71000	47	「ふふふ…あ~っはっはっは!」
0x71000	48	「な…何がおかしい!| これが笑い事か?@ 俺達はあんな小妖怪に| 手玉に取られたんだぞ!」
0x71000	49	「くっくっく!| だから面当いんじゃないか!@ 俺達も、鬼太郎達も、| さんざんアイツに| 苦勞させられて…@ それがなんだい!| ちっちゃな妖怪がコロンって| 出てきやがって@ 〝本当に…本当に| 感謝しています"だってよ!@ く~っくっくっくっく!!| 俺達は…なんて滑稽なんだ!」
0x71000	50	「な…なんじゃ!?」
0x71000	51	「この城は…まもなく崩れる」
0x71000	52	「なんじゃと!?」
0x71000	53	「くっくっく!| ラ<87>セーヌ、説明してやれよ!」
0x71000	54	「ダイダラボッチを倒すと…| 自動的に自壊装置にスイッチが| 入るようになっていたんだ。@ ダイダラボッチを倒して| 生き残った者を生きて| 帰さぬようにな!」
0x71000	55	「そんな…父さん!」
0x71000	56	「うむ、みんなすぐに脱出じゃ!」
0x71000	57	「わ、わかったわ!」
0x71000	58	「みんな、急ぐでごわす!」
0x71000	59	「…………」
0x71000	60	「ドラキュラ!| お前達は…脱出しないのか?」
0x71000	61	「鬼太郎…お前達の勝ちだ。| この日本から…手を引こう」
0x71000	62	「え? それで…いいのか?」
0x71000	63	「我らの今回の作戦は…これで| 全て失敗に終わった」
0x71000	64	「虎の子のダイダラボッチが| やられたんじゃあ…| 作戦の立て直しだ」
0x71000	65	「ギーガもやられたしな…」
0x71000	66	「鬼太郎……」
0x71000	67	「なんだい?」
0x71000	68	「……私はギーガの事を| 訝しく思いつつも| 従った。@ それは…新しい力に| 期待したからかもしれん」
0x71000	69	「新しい…力?」
0x71000	70	「鬼太郎、| 現代人は我らの事を| 忘れつつある。@ 我らは…古び始めて| いるのかもしれん。| 私はそんな〝今"の時代…@ 地上を我が者顔で慕らす| 人間共に妖怪の恐怖を…| 闇の世界の恐ろしさを…@ 示してやりたかった…!」
0x71000	71	「ドラキュラ…」
0x71000	72	「だが、期待はずれだった。@ 奴は所詮、情報などという| 上っ面の知識しかない| 青二才だった。@ 私やお前は…まだまだ現役を| 退くわけには| いかんという事だ!」
0x71000	73	「…………そうじゃな…| ワシらは、まだ現役じゃ!」
0x71000	74	「ああ、その通りだ」
0x71000	75	「だが…やはり私は| あんな奴の言うなりに| なっていた自分を恥じる。@ だから…今回は| ここで素直に| 負けを認めるとしよう」
0x71000	76	「…わかった」@(……ドラキュラ…| こいつと僕は、絶対に| 同じ価値観を共有できない。@ だけど、こいつの| 誇りの高さだけは…| 認めてやってもいいかな…)
0x71000	77	「鬼太郎、そろそろ脱出せんと…」
0x71000	78	「でも、ドラキュラ達が!」
0x71000	79	「俺達には| 超音波瞬間移動がある」
0x71000	80	「そ…そうか」
0x71000	81	「お前の事だ、これくらいの| 事でくたばりはせんだろう。| さらばだ、鬼太郎」
0x71000	82	「じゃあな」
0x71000	83	「もう…会いたくないけど| そういう訳にも| いかないんだろうな」
0x71000	84	「ああ、我らが世界を欲する限り| お前とはまた会う事になる。| …違うか?」
0x71000	85	「ああ、もちろんだ。お前達が| ドコで何を企んでいても| 必ず駆けつけてやる!」
0x71000	86	「ふん、その日を| 楽しみにしておいてやるぜ…」
0x71000	87	「この次は、| 俺達が勝つ番だからな」
0x71000	88	「鬼太郎!?| 話しとる場合か! 行くぞ!」
0x71000	89	「…もう、行かなくちゃ」
0x71000	90	「さらばだ…| 〝ゲゲゲの鬼太郎"…」
0x71000	91	「じゃあな、| 〝吸血鬼ドラキュラ"!」
0x71000	92	「………………………」
0x71000	93	「今回の作戦は…| これでお終い…か」
0x71000	94	「これからどうする、兄弟…」
0x71000	95	「帰る前に南国妖怪共に招集を| かけろ」
0x71000	96	「お? 次は…| いよいよアイツの出番か?」
0x71000	97	「ああ、ダイダラボッチで| 予行演習は済んだ。@ 次こそ…完璧に鬼太郎を苦しめる| 大いなる戦力を掴む事が| できるだろう…」
0x71000	98	(ギーガのネット蜩など| 届きもしない秘境の奧に| 我らの次の切り札はある。@ 鬼太郎…我らを素直に帰す| ところが…まだまだお前も| 青二才な証樵だ…@ 我らは…すぐに再会できる。| そう…すぐに…な!)
0x71000	99	「さあ…俺達も…」
0x71000	100	「うむ…」
0x71000	101	「グッバイ…ニッポン!」
0x71000	102	「ううう…すごい衝撃じゃった…」
0x71000	103	「ぎゃあああああああ~!!| あ…あれ!」
0x71000	104	「うごあああああああああああああ| あああああああああ~~~!!」
0x71000	105	「出たな! ダイダラボッチ…| それも完全な姿の!」
0x71000	106	「なんて事じゃ…」
0x71000	107	「あ奴ら、どうやって脳を| 復元したんじゃ?」
0x71000	108	「ふふふ…あの時破壊された脳の| パーツは、私の超音波瞬間移動で| ある場所に隠しておいたのだ!@ 地中深く埋もれたと思わせて| ギーガの目を欺き、我らの| 切り札を生み出す為にな!」
0x71000	109	「こっぴどく破壊されておったが…| 妖怪医でもある私の頭脳を| もってすれば復元は可能だった。@ 今、日本中の霊気は| この城に集められている。| それは表向きはギーガの為。@ 本当は…晝士の樹海に隠された| ダイダラボッチに復活の| エネルギーを与える為だ!」
0x71000	110	「ギーガの暴走を抻える為の| 保険ってとこか…?」
0x71000	111	「霊気エネルギー供給装置は| 裏で切り替えてやれば@ いつでもダイダラボッチ| 復活に使えるよう、| 細工しておいたのだ!」
0x71000	112	「おのれ…くらえ!」
0x71000	113	「非力なものだな、ギーガ。@ ネットや霊気エネルギーから| 切り離された〝本当のお前"の| 実力はその程度か?」
0x71000	114	「うがあああああああああああああ| あああああああ~~~~~!!」
0x71000	115	「や、やめろ!」
0x71000	116	「用済みなのは…お前だ。| ギーガ」
0x71000	117	「うわああああああ~~!」
0x71000	118	「た…たべおったぞ!」
0x71000	119	「……なんて事を…」
0x71000	120	「邪魔者はいなくなった…」
0x71000	121	「今こそ、我ら一族が| その理想をかなえる時!」
0x71000	122	「鬼太郎、結局この様な| 決着のつけ方しか| 我らにはなかったようだな!」
0x71000	123	「…うれしそうだな、ドラキュラ」
0x71000	124	「ああ、うれしいぞ、鬼太郎!| お前を倒して…日本は頂く!| このダイダラボッチを使ってな!」
0x71000	125	「させるもんか…| ダイダラボッチだって| 何だって…倒してやる!」
0x71000	126	「ふふ…いい返事だ。| さあ、本当の決戦だ…| いくぞ!」
0x71000	127	「これがダイダラボッチの| 本当の姿か…父さん、どう戦えば| いいんでしょう…?」
0x71000	128	「ううむ…恐らく今回〝脳"は| ダイダラボッチの頭部に| 収まっておる筈じゃ。@ じゃが、その脳はドラキュラが| 復元したもの…以前より耐久力が| 弱くなっとるかもしれん。@ 外からでも強い衝撃を加えれば| ダメージは与えられる筈じゃ!| 頭を集中的にねらえ!」
0x71000	129	「確かに、脳さえ壊してしまえば| ダイダラボッチは動けない…| 成る程、やってみましょう!」
0x71000	130	「鬼太郎、私は愚かだった。@ 私は…新しい方法が| より良いやり方だと| 無理に信じようとしていた!@ だが、そうではなかった。| 結局自分がこれまで培った物、| 信じたやり方で進むしか…@ 理想の結末には| たどり着けぬ!」
0x71000	131	「結局最後は戦って決着を| つけるしかない…| そう言いたいのか?」
0x71000	132	「そうでなくては…| 納得がいかぬだろう?| …お互いにな!!」
0x71000	133	「くやしいけど…| その通りだ!」
0x71000	134	「うぐぅ……ふ、不甲斐ない。| やはり、立て続けでは| 身が保たぬか!?」
0x71000	135	「ドラキュラ、そこまでだ!」
0x71000	136	「ふん、あ…後は| ダイダラボッチに任せるわ…!@ 大きな口はアイツを| 倒してから叩くんだな!」
0x71000	137	「ち、やられちまったか…| まあ、いいさ。@ 彼の脳には、すでに鬼太郎達を| 敵としてしか認識できない様に| 強力な暗示が施してある。@ 俺達がいなくても| 後はこのダイダラボッチが| やっつけてくれる」
0x71000	138	「なんだと? 決着を| 他の妖怪任せにして| 恥ずかしくないのか?」
0x71000	139	「彼は俺達の技術と| 努力の結晶だ。| その勝利は…俺達の勝利さ!@ ふふ…じゃあな」
0x71000	140	「ぐおお!| やられた…またしても!」
0x71000	141	「ラ<87>セーヌ、もういい、下がれ」
0x71000	142	「しかし、| ここで終わったんじゃ| 俺のプライドが!!」
0x71000	143	「お前はよく戦った。| そのお前を誰も笑いはせん」
0x71000	144	「く…わ、わかった…」
0x71000	145	「ダイダラボッチが…| 苦戦をしている!?」
0x71000	146	「奴の脳の復元は完璧じゃない。| そこをつかれたってわけか…」
0x71000	147	「脳の状態が万全ならば、| もっと離れた別の場所に| 保管するものを…」
0x71000	148	「どうする?| アレを…やるか?」
0x71000	149	「ああ、最後の手段だ」
0x71000	150	「何をする気だ?」
0x71000	151	「そ~~~~れっ!」
0x71000	152	「ふぅん!!」
0x71000	153	「ぬおおおお!」
0x71000	154	「く、回復されたか…」
0x71000	155	「鬼太郎、それだけではないぞ!| み、見ろ!」
0x71000	156	「出でよ!」
0x71000	157	「あれは…まさか?」
0x71000	158	「ダ…ダイダラボッチの脳じゃ!」
0x71000	159	「ふははは! その通りだ!@ 脳にダメージを与えねば| ダイダラボッチが倒せぬと| 気付いたのはほめてやる!@ だが、それが移動すると| したら…どうだ?」
0x71000	160	「何?」
0x71000	161	「よし、あそこだ!」
0x71000	162	「それ! 脳よ…手の中へ!」
0x71000	163	「うおおおおおおおお~~!!」
0x71000	164	「脳の位置が…移動した!?」
0x71000	165	「ふふふ…三人の妖術にて| ダイダラボッチの脳の位置を| 定まらぬ様にしてくれる!」
0x71000	166	「ダイダラボッチ!| 貴様の弱点は俺達がカバーする!| お前は存分に戦え!」
0x71000	167	「うごおおおおおおおおお!」
0x71000	168	「鬼太郎! 奴らは| ダイダラボッチの脳の位置を| 次々変えていくつもりじゃ!@ 脳のある部分以外を攻撃しても| 奴にはダメージは与えられん!@ 脳が今どこにあるのか、| しっかり見極めて| 攻撃するんじゃ!」
0x71000	169	「それ!」
0x71000	170	「く…また脳が移動を…」
0x71000	171	「今度はあっちを狙うんじゃ」
0x71000	172	「今度はこっちだ!」
0x71000	173	「ま、またか!」
0x71000	174	「ふふふ…惑うがいい…」
0x71000	175	「くそ! キリがない!」
0x71000	176	「うごがががああああ~~!」
0x71000	177	「いかん、| ダイダラボッチが…!」
0x71000	178	「脳にダメージを| 受けすぎたのか!?」
0x71000	179	「そんな…| ダイダラボッチが…| 倒されるとは!@ く…もはや本当に…| これまでか…!?」
0x71000	180	「俺達一族の悲願が…| 妖怪による世界征服の夢が…」
0x71000	181	「漬えた…か」
0x71000	182	「ドラキュラ、今度こそ本当に| お前達の計画は全てお終いだ!| 傘だけは助けてやる…@ この日本から、| お前の仲間をつれて| 今すぐ立ち去れ!」
0x71000	183	「く…」
0x71000	184	「ごばああああああああああああ| あああああああああああ~!」
0x71000	185	「何!?」
0x71000	186	「ゆるさん…| ゆるさんぞドラキュラ~~!」
0x71000	187	「この声は…」
0x71000	188	「ギーガ!?」
0x71000	189	「父さん、これは一体…!?」
0x71000	190	「脳が破壊された事で、体内に| おったギーガの意識に身体を| 乗っ取られよったんじゃ!」
0x71000	191	「ゆるさんぞ…貴様ら!| こうなれば…貴様らを倒し、@ この身体を得た私自身が| 世界中を混沌と破壊で| 埋め尽くしてくれるわ!」
0x71000	192	「世界を破壊するだと?| そんなことをして、| お前になんの得がある!?」
0x71000	193	「意味のない破壊なんか| 止めるんだ、ギーガ!」
0x71000	194	「意味だと…!?| そんなもの…必要ない!」
0x71000	195	「なんだと!?」
0x71000	196	「では逆に聞こう、自分が| 生まれた意味など…お前達は| 知っているというのか?@ この世に生まれた物が| 何をすべきなのかなど…| 本当は誰にもわからぬ!@ だから…私は楽しむ事にした!| ネットを操り、人々を混乱させ| 争わせる事は楽しい!@ もっと楽しい事がしたい…| その為に力を増やし続ける!| それが私の全てだ!」
0x71000	197	「く!」@(話に…ならない…僕達に| あまり力は残っていない。| ………こうなったら…)
0x71000	198	「ドラキュラ」
0x71000	199	「な、なんだ、鬼太郎!」
0x71000	200	「アイツを倒す、手を貸せ!」
0x71000	201	「なんだと?| 私にお前と一緒に| 戦えというのか?」
0x71000	202	「き…鬼太郎!」
0x71000	203	「なにいってんの?」
0x71000	204	「恐ろしさのあまり| 気でも違ったか?」
0x71000	205	「仲間になれっていうんじゃない。| アイツを懸放しにしたら| お前も困る筈だ。@ お互いの利盆の為…| っていうんじゃだめか?」
0x71000	206	「く…上手いことをいいおって…」
0x71000	207	「でも、このままじゃ確かに| まずいな…鬼太郎、| 何か策でもあるのか?」
0x71000	208	「君達はさっきの脳を動かした| 念力でアイツの動きを| 止めてくれ。@ 僕はその間に澤身の力を込めて| 技を繰り出し、奴に| トドメをさす」
0x71000	209	「成る程…」
0x71000	210	「お、おい!| 何納得してんだよ!」
0x71000	211	「ふ、ふん。いいだろう…」
0x71000	212	「きょ…兄弟!」
0x71000	213	「だが、勘違いするな。| お前の味方をするのではない。@ これはあくまで我らの| 利害が一致したからにすぎん。| あくまで…な」
0x71000	214	「ああ、ありがとうドラキュラ。| 僕の提案を受け入れてくれて」
0x71000	215	「えらい事になったぞ…」
0x71000	216	「四の五のいっとる場合か!| ワシらも鬼太郎に霊力を| そそぎ込むんじゃ!」
0x71000	217	「アタイも!」
0x71000	218	「しゃあねえな…| のりかかった船だ」
0x71000	219	「おいどん達もみんな| 協力するでごわす!」
0x71000	220	「ぬりかべ~~!」
0x71000	221	「ラ<87>セーヌ、エリート、| 奴の動きを止めるぞ」
0x71000	222	「とほほ…なんてこった…」
0x71000	223	「悔しいが…今だけは| 協力してやろうじゃないか。@ 俺達だけでは、どのみち| 今のアイツは倒せない」
0x71000	224	「ち、今回だけだぜ!」
0x71000	225	「え~~いっ!」
0x71000	226	「そりゃあ~!!」
0x71000	227	「むむむむ~!」
0x71000	228	「な…なんだ、身体が| 動かない~~~!!」
0x71000	229	「鬼太郎、みんなの| 霊力が来るぞ!」
0x71000	230	「よし…父さん、行きますよ!」
0x71000	231	「ああ、行け、鬼太郎!」
0x71000	232	「でええやあああああああ!!」
0x71000	233	「うぎゃあああああああああああ| ああああああああああああああ| ああああああ~~~~~!!」
0x71000	234	「そんな…馬鹿な…!?」
0x71000	235	「やった!| これで本当に…| 本当にお終いだ!」
0x71000	236	「ぐおお…もはや…| 私の傘も…ここまでか…」
0x71000	237	「ギーガ…お前は| 本当は何者なんだ?」
0x71000	238	「私は…ネットに| 渦巻く人間の想念が生み出した| 妖怪だ」
0x71000	239	「なんじゃと?」
0x71000	240	「私は…種子の様な物だった。| ネットをのぞいたある妖怪と| 同調し、融合して私が生まれた」
0x71000	241	「ある妖怪…?」
0x71000	242	「私は…うれしかった。| それまで情報の世界でしか存在| 出来なかった自分が@ 本当の世界に影響を| 及ほす事ができるように| なったのだからな!@ ネットの口座の数字を| ちょいといじってやれば| 簡単に仲間ができた。@ 情報を変えてやれば| たやすく誰もがそれを信じた!@ 私は…楽しくて| しょうがなかったのだ!」
0x71000	243	「ふざけるな! お前は| 麌び半分だったかもしれない…@ だけどきっとそれで| ものすごい迷惑を被った人間や| 妖怪がいた筈だ!@ 傷つき…傘を落とした人だって| いたかもしれない!@ それが楽しいだって?| どうかしてる!」
0x71000	244	「ふふふ…そうかな?」
0x71000	245	「何!?」
0x71000	246	「ネットの中には様々な物が| あふれている。@ 人間の欲望や嫉鎮、悲しみや| 狂気、…それらで| あの中は充ち満ちている!@ 人間も妖怪もきれいな| ものではない、もっと殺伐とした| 混沌としたものだ!@ ならば…そいつらを操るだけの| 力をもった私が、奴らを| いいように使って何が悪い!@ そしてその結果、奴らが| いくら死のうが生きようが…| 罪など感じぬわ!」
0x71000	247	「黙れ! 確かに悪い心を持った| 奴だっている。でもそんな連中| ばっかりじゃない!@ 少なくとも…僕の仲間達は| お前の思っているような| 存在とは違う!」
0x71000	248	「なぜそう信じられる?@ 私が少し情報を操っただけで、| 日本の妖怪達はお前に牙を剥き、| 人間共は銑口を向けたのだぞ。@ 仲間などというあやふやな言葉に| すがって…それを信じている| お前達の方が@ 私からすれば| よっぽど間違っているわ!」
0x71000	249	「そ…それは…」
0x71000	250	「ん? モニターが| まだ生きていたのか?」
0x71000	251	「なんだ?」
0x71000	252	「恐山の…鬼太郎が処刑される| 筈じゃった場所が| 映っとるようじゃのう」
0x71000	253	「こ…これは!?」
0x71000	254	「鬼太郎~! どこじゃ~!| みんなで助けに来たぞ!」
0x71000	255	「手分けして捜そう!」
0x71000	256	「残った雑魚共は| おいら達に任せて| くれればいい!」
0x71000	257	「みんな、声をかけたら| 意外と集まってくれたな…」
0x71000	258	「…なんだかんだいって| ネットやTVなんかより| 鬼太郎を信じてたのさ…」
0x71000	259	(鬼太郎さん…鬼太郎さんが| 助けてくれた人達や妖怪さんが| みんな…立ち上がってくれたわ…@ 鬼太郎さんががんばったから…| くじけそうになっても…| 一生懸傘やってきたから…@ みんな鬼太郎さんを| 信じてくれた!)@「鬼太郎さんが処刑されるって| 聞いて…みんな内心| 心配してたんですよね?」
0x71000	260	「うむ、鬼太郎とワシらの| 絆が偽の情報に勝ったんじゃ!」
0x71000	261	「きっと今頃みんな| ギーガと戦っている筈だわ…@ はやく鬼太郎さんや皆さんを| 見つけて…| 助けてあげましょう!」
0x71000	262	「そんな…馬鹿な!| 危険を犯してまで…@ あまつさえ、私の情報操作を| 物ともせず…鬼太郎を信じて| 助けに行ったというのか?」
0x71000	263	(みんな…処刑されるのが| 僕の偽物とは知らずに…@ 僕は…みんなを驪したのに| …それなのに!)@「そ、そうだギーガ。| 僕達の勝ちだ!」
0x71000	264	「違う! 私は完璧だった!| これは…ぐ、偶然だ!」
0x71000	265	「…いいや、偶然じゃない。| 今までに培ってきた信頼が| うわべだけの情報に勝ったんだ。@ 表面だけつくろったところで| 心の中までは動かせやしない。@ お前は情報を制しただけで、| 全てを手に入れた| 気になっていたんだ。@ お前の力は…みせかけだ!」
0x71000	266	「うおおおおお~~!| 馬鹿な…馬鹿な!!!」
0x71000	267	「ギーガ…これがお前の限界だ」
0x71000	268	「ぐぐぐ…おほえておけ…| 私のような妖怪は…いずれ…| また現れる」
0x71000	269	「何!?」
0x71000	270	「時代は…変わるのだ…@ お前達のようなアナクロな| 妖怪では…そのうち私の様な| 新妖怪に太刀打ちできなくなる。@ 素直に…ここでやられておけば| よかったものを…」
0x71000	271	「なんだと! ふざけるな!」
0x71000	272	「…………………………」@(時代…か…)
0x71000	273	「…………………………」
0x71000	274	「ふふふ…さらばだ…| 時代遅れの妖怪ども!
0x71000	275	 あっはっはっはっは!| あ~~っはっはっはっは!!」
0x71000	276	「言いたい事だけ言って…| 消えましたね」
0x71000	277	「ああ、最後まで| 口の減らん奴じゃったな…」
0x71000	278	「……………………」
0x71000	279	「どうした、鬼太郎?」
0x71000	280	「彼のいうように…いつか僕も| 新しい妖怪に歯が立たなくなる| 日がくるんでしょうか…」
0x71000	281	「………鬼太郎」
0x71000	282	「な…何言ってるのよ!| そんなわけ…」
0x71000	283	「そうかもしれんな」
0x71000	284	「お、親父さん!| なんて事を…!?」
0x71000	285	「じゃが、その頃には| お前の息子がお前に替わって| 戦ってくれるじゃろう」
0x71000	286	「え…僕の…息子?」
0x71000	287	「そうじゃ、ワシにとっての| 今のお前のようにな」
0x71000	288	「僕の…子供…」@(そうか…何も心配| することなんかないんだ…@ 時代が変われば…また僕達にも| 新しい仲間ができる。| 負けたり…するもんか!)
0x71000	289	「父さん、有り難うございます。| おかげで少し気が| 楽になりました」
0x71000	290	「うむ!」
0x71000	291	「な、なんだ!?」
0x71000	292	「あ! なんか出てきたわよ?」
0x71000	293	「な…なんだこいつは?」
0x71000	294	「まさか…こいつが…」
0x71000	1024	開癸中
0x75800	0	「…次に、サイバーテロ事件の| 続報です。@ わが国を襲った未曽有のサイバー| テロ事件はその後、各機関による| 懸傘の復旧作業が続いています。@ 未だ犯人の特定はできて| いませんが、同様の手口に対する| セキュリティ対策は容易である@ との専門家の意見もあり、| 各プロバイダ会社の対応も進み、| 混乱は沈静化しつつあります。@ 改ざんされたデータの復旧には| まだしばらくかかるとの見込み| です。@ なお、前回の放送において| 一部間違った事実関係が| ありました。@ お詫びして訂正いたします。| それではCMに続いては| 各地のお天気…」
0x75800	1	「ふ~、生き返るわい!」
0x75800	2	「父さん、湯加減はどうですか?」
0x75800	3	「うむ、くたびれとる時は| これ位ぬるい温度で丁度いい、| 文句無しじゃ!@ ワシの体調まで見鑓して| 湯加減を考えられるとは…| 腕を上げたな鬼太郎!」
0x75800	4	「アタイも結構上達したと| 思うんだけど…鬼太郎には| まだまだ適わないわ…」
0x75800	5	「ふふ…まあね」
0x75800	6	「ギーガの仕業…案外簡単に| 人間に見破られた| ようじゃな」
0x75800	7	「ああ、でもギーガが| 倒されていなかったら@ 今でもその事実を| 巧妙に隠し続けたんだと| 思うけどね」
0x75800	8	「奴は…やはり| 恐ろしい奴だったんじゃな」
0x75800	9	「結局…ギーガとは| なんだったでごわすか?」
0x75800	10	「新しい時代が生んだ| 新しい妖怪…| そんな所だろうね。@ ネットの情報を操る事で| 現実の世界にも影響を| 与えられる事を知った彼は@ 本当に強くなった様な| 気がしたんだと思うよ。@ それで、ドラキュラ達を| そそのかして…その力を| 思う存分癸揮したかったのさ」
0x75800	11	「信じられない話ね…」
0x75800	12	「でも、奴は可哀想な妖怪さ。| あれだけの力を持ちながら| 偶然生まれてしまったばかりに@ 自分自身に歴史を持たず、| 帰属する場所をもたず、| 刹那的な享楽にしか@ 生きる目的や| 楽しみを見いだせ| なくなっていたんだ」
0x75800	13	「まるで~最近の| 人間達みたい~~!」
0x75800	14	「時代が変われば、人間も変わる。| そうしたら…妖怪だってやっぱり| 変わっていく…」
0x75800	15	「妖怪も…どんどん| 荒んでいくって事?」
0x75800	16	「わからないよ…| だけど…」
0x75800	17	「きき…鬼太郎さん!」
0x75800	18	「おお、ルカちゃん!」
0x75800	19	「キャ!| またお風呂中でしたか!」
0x75800	20	「気にせんでよい。| で、なんの用じゃ?」
0x75800	21	「はい、祝賀会をやり直すって| 聞いて…その事で| ご相談に来ました!@ できたら父さんと私も| 参加したいんですけど…| 大丈夫かなって思って」
0x75800	22	「ああ、もちろんさ。| 喜んで!」
0x75800	23	「よかった…あんな事が| あったから怒ってるんじゃ| ないかって…心配してたんです」
0x75800	24	「いいや、どちらかといえば| 迷惑をかけたのはこちらじゃ。| 都合がつくなら乗非、来てくれ」
0x75800	25	「そうときまれば| 準傭しなきゃ!| 美味しい料理作らないとね!」
0x75800	26	「あ、私…クッキーくらいなら| 作れます!」
0x75800	27	「よ~し! じゃあ、それ、| いっぱい作っちゃおうか!@ よし、こうしちゃいられないわ。| 妖怪アパートで予行練習よ!」
0x75800	28	「は、はい!」
0x75800	29	「やれやれ…騒がしい| 連中じゃわい!」
0x75800	30	「でも…日本に| 平和が戻って…| 本当に良かったですね」@(人間は…荒んでいく| ばかりじゃない。| 妖怪だって、それは同じだ。@ 人間と妖怪とが共存する道は| まだどこかに残っている筈だ。| そう、彼女達みたいに…)
0x75800	31	「へっへっへ…| 鬼太郎ちゃ~ん、いる~~?」
0x75800	32	「ねずみ男! お主あれから| どうしておったんじゃ!」
0x75800	33	「今日は何しに来たんじゃ?@ 正直…腹が立つから| お主の顔はあまり| 見たくないんじゃがな…」
0x75800	34	「ふっふ~ん。| この俺にそんな口を| きいていいのか?@ 今の俺様は| 大会社の社長様なんだぜ~。| ええい、頭が高いっ!」
0x75800	35	「へへーっ…@ …って、思わずつられて| しもうたわい。社長じゃと?」
0x75800	36	「例の勤めてた会社がよ、| ギーガの息のかかった会社| だったんだが…@ 事件で株が大暴落、そのスキに| ごっそり買い叩いて、今じゃ| 大株主って寸法よ」
0x75800	37	「…火事場泥棒じゃな」
0x75800	38	「人聞きの悪い事言いなさんな。| 先見の妙があると言って| ほしいね」
0x75800	39	「まったく…お前は世界が| 滅亡しても生き残るよ…| それで、なんの用だ?」
0x75800	40	「そうそう、それよ!| 今日はいい物持って| きたんだぜ~」
0x75800	41	「またそれか…」
0x75800	42	「じゃ~ん! こ<87>れ<87>だ!| 超薄型ノートパソコン| 〝ネズミウスNZ"!」
0x75800	43	「…もって帰れ」
0x75800	44	「かあ~っ! 見る目がないね~| 鬼太郎! こいつは最新の| ビデオカメラ付きだぜ。@ しかもヘキシアム4.6ギガ、| 重さはたったの1.2キロの| ちょ~スグレモノ!@ 今ならデジタルカメラと| プリンターもついて、| たったの14万8千用だ!」
0x75800	45	「おお~っ…@ …って、また思わずつられて| しもうたわい」
0x75800	46	「しかも金利と分割手数料は| 当社負担!| さあ、買え!」
0x75800	47	「パソコンならもう持ってるから| いらないよ」
0x75800	48	「バカ言っちゃいけねぇ。| 今やパソコンは一家に二台の| 時代だぜ。@ モバイルコンピューティングが| これからのトレンドよ!| 時代に乗り遅れるぜ~」
0x75800	49	「時代に乗り遅れたって| いいじゃないか」
0x75800	50	「な…なぬ?」
0x75800	51	「確かに時代は新しくなっていく。| 人も妖怪も新しく| 変わっていくだろう。@ でも、新しくなって、いい世界に| なったかっていえば…| 必ずしもそうとは言えない。@ むしろ…悪くなったのかも| しれないよ。@ だったら何も急いで時代に| 合わせる必要なんかない」
0x75800	52	「なんでえ、なんでえ!@ そんなこっちゃ、ギーガみたいな| 奴がまた出てきたら、対抗でき| ねーぜ!」
0x75800	53	「新しいものを否定するつもりは| ないよ。僕も一時、ネットに| ハマっていたからね。@ でも、新幹線もいいけど、僕には| 鈍行のゆっくりのんびりした| 族のほうが性にあってる…@ そういう事かな」
0x75800	54	「ほほう…」
0x75800	55	「ちぇっ、勝手にしろ!@ こんな生きた化石共と話してても| 時間の無駄だ!| 俺は帰らしてもらうぜ!」
0x75800	56	「…怒って帰っちゃいましたね」
0x75800	57	「うむ…」@(鬼太郎…大きくなったな。| さすが…ワシと母さんの| 自慢の息子じゃ!)
0x75800	58	「やっぱり昔ながらの生活が| 一番ですね、父さん」
0x75800	59	「そうじゃな…鬼太郎」
0x75800	60	「…鬼太郎」
0x75800	61	「え? あれ?| 何処でなってるんだ?| 携帯電話…携帯電話っと…」
0x75800	62	「やれやれ…ちょっと| 感心したと思ったらこれじゃ。@ 機械に振りまわされおって…| 嘆かわしいのう!| 〝昔ながら"が聞いてあきれ…@ ん?」
0x75800	63	「どうしたんじゃ、親父殿?」
0x75800	64	「鬼太郎…すまん。| 嶋っておったのは| ワシの携帯のようじゃ」
0x75800	65	「え!?」
0x75800	66	「うおっほん! もしもし?」
0x75800	67	「とと…父さん!| い、いつのまに携帯を!?」
0x75800	68	「しかもそれは~| 防水式の新機種~!」
0x75800	69	「ま、その…なんじゃ。| 昔ながらもいいが| 便利なものは使わんとな?」
0x75800	70	「で、でも…」
0x75800	71	「はっはっは! | 親父殿もやるのう!」
0x75800	72	「お? おう、お主か!?| ほんほん、それは何よりじゃ」
0x75800	73	(やれやれ…あの父さんが| 携帯をね…| でも、まあ、いいか)
0x75800	74	「み…皆の衆!| 悪い妖怪が暴れとるらしいぞ!| すぐに出癸じゃ!」
0x75800	75	「ほんとですか!?| わかりました。みんな!| すぐに出癸しよう!」
0x75800	76	「お~~う!」
0x75800	77	(ゲゲゲの森だって…| 永遠に変わらない訳じゃない。| 少しずつ…変化していくんだ。
0x75800	78	 色んな物が新しくなっていく
0x75800	79	 それは一つ古い物が| 消えていくって事かも| しれない…
0x75800	80	 でも僕には新しくなっても| なくしたくない物がある。
0x75800	81	 みんなにも、なくしちゃ| いけない大事な物が| ある筈だ。
0x75800	82	 急いで変わろうとしたら| それをどこかで落として| しまうかもしれない。
0x75800	83	 僕は…ゆっくり変わり続ける。
0x75800	84	 時代が…どんどん新しく| なっても…)
0x75800	1024	開癸中
0x77800	0	「ここまでか…」
0x77800	1	「ここまでか…」
0x77800	2	「父さん…すいません。| 僕はもう…」
0x77800	3	「もう…戦うのは…無理みたいだ」
0x77800	4	「ちっ、力が救けていく…」
0x77800	5	「やられちまったのか…」
0x77800	6	「も、もう限界だぜ…」
0x77800	7	「か、体がうごかねえよぅ」
0x77800	8	「ち、畜生ぉっ!」
0x77800	9	「ぬおお! やられ…た…」
0x77800	10	「うぐう…油断したわい…」
0x77800	11	「ワシとしたことが…済まぬ…」
0x77800	12	「ワシは…ここまで…じゃ…」
0x77800	13	「ワシはここまでのようじゃ…」
0x77800	14	「すまん、ワシャ限界じゃ…」
0x77800	15	「後を…頼む……」
0x77800	16	「ここまでか…」
0x77800	17	「うう…アタイ…もうダ…メ」
0x77800	18	「鬼太郎…ゴメン…ね」
0x77800	19	「ここまでか…」
0x77800	20	「やられ…ちゃった…」
0x77800	21	「おいどん、ここまででごわす」
0x77800	22	「スマンでごわす」
0x77800	23	「出直しでごわす」
0x77800	24	「油断したでごわす」
0x77800	25	「ぐぐ…やられ…た…」
0x77800	26	「ぬ…りか…べ……」
0x77800	27	「スマン…もう…だ…め」
0x77800	28	「うう…ぬりかべ…ここまで…」
0x77800	29	「オイラ…ここまでみたいだ…」
0x77800	30	「みんな…ゴメン!」
0x77800	31	「や、やられちゃったか…」
0x77800	32	「残念…ここまでか…」
0x77800	33	「ち、ちくしょう…」
0x77800	34	「ここまでか…ふがいない…」
0x77800	35	「俺としたことが…」
0x77800	36	「ここまでか…」
0x77800	37	「ぬ…ぬおお…」
0x77800	38	「うぎゃああ!」
0x77800	39	「むおおお…お」
0x77800	40	「うぎぎぎぎ…!」
0x77800	41	「うわああああ」
0x77800	42	「いてぇ…ちっくしょおお」
0x77800	43	「ま、負けちまった…」
0x77800	44	「くそっ…おほえてろ!」
0x77800	45	「きゃーっ!」
0x77800	46	「うああああぁぁっ!」
0x77800	47	「もうだめだ…」
0x77800	48	「ぐおおおおぉぉぉ…」
0x77800	49	「やられたぁー!」
0x77800	50	「ぬおおおおおお!」
0x77800	51	「や、やられたー!」」
0x77800	52	「む、無念~!」
0x77800	53	「うぎゃああああ~!!」
0x77800	54	「ぐが…あ…ぁぁ…」
0x77800	55	「ぐぅおおおお…!?」
0x77800	56	「…やられ…た!?」
0x77800	57	「ピギーーーーーッ」
0x77800	58	「…やられ…た」
0x77800	59	「す、すまねえ…」
0x77800	60	「うわああああ!!」
0x77800	61	「みんなごめんよ…」
0x77800	62	「ぎゃあぁぁぁっ!!」
0x77800	63	「くう、もう…だめだ…」
0x77800	64	「オイラ、もう限界だよ…」
0x77800	65	「こ…こんなばかな…」
0x77800	66	「ぎゃああああああああっ」
0x77800	67	「おのれおのれぇぇっ」
0x77800	68	「す、水分を…水分を…」
0x77800	69	「や、やられた!!」
0x77800	70	「すまん!!」
0x77800	71	「うあぁぁぁぁっ!!」
0x77800	72	「なんだと~~!?」
0x77800	73	「ぎゃあああああ~~!!」
0x77800	74	「私が…負ける…なん…て」
0x77800	75	「う…うがあああっ!」
0x77800	76	「おのれぇぇぇ~~!!」
0x77800	77	「ぐおおおおおおお!」
0x77800	78	「こ…後悔するぞ…」
0x77800	79	「見事…だ…!」
0x77800	80	「うおお!
0x77800	81	「ぎゃあああああ」
0x77800	82	「ぐわ~~!」
0x77800	83	「げひいいいい!」
0x77800	84	「や…られ…た…」
0x77800	1024	開癸中
0x78800	0	「…………」
0x78800	1	「見回りですか?| 休みの日なのに…| ごくろうさまです」
0x78800	2	「!? だ、誰だ!」
0x78800	3	「怪しいものじゃありませんよ。| 僕は鬼太郎といいます」
0x78800	4	「き…鬼太郎!?| ここで何をしているんです?」
0x78800	5	「ここ最近…あちこちで| 会社の金庫が襲われるという| 事件が起きています。@ 証樵は擧がらず…| 犯人はまだ捕まっていない。| もちろん…ご存知ですよね?」
0x78800	6	「あ、ああ、勿論です。@ そんなワケですから、許可のない| 部外者の立ち入りは困ります。| 出てってください!」
0x78800	7	「実は…こんなメモが僕の元に| 届きましてね」
0x78800	8	「これは…? 何か| 色々書いてありますね?」
0x78800	9	「〝コレモ"〝HEY<87>YOU"| 〝T-ボーン"…はじめはなんの| 事かわからなかったんですが…@ これは通信関連会社の| 携帯電話サービス部門の名前…| いわゆる〝ブランド名"です」
0x78800	10	「ああ、いわれてみればたしかに。| 〝コレモ"は〝コレモード"で| おなじみの定番携帯会社、@ 〝HEY<87>YOU"は| 多彩な値引きサービスが自慢の| 業界第二位シェアの企業。@ 確か…これはどちらも| 例の金庫を襲撃された会社| じゃないですか?@ けど、最後の会社はあまり| 聞いた事がありませんね」
0x78800	11	「最後の〝T-ボーン"…| これはある通信関連会社が| 今月末からサービスを開始する、@ 新しい携帯サービスの| ブランドです。@ そして、その| 〝ある通信関連会社"とは…| ここの事さ!」
0x78800	12	「ほほう…詳しいですな…」
0x78800	13	「連れにそっち方面に| 明るいのがいてね…
0x78800	14	 このビルは包囲してある。| 正体を現すんだ、むじな!」
0x78800	15	「もう…隠れなくていいわよね…| あんたの正体なんか| お見通しなんだから!」
0x78800	16	「ワシらもおるぞ!」
0x78800	17	「もう~逃げられないぞ~!」
0x78800	18	(………ち、こんなガキに| ハメられるとはな…)
0x78800	19	「くっくっく! お前には| かなわないな鬼太郎…」
0x78800	20	「よもやそんな紙に襲撃計画書の| 一部が記されていようとは…| 不覚だったわ!」
0x78800	21	「ルカちゃんのお父さんは| 仕事柄、無意識に| メモをとるクセが在ったそうだ。@ 操られていても、| そのクセまでは完全に| 無くならなかったんだ!」
0x78800	22	「ふん! 成る程…」
0x78800	23	「オババ、こっちは完了した。| ビルの包囲はもういいよ、| すぐに来てくれ」 
0x78800	24	「了解じゃ。| それはそうと鬼太郎、| ルカちゃんが来とるぞ!」
0x78800	25	「え?」
0x78800	26	「鬼太郎さん! て…手伝いに| きましたよっ!」
0x78800	27	「ルカちゃん…たしかに| 力を貸してくれとは| 言ったけど…」
0x78800	28	「あ…め、迷惑でしたか?| ごごご、ゴメンナサイ!」
0x78800	29	「い、いや…そ、| そういうわけじゃ…」
0x78800	30	「キャーー!!」
0x78800	31	「な…なんじゃ!?」
0x78800	32	「ルカちゃん? ルカちゃ~ん!」
0x78800	33	「バカめ鬼太郎!| 俺が盗んだ物を一人で| 運ぶとでも思ったのか?」
0x78800	34	「くっ、ルカちゃんを| どうした!?」
0x78800	35	「おっと、動くな…!| 俺がちょいと妖力で合図すれば| 相棒が女の子を殺しちまうぜ?」
0x78800	36	「この…卑怯者!」
0x78800	37	「〝ルカ"…とかいうのは、例の| 暁光寺の小餅だな…@ ふふふ…俺の今回の相棒は| 女と麌ぶのが好きな奴でな…| あいつならおあつらえ向きだ!」
0x78800	38	「な…なんだって!?」
0x78800	39	「鬼太郎! 済まぬ! 正体の| わからん妖怪にルカちゃんを| さらわれてしもうた!@ 一反木綿の奴が追いかけて| いった…ワシらも後をおう!| お主もすぐに来てくれ!」
0x78800	40	「く…なんて事だ」
0x78800	41	「詰めが甘かったな…@ だが俺を出しぬいたお前に| 敬意を表して、ここの金庫は| 襲わないでやろう。@ さらばだ!」
0x78800	42	「ま、待て!」
0x78800	43	「動くなといった筈だ!| 俺にはすぐに相棒へ合図を送る| 準傭があるんだぜ?@ 俺に手出しをしない方が| 賢いと思うがな…」
0x78800	44	「くそ! 猫餅、子なき爺!| コイツは見逃す!@ 外に出てさらわれた| ルカちゃんの方を追うんだ!」
0x78800	45	「仕方ないわね…わかったわ!」
0x78800	46	「覚えておれよ、むじな!」
0x78800	47	「フフ…あばよ、| 〝正義のヒーロー"さん」
0x78800	48	「それで…ルカちゃんを| さらった奴はこの中に?」
0x78800	49	「そうでごわす! この神社の中に| まだ潜伏しとるとよ!@ 子なき爺達は先に捜しに| 行ったでごわす!」
0x78800	50	「さらった奴はどんな妖怪なの?」
0x78800	51	「凄いスピードじゃったんで| はっきりと見えんかった…@ じゃが、大きな口をしておって| 空を飛ぶんじゃ!」
0x78800	52	「ふうむ…それだけでは| 何の妖怪かまでは| わからんのう…」
0x78800	53	「とにかく、ルカちゃんが心配だ。| 手分けして捜しましょう!」
0x78800	54	「鬼…太郎……さん」
0x78800	55	「え! この声は…」
0x78800	56	「おお、ルカちゃん!」
0x78800	57	「良かった、無事だったのね!」
0x78800	58	「う……ううう…」
0x78800	59	「きゃあ!」
0x78800	60	「ル、ルカちゃん!!」
0x78800	61	「大丈夫か!?」
0x78800	62	「ふふふ…待っていたぞ鬼太郎」
0x78800	63	「な…誰だ!?」
0x78800	64	「ふっふっふっふ!」
0x78800	65	「お前は…何者じゃ!」
0x78800	66	「お~い! 鬼太郎、| 見つかったのか~?」
0x78800	67	「みんな!」
0x78800	68	「場所を変えるぜ…| ついてこい!」
0x78800	69	「あ! 待て!」
0x78800	70	「砂かけ婆、| 僕はアイツを追います。| ルカちゃんの事を頼みます!」
0x78800	71	「了解じゃ、ワシもすぐに| 追いかけるぞ」
0x78800	72	「ゴメンなさい…私、| 手伝うつもりが| め…迷惑をおかけして…」
0x78800	73	「キミが悪いんじゃない。| いいから寝ておいてくれ!」
0x78800	74	「鬼太郎! 行くわよ!」
0x78800	75	「ああ!」
0x78800	76	「なんだ…オマエは?| 鏡獅子の本体か何かか?」
0x78800	77	「貴様らの相手をしてやるのも| ここまで…サラバだ鬼太郎!」
0x78800	78	「逃げる気か?| 一反木綿! 立て続けで悪いが、| 奴を追ってくれ!」
0x78800	79	「まかせるでごわす~!」
0x78800	80	「はて…今の妖怪は……?」
0x78800	81	「何か気づいた事でも| あるんですか? 父さん」
0x78800	82	「う~ん、どこかの本で| 見た覚えはあるんじゃが…| はっきり思いだせんのう…」
0x78800	83	「そうですか…| 猫餅、鏡獅子はどうなった?」
0x78800	84	「これ…ただの救け殻よ」
0x78800	85	「救け殻?| じゃあ…本物の鏡獅子じゃ| なかったのか」
0x78800	86	「どうやら今の妖怪は| 鏡獅子に罪をなすりつける| つもりだったようじゃな」
0x78800	87	「ぬ~り~かべ~! 鬼太郎~| こんな所にお金が隠して| あったぞ~~~!」
0x78800	88	「なんだって!?」
0x78800	89	「…凄い大金だ!」
0x78800	90	「おそらく、連中が前に襲った| 会社から盗みだした| 金じゃろう。@ 奴等はここに人が近づかんのを| いい事に、アジトの一つに| しておったのじゃ」
0x78800	91	「このお金は警察に届けて| おくぞい」
0x78800	92	(むじな達の目的はお金だった| のか? でも暁光寺建設の時は| そんな様子はなかった…@ この違いはなんだ? アイツは| 何を企んでいるんだ?)
0x78800	93	「きゃああ! き、鬼太郎!| アレをみて!」
0x78800	94	「なんだよ猫餅、急に大きな声を| だして…」
0x78800	95	「みつけたよ…鬼太郎!」
0x78800	96	「うわ! お…お前は蛞獲鳥!| どうやって蘇ったんだ!」
0x78800	97	「性懲りもなくあらわれおって…| つるべ火!」
0x78800	98	「ほいきた! 蛞獲鳥!| 帰ってきた早々悪いが…| また封鰯させてもらうぜ!」
0x78800	99	「わ~ちょ、ちょっとまってよ!」
0x78800	100	「どうも様子が変だな…?| つるべ火、待ってくれ!」
0x78800	101	「な、なんで止める鬼太郎!」
0x78800	102	「ほ…た、助かった…」
0x78800	103	「何か僕に話が| あるみたいだな…| よかったら言ってみなよ」
0x78800	104	「さっすが鬼太郎!| 話がわかるね~!| 実は…」
0x78800	105	「成る程、むじなの奴がお主を| 利用しようとして再び封鰯を| 解いたんじゃな?」
0x78800	106	「そうさ、だけど私はもう| 鬼太郎と戦うのはこりごりだから| 断って逃げてきたのよ」
0x78800	107	「へえ、改心してくれたのか」
0x78800	108	「あんたら…むじなの居場所を| 捜してるんだろ?| よかったら…教えてあげるよ」
0x78800	109	「なんじゃと? 知っとるのか?」
0x78800	110	「ああ、連絡先を| 聞いたからね」
0x78800	111	「信じられないわね…@ 鬼太郎。今、一反木綿が| 追いかけていった奴は| むじなの仲間なんでしょ?@ 蛞獲鳥について行くより| 一反木綿の情報を待った方が| いいんじゃない?」
0x78800	112	「そうだな…どうしよう?」|<g400><蛞獲鳥の情報を聞く>|<g400><一反木綿の情報を待つ>
0x78800	113	「むじなに直接接触した| 蛞獲鳥の情報の方が確実だ。| 彼女の言う事を信じよう」
0x78800	114	「じゃが…| 罠という可能性も| あるぞ鬼太郎」
0x78800	115	「いんや、蛞獲鳥が敵なら、| さっき一緒に| 戦いに参加しとるじゃろう。@ ここは一つ| 彼女を信じてみるのも| 悪くはないの」
0x78800	116	「ありがとう。じゃ、場所を| 教えるわね」
0x78800	117	「蛞獲鳥、その前に…| して欲しい事があるんだ」
0x78800	118	「なんだい?」
0x78800	119	「実は…さっき女の子が一人、| 妖怪にひどい目にあわされたんだ。| その子を病院まで運んでほしい」
0x78800	120	「…私を信用していいの?| 私は…子供をさらうのが趣味の| 妖怪なのよ?」
0x78800	121	「キミはきっとそんな事はしない。| なぜなら僕達は…もう| 〝友達"だからね…」
0x78800	122	「鬼太郎…」
0x78800	123	「よし、それが済んだら| 蛞獲鳥の情報を元に| むじなの居所を捜索しよう」
0x78800	124	「悪いけど、今逃げて行った妖怪が| ちょっと気になるんだ。@ それよりキミには…| できれば別の事を| 頼めないかな?」
0x78800	125	「なんだい?」
0x78800	126	「実は…さっき女の子が一人、| 妖怪に酷い目にあわされたんだ。| その子を病院まで運んでほしい」
0x78800	127	「…私を信用していいの?| 私は…子供をさらうのが趣味の| 妖怪なのよ?」
0x78800	128	「そうよ、危ないわよ鬼太郎!」
0x78800	129	「キミはきっとそんな事はしない。| なぜなら僕達は…もう| 〝友達"だからね…」
0x78800	130	「鬼太郎…」
0x78800	131	「よし、それじゃ一反木綿の連絡を| 待って、この先の行動を決めよう」
0x78800	132	「じゃ、この餅は連れていくよ」
0x78800	133	「う…き、鬼太郎…さん」
0x78800	134	「ルカちゃん、| やっぱり妖怪は怖いだろう?| 嫌いに…なったかい?」
0x78800	135	「い、いいえ! 鬼太郎さん達は…| その…べべ、別です!」
0x78800	136	「…ありがとう。| そうだ、お父さんに| お礼を言っておいてくれ。@ 〝メモが役に立ちました"| って」
0x78800	137	「はい! わかりました」
0x78800	138	「蛞獲鳥、頼んだ!」
0x78800	139	「よし、じゃあ…行くよ!」
0x78800	140	「いい子じゃのう…」
0x78800	141	「ええ…でも、彼女は小さいのに| いつも無理をしていますね。@ きっと…母親がいない寂しさを、| 父親に気取られまいとしている| うちに、それが普通に@ なってしまったんでしょう。| すこし…不幗ですね…」
0x78800	142	「うむ、そうじゃな…」@(母親のいない寂しさ…か)
0x78800	143	「それにしても、やつらの目的が| まるでつかめませんね」
0x78800	144	「ワシらの知らんところで| 何かが始まっておるのは| 確かじゃ。@ はやく尻尾をつかんで| 解決せんと…大変な事に| なるような気がするわい!」
0x78800	145	「そうですね…」@(奴らは…本当に| 何を考えているんだ…?)
0x78800	146	「追い詰めたぞ、むじなの仲間め!| 通信関連の会社を襲って、| 一体何を企んでいるんだ!?」
0x78800	147	「ふん、お前には関係無い」
0x78800	148	「きゃあ! なにあれ!| 獅子舞のバケモノじゃない!」
0x78800	149	「なんだか…おめでたい| 感じじゃな」
0x78800	150	「あの獅子頭…わかったぞ!| アイツは〝鏡獅子"じゃ!」
0x78800	151	「鏡獅子…というと歌舞伎の演目| なんかになっとるあれか?」
0x78800	152	「そうじゃ、物語の中に登場する| 〝獅子の精"というのは| 実は妖怪鏡獅子の事なんじゃ!@ 若い女に取りつくと| 踊り狂わせてしまう危険な| 妖怪じゃ…!」
0x78800	153	「なかなかもの知りだな…| そうとも、俺様の名は鏡獅子!」
0x78800	154	「鬼太郎!」
0x78800	155	「オババ! どうでした、| ルカちゃんの容態は!」
0x78800	156	「なんだか知らんが…| 疲れてぐったりしておったぞ。| 一体何があったんじゃ?」
0x78800	157	「お主の仕業か! 鏡獅子!」
0x78800	158	「そうとも、あの子の身体で| 舞う舞いは楽しかったぞ~!| お蔭で力が湧いてきたわい!」
0x78800	159	「ひどい…小さい女の子に| なんて事するのよ!」
0x78800	160	「くそ、許さないぞ!| 行くぞ! 鏡獅子!」
0x78800	161	「…そろそろだな」
0x78800	162	「何!?」
0x78800	163	「!? 泥田坊に…なんだ、| あのガイコツは…?」
0x78800	164	「ふははは! まんまと罠に| かかったな!@ わざわざ俺がここで待って| いたのは、仲間を呼び寄せ、| お前達を倒すためだ!」
0x78800	165	「く、何だか知らないけど…| とにかく、お前を倒す!| 話はそれからだ!」
0x78800	166	「望むところだ…来い、鬼太郎!」@(〝アレ"を運び出す係が| まだ着いていないようだな…@ まあいい。戦っていれば| そのうちやってくるだろう)
0x78800	167	「鬼太郎、鏡獅子の頭は| とてつもなく圜いと| 聞いた事がある。@ おそらく…普通の攻撃では| まるで歯がたたんじゃろう。@ 以前教えた〝霊力充鑰"を使って| 上手く奴にダメージを| 与えるんじゃ!」
0x78800	168	「わかりました!」
0x78800	169	「鏡獅子…とか言ったな!| お前は何が目的だ!| なぜむじなと組んでいる!」
0x78800	170	「ふふふ…大いなる計画の為だ」
0x78800	171	「なに? その計画とはなんだ?」
0x78800	172	「今は言えんな…だが、いずれ| 思い知る事になる。| 嫌でも…な!」
0x78800	173	「泥田坊がなぜ雨も降って| いないこんな場所で?」
0x78800	174	「……お前達の傘をよこせ~!」
0x78800	175	「何か様子が変じゃ…| そもそもなぜ泥田坊が| 鏡獅子の奴に味方するんじゃ?」
0x78800	176	「操られているのかもしれません。| …倒すしかないですね」
0x78800	177	「うむ、手荒な真似は| したくないが…| まあ、しょうがあるまい!」
0x78800	178	「なんじゃこいつらは…?| ガイコツの兵隊か…?」
0x78800	179	「どうして鏡獅子の味方を?| むじなの指図なんでしょうか?」
0x78800	180	「かもしれん。あ奴は狐を従えたり| して、不思議な人脈を持っておる| ようじゃからのう!」
0x78800	181	「なかなか…やるじゃねえか!| こうなったら…」
0x78800	182	「な…なんだ?| 井戸の中に!?」
0x78800	183	「鏡獅子の奴| 何をするつもりじゃ…?」
0x78800	184	「へへ…俺はここだぜ!」
0x78800	185	「あ、あんな所に!」@(井戸の中を通って…| 地下を移動したのか?)
0x78800	186	「ふっふっふ…どうだ!| 井戸の中まではお前達も| 攻撃できまい!@ せいぜい俺様の動きに| 翻弄されるがいい!」
0x78800	187	「なんだと、バカにするな!」
0x78800	188	「おちつけ鬼太郎。| 挑癸に乗っては| 奴の思うつほじゃ。@ 井戸の中に入られると| 確かにやっかいじゃが…@ なあに、ああして地上に| 顔を出しておる間に倒して| しまえばよい事じゃ!」
0x78800	189	「そうか…そうですね。| わかりました!」
0x78800	190	「今度はこっちだ!」
0x78800	191	「よっこらしょっと!」
0x78800	192	(油断したぜ…危うく| やられちまうところだった。@ 井戸の中に薬を一つ| 隠しておいて正解だったな…)
0x78800	193	「もう一回いくぜ!」
0x78800	194	「へっへっへ…| ちょいと消えるぜ!」
0x78800	195	「そんな事じゃ…| 俺様はなかなか倒せねえぜ!」
0x78800	196	「またか…」
0x78800	197	「鏡獅子は| どこかの井戸の中か…@ このままじゃ奴のいう通り| 翻弄されっぱなしだ!| どうすればいいんだ…」
0x78800	198	「鬼太郎、だから落ち着くんじゃ。| あ奴の移動先には、何か予兆が| あるようじゃぞ」
0x78800	199	「予兆…?」
0x78800	200	「うむ、よく注意して| 見ておくんじゃ。| 必ず手がかりはある」
0x78800	201	「へへへ…俺の目を見ろ!」
0x78800	202	「いかん! 幻術じゃ!」
0x78800	203	「それ!」
0x78800	204	「くくく…お前達は| もはや俺のものだ!」
0x78800	205	「ち、どうにも旗色が悪いな…」
0x78800	206	「………荷物はどこだ~?」
0x78800	207	「お、来たか!| そこだ、運んでくれ!」
0x78800	208	「………わかった~」
0x78800	209	「なんだ? あれ…」
0x78800	210	「ふははは…以前に強盗して| 奪った金よ! この場所に| 隠しておいたのさ!」
0x78800	211	「なんじゃと? そうか、ここは| むじな達のアジトのひとつ| じゃったのか!」
0x78800	212	「鏡獅子!| それを人間に返すんだ!」
0x78800	213	「へ、やなこった!」
0x78800	214	「くそ…こんな事なら、| もう少し早く奴を倒しておけば| よかった…!」
0x78800	215	「くよくよしてもしょうがない、| 目の前の敵に集中するんじゃ!」
0x78800	216	「そ、そうですね、父さん」
0x78800	217	「うおおお! そん…な…| ダイヤモンドより硬い頭を持つ| 俺様が…」
0x78800	218	「鏡獅子、ここまでだ!| もう逃げられないぞ、おとなしく| むじなの居場所を言うんだ!」
0x78800	219	「ううう…これまでか…| だが、それならば!」
0x78800	220	「うわ! な、なんだ!」
0x78800	221	「そして新手か…やれやれじゃな」
0x78800	222	「そして新手か…やれやれじゃな」
0x78800	223	「く、鏡獅子の奴は| 姿を消したままか…!」
0x78800	224	「あせるな鬼太郎。奴はすぐに| 姿を現す筈。今度奴が姿を現したら| 一気にケリをつけるんじゃ!」
0x78800	1024	開癸中
0x7c000	0	「いかん…見失ってしまったか…」
0x7c000	1	「まったく…姿だけじゃなく| 逃げ足の速さも| ねずみ男にそっくりね!」
0x7c000	2	「ついでにあ奴くらい| 間救けじゃったら| 楽なんじゃが…」
0x7c000	3	「とにかく…まだこの辺りに| いる筈だ、手分けして捜そう」
0x7c000	4	「むじなのアジトがあるっていう| 場所はこのあたりだな?」
0x7c000	5	「…なにもないわよ?」
0x7c000	6	「ううう…」
0x7c000	7	「む? なんじゃ?」
0x7c000	8	「何か声が聞こえた~~」
0x7c000	9	「ひょっとして…| むじなの奴じゃない?」
0x7c000	10	「その可能性もあるの…| お前! でてこんのなら…| こっちからいくぞ」
0x7c000	11	「ま、まってくれ!| 今そっちにいく!」
0x7c000	12	「誰だ!」
0x7c000	13	「俺の名は〝大百足"| 見ての通り、百足の妖怪さ」
0x7c000	14	「大百足…だって?」
0x7c000	15	「痛てててててっ!」
0x7c000	16	「なんじゃ?| 怪我をしておるのか?」
0x7c000	17	「大変だ! すぐ手当しないと!| オババ、彼の怪我の様子を| 診てあげてくれ」
0x7c000	18	「あ、いや…| たいした怪我じゃない。| 気にしないでくれ…」
0x7c000	19	「大丈夫だそうじゃぞ、| 鬼太郎」
0x7c000	20	「鬼太郎? あんたがあの| 〝ゲゲゲの鬼太郎"か?」
0x7c000	21	「ああ、そうだ。手当はいらない| みたいだな。でも念の為、| この薬を塗っておくといい」
0x7c000	22	「あ…ああ、すまねえ…」
0x7c000	23	「なんで怪我ばしとったと?」
0x7c000	24	「実は…この先の洞窟に| 蛇みたいな妖怪がでるって噂が| あったんだ…」
0x7c000	25	「蛇みたいな妖怪?」
0x7c000	26	「ああ…俺の仲間が| もう何人もやられてる。@ それで、とうとう仲間内で| 一番強い俺の出番に| なったってわけなんだ。@ けどよ…そいつは強かった…| あっさり返り討ちにあって| このざまさ」
0x7c000	27	「その〝蛇のような妖怪"とは| 具体的にどんなやつなんじゃ?」
0x7c000	28	「暗くてよくわからなかったけど| 胴が長くて平べったい感じで| すごい早さで襲いかかってきた」
0x7c000	29	「胴が長くて平べったい?| 鬼太郎…まさか!」
0x7c000	30	「おりたたみ入道!?」
0x7c000	31	「知っているのか?」
0x7c000	32	「ああ、僕達が追っている奴が| 使っている妖怪だ…| 父さん!」
0x7c000	33	「うむ、間違いないようじゃな。| おそらく、その洞窟が| むじなの樵点じゃろう」
0x7c000	34	「鬼太郎…お前はそいつに| 用があるみたいだな。@ 薬の礼といっちゃなんだが、| よかったらその洞窟まで| 案内するぜ」
0x7c000	35	「すまない、頼めるかな?」
0x7c000	36	「ああ、俺も仲間のカタキを| 取るためだ。喜んで| 協力するぜ!@ あんた…〝ぬりかべ"さんだろ?| ちょっと歩きにくいんだ…| 悪いが手をかしてくれないか?」
0x7c000	37	「ぬ~り~か~べ~| わかった~~!!」
0x7c000	38	「こっちだ、付いてきてくれ」
0x7c000	39	「よし、大百足の毒で| 溶けかかっとったぬりかべを| ワシの砂で圜めたぞい!」
0x7c000	40	「ううう…」
0x7c000	41	「ね~鬼太郎。こいつどうする?」
0x7c000	42	「ゴホッゴホッ!| 鬼太郎…脊任を取ってくれ!」
0x7c000	43	「なんじゃ、まともに| しゃべれるんじゃないか!」
0x7c000	44	「エネルギーが満ちあふれた| 状態では冷静さを失う| タチなんじゃろうて。@ 砂かけ婆も若い頃は| そりゃあ手におえんかったぞ。| 今くらいで丁度ええわい!」
0x7c000	45	(怒るべきか喜ぶべきか…)
0x7c000	46	「すまなかった、ひでり神。| でも、こうでもしないと被害が| 広がったかも知れないんだ。@ キミほどの妖怪だ、| ゆっくり休めばすぐよくなるさ」
0x7c000	47	「言われれば確かに…| ではしばらく| やっかいになるぞ」
0x7c000	48	 |〈ひでり神が仲間になった!〉
0x7c000	49	「ええ!?| 仲間になってくれるのか?」
0x7c000	50	「冷静になって考えれば…| ワシも酷いことをした…| 少しは罪ほろほしをせんとな」
0x7c000	51	「でも…大丈夫なの?| 大分つらそうよ?」
0x7c000	52	「なあに、すぐに精気を取り戻して| 元の若いワシに戻る。| 心配せんでええ…」
0x7c000	53	「そういうことなら…| お願いするよ、ひでり神!」
0x7c000	54	「それにしても| ひど~い目にあった~!」
0x7c000	55	「まさか、怪我をした妖怪が| ぬりかべを真っ先にねらうとは| 思わなかったな…」
0x7c000	56	「あれはワシらを油断させる為の| 演技じゃったんじゃな?| まったく許せんわい!」
0x7c000	57	「…でも、大百足もかわいそう| だよ…彼は仲間を殺されたんだ」
0x7c000	58	「じゃが、あ奴は目的と手段が| すり変わっておる。復讐に| 酔ってしまっておるのじゃ。@ あれではワシらの言うことなど| 聞く耳もたんじゃろう…」
0x7c000	59	「そう…ですね。とにかく彼を| 追いましょう。おそらくむじなと| 合流するつもりでしょうから」
0x7c000	60	「でも…どうやって?| あいつがどっちに向かったか| わかんなくなっちゃったわよ?」
0x7c000	61	「大丈夫…方法はある」
0x7c000	62	「なんじゃ?| 何か策があるのか?」
0x7c000	63	「こんなつもりじゃ| なかったんだけど…@ 文字通り| 〝怪我の功名"ってやつかな?」
0x7c000	64	「はあ…? どういうことじゃ?」
0x7c000	65	「とにかく…僕に| ついてきてください」
0x7c000	66	「ここがその洞窟か…」
0x7c000	67	「不気味ね…| 〝いかにも"って| 感じじゃない?」
0x7c000	68	「まったくじゃな。| さっさとむじなの奴を懲らしめて| ここを出たいところじゃな」
0x7c000	69	「大百足、| お前がおりたたみ入道に| やられたのはどの辺りじゃ?」
0x7c000	70	「あれ? 大百足…?」
0x7c000	71	「ぬりかべもいないわ…」
0x7c000	72	「むおおおおおおお~~!| ぬ~り~か~べ~!!」
0x7c000	73	「ぬりかべの声じゃ!」
0x7c000	74	「入り口の方から| 聞こえてきたぞ?」
0x7c000	75	「アタイ、様子を見てくる!」
0x7c000	76	「その必要はない…」
0x7c000	77	「誰だ!」
0x7c000	78	「ふふふ…」
0x7c000	79	「大百足!| 何があったんじゃ?| ぬりかべはどうした?」
0x7c000	80	「!? これは…| どういう事だ!?」
0x7c000	81	「お前達は本当に| お人好しだな…@ 俺がちょっと芝居をしただけで| まんまと罠にはめられるん| だからな」
0x7c000	82	「罠じゃと?| おのれ…ワシ達を| だましたのか?」
0x7c000	83	「全部だましたわけじゃねえ。| ここはこの前までむじなの奴が| 樵点に使っていた場所さ…」
0x7c000	84	「なんじゃと!| むじなはどこにおる!?」
0x7c000	85	「あいつならここにはいない。| 少し前にもっと北へ| 行っちまったぜ…」
0x7c000	86	「そして…お前はむじなの仲間…| そういうことじゃな?」
0x7c000	87	「ぬりかベは…彼は| どうなったんだ!?」
0x7c000	88	「奴は俺の毒を注ぎ込んで溶かし、| 入り口をふさぐ材料に| させてもらった」
0x7c000	89	「ななな…なんじゃと!| ぬりかべが!?」
0x7c000	90	「なぜだ? なぜお前は| こんな事をする?」
0x7c000	91	「問答無用!| 死ね! 人間にくみする| ふぬけ懸郎共!」
0x7c000	92	「やっぱり悪い奴だったのね?| 鬼太郎!| やっちゃいましょうよ!」
0x7c000	93	「なんだかわからないけど…| やるしかないのか?」
0x7c000	94	「とにかく、大百足の奴は| むじなの仲間の様じゃ。| 倒して居所を聞き出すんじゃ!」
0x7c000	95	「わかりました、父さん」
0x7c000	96	「死ね!| 人間に味方する妖怪ども!」
0x7c000	97	「キミは…どうしてそんなに| 人間を憎むんだ?」
0x7c000	98	「人間は百足の油を取るため、| 俺達の仲間を虐殺したんだ!」
0x7c000	99	「えっ…!?」
0x7c000	100	「俺は人間を許さねえ!| 人間の味方をする奴もだ!」
0x7c000	101	「鬼太郎…さっきから| 気になっとったんじゃが…| あたりにちらばっとる骨は…」
0x7c000	102	「ま…まさか…」
0x7c000	103	「おお、俺が食ったのよ!| くくく、うまかったぜ…」
0x7c000	104	「大百足…キミは…!」
0x7c000	105	「俺は仲間を殺した人間共に| 復讐しているだけさ」
0x7c000	106	「仲間のことは同情するけど…| いくらなんでもやりすぎだ!」
0x7c000	107	「へっ、やっぱりてめえは| 人間の味方だな…鬼太郎!」
0x7c000	108	「くっ…やりやがったな…」
0x7c000	109	「大百足、復讐なんて| やめるんだ。復讐は復讐を| 生むだけだぞ!」
0x7c000	110	「だったらどうした!| 人間なんざ殺し尽くして| やるだけよ!」
0x7c000	111	「だめだ、話にならない…」
0x7c000	112	「なんにせよ、お前はもう| 戦えん。観念するんじゃ!」
0x7c000	113	「ふ…ふふん、こ、これだけが| 俺の戦力だと思ったのか?」
0x7c000	114	「何?」
0x7c000	115	「さあ…降鴎せよ!」
0x7c000	116	「ぐおおおおおおおおお~!!」
0x7c000	117	「そんな…こいつは…| 〝ひでり神"じゃ!」
0x7c000	118	「ひでり神って…確か高熱を操る| 強力な妖怪ですよね?」
0x7c000	119	「うむ、ある条件が整えば自然に| 癸生する、言わば天災のような| 妖怪じゃ。@ どうやらここは、その条件が| 満たされておったようじゃ。| ワシらはハメられた訳か…」
0x7c000	120	「くくく、その通りだ。| そして…」
0x7c000	121	「こいつらは…泥田坊!」
0x7c000	122	「お前には直接俺がとどめを| 刺したかったが、こいつらに| 譲ってやるぜ。じゃあな!」
0x7c000	123	「ま、待て!」
0x7c000	124	「うがああああ!!」
0x7c000	125	「く…ひでり神に万が一| この洞窟を出られたら、| 付近にも大きな被害が出る。@ 今は大百足よりも| あいつを何とかするんじゃ!」
0x7c000	126	「は、はい。わかりました!」
0x7c000	127	「うおおおおおおおおお| おおぉ~~っ!?!?」
0x7c000	128	「やったか!?」
0x7c000	129	「ふう…逃げ帰りおったか…| やれやれじゃわい!」
0x7c000	130	「うわ! な…なんだ?」
0x7c000	131	「くわぁぁぁっ!!」
0x7c000	132	「な…なんじゃと?」
0x7c000	133	「地下の溶岩を使って| 回復したのか?| なんてやつだ!」
0x7c000	134	「ええい、考えてもしょうがない| とにかく倒すんじゃ!」
0x7c000	135	(僕達はひでり神と戦う理由が| あるわけじゃない。| 彼は利用されているだけだ。@ なんとか…| 説得できないだろうか?)
0x7c000	136	「あ~~!| やっぱり鬼太郎だ!」
0x7c000	137	「キミは…沖縄の妖怪| 〝シーサー"じゃないか!」
0x7c000	138	「聞き覚えのある声が| 聞こえたからもしかして…| と思ったけど…@ やっぱり鬼太郎達だったんだね。| なんだか…大変な時に| きちゃったのかな?」
0x7c000	139	「ああ、そうなんだ。| 正直、苦戦してる真っ最中さ…」
0x7c000	140	「よし、じゃあ、| オイラも手伝うよ」
0x7c000	141	「そうだ! ぬりかべが| だまされてこの洞窟の入り口を| 塞いでしまっている筈なんだ。@ 彼を助けてやってくれないか?」
0x7c000	142	「ぬりかべが?| わかったよ!」
0x7c000	143	「ひでり神! 僕達には| 戦う理由なんかない。| こんなことやめるんだ!」
0x7c000	144	「うが? うがああああ!」
0x7c000	145	「く! 話しても無駄なのか?」
0x7c000	146	「ひでり神!| 僕の話を聞いてくれ!」
0x7c000	147	「うがあああああ!」
0x7c000	148	「ダメか…」
0x7c000	149	「……ぐぐぐ…」
0x7c000	150	「いかん、奴め、また| あの穴に入って溶岩の力で| パワーアップする気じゃ!」
0x7c000	151	「なんですって!?」
0x7c000	152	「ぐおおおおおおお~!」
0x7c000	153	「父さん、あれは一体!?」
0x7c000	154	「これはまずいのう…| あそこまで力をつけさせて| しまったとなると…
0x7c000	155	 もうわしらの手には| おえんかも知れんぞ!?」
0x7c000	156	「鬼太郎、| ぬりかべの事なんだけど…| やっぱりオイラ一人じゃ…」
0x7c000	157	「うがあああああ!」
0x7c000	158	「シーサー! 危ない!」
0x7c000	159	「うわああ!」
0x7c000	160	「うう…うがあっ!!」
0x7c000	161	「こうなったら…| 鬼太郎! オイラ、| 助っ人を呼んでくるよ!」
0x7c000	162	「助っ人?」
0x7c000	163	「ああ、頼りになる妖怪が| この近くにいるんだ。きっと| こいつを鎮めてくれる筈だよ!」
0x7c000	164	「なんじゃと? それは本当か?」
0x7c000	165	「うん、もう少し頑張ってて!」
0x7c000	166	「わかった!」
0x7c000	167	「うがああああ!!」
0x7c000	168	「まて! お前の相手は僕だ!」
0x7c000	169	「うが? がああああ!!」
0x7c000	170	「たしか…この辺りに…| いたいた。お~い| 〝懸づち"さ~ん!」
0x7c000	171	「だ~れ~だ~!?」
0x7c000	172	「オイラだ、シーサーだよ!」
0x7c000	173	「お前か…いくら知り合いでも| ワシの冬眠のじゃまをすると| 容赦せんぞ~!」
0x7c000	174	「そんなに寝てばかりいると| 楽養失調になっちゃうよ!@ たまにはおいしいものでも| 食べないと!」
0x7c000	175	「う~む、そういうからには| 何か美味いものを仕入れて| きたのだろうな~?」
0x7c000	176	「待ってて、すぐ用意するから!@ 準傭できたら報せるから| 合図したら一気に| 吸い込んでね!」
0x7c000	177	「わかったぞ~!」
0x7c000	178	「うごおおおお~!」
0x7c000	179	(まだか…シーサー!)
0x7c000	180	「いかん、奴め、| またあの穴に入って| パワーアップする気じゃな」
0x7c000	181	「鬼太郎~!」
0x7c000	182	「あ、シーサー!」
0x7c000	183	「うがが…うがああ!!」
0x7c000	184	「うわあ! なんでオイラの方に| ばっかりくるんだよ!| オイラはおいしくないぜ!」
0x7c000	185	「うがががが!!?」
0x7c000	186	「今だ!| みんな何かにつかまって!」
0x7c000	187	「え?」
0x7c000	188	「いいから、早く!| 懸づちさ~ん!| 今だよ~~~!!」
0x7c000	189	「おおおお~~~~!!」
0x7c000	190	「な、なんじゃ?」
0x7c000	191	「父さん、とにかく| シーサーの言う通りにしましょう」
0x7c000	192	「これは…一体?」
0x7c000	193	「これが妖怪〝懸づち"さんの| 力さ! 彼はなんでも飲み込んで| 消化しちゃうんだ!」
0x7c000	194	「う…う…」
0x7c000	195	「うがあああああああああ~~っ!」
0x7c000	196	「ふう…どうにか倒せたわい」
0x7c000	197	「ありがとうシーサー!| 怪我はないかい?」
0x7c000	198	「平気だよ! …といいたい| ところだけど…さすがに| くたびれたよ。へとへとだ」
0x7c000	199	「しかし…これが噂に聞こえた| 〝懸づち"の力か…| 恐ろしいもんじゃの」
0x7c000	200	「シーサー、懸づちがよく| キミの頼みを聞いてくれたな」
0x7c000	201	「オイラも懸づちさんも地中で| 慕らしてるからね…| 馬があうのさ」
0x7c000	202	(でも、食べちゃうってのは| あんまりだな…あいつは| 利用されていただけなのに…)
0x7c000	203	「シ~~サ~~!」
0x7c000	204	「うわ! なな…なに?」
0x7c000	205	「腹いっぱいだ~| これは返すぞ~!」
0x7c000	206	「あれは…ひでり神だ!」
0x7c000	207	「まだ生きとるようじゃの…」
0x7c000	208	「でも、エネルギーは| ほとんど吸い取られちゃった| みたいだね…」
0x7c000	209	「とにかくぬりかべを助けて| ここを脱出しよう」
0x7c000	210	「ああ、オイラも手伝うよ」
0x7c000	211	「うおおおおお~~っ!!」
0x7c000	212	「今度こそやったか?」
0x7c000	213	「ふう…本当に手強い| 相手じゃったのう」
0x7c000	214	「………」
0x7c000	215	「どうした、鬼太郎?」
0x7c000	216	「理由もなく戦うなんて…| 後味が悪いです。父さん」
0x7c000	217	「うむ…そうじゃな…」
0x7c000	218	「鬼太郎!| ぬりかべを助けてきたよ!」
0x7c000	219	「シーサー、早かったね!| ぬりかべ!| 大丈夫だったのか?」
0x7c000	220	「ぬ~り~か~べ~!| すま~ん、鬼太郎~!」
0x7c000	221	「みんなだまされたんだ。| 気にしなくていいよ」
0x7c000	222	「き、鬼太郎!」
0x7c000	223	「え!?」
0x7c000	224	「うがああ!」
0x7c000	225	「しまった!」
0x7c000	226	「うばばばばばぁ~~っ!」
0x7c000	227	「く…なんてことじゃ」
0x7c000	228	「追わないと…!」
0x7c000	229	「無駄じゃ、奴の速度には| 追いつけん。それに、疲れ切った| 今のワシらでは…」
0x7c000	230	(……く…僕が油断したせいだ…)
0x7c000	231	「なに、奴も受けたダメージは| 大きい。そうひどく| 暴れたりせんじゃろう」
0x7c000	232	「…だといいんですけど…」
0x7c000	233	「タダじゃ殺さねえぜ…| じっくりいたぶってやる!」
0x7c000	234	「な、なんだ!?| 大百足が…消えた?」
0x7c000	235	「いかん、保護色じゃ…!| 奴は洞窟の壁の色に身体の| 色を合わせよったんじゃ!」
0x7c000	236	「ふ……その通りだ!@ 姿の見えない俺を相手に| うろたえるお前達を| じっくり料理してくれる!」
0x7c000	237	「むむむ…相手が見えんのでは| 普通に攻撃をしかける事は| できんぞ!」
0x7c000	238	「一体どう戦えばいいんでしょう?」
0x7c000	239	「うむ。焦って歩き回っても| 見えない相手にぶつかって| スキを作ってしまう事になる。@ 目には見えずとも、| 近くにいけば気配を感じる| 事ぐらいできるじゃろう…@ それを頼りにして大百足が| 潜んでおると思しき場所へ| 妖怪アンテナを使うんじゃ」
0x7c000	240	「そうか、アンテナがあった!| 姿は隠せても| 妖気までは消せませんものね」
0x7c000	241	「気合いを込めねば| ならんから、攻撃や道具を| 使うのは一度休まねばいかんが、@ アンテナを使った時に検知範囲に| 相手がかくれておったなら| それで居所がわかるじゃろう。@ ワシも霊力を貸してやる。| そこへリモコン下駄を| 打ち込むんじゃ。@ それで相手は姿を| みせるじゃろう!」
0x7c000	242	「成る程…わかりました!」
0x7c000	243	「見つけたぞ!」
0x7c000	244	「ち、生意気な…」
0x7c000	245	「おのれ、またしても!」
0x7c000	246	「何度やっても同じだ| 観念しろ!」
0x7c000	247	「さて、もう一度隠れさせて| もらうとするか…」
0x7c000	248	「あ! また奴の姿が…!」
0x7c000	249	「うむ、だが居場所の見当は| ついとる。鬼太郎、落ち着いて| アンテナを使うんじゃ!」
0x7c000	250	「いてえな…こりゃあ| おしおきがいるな!」
0x7c000	251	「何処を見ていやがる!」
0x7c000	1024	開癸中
0x7f800	0	「それで…| お前一人逃げてきたのか?」
0x7f800	1	「逃げてきた訳じゃねえよ。| あいつらを開じこめてきたんだ。@ 今頃ひでり神との戦いで| 奴らは消し炭に| なっちまってるさ」
0x7f800	2	「ふん…自分の手柄みたいな| 口ぶりだな…@ あれは俺が| セッティングしたんだ。| それを忘れないでもらおうか」
0x7f800	3	「俺があんたの逃げる時間を| 稼いでやったんじゃねえか!」
0x7f800	4	「ぐは! な…なにしやがる!」
0x7f800	5	「生意気な口をたたくな…| 自分の身の程を知るんだな。| この…下等な虫けら妖怪め!」
0x7f800	6	「んだと…」
0x7f800	7	「ぐ!」
0x7f800	8	「てめえ、| もう一回言ってみやがれっ!!」
0x7f800	9	「…ふん、それだけの元気が| あるなら、今度こそ鬼太郎共を| 倒してみせるんだな…ん?」
0x7f800	10	「な、なんだよ?」
0x7f800	11	(この臭い……………………| フン! ………そうか……)
0x7f800	12	「むじな様。鬼太郎共が| この付近まで| やってきております」
0x7f800	13	「何? やつらどうやって| あそこを救け出しやがった?| それにどうしてこの場所が…?」
0x7f800	14	「ふん!| これさ…この間救けめ!」
0x7f800	15	「な…これは鬼太郎がくれた薬…| そ、そうか!| おのれ…鬼太郎~~~!!」
0x7f800	16	「むじな様、鬼太郎達以外にも| こちらに近づく妖怪がおります」
0x7f800	17	「なんだと…?」
0x7f800	18	「いかがいたしましょう…?」
0x7f800	19	(ち、ここまで奴らがかぎつける| とはな…仕方がない…| 彼に連絡をとるか。それと…)@「よし、お前達に| 今回の作戦を授けよう」
0x7f800	20	「はは!」
0x7f800	21	「うう…なんだか寒いところに| 来てしまったのう…」
0x7f800	22	「随分北の方まで来ましたからね」
0x7f800	23	(ううう…アタイ、ただでさえ| 寒いの苦手なのに…@ こんな格好でこの寒さは| 耐えられないかも…)
0x7f800	24	「猫餅…大丈夫か?| 良かったら…僕の| チャンチャンコを貸そうか?」
0x7f800	25	「え! あ、い…いいのよ鬼太郎!| 全然平気だから!」@(せっかくだけど足手まといに| 思われるのだけは嫌だわ…| ここは我慢しなきゃ!)
0x7f800	26	「じゃが…本当に大百足の奴は| こっちに逃げてきたのか?」
0x7f800	27	「ええ、間違いありません」
0x7f800	28	「なぜわかるでごわす?」
0x7f800	29	「そういえば…急いで| 追いかけてきたもんで| 理由を聞いておらなんだが…@ どうやって大百足の| 跡をつけているんじゃ?」
0x7f800	30	「薬の臭いです」
0x7f800	31	「く~す~り~?」
0x7f800	32	「うむ。鬼太郎が| 大百足に渡した薬じゃ。@ あれはワシが知り合いに頼んで| 分けてもらっておる| 秘伝の万能薬…@ 大百足の奴が律儀にあれを| 持って逃げておるおかげで、@ その薬のかすかな臭いが| 道々に残っておるんじゃ」
0x7f800	33	「そんなかすかな臭い…| ワシャ感じんがの」
0x7f800	34	「かすかな妖気も伴っていますから| 僕と父さんにはわかります。@ でも、普通の妖怪ではよほど| 鼻が良くないと| 制別はできないでしょうね」
0x7f800	35	(…アタイ、鼻が利くんだけど| 気づかなかったな…| うう、さむぅい!@ この寒さじゃ| それどころじゃないわ!)
0x7f800	36	「じゃが…それも| 大分弱くなってきたの」
0x7f800	37	「ええ、この雪のせいでしょうね」
0x7f800	38	(ううう…我慢、我慢よ猫餅~!)
0x7f800	39	「あの…この寒い中、| こんな所で…どうか| なさったんですか?」
0x7f800	40	「キミは…?」
0x7f800	41	「アタシはこの辺りに住んでいる| 者です。何かお困りでしたら、| お手伝いしましょうか?」
0x7f800	42	「そうか…これはこれは親切に| どうも。じゃが、ワシらなら| 平気じゃ。気にせんでくれ」
0x7f800	43	「そうですか…ではせめて| アタシの家で何か温かい物でも| お飲みになりませんか?」
0x7f800	44	(あ…温かい飲み物…か…)
0x7f800	45	「ありがとう…でも| 先を急いでるんだ」
0x7f800	46	(は、ダメダメ! そうよ!| そんな暇ないんだから!)
0x7f800	47	「それじゃ…ストーブか炬艢にでも| あたられて暖をとって行かれたら| どうですか?@ この辺りの寒さは厳しいです。| そのままではきっと| 保ちませんよ」
0x7f800	48	(ストーブ…炬艢…)
0x7f800	49	「き…鬼太郎…」
0x7f800	50	「ん? なんだい?」
0x7f800	51	「ちょ…ちょっとくらいなら| 寄り道しても…いいんじゃない?」
0x7f800	52	「どうしましょう。父さん」
0x7f800	53	「ふうむ。じゃが、臭いの| 手がかりが消えてしまう前に| 捜索を続けないと…」
0x7f800	54	「そ…そうよね…」
0x7f800	55	「ん? 向こうに誰かおるぞ?」
0x7f800	56	「………」
0x7f800	57	「今の人影…| まさか…むじなか?」
0x7f800	58	「いかん! じゃとしたら| 逃げられてしまうぞ!」
0x7f800	59	「雪の上じゃ走っても| 追いつけないな…| 一反木綿、僕達を乗せてくれ!」
0x7f800	60	「砂かけ、ワシらも行くぞ!」
0x7f800	61	「ああ、乗せとくれ!」
0x7f800	62	「父さんと猫餅とぬりかべは| ここで待っててください」
0x7f800	63	「相手はあのむじなじゃぞ?| 四人で大丈夫か?」
0x7f800	64	「奴は一人みたいでした、| 大丈夫ですよ。| じゃ、行ってきます!」
0x7f800	65	「…行ってしまった~!」
0x7f800	66	「待っててくれって言われても…」@(チラ…………)
0x7f800	67	「どうです? 貴方だけでも| 皆さんを待っている間、| 家にこられたら…?」
0x7f800	68	「…くしゅん!」
0x7f800	69	「こっちは平気だ~| 行ってきていいぞ~!」
0x7f800	70	「ふむ、ここでつっ立っとっても| しょうがないな…@ かといって全員で行っては| 迷惑がかかるじゃろう。ワシら| だけでもやっかいになるかの」
0x7f800	71	「しょ…しょうがないわよね…| せっかくのご厚意ですもの。| じゃ、ちょっとだけ…」
0x7f800	72	「遠慮なさらなくていいのに| ささ…どうぞ」
0x7f800	73	「うわあ! あ痛ててて…」
0x7f800	74	「お前は…!?」
0x7f800	75	「な、なにしやがんだ!| げっ、鬼太郎!?」
0x7f800	76	「なんじゃ、| ねずみ男ではないか!」
0x7f800	77	「紛らわしいところを| うろちょろしおって…」
0x7f800	78	「お前こんなところで何を| してるんだ。@ 何か怪しいチラシをばらまいて| 人を集めてたんじゃないのか?」
0x7f800	79	「あ…あれは単なるバイトだ!| もう済んだ話じゃねえか!」@(ち、あの女から| やっと逃げて来たと思ったら| 今度はこいつらかよ。@ 幻の秘湯には入れねえし…| 踏んだり蹴ったりだぜ!)
0x7f800	80	「まあ、いいよ。| 悪いことをしてたっていう| 証樵もないしな…@ 今僕達は例のむじなと大百足| って妖怪を追っているんだ。| お前何か知らないか?」
0x7f800	81	「俺は、この辺りに| 美味~い地酒と鍋料理を出す| 宿があるって聞いて来たんだ。@ けどよ、ここら一帯の人間、| みんな根こそぎ謎の奇病で| 倒れちまって何もかもパーだ!」
0x7f800	82	「なんじゃと? 奇病!?」
0x7f800	83	(みんな倒れた?| じゃ…さっきの女の子は…?)
0x7f800	84	「ああ、俺の見立てじゃ| どうも連中、魂を救かれて| やがるみたいだ…@ ありゃ妖怪の仕業だな。| お前の捜してる奴と、なんか| 関係があるかもな」
0x7f800	85	「鬼太郎…まさか!」
0x7f800	86	「父さん達が心配だ…| いそいでもどりましょう!」
0x7f800	87	「鬼太郎~~~~!」
0x7f800	88	「おお、ぬりかべ!| どうしたんじゃ!?」
0x7f800	89	「猫餅と…親父殿が女の子に| ついていったきり| 帰ってこない~!」
0x7f800	90	「なんじゃと?」
0x7f800	91	「しまった。おのれ!| こんな男に気を| 取られとる隙に!」
0x7f800	92	「とにかく二人を捜そう!」
0x7f800	93	「さっきの場所に戻るとよ!」
0x7f800	94	(なんか…面倒くせえ事に| なりそうだな)@「じゃ、俺はもうここに用はねえし| おいとまさせてもらうぜ!」
0x7f800	95	「お前も来い!」
0x7f800	96	「な…なんでだよ!| 今俺は〝オフ"なんだぜ~?| 勘弁しろよ!」
0x7f800	97	「お前はほっとくと何をするか| わからんわい。| いいから一緒に来んか!」
0x7f800	98	「じょ…冗談じゃ…!」
0x7f800	99	「ぬ~り~か~べ~!」
0x7f800	100	「わ、わかったよっ!| とほほ…なんでこう| なるんだ…」
0x7f800	101	「さっきの子供も| あいつらの仲間か?」
0x7f800	102	「わからないけど…| 関係があると考えるべき| だろうね…@ 一刻も早く例の薬の臭いが| する方向へ向かおう。| こっちだ!」
0x7f800	103	「よし、みんな、| 鬼太郎の後に続くとよ!」
0x7f800	104	「ふう、なんとか| 脱出できたわい!」
0x7f800	105	「間一髪でしたね。とりあえず、| みんなが無事で良かった」
0x7f800	106	「鬼太郎…ごめんね。アタイ…| あんな奴に捕まっちゃって…」
0x7f800	107	「気にする事ないよ」
0x7f800	108	「そういえば、解放した魂は| ちゃんと元の人の所に| 戻ったんだろうか…?」
0x7f800	109	「問題ないじゃろう。みんな| あれで元に戻る筈じゃ」
0x7f800	110	「そうですか! 良かった…」
0x7f800	111	「それはいいとして…| 結局むじなの事は| 何もわからずじまいじゃな」
0x7f800	112	「いや…そうでもないぞ。| むじなとは別に、大きな妖怪の| 影が見えた…何者かはしらんが…@ 雪の妖怪に縁が深い| 実力者妖怪となれば、いずれ| 絞り込む事はできるじゃろうて」
0x7f800	113	「そうですね、一旦ゲゲゲの| 森にもどりましょうか?」
0x7f800	114	「うむ、それがいいじゃろう」
0x7f800	115	「おや…電話だ…誰だろう?」
0x7f800	116	「鬼…太郎…聞こえるか?」
0x7f800	117	「!? お前は誰だ…?」
0x7f800	118	「ふふふ…声だけでは| わからぬか…?」
0x7f800	119	「誰だと聞いてるんだ!」
0x7f800	120	「ワシだ…ぬらりひょんだ!」
0x7f800	121	「なんだって…?| ぬらりひょんだと!?」
0x7f800	122	「な…なんじゃと?」
0x7f800	123	「むじなや雪国妖怪共が世話に| なったようだな…」
0x7f800	124	「一連の事件は…| お前が陰で糸を| 引いていたのか?」
0x7f800	125	「そうとも…| よくもワシの計画の邪魔を| してくれたな…」
0x7f800	126	「成る程…あ奴が黒菷か!」
0x7f800	127	「いわれてみれば…| これ以上ぴったりな| 奴はおらんわい!」
0x7f800	128	「お前は何が目的なんだ!@ むじなを使って妖怪を操ったり、| 雪国妖怪達を手下にして| 何を企んでいる!?」
0x7f800	129	「知れたこと…日本中の妖怪を| 手下にして人間を滅ほし、| ワシが日本の王になるのよ!」
0x7f800	130	「また大それた事を…」
0x7f800	131	「そんな事…できると| 思っているのか!」
0x7f800	132	「できるさ…| 〝ダイダラボッチ"が| あればな!」
0x7f800	133	「ダイダラボッチだって!| まさか!」
0x7f800	134	「いかん…やめるんじゃ| ぬらりひょん!」
0x7f800	135	(なんだって? | こりゃあ…えらいことに| なって来やがったな…)
0x7f800	136	「お前は…今どこにいるんだ!」
0x7f800	137	「ふん、ダイダラボッチといえば| 集結する場所は一つだ。| わからぬお前ではあるまい!」
0x7f800	138	「何!」
0x7f800	139	「ワシは…お前とその場所で| 最後の決着をつけるつもりだ。@ 貴様を倒して積年の恨みを| はらし…名実ともに| 日本の王になるためにな!」
0x7f800	140	「そんな事…させないぞ!」
0x7f800	141	「ならばここまで来る事だ。| ダイダラボッチが完全に| 復活する前にな…@ ではさらばだ…| また会おう鬼太郎…」
0x7f800	142	「待て!」
0x7f800	143	(…………くそ!)
0x7f800	144	「なんてことだ…| ぬらりひょんが| 動き出していたなんて…」
0x7f800	145	「全ての計画は| 奴の手引きによるものか…」
0x7f800	146	「ワシらに決戦を| 挑むつもりのようじゃな…」
0x7f800	147	「ダイダラボッチの復活なんて…| 絶対にさせない!| 待っていろ、ぬらりひょん!」
0x7f800	148	「臭いはここから| きているみたいだ…」
0x7f800	149	「鬼太郎! あれを見ろ!」
0x7f800	150	「あ! 鬼太郎~!| 来てくれたのね~!」
0x7f800	151	「猫餅! 無事か!?| 父さんはどこだい?」
0x7f800	152	「とほほ…すまん鬼太郎。| こんな事になるとは」
0x7f800	153	「二人とも、今助けるぞ!」
0x7f800	154	「おっと…ここから先には| 行かせないわよ!」
0x7f800	155	「キミは…さっきの…!| 何が目的だ!| 父さん達を放せ!」
0x7f800	156	「そうは行かないわよ…| この子達は大事な人質…| アンタ達を倒すためのね!」
0x7f800	157	「気をつけて鬼太郎!| …その子、| 妖怪〝雪ん子"よ!」
0x7f800	158	「そうよ…アタシは〝雪ん子"」
0x7f800	159	「そうじゃったのか…| 気づくのが遅かったわい」
0x7f800	160	「鬼太郎は女の子に甘いって| 聞いてたけど…| お仲間も似たようなもんね。@ 悪いけど…むじな様に| 言われてるの。| アンタ達を倒すわ…」
0x7f800	161	「こいつもむじなの手下か!?」
0x7f800	162	「じゃが…いくら人質が| おったところで@ 一人でワシら全員の| 相手をするつもりなら| それは無茶だぞい」
0x7f800	163	「もちろん…一人じゃないわ!」
0x7f800	164	「またこいつらじゃ…」
0x7f800	165	「お前は…大百足!」
0x7f800	166	「鬼太郎…よくも俺に| 恥をかかせてくれたな!| 今度こそ決着をつけてやる!」
0x7f800	167	「気は進まないけど…| 人質まで取られちゃ| 引き下がれない!@ 大百足!| 父さんと猫餅を| 返してもらう!」
0x7f800	168	「鬼太郎…この洞窟には| あちこちに氷瑰がたっておるな…」
0x7f800	169	「あれらはそう頑丈ではない。| 邪魔になりそうなら攻撃を与えて| こわしてしまえばいいじゃろう。@ つるべ火などの〝火"の攻撃を| 持っている妖怪を使えば、より| 楽に壊せるはずじゃ。@ おほえておくんじゃぞ!」
0x7f800	170	「準傭はいいようだな?」
0x7f800	171	「ああ、行くぞ!」
0x7f800	172	「けっ! 鬼太郎…この前は| まんまとやられたぜ。@ 親切でくれたとばかり| 思ってた薬が、実は尾行の為の| 癸信器代わりって寸法か…@ 世間知らずの顔して…なかなか| きたねえ真似してくれるじゃ| ねえか!」
0x7f800	173	「そんなつもりはないよ| …たまたまさ!」
0x7f800	174	「ふん! だが、これで| お前の正体がわかったぜ…| 貴様は善人の面をした悪党だ!」
0x7f800	175	「違う!」
0x7f800	176	「黙れ! 俺は貴様を殺す…| そしてむじなとあの方の元で| 人間どもに復讐してやるんだ!」
0x7f800	177	「あの方…?」
0x7f800	178	「大百足…しゃべりすぎよ」
0x7f800	179	「そうだ…自重しろ」
0x7f800	180	「お前達は…雪男に雪女!| 雪国妖怪せいぞろいか!@ お前達はなぜむじなに味方する?| 〝あの方"とやらの傘令か?」
0x7f800	181	「そうね…ちょっとくらいなら| 話してあげてもいいかな?」
0x7f800	182	「我らは〝魂の| アイスキャンデー"を欲する…」
0x7f800	183	「〝魂のアイスキャンデー"| だと!?」
0x7f800	184	「知らないの? 人間の魂を| 凍らせて作った、アタシ達の| エネルギー源ってとこね」
0x7f800	185	「彼の方はそれの大量生成法を| 我らに伝授された…@ これで我らはこの地で| 永遠に楽える事ができる」
0x7f800	186	「そうか…! この付近の村を| おそう〝奇病"とやらの原因は| お前達が村人の魂を奪って@ 〝アイスキャンデー"に| しているからなんだな?」
0x7f800	187	「その通りよ…我らはあの方の| しもべ…むじな様はその協力者と| いったところね…」
0x7f800	188	「なんて事を…そんなやり方で| 〝永遠に楽える"なんて事| あるもんか!@ 今はいいかもしれない。| だけどいずれしっぺ返しを| くう筈だ!」
0x7f800	189	「これ以上は話しても無駄だな…」
0x7f800	190	「鬼太郎。我らには我らの| 考えと理想がある。それを| じゃまするのなら…死ね!」
0x7f800	191	(く…こんな雪国の妖怪まで| 何者かにそそのかされ、何かの| 計画に荷担させられている…!@ 〝あの方"とは一体誰なんだ?| わからない事ばかりだ!!)
0x7f800	192	「そんな…くっそ~~!」
0x7f800	193	「大百足…」
0x7f800	194	「俺は…憎む!| 人間を! そしてお前を!@ 憎んで…憎んで…| 憎み続けてやる~~!」
0x7f800	195	「くう…できるな。| 一旦下がるとするか」
0x7f800	196	「ち、これ以上は| 厳しいね…撤退するよ」
0x7f800	197	「いたた…やったわね!| 一度引くわ…」
0x7f800	198	「よし、これで雪国妖怪は| 三人ともおとなしくなったな!」
0x7f800	199	「何!? まだ動けるのか?」
0x7f800	200	「もちろんよ…」
0x7f800	201	「極寒の氷雪に鍛えられし| 我らの実力…」
0x7f800	202	「見るがいい!」
0x7f800	203	「うごわああああああ~~っ!!」
0x7f800	204	「そんな…合体した?| こんな奥の手があったなんて!」
0x7f800	205	「やった! ありがとう!」
0x7f800	206	「よ~し、猫餅、| 開じこめてくれた| お返しをしてやるんじゃ!」
0x7f800	207	「ええ、そうね!」
0x7f800	208	「ああ! そ、そこは!?」
0x7f800	209	「やめろ!」
0x7f800	210	「そこを開けてはいかん!」
0x7f800	211	「うお~! それを開けるな~!」
0x7f800	212	「これは…人間の魂…?@ そうか…これが| 〝魂のアイスキャンデー"の| 貯蔵庫だったんだな?@ 溶けて再び元の人間の所へ| 戻っていくのか? 良かった…」
0x7f800	213	「なんてことしてくれたのよ!」
0x7f800	214	「せっかく集めた魂が!!| お…おのれ~!」
0x7f800	215	「我らの生きる糒をよくも| 台無しにしてくれたな…| もう許さんぞ!」
0x7f800	216	「我らの生きる糒をよくも| 台無しにしてくれたな…| もう許さんぞ!」
0x7f800	217	「うがあああああああ~~!!」
0x7f800	218	「さあ、観念しろ!| 雪国妖怪連合!」
0x7f800	219	「ち、ちくしょ~!」
0x7f800	220	「ここはひとまず退却ね」
0x7f800	221	「まて!」
0x7f800	222	「さらばだ鬼太郎…| 覚えていろよ!」
0x7f800	223	(結局…奴らのボスは何者| だったんだ?)
0x7f800	224	「ふう…これで全部か」
0x7f800	225	「鬼太郎…あいかわらず| なかなかやるじゃないか」
0x7f800	226	「むじな!?| とうとう追いつめたぞ!@ お前達の本当の目的を| 今日こそ| しゃべってもらうからな!」
0x7f800	227	「ふふふ…悪いが| 話す気はない」
0x7f800	228	「何!?」
0x7f800	229	「フフ…」
0x7f800	230	「うわああ!」
0x7f800	231	「ふふふ…早く逃げないと…| 仲間共々死んでしまうぞ」
0x7f800	232	「くそ…これ以上ここにいるのは| 危険だ…早く脱出しないと!」
0x7f800	233	「鬼太郎!」
0x7f800	234	「ごめん、猫餅。| 救出が遅くなって…」
0x7f800	235	「ううん、いいの!」
0x7f800	236	「そんなことより早く脱出じゃ!」
0x7f800	237	「そうですね…急ぎましょう!」
0x7f800	238	「むじな! 憶えておくんだ!| このままでは終わらせないぞ!」
0x7f800	239	「さらばだ鬼太郎!@ だが悲しむ事はない…| またすぐにあえるさ!| あ~っはっはっはっは!」
0x7f800	240	「奴らを逃がしていいのか?| ここで殺してやっても| いいのだぞ?」
0x7f800	241	「これはこれは…わざわざご足勞を| おかけします」
0x7f800	242	「質問に答えろ…」
0x7f800	243	「少し前、彼に連絡をとりました。@ そろそろ鬼太郎の耳にも| 〝あれ"の〝癸動"のニュースが| 届く頃でしょう」
0x7f800	244	「成る程…あせる事はないと| いうことか。だが…手柄を| 横取りされるやもしれんぞ?」
0x7f800	245	「敵を倒すばかりが| 手柄でもありますまい…」
0x7f800	246	「ふん、まあいい。@ なんにせよ鬼太郎の実力は| 今日見てわかった。| 実際に戦うのが楽しみだな…」
0x7f800	247	「戦うのが?| 〝味わうのが"でしょう?」
0x7f800	248	「ふふふ…そうだな」
0x7f800	1024	開癸中
0x83800	0	「ふぅ~、族は船族にかぎるのぉ」
0x83800	1	「くつろいどる場合か!| ワシらは戦いに| いくんじゃぞ!?」
0x83800	2	「そうガミガミ言うな砂かけ。| 焦ったところでどうなるもの| でもなかろう?」
0x83800	3	「それはそうじゃが…」
0x83800	4	「今からカリカリしてたって| しょうがないよ、オババ。@ それまではオイラの| この自慢の船で| くつろいでいればいいさ」
0x83800	5	「それにしても…| キミがこんな立派な船を| 持っていたなんてね」
0x83800	6	「おかげでなんとか小笠原まで| 行けそうじゃな。| 助かるのう…」
0x83800	7	「鬼太郎達には迷惑を| かけたからな…役にたてたなら| オイラもうれしいよ」
0x83800	8	「ほれ、お前もこっちにきて座れ。| この茶、なかなかイケるぞい」
0x83800	9	「やれやれ…」
0x83800	10	「砂かけ。子なきの言うことも| 一理あるぞ。| 今は英気を養う時じゃ」
0x83800	11	「要は気を緩めすぎなければ| いいのさ。大丈夫、みんなも| ちゃんとわかってるよ」
0x83800	12	「そうよ、オババ。| 緊張と緩和よ、緊張と緩和!」
0x83800	13	「あ…ああ…」@(ワシも…| 頭ではわかっとるんじゃ…| じゃが…何か胸騒ぎがする…@ いや、大きな戦いを前にして、| ワシも緊張をしとるのか。| 少し落ち着くか…)@「そうじゃな…ワシも一杯貰うか」
0x83800	14	「はい、オババ。| 今入れるわね」
0x83800	15	「小笠原までは、まだしばらく| かかりそうじゃのう」
0x83800	16	「海路とはいえ、京都までの倍の| 距離がありますからね」@(それにしても…ドラキュラ達の| 作戦は周到だ…僕達は完全に| 後手後手にまわっている…@ 敵は、一枚も二枚も| 僕らより上手だ…)
0x83800	17	「!! な、なんだ!?」
0x83800	18	「きゃっ!」
0x83800	19	「おっと、大丈夫か?」
0x83800	20	「きゃ~~!!| ど、どこさわってんのよ!」
0x83800	21	「あたたた~~~~!!| い、今のは事故じゃ!」
0x83800	22	「こ、こんな時に何を| やっておるんじゃお主は!?」
0x83800	23	「! この妖気…| 鬼太郎…注意するんじゃ!| 何か来るぞ!」
0x83800	24	「まったく…人の船の上に| 大勢押しかけやがって…| 畑が滅茶苦茶だよ!」
0x83800	25	「まぁ、こうしてみんな| 無事じゃったし| それでよいではないか」
0x83800	26	「まぁね。| でも、もうこの船での戦闘は| 勘弁してもらいたいよ」
0x83800	27	「そうならないように| もっとスピードをあげましょ」
0x83800	28	「無茶いうなよ!| これでも精一杯なんだって!」
0x83800	29	「そう? なんかさっきより| 速度落ちてるわよ」
0x83800	30	「…そう言われればなんだか| スピードが落ちてる気が| するな…ちょっと見てくるよ」
0x83800	31	「まぁ、なんにしても| ぬらりひょんの情報は正しかった| ようじゃな」
0x83800	32	「ええ、ヴォジャーイが| 妨害しに来たのが| なによりの証樵です」
0x83800	33	「既にかなりの妖怪がこの| 日本に入り込んでいると| 思ったほうがいいじゃろうな」
0x83800	34	「ワシらの妨害の為に| 表だって行動を開始したと| いうところか」
0x83800	35	「げ~! あんな奴らが| まだまだ| うろついてるっての?」
0x83800	36	「ああ…そう考えて| 間違いないだろうね」
0x83800	37	「さあ、これ以上邪魔が| 入らんうちに先を急ごう」
0x83800	38	「おおっ?!」
0x83800	39	「え? な、なに?!| なんで傾いてんの!?」
0x83800	40	「た、大変だ!| 船の廳に穴が開けられてる!」
0x83800	41	「な…なんだって!?| そうか! ヴォジャーイが| 出てきた時の衝撃…@ あれは| こういうことだったのか!」
0x83800	42	「なんとか直せないの?」
0x83800	43	「もうだいぶ浸水が進んでる…| 今からじゃおいつかないよ!」
0x83800	44	「く…なんてことじゃ。| してやられたわい!」
0x83800	45	「うわっ! だ、だめだ!」
0x83800	46	「お、オイラの船が~!」
0x83800	47	「ひえええええええええ~!| し~~ず~~む~~!!」
0x83800	48	「うわ! み…水じゃ!」
0x83800	49	「うわあああああああ!」
0x83800	50	「…波が…やんだ?」
0x83800	51	「!? お客さんじゃ!」
0x83800	52	「へっへっへ!| 海の上だと思って油断したね?」
0x83800	53	「魔女…?| ロンロンの部下か!?」
0x83800	54	「囲まれてしまったのぉ」
0x83800	55	「言わんこっちゃない!| のんびりしすぎじゃ!」
0x83800	56	「あんまり怒ると| しわが増えるぞい…」
0x83800	57	「む、なんか言ったか!?」
0x83800	58	(おお…怖い…)
0x83800	59	「むぅぅぅぅ。| こうなれば仕方ない。| 鬼太郎、船上戦じゃ!」
0x83800	60	「みんな! いくよ!」
0x83800	61	「死ね! 鬼太郎共!」
0x83800	62	「ふぅ、思ったより| たいしたことない| 連中でしたね、父さん」
0x83800	63	「じゃが、ワシらの動きは| すでに捕捉されているようじゃ。| 厳しい戦いになるな」
0x83800	64	「うわ! な…なんじゃ!?」
0x83800	65	「何かにぶつかった…?」
0x83800	66	「ククククク…」
0x83800	67	「!? 今度はなんだ!?」
0x83800	68	「鬼太郎、あそこじゃ!」
0x83800	69	「さすがに日本にその妖怪ありと| うたわれたゲゲゲの鬼太郎…@ 極東の妖怪といえども| それなりの力はあるようだ」
0x83800	70	「ヴォジャーイ!」
0x83800	71	「いきなり大物のお出ましか!?」
0x83800	72	「鬼太郎、| 無駄な抵抗はやめて| おとなしく捕虜となれ」
0x83800	73	「な…なんじゃと!?| ふざけるな!?」
0x83800	74	「おやおや…ご走体、| そんなに興曹されては| 身体に悪いぞ」
0x83800	75	「話し合いなら喜んで応じるさ。| だけど…一方的な降伏なんて| するもんか!」
0x83800	76	「ふふ…そう言うと思ったよ。| 容赦する必要は皆無な様だな!@ ならば…お目にかけよう。| でてこい、我が水兵士共!」
0x83800	77	「水…兵士?」
0x83800	78	「雪国妖怪共が合体したときの| 姿に似ておるが…水でできた| 兵士といった感じじゃな」
0x83800	79	「…………………………」
0x83800	80	「なんだか…弱そうだな」
0x83800	81	「それはどうかな?@ こいつらは雪国合体妖怪を| 使って、俺の水を操る能力で| 量産した水の兵隊!@ ちょっとばかり手強いぜ!」
0x83800	82	「なんだって…?| じゃあ…雪ん子達は| どうなったんだ?」
0x83800	83	「死んじゃあいない。@ こいつらに闘志を与える為に| 溶かしてベースに| なってもらったがな!」
0x83800	84	「お前達…コロス!| コロスコロスコロスコロス~!」
0x83800	85	「〝ベースになってもらった"| だって!? 妖怪の傘を| もてあそぶ様なことを…!」
0x83800	86	「ふん、あいつらをさんざん| 傷つけておいて何を言う!@ 俺は奴らの望みをかなえて| やったのだ。@ 鬼太郎…こいつらはお前達を| 倒す為に新しい身体を…力を| 得たのだ!」
0x83800	87	「ヴォジャーイ様…| 後はお任せを!」
0x83800	88	「ペナンガランか、いいだろう。| もう仕込みは済んでいる。| 奴らの進撃もここまでだ」
0x83800	89	「はは!」
0x83800	90	「逃げる気か!」
0x83800	91	「鬼太郎、俺が見届けずとも| どうせお前達はここで| 海の藻屑となる」
0x83800	92	「なんだと!?」
0x83800	93	「ふふふ…さらばだ鬼太郎!」
0x83800	94	「待て!」
0x83800	95	「おっと鬼太郎!| ここから先には行かせないぞ!」
0x83800	96	「ペナンガラン! キミにも| 色々聞きたい事があるけど…| 邪魔をするなら…倒す!」
0x83800	97	「ぬかせ!| 水兵士共…かかれ!」
0x83800	98	「! な、なんだ?」
0x83800	99	「う、うわっ!!| これもヴォジャーイの力か!?」
0x83800	100	「目…目が回る!| こ、こりゃたまらんわい!」
0x83800	101	「ま、またじゃ!」
0x83800	102	「鬼太郎! はやく終わらせんと| まずいぞ!」
0x83800	103	「は、はい!」
0x83800	104	「ぐぐぐ…」
0x83800	105	「ペナンガラン…お前の力は| その程度か? 悪いけど…| キミじゃあ僕を止められない!」
0x83800	106	「ふ…何も知らずに…| お前達の足止めは既に| 完了している!」
0x83800	107	「なんじゃと?| 負け線しみは| みっともないぞ!」
0x83800	108	「ふん、負け線しみかどうかは| すぐわかる。| では、さらばだ、鬼太郎!」
0x83800	109	「なんじゃ、あいつ…」
0x83800	110	「……………| 本当に…負け線しみ| だったのかな…」
0x83800	111	「ふう、ヴォジャーイの言った| 通り、ちょっとばかり| 手強い連中じゃったな」
0x83800	112	「でも、僕達を| 倒せる程ではなかったですね」
0x83800	113	「なめられたもんじゃな。| 鬼太郎、船を動かして| 先をいそごう」
0x83800	1024	開癸中
0x85800	0	「う…ううう…」
0x85800	1	「ん…ここは…何処だ?」
0x85800	2	「おお、気が付いたか鬼太郎!」
0x85800	3	「そうか…カラスの| ヘリコプターが墜落して…| 森に不時着したんだっけ…@ あいたたた…」
0x85800	4	「どうした! 痛むのか?」
0x85800	5	「思い出したら痛くなって| 来ました…」
0x85800	6	「なんじゃ、そんなのんきな事が| 言えるんなら、心配| なさそうじゃな」
0x85800	7	「しかし…実際酷い目に| 遭いましたよ…そうだ!| カラス達はどうなったんだ?」
0x85800	8	「ぬりかべが面倒をみとるよ」
0x85800	9	「ぬ~り~か~べ~!」
0x85800	10	「カラス達の具合はどうだい?」
0x85800	11	「みんなダメージが大きい~!| しばらく飛べそうにな~い!」
0x85800	12	「そうか…くそ!| バックベアードの奴…| よくもやってくれたな!」
0x85800	13	「しばらくカラスのヘリは| 使えんな。| 歩いていくしかないか…」
0x85800	14	「仕方がありませんね。| 少しでも京都に近付いて| おかないといけませんから…」
0x85800	15	「そうじゃな…進むとするか!」
0x85800	16	「待~~て~~!!」
0x85800	17	「な…誰だ!」
0x85800	18	「ふう…| なんだかとんでもない所に| 墜落しちゃったわね」
0x85800	19	「空から落ちたと思ったら| いきなり戦闘じゃからの。| やれやれ、大変じゃったわい!」
0x85800	20	「じゃが、こんな場所でも| 世界妖怪どもの手先が悪企みを| 進めておったとは…」
0x85800	21	「怖いですね、父さん。| 偶然僕達がここに落ちたから| 癸見できたものの…@ カラスのヘリコプターで素通り| していたら、また奴らの暗躍を| 許す所でしたよ」
0x85800	22	「じゃが…偶然であれ、なんであれ| ワシらが奴達の計画の一端を| 封じられたのは事実じゃ。@ 天がワシらに味方しとるんじゃ、| 今はそれを素直に| 喜ほうではないか!」
0x85800	23	「は、はい…」
0x85800	24	「そうよ鬼太郎!| ラッキーだったじゃない!」
0x85800	25	「ラッキー……そうか、| そうかもな」
0x85800	26	「よし、また京都に向けて| 進行再開じゃな」
0x85800	27	「カラス達は~| ぬりかべが連れていく~!」
0x85800	28	「よし、出癸だ!」@(オオカミ男の部下はラグレシアを| 何処に連れて行ったんだろう…| まだ何か根が深そうだな…@ でも、とりあえず京都に| 急がないと…@ 猫餅のいう〝ラッキー"が| 僕達の追い風に| なってくれている間に…)
0x85800	29	「お前…鬼太郎だね~?」
0x85800	30	「この声の主は…お前か!」
0x85800	31	「そうさ、| 私の名はラグレシア!」
0x85800	32	「〝ラグレシア"…だって?| 父さん…聞いた事ありますか?」
0x85800	33	「いいや…だが、| 出で立ちからして| 南国の妖怪の様じゃな」
0x85800	34	「花じゃない……| なんか、弱そう…」
0x85800	35	「ふははははは~!| よくここが私の根城だと| わかったね?@ こんなに早く計画を| 嗅ぎつけてくるとは…| さすが鬼太郎、ほめてやるぞ!」
0x85800	36	「計画…?」
0x85800	37	「とほけるな!| お前達はここで私が| 大量栽培する予定の@ 〝幻覚作用のあるキノコの| 胞子"の情報を聞きつけて| あわてて来たのだろう!@ なにしろ私はそれを使って| 日本の妖怪を次々配下に加える| つもりなんだからね~~!!」
0x85800	38	「…………………………」
0x85800	39	「…………………………」
0x85800	40	「な…成る程…ここでは| そんな事が企まれていたのか…| ちっとも知らなかった」
0x85800	41	「な…何!?」
0x85800	42	「聞いてもいないのに| 自分の企みを喋って| しまいおったぞ…」
0x85800	43	「弱そうなのは| 外見だけじゃなく| 〝オツムも"のようじゃな…」
0x85800	44	「な…なんだと?| お前達…何も知らずに| ここへやってきたのか?@ それではお前達は何のために| ここへ来たというのだ!?」
0x85800	45	「えっと…墜落…かな?」
0x85800	46	「つ…ついらく?」
0x85800	47	「まあ…確かに| 不時着というよりは| 墜落だったわね…」
0x85800	48	「つまり〝偶然"じゃな」
0x85800	49	「そ…そんな…!」
0x85800	50	(…なんだか少し| かわいそうに| なってきたな…)
0x85800	51	「こいつも世界妖怪の一員| なんじゃろうが…こんな展開では| いまいち闘志が涌かんな」
0x85800	52	「ま、まあ、| 計画を聞いてしまった以上| 放っておくわけにもいかん。@ かわいそうじゃが…| ちょっと懲らしめてやらんとな」
0x85800	53	「気が進みませんが…| そうですね…」
0x85800	54	「畜生…| ば、馬鹿にしやがって~!」
0x85800	55	「なんじゃこれは…| 花粉か?」
0x85800	56	「目くらましのつもりか…?| けど僕らはこんなものに| 惑わされたりは…」
0x85800	57	「てめえら! 出てきな!」
0x85800	58	「うわ! 世界妖怪の手下が| こんなに隠れていたのか?」
0x85800	59	「キノコの胞子を撒く為の人員を| 確保しておいて良かったよ!」
0x85800	60	「鬼太郎、見慣れん奴がおるぞ!」
0x85800	61	「あれは…ミイラ男ですね…| あんな連中までこの日本に!」
0x85800	62	「あ奴一人かと思って高を| くくっておったが…こいつは| 少し手こずりそうじゃぞ」
0x85800	63	「お前達が思わせぶりに| ここへやってきやがるから| 私の計画が台無しだよ!@ かくなる上はお前達の傘で| 埋め合わせを| してもらうからね!」
0x85800	64	「望む所だ…来い!| ラグレシア!」
0x85800	65	「父さん!| 敵の姿が消えていきます!」
0x85800	66	「むむむ…さてはさっき奴が| 吹き出したのが幻覚キノコの| 胞子だったんじゃな…@ その胞子の所為でワシらの| 目が混乱させられとるんじゃ!」
0x85800	67	「ふふふ…そうとも…ここに| 墜落してきた事はお前達にとって| 不幸な偶然だったな。@ なにせ私の手の内を| お前達はなにも知らないの| だからな!」
0x85800	68	「父さん…どうしましょう…」
0x85800	69	「偉そうな事をいっておるが| 気にするな。戦えば敵がどこに| おるかは自ずとわかる!」
0x85800	70	「わ…わかりました!」
0x85800	71	(く…さすが鬼太郎だ。| なかなかしぶとい…| かくなる上は!)@「くらえ…!」
0x85800	72	「う! これは…| 何ともいえないすごい臭いだ!」
0x85800	73	「これが私の真骨頂…| 〝かぐわしき| ラグレシアの香り"よ!」
0x85800	74	「むむむ…あの香りとやらは| 力を奪うのか? こ奴、| なかなかあなどれんぞ」
0x85800	75	「く…」
0x85800	76	「ラグレシア…もう降参しろ!」
0x85800	77	「へ…冗談じゃないね…| 偶然ここに落ちてきただけの| マグレ懸郎に負けられるか!@ くらえ!」
0x85800	78	「うわ!」
0x85800	79	「へっへっへ!」
0x85800	80	「!? ラグレシアが…増えた?」
0x85800	81	「幻覚じゃ!| ラグレシアの本体は一つ…| それを見極めるんじゃ!」
0x85800	82	「幻覚…そうか!| わかりました、父さん!」
0x85800	83	「そいつは本物ではないようじゃ…| 本当のラグレシアを| 倒すんじゃ!」
0x85800	84	「そいつも幻じゃ。| 本当のラグレシアを| 倒すんじゃ!」
0x85800	85	「うぐ…!」
0x85800	86	「見つけたぞ!」
0x85800	87	「ち! 確かに| 運はいいようだね…| だが、それだけさ!@ もう小細工は終わりだ…| 勝負してやる!」
0x85800	88	「ちっ、見つかっちまったか。| もう小細工は終わりだ…| 勝負してやる!」
0x85800	89	「ふふ、随分苦勞したようだねぇ。| ま、お麌びはこれくらいにして| 本気を出そうか!」
0x85800	90	「ぐわああああああ!」
0x85800	91	「よし!| ラグレシアを倒したぞ!」
0x85800	92	「ここは胞子が| 充満していて危険じゃ…| 長居は無用じゃぞ鬼太郎」
0x85800	93	「ええ、そうですね。| でも…その前にこいつから@ 〝幻覚作用のあるキノコの胞子"| とかいう奴を全部| 取り上げないと…」
0x85800	94	「おお…それもそうじゃな」
0x85800	95	「……へ…そうは…いかないよ…」
0x85800	96	「何!?」
0x85800	97	「ラグレシア様!」
0x85800	98	「なんじゃあいつらは…?」
0x85800	99	「姿から察するに…| オオカミ男の手下か?」
0x85800	100	「遅かったじゃないか…」
0x85800	101	「申し訳ございません…| 牛鬼の仕込みに思いの外| 時間がかかりまして…」
0x85800	102	「まあいい…なんにせよ| 鬼太郎達のおかげで| この場所での計画は失敗だ。@ せめて…胞子だけでも| 〝お前達の工場"に| 運び込むとしよう」
0x85800	103	「奴ら、ラグレシアと一緒に| 逃げるつもりじゃ!」
0x85800	104	「ま…待て!」
0x85800	105	「へ! じゃあね…鬼太郎」
0x85800	106	「うわ! ま…またか…!?」
0x85800	107	「……………………」
0x85800	108	「逃げられて…しもうたか…」
0x85800	109	「こう胞子をまかれては| 深追いはできませんね…」
0x85800	110	「しかたない、奴の事は| 放っておこう。京都に| 急がねばならんしな…」
0x85800	111	(牛鬼…とか言ってたな…?| 奴らはまた別の場所で| 何かを企んでいるのか?)
0x85800	1024	開癸中
0x87800	0	「かわうそ、後どれくらいで| 例の村に着けそうだい?」
0x87800	1	「まもなくだとは| 思うけど…ちょっと様子を| 見てくるよ」
0x87800	2	「早く奴を止めんとな…」
0x87800	3	「…ねえ、鬼太郎」
0x87800	4	「なんだい、猫餅?」
0x87800	5	(もう…降参よ…)@「その…今からアタイ達が| 向かう村を襲っている| 妖怪って…一体なんて奴なの?」
0x87800	6	「おそらく…| 〝牛鬼(ぎゅうき)"だと思う」
0x87800	7	「あ…そうそう牛鬼!| 思い出した!」
0x87800	8	「断言はできんが…| 鬼太郎が電話で聞いた特徼と@ 海辺の村が襲われておる| 事から考えてまず間違い| ないじゃろう」
0x87800	9	「牛鬼は…手強いで| ごわすか?」
0x87800	10	「おそらくな。| 詳しい事はワシも知らんが…@ なんでも以前奴が現れた時には、| 牛鬼を封鰯するのに、神様に力を| 貸して頂いたと聞いておる」
0x87800	11	「か…神様に手伝って| もらってやっと勝てたの!?@ そ、そんなヤツ相手に| アタイ達だけで大丈夫?」
0x87800	12	「わからないけど…| 一度は封鰯できたんだ、| 何か方法がある筈さ」
0x87800	13	「なにごともチャレンジばい!」
0x87800	14	「やるまえから諦めておったら| なにもできんからな」
0x87800	15	「まぁ、そうだけど…」
0x87800	16	「ともかく、| 止めると決めたんじゃ。| あとは全力を尽くすだけじゃ」
0x87800	17	「みんな、| もうすぐ到着だよ!」
0x87800	18	「牛鬼がでるっていうのは| 海辺から少し行った池のそばの| 村だ。急いで向かおう」
0x87800	19	「いよいよね…」
0x87800	20	「いざ~~出陣~~!」
0x87800	21	「おお、迦楼羅様…」
0x87800	22	「ま…マジかよ…!」
0x87800	23	「皆の者ケガはないか?」
0x87800	24	「へぇ。これも迦楼羅様の| おかげです!」
0x87800	25	「ワシだけではないであろう?」
0x87800	26	「…? あっ!| えっと、鬼太郎さん達も| ありがとうございました!」
0x87800	27	「〝ついで"という感じじゃのぉ」
0x87800	28	「い、いいえ!| おかげでワシらの村も| 被害を増やさずに済みました」
0x87800	29	「おかげで| 無事で済んだぜ…| 有り難う、鬼太郎さん達。@ 俺…本当は怖くて| 逃げだそうとしてたんだ。| 恥ずかしいぜ…」
0x87800	30	「はははは、まぁ、| 無事だったんだし、| いいじゃないか」
0x87800	31	「迦楼羅様、| ありがとうございました」
0x87800	32	「鬼太郎。牛鬼を頼む」
0x87800	33	「は、はい! あとは任せて| ください。もっとも、もう心配は| いらないと思いますが」
0x87800	34	「ググ…俺…封鰯を解かれて| 興曹してた…俺…反省した…| 今まで食べた人間…返す…」
0x87800	35	「え! 返すって…どうやって?」
0x87800	36	「まだ、腹の中…残ってる」
0x87800	37	「おお…本当ですか!」
0x87800	38	「よし、牛鬼、| すぐにみんなを戻して| あげてくれ!」
0x87800	39	「フッ…確かに、| 心配いらないようだな…| では、な」
0x87800	40	「迦楼羅様! どちらへ…」
0x87800	41	「ワシは帰る。| 用は…もう済んだようだ| からな」
0x87800	42	「お呼びだてして…| 申し訳ありませんでした」
0x87800	43	「良い。我らを信ずる者の顔を| 久方ぶりに見られた事…| うれしく思うぞ! …若者!」
0x87800	44	「え? お、俺ですか?」
0x87800	45	「今後も、かような事あらば| 我らを信じ、諦めずに祈れ。@ その祈り、真の心より| 出でしものなら…| またここへ参ろう!」
0x87800	46	「は、はい!」
0x87800	47	「さらばだ…」
0x87800	48	「あ…あの!」
0x87800	49	「行っちゃった…」@(世界妖怪達の事を相談| しようと思ったんだけど…@ まあいいや、きっと| 始めから彼を頼っても| 力を貸してはくれない。@ まず、自分で| ギリギリまで戦わなくちゃ…)
0x87800	50	「おい、螯長にしている場合では| ないぞ。はよう小笠原に| いかんとならんぞい」
0x87800	51	「そうじゃな。村人も無事の| ようじゃし。迦楼羅様と同じく| ワシらも行くとするか」
0x87800	52	「あ、はい」
0x87800	53	「本当に…| お世話になりました」
0x87800	54	「そのお礼の言葉…この村の| 事件の事を教えてくれた、| ある女の子に伝えておきますよ」
0x87800	55	「鬼太郎!| 急がないと!」
0x87800	56	「あ、ああ、わかったよ!」@(さあ、次はいよいよ| 小笠原だ…一体…どんな妖怪が| 待ち受けているんだろう…?)
0x87800	57	「いや、元はといえばワシの封鰯が| 甘かった故だ。@ もうこんなことがないように| 厳重に封鰯を施しておこう」
0x87800	58	「凶暴な奴だったでごわす!」
0x87800	59	「うむ。| だが、これでもう終わりだ。| お主達の協力に感謝する」
0x87800	60	「いえ、こちらこそありがとう| ございました」
0x87800	61	「ではな」
0x87800	62	「迦楼羅様! どちらへ…」
0x87800	63	「ワシは牛鬼に封鰯を施し、| 帰るつもりだ」
0x87800	64	「お呼びだてして…| 申し訳ありませんでした」
0x87800	65	「良い。我らを信ずる者の顔を| 久方ぶりに見られた事…| うれしく思うぞ! …若者!」
0x87800	66	「え? お、俺ですか?」
0x87800	67	「今後も、かような事あらば| 我らを信じ、諦めずに祈れ。@ その祈り、真の心より| 出でしものなら…| またここへ参ろう!」
0x87800	68	「は、はい!」
0x87800	69	「さらばだ…」
0x87800	70	「あ…あの!」
0x87800	71	「行っちゃった…」@(世界妖怪達の事を相談| しようと思ったんだけど…@ まあいいや、きっと| 始めから彼を頼っても| 力を貸してはくれない。@ まず、自分で| ギリギリまで戦わなくちゃ…)
0x87800	72	「おい、螯長にしている場合では| ないぞ。はよう小笠原に| いかんとならんぞい」
0x87800	73	「そうじゃな。村人も無事の| ようじゃし。迦楼羅様と同じく| ワシらも行くとするか」
0x87800	74	「あ、はい」
0x87800	75	「本当に…| お世話になりました」
0x87800	76	「そのお礼の言葉…この村の| 事件の事を教えてくれた、| ある女の子に伝えておきますよ」
0x87800	77	「鬼太郎!| 急がないと!」
0x87800	78	「あ、ああ、わかったよ!」@(さあ、次はいよいよ| 小笠原だ…一体…どんな妖怪が| 待ち受けているんだろう…?)
0x87800	79	「…さびしいとこじゃの」
0x87800	80	「…静かね。| 本当にこのあたりの村が| 牛鬼に襲われているのかしら?」
0x87800	81	(まさか…僕達を惑わせる為の| 偽情報だったのか…?)
0x87800	82	「お? 人じゃ」
0x87800	83	「この村の人のようじゃな…」
0x87800	84	「! だ、誰だ!?」
0x87800	85	「あ! 僕達は怪しいものでは| ありません。@ ここいらに大きな妖怪…| 化け物が出現すると聞いて| 助けに来たんですが…」
0x87800	86	「じゃが…そんな様子では| ないのう。鬼太郎、ョソを| 捜した方がいいかもしれんな…」
0x87800	87	「鬼太郎…?| あなたがあの…有名な| ゲゲゲの鬼太郎さんですか?」
0x87800	88	「ええ…そうですけど…」
0x87800	89	「…おお! ワシらの祈りが| 天に通じたようじゃ!@ あぁ、ありがたや、ありがたや。| これであとは迦楼羅(かるら)| 様に祈りが届けば助かる!!」
0x87800	90	「迦楼羅…様?」
0x87800	91	「きゃ!」
0x87800	92	「な…なんじゃ!?」
0x87800	93	「いかん…奴がまた目を| 覚ましたようです!」
0x87800	94	「奴って…まさか…!?」
0x87800	95	「グオオオオオオ~~!!」
0x87800	96	「あ…あいつです!| もう村人が何人もあいつに| 食べられているんです!」
0x87800	97	「ま…間違いない、牛鬼じゃ!」
0x87800	98	「わかりました。| 任せてください」
0x87800	99	「村の連中は…この建物に| みんな騫難しているんです…」
0x87800	100	「え? そんな所に?」
0x87800	101	「ここをやられるとこの村は| 全滅です。お願いします。| ここを護ってください!」
0x87800	102	「ど、どうして逃げないんです!| 僕達が奴の気を引いている間に| みんな騫難した方が…」
0x87800	103	「自分の生まれた村を| 見捨てるなんてできません!| この中では村の連中が@ 迦楼羅様にこの村を御護りして| いただけるよう祈りを| 捧げておるんです!」
0x87800	104	「そうか、わかった。| 後はワシらに任せて、| お祈りを続けてくれ」
0x87800	105	「はい! お願いします!」
0x87800	106	「父さん、いいんですか?| 騫難してもらった方が…」
0x87800	107	「牛鬼を封鰯するのに| 協力してくれた神様が| おったという話をしたな?@ その神様の名前が…| 〝迦楼羅"様じゃ」
0x87800	108	「え!? そうなんですか?」
0x87800	109	「うむ、この村には、まだ| 迦楼羅様の信仰が| 残っておったようじゃ。@ 彼らの祈りが、牛鬼を倒すのに| 何か役立ってくれるかもしれん。| 彼らを護りながら戦うんじゃ!」
0x87800	110	「成る程…わかりました!」
0x87800	111	「グガガガガ…!!」
0x87800	112	「お前が牛鬼か! どういう| 理由があるのか知らないが| 村を襲うのは止めるんだ!」
0x87800	113	「ウガガガ~~~ッ!!」
0x87800	114	「ダメじゃな…| やはり戦うしかないか」
0x87800	115	「わっ!」
0x87800	116	「またこいつらか!」
0x87800	117	「水兵士の他に…見慣れん| 連中もおるが…格好からみて| 世界妖怪の手先じゃな…」
0x87800	118	「親父殿、| この一件、やはり…」
0x87800	119	「うむ。| ヴォジャーイ達が| 関係しておるのは間違いない。@ 恐らく牛鬼を復活させたのも| 奴じゃ。仲間にでも引き入れ| ようとしておるのじゃろう」
0x87800	120	「牛鬼は民家を襲うつもりみたいだ。| そんな事させる訳にはいかない!| 急いで止めましょう!」
0x87800	121	(牛鬼を倒す時に…| 気をつけねばいけない事が| あった筈なんじゃが…@ はて…なんじゃったかのう?| ど忘れしたわい!)
0x87800	122	「どうかしましたか?| 父さん」
0x87800	123	「い…いや、なんでもないんじゃ」@(まあ、そのうち| 思い出すじゃろう)
0x87800	124	「行くぞ! 牛鬼!」
0x87800	125	「こんな所で祈ってて| 本当に迦楼羅様なんて| 来るのか?@ やっぱ逃げた方が| いいんじゃないかな?」
0x87800	126	「馬鹿者! お前達はそうやって| この村の言い伝えを軽蕈し、| 忘れてしまうがな…@ この村の人間は、自分達の力では| どうしようもない事が起きると、| こうして祈りを捧げてきた。@ きっと迦楼羅様が| 助けてくださる!」
0x87800	127	「けど…神様なんて…」
0x87800	128	「神様はよっぽど大きな事が| おこらない限り千年でも| 二千年でもじっとしておられる。@ それを動かすのが我らの| 祈りじゃ! つべこべいわず、| 手をあわせろ!」
0x87800	129	「わ…わかったよ」
0x87800	130	「よし、なんとかなりましたね!」
0x87800	131	(まてよ…)
0x87800	132	「し、しまった!」
0x87800	133	「どうしたんですか、| 父さん!?」
0x87800	134	「今になって思い出したが…| 牛鬼にはある恐ろしい能力が| あるんじゃ!」
0x87800	135	「恐ろしい…能力?」
0x87800	136	「牛鬼を倒した者も…| 牛鬼になってしまうんじゃ!」
0x87800	137	「な…なんですって!?」
0x87800	138	「なんじゃ!?| うおおおお~~~~~~!!」
0x87800	139	「なんじゃ!? うわあ~!」
0x87800	140	「きゃっ! 何なの!?| いやああああああああ~!」
0x87800	141	「うわ!| なんでごわすか~~!?」
0x87800	142	「ぬ、ぬりかべ~~!!」
0x87800	143	「な、なんだいこれ!?| うわあ~~~~~~~!!」
0x87800	144	「何? 何!? うわああ~~!」
0x87800	145	「うわああああ!」
0x87800	146	「げげげ! なんだよ、これ!| や、やめろ~~~~~~~~!」
0x87800	147	「な、なんだ!?| や、やめてくれ~~~~!!」
0x87800	148	「え? え!?| な、なんだ~~~~~!!」
0x87800	149	「何だ!?| や、やめろ~~~~~~!!」
0x87800	150	「なんだ!? やめろ!| 俺様の身体にはいってくるな!| うぎゃあ~~~~~~~~!!」
0x87800	151	「うぬ! い、いかん…| うおおおおおおお~~~~!」
0x87800	152	「こ…これは!?」
0x87800	153	「グオオオオオオオ~!」
0x87800	154	「そんな…本当に牛鬼に| なってしまうなんて!?」
0x87800	155	「こんな大事な事を| 忘れておったとは…」
0x87800	156	「父さん…このままじゃ| 牛鬼を倒せませんよ!| 一体どうすれば…」
0x87800	157	「ううむ…」@(これは…あのお方の| 登場を待つ他あるまい…)@「鬼太郎…勝機は必ず訪れる。| 今は時間をかせぐんじゃ!」
0x87800	158	「は…はい」
0x87800	159	「よし、なんとかなりましたね!」
0x87800	160	(まてよ…)
0x87800	161	「し、しまった!」
0x87800	162	「どうしたんですか、| 父さん!?」
0x87800	163	「今になって思い出したが…| 牛鬼にはある恐ろしい能力が| あるんじゃ!」
0x87800	164	「恐ろしい…能力?」
0x87800	165	「牛鬼を倒した者も…| 牛鬼になってしまうんじゃ!」
0x87800	166	「な…なんですって!?」
0x87800	167	「こ…これは!?| う…うわあ~~!」
0x87800	168	「き…鬼太郎!| うわぁっ!」
0x87800	169	(い、いかん。| 一旦どこかに騫難せんと!)
0x87800	170	「グオオオオオオオ~!」
0x87800	171	「とほほ…鬼太郎が牛鬼に!| こんな大事な事を| 忘れておったとは…」@(…このままじゃ| 牛鬼を倒すことはできん!| ううむ…@ これは…あのお方の| 登場を待つ他あるまい…)@「鬼太郎…すまん。| 必ず元の姿に戻してやるから| 今は耐えてくれ!」
0x87800	172	「あいたた…ひどい目にあった!」
0x87800	173	「鬼太郎。元に戻れたか!」
0x87800	174	「あ、父さん!| すいません。僕が油断した| ばかりに…」
0x87800	175	「そんな事はいい、| 今は牛鬼の奴をなんとか| する事を考えるんじゃ!」
0x87800	176	「も…元にもどれたのか?| やれやれじゃ…」
0x87800	177	「やれやれ…ひ、ひどい目に| あったぞい!」
0x87800	178	「うう…あれ?| アタイ…何してたの?」
0x87800	179	「ううう…も、元のおいどんに| 戻れたでごわすか?」
0x87800	180	「ぬりか…べ…」
0x87800	181	「な、何が…おきたんだい?」
0x87800	182	「いたたたた…| あれ? オイラ何を…?」
0x87800	183	「ぐう…ひどい目にあった…」
0x87800	184	「や、やっと元にもどれた…」
0x87800	185	「も、もとに戻れたのか?| ひえ~~! 助かったぜ!」
0x87800	186	「あれ? ここは…?| たしか…牛鬼と戦ってて…| それで…どうしたんだっけ?」 
0x87800	187	「ぐ…ひ、ひでえ目にあったぜ…」
0x87800	188	「ぐぐぐ……あれ?| 俺は…なにを…?」
0x87800	189	「ぬう…不覚をとったわ…」
0x87800	190	「元に戻れたか……| だが相当疲勞しておる様じゃな。| 手当してやらんと…」
0x87800	191	「なんじゃ!?| うおおおお~~~~~~!!」
0x87800	192	「なんじゃ!? うわあ~!」
0x87800	193	「きゃっ! 何なの!?| いやああああああああ~!」
0x87800	194	「うわ!| なんでごわすか~~!?」
0x87800	195	「ぬ、ぬりかべ~~!!」
0x87800	196	「な、なんだいこれ!?| うわあ~~~~~~~!!」
0x87800	197	「何? 何!? うわああ~~!」
0x87800	198	「うわああああ!」
0x87800	199	「げげげ! なんだよ、これ!| や、やめろ~~~~~~~~!」
0x87800	200	「な、なんだ!?| や、やめてくれ~~~~!!」
0x87800	201	「え? え!?| な、なんだ~~~~~!!」
0x87800	202	「何だ!?| や、やめろ~~~~~~!!」
0x87800	203	「なんだ!? やめろ!| 俺様の身体にはいってくるな!| うぎゃあ~~~~~~~~!!」
0x87800	204	「うぬ! い、いかん…| うおおおおおおお~~~~!」
0x87800	205	「いかん、またじゃ!」
0x87800	206	「何度やっても同じですね。| 一体どうすればいいんだ…」
0x87800	207	「も…元にもどれたのか?| やれやれじゃ…」
0x87800	208	「やれやれ…ひ、ひどい目に| あったぞい!」
0x87800	209	「うう…あれ?| アタイ…何してたの?」
0x87800	210	「ううう…も、元のおいどんに| 戻れたでごわすか?」
0x87800	211	「ぬりか…べ…」
0x87800	212	「な、何が…おきたんだい?」
0x87800	213	「いたたたた…| あれ? オイラ何を…?」
0x87800	214	「ぐう…ひどい目にあった…」
0x87800	215	「や、やっと元にもどれた…」
0x87800	216	「も、もとに戻れたのか?| ひえ~~! 助かったぜ!」
0x87800	217	「あれ? ここは…?| たしか…牛鬼と戦ってて…| それで…どうしたんだっけ?」
0x87800	218	「ぐ…ひ、ひでえ目にあったぜ…」
0x87800	219	「ぐぐぐ……あれ?| 俺は…なにを…?」
0x87800	220	「ぬう…不覚をとったわ…」
0x87800	221	「いかん、またじゃ!」
0x87800	222	「こ…これは!?| う…うわあ~~!」
0x87800	223	「き…鬼太郎!| うわぁっ!」
0x87800	224	(い、いかん。| 一旦どこかに騫難せんと!)
0x87800	225	「とほほ…鬼太郎が牛鬼に…」@(これは…やはりあのお方の| 登場を待つ他あるまい…)@「鬼太郎…すまん。| 必ず元の姿に戻してやるから| 今は耐えてくれ!」
0x87800	226	「とほほ…| 鬼太郎が敗れたか!」
0x87800	227	「ここまでじゃな…」
0x87800	228	(むう…鬼太郎を| たすけられる仲間は| みんなやられてしもうたか!?)@「こ、ここまでか…」
0x87800	229	「か…迦楼羅様~~!| お…お助けを~~!」
0x87800	230	「ちぇ!| 言わんこっちゃねえ!」
0x87800	231	「もうダメじゃ…仕方がない、| みんな逃げるんじゃ!| 迦楼羅様…信じておりますぞ!」
0x87800	232	「…ウガアア!」
0x87800	233	「い、いかん! このまま奴に| 好き放題暴れさせていては| 被害が広がってしまう!@ なんとかして奴を| とめなくては…!」
0x87800	234	「グオオオオオ~!」
0x87800	235	「牛鬼の奴、ワシらの攻撃が| こたえたようじゃな。| もう家は狙わんじゃろう!」
0x87800	236	「! あれは…」
0x87800	237	「ふむ。やはり牛鬼か…| どこの誰が封鰯を解いたのか| 知らぬが、また封じてくれよう」
0x87800	238	「あ、あれは迦楼羅様!」
0x87800	239	「じゃあ…この方が…」
0x87800	240	「うむ、あの方が| 天地劍造を手伝った神様…| 迦楼羅様じゃ!」
0x87800	241	「ワシは神ではない。| 千手観音をまもった二十八部衆の| ひとりだ。@ 八万年前にヤツを封鰯したのだが| 何故、今になって封鰯が| 解けたのか…」
0x87800	242	「は、八万年?!」
0x87800	243	「申し訳ありません。| 悪企みを考える愚かな| 妖怪の仕業なのです…」
0x87800	244	「ともかく、牛鬼は危険な妖怪。| ワシも手伝おう」
0x87800	245	「ありがたい!| 神様が味方になれば| 百人力じゃ!」
0x87800	246	(だから違うと言っておろうに…)@「まぁ、よい。お前達妖怪の仲間が| この失態を招いたのなら、| お前達が脊任をとれ」
0x87800	247	「ど…どうすれば| よろしいのですか?」
0x87800	248	「簡単だ、牛鬼の奴を倒せ。| そうすれば奴は自分を倒した| 相手に取りつこうとする筈だ。@ ワシはその時に| 奴を捕らえて封じる| …わかったな?」
0x87800	249	「はは…そのように| いたします」
0x87800	250	「うむ…また会おう」
0x87800	251	「よし、これで安心じゃ。| とりあえず牛鬼を| 倒すんじゃ!」
0x87800	252	「はい!」
0x87800	253	「! あれは…」
0x87800	254	「ふむ。やはり牛鬼か…| どこの誰が封鰯を解いたのか| 知らぬが、また封じてくれよう」
0x87800	255	「か…迦楼羅様!?@ あなた様が…| 天地劍造を手伝った神様…| あの迦楼羅様なのですか!?」
0x87800	256	「ワシは神ではない。| 千手観音をまもった二十八部衆の| ひとりだ。@ 八万年前にヤツを封鰯したのだが| 何故、今になって封鰯が| 解けたのか…」
0x87800	257	「申し訳ありません。| 悪企みを考える愚かな| 妖怪の仕業なのです…」
0x87800	258	「ともかく、牛鬼は危険な妖怪。| ワシも手伝おう」
0x87800	259	「ありがたい!| 神様が味方になれば| 百人力じゃ!」
0x87800	260	(だから違うと言っておろうに…)@「まぁ、よい。お前達妖怪の仲間が| この失態を招いたのなら、| お前達が脊任をとれ」
0x87800	261	「ど…どうすれば| よろしいのですか?」
0x87800	262	「簡単だ、牛鬼の奴を倒せ。| そうすれば奴は自分を倒した| 相手に取りつこうとする筈だ。@ ワシはその時に| 奴を捕らえて封じる| …わかったな?」
0x87800	263	「はは…そのように| いたします」
0x87800	264	「うむ…また会おう」
0x87800	265	「よし、これで安心じゃ。| とりあえず牛鬼を| 倒すんじゃ!」
0x87800	266	「グギギギギ…」
0x87800	267	「まだ仲間が隠れておったのか!?| ヴォジャーイの奴め、| 手こずらせてくれるわい!」
0x87800	268	(牛鬼の奴、| 体力を回復しおったな?| さすがすごい生傘力じゃ。@ だが、今ので奴も限界じゃろう。| 次こそは奴を倒せる筈じゃ)
0x87800	269	「まだ仲間が隠れておったのか!?| ヴォジャーイの奴め、| 手こずらせてくれるわい!」
0x87800	270	「ウガ? ウガアアアアア!!」
0x87800	271	「く…こっちの言うことを| まるで聞いてくれそうに| ないのう…」
0x87800	272	「あいたた…ひどい目にあった!」
0x87800	273	「鬼太郎、大丈夫か?」
0x87800	274	「……は、はい。なんとか。| あっ! 牛鬼は!?」
0x87800	275	「大丈夫じゃ、迦楼羅様が| なんとかしてくださる」
0x87800	276	「そこのもの、どくがよい!」
0x87800	277	「それ!」
0x87800	278	「よし、これでよい」
0x87800	279	「迦楼羅様…それが?」
0x87800	280	「うむ。牛鬼の正体は| この人魂のような気体だ。@ これは細胞を変化させる〝生きた| 気体"の様なもの。これに寄生| されると姿までも牛鬼になる。@ こいつはこうして| 次々宿主を変え、長年| 生き続けてきたのだ」
0x87800	281	「迦楼羅様…| そいつをどうする| おつもりですか?」
0x87800	282	「穴を掘って、地下深くに| 再び封鰯する。それしか| 牛鬼を封じる方法はない」
0x87800	283	「……………迦楼羅様、| そいつを…元の身体に戻して| やってもらえませんか?」
0x87800	284	「なんじゃと?」
0x87800	285	「これ! 何を言っておる!| せっかく迦楼羅様が捕まえて| 下さったんじゃぞ? それを…」
0x87800	286	「何か…考えがあるようだな」
0x87800	287	「牛鬼になっている間に| 彼を説得してみたんです。@ 乱暴ものですが、| 決して話がわからない奴じゃ| なさそうでした。@ 彼の面倒は僕がみます。| …許してやってもらえませんか?」
0x87800	288	「……いいだろう」
0x87800	289	「有り難うございます!」
0x87800	290	「我が力でこ奴の身体を縮め、| 力を弱めるが構わぬな?@ 倒した相手に| 乗り移る能力を封じる為だ」
0x87800	291	「はい!」
0x87800	292	「このような処置は所詮| 一時しのぎ。@ お前を信じたからこそ| 危険としりつつ見逃すのだ。| その意味…忘れるな…」
0x87800	293	「もちろんです!| 感謝します、迦楼羅様!」
0x87800	294	 |〈牛鬼が仲間になった!〉
0x87800	295	「も…元にもどれたのか?| やれやれじゃ…」
0x87800	296	「やれやれ…ひ、ひどい目に| あったぞい!」
0x87800	297	「うう…あれ?| アタイ…何してたの?」
0x87800	298	「ううう…も、元のおいどんに| 戻れたでごわすか?」
0x87800	299	「ぬりか…べ…」
0x87800	300	「な、何が…おきたんだい?」
0x87800	301	「いたたたた…| あれ? オイラ何を…?」
0x87800	302	「ぐう…ひどい目にあった…」
0x87800	303	「や、やっと元にもどれた…」
0x87800	304	「も、もとに戻れたのか?| ひえ~~! 助かったぜ!」
0x87800	305	「あれ? ここは…?| たしか…牛鬼と戦ってて…| それで…どうしたんだっけ?」 
0x87800	306	「ぐ…ひ、ひでえ目にあったぜ…」
0x87800	307	「ぐぐぐ……あれ?| 俺は…なにを…?」
0x87800	308	「ぬう…不覚をとったわ…」
0x87800	309	「なんとか無事の様じゃな…」
0x87800	310	「そこのもの、どくがよい!」
0x87800	311	「それ!」
0x87800	312	「よし、これでよい」
0x87800	313	「迦楼羅様…それが?」
0x87800	314	「うむ。牛鬼の正体は| この人魂のような気体だ。@ これは細胞を変化させる〝生きた| 気体"の様なもの。これに寄生| されると姿までも牛鬼になる。@ こいつはこうして| 次々宿主を変え、長年| 生き続けてきたのだ」
0x87800	315	「迦楼羅様…| そいつをどうする| おつもりですか?」
0x87800	316	「穴を掘って、地下深くに| 再び封鰯する。それしか| 牛鬼を封じる方法はない」
0x87800	317	「やれやれ…| これで一安心じゃな」
0x87800	318	「急いで穴を掘りましょう」
0x87800	319	「うむ、頼むぞ」
0x87800	1024	開癸中
0x8c000	0	「おお…速い速い!」
0x8c000	1	「それに、楽チンよね!」
0x8c000	2	「しばらく自分の足で歩いた| おかげで、余計にこいつの| ありがたみがわかるわい!」
0x8c000	3	「あれ…?| この辺りの森は…」
0x8c000	4	「なんだか…見覚えの| ある地形じゃのう?」
0x8c000	5	「この辺りは漬け物妖怪| 〝ほうこう"と| 戦ったところでごわす」
0x8c000	6	「おお、言われてみれば| 確かに!」
0x8c000	7	「〝ほうこう"か…あいつ、| 韓国で別れたけど| 元気にしてるかな…?」
0x8c000	8	「~~~~~~~~!!」
0x8c000	9	「ん?」
0x8c000	10	「どうした、鬼太郎?」
0x8c000	11	「気のせいかな…?| 今、なんだか悲嶋のような| 声が聞こえた気がして…」
0x8c000	12	「何じゃと!?」
0x8c000	13	「どらどら…?」
0x8c000	14	「…………………」
0x8c000	15	「………………………」
0x8c000	16	「………………………………| 何にも…聞こえないわよ?」
0x8c000	17	「おかしいな…| 空耳かな?」
0x8c000	18	「ブヒ~~~~~~~~!!」
0x8c000	19	「!? 父さん!」
0x8c000	20	「ああ、聞こえたな…」
0x8c000	21	「丁度ワシらが進んどる| 方向からの様じゃな」
0x8c000	22	「どうするでごわす?」
0x8c000	23	「今は急がねばいかん時じゃ。| しかし、今の悲嶋も気になる」
0x8c000	24	「そうですね…| やっぱり…放っておけませんよ。| 降りて様子を見てみましょう」
0x8c000	25	「うむ。ではそうするかのう」
0x8c000	26	「カラス達よ、| ワシらを降ろしてくれんか」
0x8c000	27	「カ~~~~~~!!」
0x8c000	28	「猫餅…魔女達にやられた| 彼らの傷の様子はどうだい?」
0x8c000	29	「危なかったわ…普通なら| 死んでる所よ!@ でも、手当が早かったから| 今はもう大丈夫。@ なんか…鬼太郎に話が| あるみたいよ」
0x8c000	30	「僕に? わかった」
0x8c000	31	「助かったよ」
0x8c000	32	「キミ達はどうしてここに?」
0x8c000	33	「ああ…あの後、| オオカミ男の奴が来てね。@ しばらくあの洞窟で| 手伝いをさせられて| いたんだが…@ 突然作業を打ち切られて| ここへつれて来られたんだ。| その後は…見ての通りさ」
0x8c000	34	「そうか…大変だったんだな」
0x8c000	35	「ああ、けど助かったぜ」
0x8c000	36	「そういえば…君達はゴルゴーン| とかいう妖怪に、仲間を人質に| 取られてたんだよね?」
0x8c000	37	「そ、そうだった! いけねえ…| 俺達がこんな有様じゃ…@ 掴まってる仲間達も| どうなってるのか| わかったもんじゃねえ!@ 悪いな鬼太郎。こんなとこで| 話してる場合じゃねえや。| すぐに助けにいかねえと…」
0x8c000	38	「大丈夫さ。君達の言う| ゴルゴーン…つまりゴーゴンなら| 僕達がさっき倒したよ。@ 君達の仲間も今頃| 脱出してると思う」
0x8c000	39	「そ…そうか、| 何から何まで| すまない鬼太郎!」
0x8c000	40	「偶然さ…でも、| 役に立てたんなら| うれしいよ」
0x8c000	41	「鬼太郎…お前にはかなわねえよ…| よし、決めた!| 俺はお前達の仲間になるぜ!」
0x8c000	42	「…一緒に戦って| くれるのか?」
0x8c000	43	「ああ…助けられて| ばっかりじゃ| 格好つかねえしな!」
0x8c000	44	「そうか、| ありがとうカタキラウワ」
0x8c000	45	 |〈カタキラウワが仲間になった!〉
0x8c000	46	「じゃあ、| 俺は仲間達と合流するから| これで失礼するぜ」
0x8c000	47	「ああ…気をつけてな」
0x8c000	48	「お前達もな! あばよ!」
0x8c000	49	「鬼太郎…すまねえ」
0x8c000	50	「カタキラウワ…だったな?| どうしてあいつらに| 襲われていたんだ?@ 君達はオオカミ男達と| 組んでいたんじゃ| なかったのか?」
0x8c000	51	「………………すまねえ、鬼太郎。| 助けてもらったのに何だが…@ まだお前達に| 詳しい事を話す気には| なれないんだ…」
0x8c000	52	「な、なんですって!」
0x8c000	53	「ま、まあまあ猫餅…」
0x8c000	54	「鬼太郎はね! 急いで京都に| 行かなきゃいけないのに、| あんた達の悲嶋を聞き| つけて…@ 罠を覚梧で助けに来たのよ!| それを…| それなのに!」
0x8c000	55	「いいんだ、猫餅」
0x8c000	56	「だって!」
0x8c000	57	「別に…お礼が言って欲しくて| ここに来たワケじゃない。| 彼らには彼らの事情があるんだ」
0x8c000	58	「そりゃ…そうかも| しれないけど…」
0x8c000	59	「…悪いな。| 俺達は失礼させてもらう」
0x8c000	60	「ああ、気をつけて」
0x8c000	61	「ああ…鬼太郎…お前もな」
0x8c000	62	「あんた…鬼太郎だよな?| うわさはかねがね| 聞いてるぜ」
0x8c000	63	「君達は…いったい?| たしか、カタキラウワとか| 呼ばれてたけど…」
0x8c000	64	「カタキラウワといえば| おいどんと同じ| 鹿児島の妖怪でごわす!」
0x8c000	65	「なんだ…日本の妖怪なのね?」
0x8c000	66	「ああ、その通りだ。| あいつらに捕まって| 言うことを聞かされていたんだ。@ お前達のおかげで助かったぜ」
0x8c000	67	「悲嶋が聞こえたから助けに| 来たんだ。なんとか助ける事が| できて良かったよ」
0x8c000	68	「悪いけど…仲間と合流しなきゃ| いけないんだ、礼はいずれ改めて| する。今日の所は失礼するぜ」
0x8c000	69	「ああ、気をつけて!」
0x8c000	70	「ああ、あんたらもな」
0x8c000	71	「さて、ここでの用事は| 済んだようじゃな」
0x8c000	72	「鬼太郎、出癸しましょ」
0x8c000	73	「…鬼太郎。次は| いよいよ京都じゃぞ」
0x8c000	74	「ええ、父さん」@(ようやくここまで来たか…| 京都には〝悪魔"が| 待っているって言っていたな…@ 〝悪魔"か…| どんな奴なんだろう?)
0x8c000	75	「ひっひっひ…こいつが| カタキラウワって奴かい?@ 随分丸っこくて| 可愛いじゃないか。@ こんなに可愛いのに…| 殺しちゃうなんて| 勿体ないねえ…」
0x8c000	76	「ブヒ~~~~!| な…何をする気だ!」
0x8c000	77	「ここでお前達の生き血を| 全~部救いてやるのさ!」
0x8c000	78	「な…なんだって?| や、やめてくれ~~!!」
0x8c000	79	「あんた達が思ったより使えない| 連中だからいけないんだよ。@ そのお前達の血を…せめて| ブエル様が悪魔を呼び出す時の| 足しにしてやろうってんだ。@ 名養な事じゃないか、ええ?」
0x8c000	80	「他の連中はどうしたんだ?」
0x8c000	81	「薬で眠らせてあるよ。@ 本当はあんたらも| 眠らせてから血を救きゃあ| 抵抗もされずに楽なんだが…@ それじゃあ面当く| ないからね…」
0x8c000	82	「な…なんだって!?| こ…この、人でなし!| 悪魔~~~!!」
0x8c000	83	「ヒッヒッヒ! 悪魔じゃないよ!| あたしは〝魔女"!| お間違えでないよ!@ …さ、恐怖心が高まった所で| そろそろいくかね…| 採血タ~~イム!」
0x8c000	84	「ブヒ~~~~!!」
0x8c000	85	「待て!」
0x8c000	86	「な…なんだい?」
0x8c000	87	「その妖怪を放すんだ!」
0x8c000	88	「あ…あんたは!?」
0x8c000	89	「き…鬼太郎!?| どうしてここに!?」
0x8c000	90	「ふふん! 鬼太郎はね…困って| いる人の所になら、どこへだって| 飛んで来るんだから!」
0x8c000	91	「なんだと!?| …そうなのか?」
0x8c000	92	「え? あ、ああ…まあね」@(本当は…タダの偶然なんだけど…)
0x8c000	93	「とにかくチャンスだ…にげろ!」
0x8c000	94	「あ、お待ち!| お前達を逃がすとロンロン様に| 怒られちまうんだよ!@ みんな、そいつらを逃がすな!| いるのは血だけだから…| 死んだってかまわないからね!」
0x8c000	95	「ひい! あ、あんたら…| すまないが俺達を助けてくれ!」
0x8c000	96	「わかった、さあ早く| こっちに来るんだ!」
0x8c000	97	「ありがてえ…」
0x8c000	98	「彼らの血を救こうとして| いたって事は…@ まだ京都では悪魔召喚は| 行われていないんだな?| 良かった…まだ間に合うな」
0x8c000	99	「ふん、安心するのは| 早いよ!| お前ら…でてきな!」
0x8c000	100	「僕達を足止め| しようっていうのか?」
0x8c000	101	「…その割には拿相な| メンツじゃな」
0x8c000	102	「黙れ! アタシはここを| ロンロン様に| 任されてるんだ!@ 傘に代えたって| あんたらを通しゃしないよ!」
0x8c000	103	「言ってくれるじゃない!」
0x8c000	104	「鬼太郎、さっさと倒して| しまおう。ここで時間をかける| 訳にはいかんからの!」
0x8c000	105	「よし、行くぞ、お前達!」
0x8c000	106	「父さん、やっぱりここは| ほうこうと戦った| 場所ですね」
0x8c000	107	「うむ。そうじゃな。| 何もこんな漬け物臭い場所で| 事を起こさんでもいい物を…」
0x8c000	108	「おやおや…| 鬼太郎じゃないか!」
0x8c000	109	「あ…あれは!?」
0x8c000	110	「ロ…ロンロン!| お前さんか!」
0x8c000	111	「まだこんな所にいたのかい?| もうてっきり京都へ| 行っちまったかと思ってたよ!」
0x8c000	112	「く…お前はここに、何をしに| きたんだ!?」
0x8c000	113	「いやあ何、カタキラウワの| 奴を譲ってもらったからさ~。@ もらった奴らの内の半分は| 生き血を取らずに| 残しておいて、@ あれこれ魔法をかけて| なぶり殺してやろうと| 思ったんだが…」
0x8c000	114	「な…!?| そんなこと本気で| 考えているのか?」
0x8c000	115	「いけないかい?| アタシゃ、この日本に| 麌びに来てるんだからさ!」
0x8c000	116	「な…なんという奴じゃ!?」
0x8c000	117	「難しい事なんかドラキュラに| 任せてりゃいいのさ。@ アタシゃ、おもしろおかしく| 生きていられりゃ| それで満足なのさ」
0x8c000	118	「お前は自分の楽しみの為に| 他の妖怪を傷つけたり殺したり| するっていうのか!?」
0x8c000	119	「そうさ……面当そうだから| アンタ達とも戦うけど| できれば手短に願いたいねえ…@ 小さな村を| 近所にみつけたんだ。| カタキラウワ達がいないんなら…@ はやくすませて…あの村を| 魔法で派手に焼き尽くして| 麌びたいんだからね!」
0x8c000	120	「…せない」
0x8c000	121	「え…?| なんだって?」
0x8c000	122	「そんな事…させない。| 絶対にさせないぞ!」
0x8c000	123	「うむ。お前のような| 奴に日本を荒させるなど| 言語同断じゃ! 覚梧せい!」
0x8c000	124	「おやおや…勇ましい事で。| じゃあ…そろそろやるかい!」
0x8c000	125	「ロンロン、覚梧するとよ!」
0x8c000	126	「ナマイキお言いでないよ、| このフンドシ風情が!」
0x8c000	127	「フ…フンドシ?| むか~!@ 言ってはならんことを| 言ったでごわすな!| もう許さんとよ!」
0x8c000	128	「そんな…アタシの| おニューの杖が!?」
0x8c000	129	「どうでごわす!| おいどんの〝もめん切り"の| 切れ味は!」
0x8c000	130	「やった! 一反木綿!」
0x8c000	131	「これで奴ももう| 悪さできまいて!」
0x8c000	132	「畜生…| 畜生畜生畜生畜生畜生畜生~!| もう許さないよ!」
0x8c000	133	「まいった、降参だよ!」
0x8c000	134	「降参だって…?| なんだ、案外だらしのない| 奴だな…」
0x8c000	135	「そりゃそうさ、何てったって| アタシゃ〝か弱いレディー"| なんだからね!」
0x8c000	136	(やれやれ…つっこむ気も| 起きんわい!)
0x8c000	137	「それじゃ、アタシはこれで…」
0x8c000	138	「待て、ロンロン!」
0x8c000	139	「鬼太郎…去る女は追わない| 方がいいよ。〝男の格"が| 下がっちまうからね!」
0x8c000	140	「な…」
0x8c000	141	「じゃあね…バイバイ、| 鬼太郎~~!」
0x8c000	142	「いっちゃったか…」
0x8c000	143	「今の奴で全部の様じゃな」
0x8c000	144	「ふう…つかれました」
0x8c000	145	「ここまでくれば安心だ…| ありがとよ!」
0x8c000	146	「助かったぜ…悪いが| 一足先に失礼させてもらう!」
0x8c000	147	「なんとか逃げられそうだ…| すまない、恩に着るぜ!」
0x8c000	148	「うぎゃあああ~!」
0x8c000	149	「あ! しまった!」
0x8c000	150	「ぐお…まだ…まだあ!」
0x8c000	151	「うん? 何処に消えやがった!?」
0x8c000	152	「鬼太郎。彼は最後の力を| 振り絞って身を隠したようじゃ。@ じゃが、酷い傷を負った筈、| 急いで戦いを終わらせて| 手当してやらんと…!」
0x8c000	153	「そ、そうですね…わかりました!」
0x8c000	154	「ち、畜生~! こうなったら」
0x8c000	155	「地面の中に隠れたおったのか?」
0x8c000	156	「彼も怪我が酷いはず。| 後で見てやらないと…」
0x8c000	157	「ち、ちくしょ~~!」
0x8c000	158	「あ!?」
0x8c000	159	「自力でどこかに隠れたようじゃ。| やれやれ、結局誰一人きちんと| 助けられなんだか…」
0x8c000	1024	開癸中
0x8e800	0	「なんだって!| 鬼太郎の奴が生きてるって| いうのかい!?」
0x8e800	1	「あ、ああ。@ ロンロンの手下共の報告に| よると…奴らの船がまっすぐ| こちらに向かっているそうだ」
0x8e800	2	「ぬぬぬ…悪運の強い連中だね。| 奴らが油断した所を| 幡破すればと思ったんだが…@ それにしても変だね…| あの偽妖怪樹の幡癸力は奴らを| 殺すのに充分な筈だけど…」
0x8e800	3	「………………」
0x8e800	4	「あんた…まさかあの中に| なんか余計な物| いれたんじゃないだろうね?」
0x8e800	5	「よ…余計な物なんか| 入れてないさ! ただ…」
0x8e800	6	「ただ…?| お前! やっぱり何か| 変な事したんだろ!」
0x8e800	7	「い、いや俺は…その…」
0x8e800	8	「う…うう~ん!」
0x8e800	9	「目が覚めたか?」
0x8e800	10	「げげげ!| き…鬼太郎~!?」
0x8e800	11	「あれ? 俺…どうして| お前達と一緒にいるんだ…?| ここは……? いててて…!」
0x8e800	12	「憶えとらんのか? お前、あの| 偽妖怪樹の中に入れられて…| 幡破されたんじゃぞ」
0x8e800	13	(あれ…俺、どうなったんだっけ?| 確か…ペナンガランとか| いう奴に連れて行かれて…)
0x8e800	14	「ちょっと聞いてんの!?| アタイ達が運んで手当して| あげたんだからね!@ ちょっとは感謝しなさいよ!」
0x8e800	15	「おお! 思い出したぜ!」
0x8e800	16	「なんだって!?| あの偽妖怪樹の中に| ねずみ男を!?」
0x8e800	17	「あ…ああ、なんでも| 奴の腹の中にはすごい殺傷力を| 持った引火性のガスがあるとか…@ あの中に入れておけば、| 少しは幡癸力の| 足しになるかと思ったんだ!」
0x8e800	18	「なんて事してくれたんだい…@ せっかくあの中にため込んだ| 純度の高い霊気エネルギーが| 台無しじゃないか!@ 鬼太郎達をおびき出して| 皆殺しにするつもりが…| 全部パーだよ!」
0x8e800	19	「う…そ、そうか。すまん!」
0x8e800	20	「しくじった様だな…」
0x8e800	21	「ら…ラ<87>セーヌ殿!」
0x8e800	22	「こんな事だろうと思ったわ。| やはり俺が出ねば| ならぬようだな」
0x8e800	23	「そこにいるのは| ラ<87>セーヌかい…?」
0x8e800	24	「これはこれは妖怪樹のおばさま…| いかがですかな?| 妖怪血漬のお味は…?」
0x8e800	25	「悪くない…私の身体に| 生気が…青春が帰って来る| のを感じるぞ…」
0x8e800	26	「それは結構…」
0x8e800	27	「ただ、私の分身共を大量に生み| 出せる様になるには、まだ少し| かかる…@ それまで不自由をかけるが| 辛抱しておくれよ」
0x8e800	28	「かまいませんよ。| すでに生み出して頂いた| 小さな妖怪樹達が@ 充分すぎるほど役に立って| くれております。アレが日本中を| 覆い尽す日が楽しみですな」
0x8e800	29	「ところで…鬼太郎達が| 近くまで来ているのか?」
0x8e800	30	「はい。ですが心配はいりません。| このラ<87>セーヌめが| すぐに追い錨ってみせます」
0x8e800	31	「…………」
0x8e800	32	「もっとも、奴らに我々が| 見つけられれば…ですが。@ 妖気の気配は…先程私の部下が| 電波の力で完全に遮断して| しまいましたからね…」
0x8e800	33	「ラ<87>セーヌよ…」
0x8e800	34	「は?」
0x8e800	35	「この走いほれの頼みを| 聞いてくれんか?」
0x8e800	36	「妖怪樹おばさまの…頼み?」
0x8e800	37	「それで、奴ら俺様に| びた一文錨わねーでさんざん| 芋の皮剥きさせやがって…@ あげく、気がつきゃあ| 変な張りほての中に押し| 込まれてよ、〝ドカン"だ!@ 危うく殺されるところだ、| 全くやってられねーぜ!」
0x8e800	38	「よく生きておった| もんじゃな…」
0x8e800	39	「まあ…何にせよ、| みんな無事で何よりじゃないか」
0x8e800	40	「で、お前ら今から| ドコにいくんだ?| ゲゲゲの森に帰るのか?」
0x8e800	41	「いいや、今からこの小笠原の| どこかにいる妖怪樹を捜し出して| 奴らの計画を阻止するんだ!」
0x8e800	42	(…なんだって?| このままこいつらに| ついて行ったら…@ 俺まであの世界妖怪共と| 戦わなくちゃならね~じゃ| ね~か!@ …かといって、今更| アイツらの所にも| 戻れないしよ…)
0x8e800	43	「…………」
0x8e800	44	「き…鬼太郎…」
0x8e800	45	「どうしたんだよ?| 電話、なってるぜ?」
0x8e800	46	「わからんのか?| ねずみ男…」
0x8e800	47	「へ?」
0x8e800	48	「ここは海の真ん中だ、| いくら妖怪携帯でも、| 電波が普通に届く場所じゃない」
0x8e800	49	「って事は…」
0x8e800	50	(かといって…| 出ないわけにもいかないか…)
0x8e800	51	「…もしもし?| …お前は!?」
0x8e800	52	「だ、誰からの| 電話でごわす?」
0x8e800	53	「…いいだろう。わかった。| お前の言うとおりに| してやるよ」
0x8e800	54	「鬼太郎、誰からの電話| だったんじゃ?」
0x8e800	55	「かわうそ、今から言う| 地点にこの船をむけてくれ」
0x8e800	56	「え? い…いいけど…| どういう事なんだ?」
0x8e800	57	「鬼太郎ご一行様を| …妖怪樹の元に案内して| くれるんだってさ…」
0x8e800	58	「ええ!?」
0x8e800	59	(やれやれ…今回の戦いは| 色んな事がおきるな…)
0x8e800	60	「ギャ~オ!」
0x8e800	61	「ギャオギャオ~!」
0x8e800	62	「これは…一体!」
0x8e800	63	「妖怪樹は倒したんでしょう?| どうしてこいつらは| まだ生きてるの!?」
0x8e800	64	「…〝根"じゃ」
0x8e800	65	「〝根"!?」
0x8e800	66	「ああ、妖怪樹の本体は倒した。| じゃが、この小笠原の地下には| 奴の根がはびこっておるんじゃ…@ それを始末せんかぎり| 妖怪樹共は増殖を| 続けるじゃろう!」
0x8e800	67	「そんな…根っこを| 全部始末するなど| 不可能じゃよ!」
0x8e800	68	「キャッホ~!!」
0x8e800	69	「妖怪樹の生傘力が| これほど強いなんて…」
0x8e800	70	「ど…どうしたら| いいでごわすか!?」
0x8e800	71	「あわてるな…| 手は、打ってある」
0x8e800	72	「おい、あいつらの| 様子が…変だぜ?」
0x8e800	73	「え?」
0x8e800	74	「ギャギャギャ!?」
0x8e800	75	「ギャ~~~~オ!!??」
0x8e800	76	「こ、これは…?」
0x8e800	77	「見ろ! 鬼太郎!| 地面の中に何かおるぞ!」
0x8e800	78	「あれは…」
0x8e800	79	「根切り虫じゃ…」
0x8e800	80	「根切り虫! 知っとるぞ!| 本当におったんじゃな」
0x8e800	81	「うむ、父島に降りたときに| こ奴らの気配を感じてな。@ 妖怪樹を相手にするなら| 乗非協力してもらおうと| さっき頼んできたのじゃ。@ 地面の中を通って来るから| 時間がかかった様じゃが…| なんとか間に合ったようじゃ!」
0x8e800	82	「そうだったの。| 有り難う、根切り虫!」
0x8e800	83	「上手くいったようじゃな」
0x8e800	84	「!? 誰だ!」
0x8e800	85	「ワシだ、鬼太郎」
0x8e800	86	「あ…油すまし!| 京都の方は無事に解決| できたのか?」
0x8e800	87	「ああ、随分苦勞したが、@ 鬼太郎達がこっち方面で| 暴れてくれたおかげで、| なんとかなったわ」
0x8e800	88	「こちらこそ。| おかげで助かったよ」
0x8e800	89	「とりあえず、ドラキュラ達、| 世界妖怪の計画は| 阻止できたようじゃな」
0x8e800	90	「ちょっと長い戦いだったわよね」
0x8e800	91	「一度ゲゲゲの森に| もどろう~~~~!」
0x8e800	92	「そうじゃな」
0x8e800	93	「後の事は根切り虫に任せて、| 久しぶりに我が家へ| 帰るとするか!」
0x8e800	94	「はい!」
0x8e800	95	「へへへ、俺様も!」
0x8e800	96	「鬼太郎共は去ったか…| 根切り虫とは…おのれ。| 小癪な」
0x8e800	97	「ら…ラ<87>セーヌ…」
0x8e800	98	「おばさま! まだ息が| おありだったんですか?」
0x8e800	99	「ああ、奴らの到着が遅かったのが| 功を奏したようじゃ。@ 妖怪血漬がたっぷりこの地面に| 吸い込まれていたおかげで、| 息を吹き返す事が出来たよ…@ じゃが…徐々に根切り虫が私の| 身体をむしばんでいく…| なんにせよここまでの様じゃ…」
0x8e800	100	「おばさま! 大丈夫です。| 私がお運びします!」
0x8e800	101	「出来るのかい?」
0x8e800	102	「ええ、私の得意技、| 〝超音波瞬間移動"を使えば!」
0x8e800	103	「すまないねえ…」
0x8e800	104	「ええ、しばらくは北国にでも| 身を隠されてはいかがかな?@ 妖怪血漬は使い切って| しまったので…人間の血で| よければ運ばせましょう」
0x8e800	105	「そうかい…世話をかけるねえ…| そうさせてもらうと| するか」
0x8e800	106	「決まりですね…| では…行きますよ。| おばさま!」@(鬼太郎…憶えておれ!| まだ…戦いはこれからだ!)
0x8e800	107	「………」
0x8e800	108	「鬼太郎…| 電話で指定された場所って| ここ?」
0x8e800	109	「ああ、電話の主は| 名乗らなかったけど…| だいたい想像はついてる」
0x8e800	110	「鬼太郎! アレを!」
0x8e800	111	「お前が…鬼太郎か?」
0x8e800	112	「ああ、そうだ!」
0x8e800	113	「よ…妖怪樹!?」
0x8e800	114	「喋っとるのう。| 今度は、本物みたいじゃな」
0x8e800	115	「ひっひっひ!| 噂に違わず…| なかなかの男前じゃないか!」
0x8e800	116	「…もうよろしいですか、| おばさま」
0x8e800	117	「ああ、気が済んだよ| 面倒をかけて| 済まなかったな、ラ<87>セーヌ」
0x8e800	118	「ラ<87>セーヌ!」
0x8e800	119	「鬼太郎、俺の招待に| 素直に応じてくれて| 礼をいうぞ…」
0x8e800	120	「やっぱりお前か。こうもり達の| 超音波で電波を操って| いたんだな」
0x8e800	121	「ふふ…私一人では| こうはいかないさ…| あの方の助力あればこそだ」
0x8e800	122	「あの方…?| 前も誰かがそんな事| 言ってたわね…」
0x8e800	123	「それで、僕を呼んだ本当の理由は| なんだ? 和平の申し込みでも| してくれるのか?」
0x8e800	124	「用は…もうすんだ」
0x8e800	125	「なんだって!?」
0x8e800	126	「鬼太郎、おばさまは世間を臘わす| 鬼太郎とやらがどんな顔なのか| 一度ご覧になりたかったのだ」
0x8e800	127	「なんじゃと?| それだけの理由でワシらを| 招き入れたのか?」
0x8e800	128	「どうして…そんな事を?」
0x8e800	129	「鬼太郎、私は見ての通り| 動けないんでね。実際のお前を| 見ておきたかったのさ。@ …殺してしまう前にね!」
0x8e800	130	「おでましか…」
0x8e800	131	「まだ来るわ!」
0x8e800	132	「アレは…?」
0x8e800	133	「酔狂な事じゃな、妖怪樹」
0x8e800	134	「目玉の…親父か?」
0x8e800	135	「鬼太郎、今そっちにうつる」
0x8e800	136	「妖怪樹…お前はこの日本に| もう数千年もの間住んでおる、| 日本の妖怪ではないか。@ それがなぜ今頃になって、| 世界妖怪に味方して世間を| 騒がそうとするんじゃ!」
0x8e800	137	「ドラキュラ達は私の| 親戚なんじゃ。| 手を貸すのは当然よ。@ ドラキュラ達が私に妖怪血漬を| たっぷりくれたおかげで| 精気がみなぎった!@ もう一度、若かった頃の様に| 悪さをしてみる気分に| なったのさ!」
0x8e800	138	「鬼太郎…運がいい奴め…」
0x8e800	139	「だが…ここがお前達の| 慕場だ!」
0x8e800	140	「ギャ~オッ!!」
0x8e800	141	「南方の妖怪まで| そそのかして…| そんなに日本が欲しいのか?」
0x8e800	142	「鬼太郎、我らに立ち向かう| お前の勇敢さには| 恐れ入る。@ だが、勝つのは我々だ。| それを今、ここでお前達に| 思い知らせてやる!」
0x8e800	143	「父さん、妖怪樹を| 確実に倒す方法…| わかったんですか?」
0x8e800	144	「うむ、仕込みはしておいた。| お前は何も考えずに奴らと| 存分に戦えばよい!」
0x8e800	145	「わかりました…よ~し!| みんな、行くぞ!」
0x8e800	146	「お~う!」
0x8e800	147	「………」
0x8e800	148	「父さん…あの赤い川は| もしかして…」
0x8e800	149	「うむ、盗まれた妖怪血漬じゃ!| あのカメから流れてきておる| ようじゃな。@ あの血漬が妖怪樹に流れ込んで| おる限り、妖怪樹は力を回復| し続けるじゃろうて。@ そればかりか…あの血漬の| 流れの上に陣取られては、他の| 妖怪共も回復してしまう」
0x8e800	150	「そうなんですか? じゃあ、| どうすればいいんでしょう?」
0x8e800	151	「まずは妖怪血漬を供給している| あの特殊なカメを| 破壊するんじゃ!」
0x8e800	152	「あれですね…わかりました!」
0x8e800	153	「いかん…その攻撃をくらっては| 奴らに操られてしまうぞ!」@(しばらくは誰が味方か| 皿別も付くまい…@ こっちから声をかけてやるか、| 時間をおいてやれば元に| 戻ると思うが…)
0x8e800	154	「目を覚ますんじゃ!」
0x8e800	155	「よし! 元に戻ったようじゃな。| 仲間が操られておる時は| 今の様にするんじゃぞ!」
0x8e800	156	「極東にすむ| ウジ虫妖怪共め!| この俺が駆除してくれる!」
0x8e800	157	「妖怪樹殿!@ 鬼太郎達を倒したらここの土地を| 私達に分けてくれる約束…| 忘れないでおくれよ」
0x8e800	158	「ドラキュラが了承するなら| 私に異存はないよ…」
0x8e800	159	「ふん! お前達にこの地で| 何千年も生きてきた、| この私が倒せるかな?」
0x8e800	160	「く…俺とした事が…不覚!」
0x8e800	161	「傘まではとらない…| 逃げたければ逃げていいぞ| ラ<87>セーヌ!」
0x8e800	162	「なんだと、生意気な口を!」
0x8e800	163	「ラ<87>セーヌ…| 無理をするな。引け」
0x8e800	164	「お…俺はまだ戦えます!」
0x8e800	165	「お前にはこの後| 大事な計画が待って| おるんじゃろう?」
0x8e800	166	「ご存じだったのですか?| それでは…?」
0x8e800	167	「しっかりドラキュラの| 役に立ってやるんじゃぞ…」
0x8e800	168	「わ…わかりました」
0x8e800	169	「勝負あったぞ、ランスブィル!」
0x8e800	170	「あいたたた…| も、もうこれ以上は無理だ…| 引き上げさせてもらうよ!」
0x8e800	171	「ここで逃げてはこの小笠原は| 手にはいらんぞ?| それでいいのか?」
0x8e800	172	「ふ…ふん、| 傘あっての物種だからね!| あばよ!」
0x8e800	173	(ふん…所詮は| 格の低い妖怪か…)
0x8e800	174	「ちぃ! 鬼太郎共、| おほえてろよ!」
0x8e800	175	「ふう…もうアイツは| 僕達の敵じゃないな…」
0x8e800	176	「なかなかやるのう…鬼太郎共」
0x8e800	177	「当たり前だ! 僕達の日本を| ドラキュラ達の好きになんて| させたくないからね!」
0x8e800	178	「私とて…気持ちは似たような| ものだ」
0x8e800	179	「なんだと? ふざけるな!| ドコが似たようなものなんだ!」
0x8e800	180	「鬼太郎、お前はなぜ人間の| 味方をする…?」
0x8e800	181	「僕は人間の味方じゃない。| 人間と妖怪とが共に慕らす| 平和な世界を乱す奴と戦う…@ ただそれだけだ!」
0x8e800	182	「私は…見てきた。人間は| 自然を壊し、海を汚して| 繁楽を築いてきた生き物じゃ。@ この小笠原にも…| その人間の手は確実に| のびておる」
0x8e800	183	「そ…それは…」
0x8e800	184	「私は木だ…木は動けぬ。| 人間共が自然を蹂躙して| いくのを見る事しかできぬ。@ お前の様に…人間と共存などを| 望み、それを黙って見ていたら…| こちらが滅ほされてしまうわ!@ 私はね…人間がこの日本を| 好き勝手汚していくのが| 許せないのさ」
0x8e800	185	「警告は…確かに彼らに| 与えなきゃいけない…」
0x8e800	186	「それ見たことか!| お前も私と同じ意見では| ないか!」
0x8e800	187	「違う、警告は与える…| でも、行きすぎた報復は| お互いのためにならない!」
0x8e800	188	「ふん…これ以上話しても| 無駄なようだな…」
0x8e800	189	「聞いてくれ、妖怪樹!」
0x8e800	190	「黙れ! もうよい、| ここで死ね、鬼太郎!」
0x8e800	191	「く…」 
0x8e800	192	「ひっひっひ!| 間に合ったね!」
0x8e800	193	「ロンロン!| くそ…こんな時に…」
0x8e800	194	「ロンロン…ドコに行っていた?」
0x8e800	195	「なあに、ひとっ走り| 京都に行った連中の手伝いに| いったのさ。@ ついでに| 可愛い子豚がいたんで…| いじめてきた所さ」
0x8e800	196	(子豚…?)@「まあいい、まとめて| 倒してやる!」
0x8e800	197	「ひ! お助け~!」
0x8e800	198	「なんだい…威勢だけか」@(かわいい子豚とか| 言ってたよな…| 一体なんの事だろう?)
0x8e800	199	「グワアアアアアアアアア~~!| な…なんだと!| この私が…!」
0x8e800	200	「妖怪樹、僕を見くびって| ここまで招き入れたのが| お前の敗因だ」
0x8e800	201	「お、おばさま!| …おのれ…一旦退却だ!」
0x8e800	202	「畜生…妖怪樹がやられたんじゃ…| 作戦は失敗だね…| 引き上げさせてもらうよ!」
0x8e800	203	「て、撤退する!」
0x8e800	204	「おや、せっかく来たのに| もうお終いかい?| しょうがないね…」
0x8e800	205	「おのれ鬼太郎…!| このままでは…このままでは| おわらんぞ…!」
0x8e800	206	「う…うぎゃあああああああああ| ああああああああ~~~~~!」
0x8e800	207	「…………………………| 終わりましたね、父さん」
0x8e800	208	「いいや…まだじゃ!」
0x8e800	209	「え!?」
0x8e800	210	「こ…これは…!?」
0x8e800	211	「やった!」
0x8e800	212	「うむ、後二つ…今の調子で| どんどん壊してしまえ!」
0x8e800	213	「よし、カメを全部壊したぞ!」
0x8e800	214	「おのれ鬼太郎共…!」
0x8e800	215	「これで妖怪樹は体力を| 回復できんはずじゃ!| 一気にたたみこむんじゃ!」
0x8e800	216	「そんな! | 壊した筈のカメが…元通りに!」
0x8e800	217	「むむむ…鬼太郎。あれは恐らく| 三つ一組になっておる| 魔法のカメじゃ!@ 三つを一度に倒さないと…| ああして復活してしまうんじゃ!」
0x8e800	218	「逆に言うと…三つを一度に| 壊せば、もう復活できないって| いうことですね?」
0x8e800	219	「うむ、もしくは復活する為の| 場所に仲間を待機させて塞いで| しまえば再生を阻止できるぞ。@ 秋芳洞でぬらりひょんと戦った時の| 結界を破った方法と同じじゃ!」
0x8e800	220	「わかりました、やってみます!」
0x8e800	1024	開癸中
0x92000	0	「ドラキュラ様。| 鬼太郎の奴はこの〝ギーガ城"の| 地下牟に開じこめておきました」
0x92000	1	「ごくろう」
0x92000	2	「しかし…ギーガ様の力は| 恐ろしいねぇ…@ 自衝隊の連中は| アタシ達に鬼太郎を引き渡して| 何とも思わないのか?」
0x92000	3	「自衝隊も所詮は組織。奴らは| 傘令書の通りに動くだけさ。| たとえそれが偽物でも…な」
0x92000	4	「本当かい? へっへっへ!| それならもう怖いもの| なしだね!」
0x92000	5	「ふん。日本人は勤勉だというが…| 所詮上の言うことに素直に従う| だけの無能の集まりだ。@ 確かに…ギーガ殿の力を| 癸揮するには…うってつけの| 国というわけだな」
0x92000	6	「もちろんそれだけではないぞ」
0x92000	7	「ああ、わかっているとも。| この地が持っている霊力は| 計り知れないものがある」
0x92000	8	「普段それは霊力の流れとなって| 目には見えないが日本中を| 緩やかに漂っている。@ 我々はそれらの流れを、| 怪気象を使ってこの城に| 誘導する事に成功した。@ おかげでギーガ様は瞬く間に| 力を増幅させ、日本中のネットを| 皐鏡することができた」
0x92000	9	「一度怪気象を| 癸生させて霊力の流れを変えて| しまえばこっちのものさ。@ このままこの城でギーガ様の| パワーアップに使う霊力を| 貯め続けていけば…」
0x92000	10	「そうとも。世界中のネットや| ネットに接続された機械は| すべて我々の手中に収まる。@ 一瞬で世界は我々のものだ!」
0x92000	11	「鬼太郎も捕まえたし…| もうそれも時間の問題だね」
0x92000	12	「ところで…鬼太郎の処刑の| ネット放送での世界同時中継…| 本当にやるのかい?」
0x92000	13	「ああ、ギーガ様の希望だからな」
0x92000	14	「ドラキュラ様、俺は| 鬼太郎の様子を見て参ります」
0x92000	15	「そうか…うむ。| 奴の公開処刑までまだ時間が| あるからな。@ 客人の到着まで| 大人しくしておるか| 確認をしておけ」
0x92000	16	「は!」
0x92000	17	「鬼太郎が…こんなに| 簡単に捕まるとはな…」@(まだ…未練があるのか?| いいや、勝負はついたのだ。| 諦めろ、ドラキュラよ…)
0x92000	18	「う…うう…」
0x92000	19	「ここは…?| そっか…ギーガ達のアジトの…| 牟屋か何かだな…@ 自衝隊から僕を引き取ったって| わけか…| アイツら、やりたい放題だな。@ 一生懸傘みんなの為を思って| 今日まで戦ってきたけれど…| 気が付けば、こんな有様か。
0x92000	20	 ふふふふ…僕は…| 今まで何をしてきたんだろう?| 誤解や、ふとしたきっかけで| イガミ合う事になってしまった| 人と妖怪との関係を守るつもりで@ がんばってきたけど…| その僕は、彼らに何の信頼も| 信用も築けてはいなかったんだ…@ そうじゃなかったとしても、| あんな…ギーガとかいう | 妖怪一人の情報操作で…@ それは簡単に覆せる程度の| ものでしかなかったんだ。
0x92000	21	 なんだか…| やる気がなくなっちゃったよ。@ もう、いろんな事が| どうでもよく思えてきた…」
0x92000	22	「え?」
0x92000	23	「電話だ…取り上げられたと| ばっかり思ってたけど…@ 思えば…こいつでの会話も| ギーガに筒救けだったのかも| 知れない。@ どうしてこいつは| 奪われなかったんだろう…?@ 奴らの支配下にある端末だから| あえて取り上げるまでもないと| ふんだのかな?」
0x92000	24	「もしもし…」
0x92000	25	「きき…鬼太郎さん?」
0x92000	26	「え!? ルカちゃん!?」
0x92000	27	「は、はい、私です!| 鬼太郎さん、| 今、どこですかっ?」
0x92000	28	「ああ、僕は奴らに| 捕まってる…多分これから| 処刑でもされるんじゃないかな」
0x92000	29	「しょ、処刑…って鬼太郎さん、| 何してるんですか!?| 早く逃げないと!」
0x92000	30	「いいや、もういいんだ。| ルカちゃん」
0x92000	31	「え…?」
0x92000	32	「僕は…もう疲れちゃったよ。| 結局僕には…| 誰も助けられなかったんだ。@ 父さん達に大変な思いをさせて…| 妖怪達に偉そうな講釈を話して…| そしてキミにもケガをさせて…@ だけど、全部無駄だった。| ごめん…ごめんね、ルカちゃん」
0x92000	33	「鬼太郎さん…」
0x92000	34	「キミのお父さんに止められてる、| こんな電話してちゃいけない。@ もう僕達に構わないでくれ。| それじゃ…」
0x92000	35	「鬼太郎さん…本当に| それでいいの?」
0x92000	36	「…………よくは…ないよ」
0x92000	37	「だったら!」
0x92000	38	「だったら?| だったらどうだって| 言うんだ!?」
0x92000	39	「鬼太郎…さん…」
0x92000	40	「僕のことなんか| もう誰も信じてはくれない。@ 僕を信じない人達全員と| 戦えっていうのか?| 説得しろっていうのか?@ ギーガには…奴らの親玉には| とてもかなわない…僕には…| もう無理さ…」
0x92000	41	「さっき目玉の親父さんに会って…| 話を聞いてきたわ。@ む、無理なんかじゃない。| 鬼太郎さん。| 私、鬼太郎さんを信じてるっ!」
0x92000	42	「ありがとう…でも…」
0x92000	43	「わ、私だけじゃないわ。| 今、鬼太郎さんに助けられた| 人達をみ~んな集めてるの!@ も、もちろん、お父さんには| 内緒だけどねっ!」
0x92000	44	「なんだって…いけない!| そんな事をしたら今度はキミ達が| 攻撃をうけてしまうよ…!」
0x92000	45	「こんどは…私の番ね…」
0x92000	46	「え?」
0x92000	47	 |     〈すぅ~~~~っ!!〉
0x92000	48	「だったらどうしろって| いうのよ~~~~~っ!!」
0x92000	49	「うわ! ル…ルカちゃん!?」
0x92000	50	「鬼太郎さん、そりゃあ| 鬼太郎さんはいいかも| しれないわ!@ じ…自分はさっさと処刑されて…| 悩みから解放されて…| さぞ楽チンでしょうね!」
0x92000	51	「ルカちゃん…」
0x92000	52	「鬼太郎さん、日本はね、| 私達のふるさとなのよ…?@ このままだと…日本は…世界は…| ドラキュラさん達とギーガって| 奴の物になっちゃうんでしょう?@ そんな事…させられないわ!| 絶対! 絶~~対っ!」
0x92000	53	「ルカちゃん…」
0x92000	54	「鬼太郎さん、諦めないで、| 鬼太郎さんは…一人で| 戦っているんじゃないのよ?」
0x92000	55	「その通りじゃぞ、鬼太郎」
0x92000	56	「え!?」@(今のは…電話じゃない。| 牟屋の外から声がしたのか?)
0x92000	57	(誰かが扉を…!?)
0x92000	58	「鬼太郎…」
0x92000	59	「父さん…!| どうやってここに!?」
0x92000	60	「ワシらも居るぞ!」
0x92000	61	「ふう…地下に牟屋とは…| ベタな建築じゃのう…」
0x92000	62	「へへ…来ちゃった!」
0x92000	63	「おいどんにぬりかべ、| あと他の連中にも| 声をかけてきたでごわす!」
0x92000	64	「ぬ~り~か~べ~!!」
0x92000	65	「みんな…どうやってここに?」
0x92000	66	「くわしい話は後じゃ。| すぐにここを脱出するぞ!」
0x92000	67	「は、はい!」
0x92000	68	「誰だ! そこで何をしている!」
0x92000	69	「しまった…見つかったか!?」
0x92000	70	「……………………」
0x92000	71	「鬼太郎…」
0x92000	72	「みんな…何しに来たんだよ。@ せっかくみんなに手出し| させないように僕が一人で| 捕まったっていうのに…!@ これじゃまた前と同じだ。| なんにもならないじゃないか!」
0x92000	73	「………」
0x92000	74	「あ痛! な…なにするんです!」
0x92000	75	「バカモン!| いい加減にせんか!」
0x92000	76	「父さん…」
0x92000	77	「何しにきたじゃと?| すっかりふぬけになりおって!@ 考えてもみろ、お前はそもそも| なぜ自信をなくして| おったんじゃ?」
0x92000	78	「それは…その…| 僕ががんばっても…| みんなに信じてもらえないから…@ それに…ギーガのネットを| 操る能力は強力で…とても| かないそうにないし…」
0x92000	79	「さっきルカちゃんの話を| 聞かなかったのか? 彼女は| お前を信じていないのか?」
0x92000	80	「いいえ…信じてくれています」
0x92000	81	「鬼太郎、お前はその彼女の| 信用を裏切るのか?| みすてるのか?@ 小さな身体で…ケガまでして。@ それでも自分の国を護ろうと| しておる、日本を救おうと| しておる、その彼女を!」
0x92000	82	「………」@(そうだ…彼女は| 僕を信じてくれた…)
0x92000	83	「鬼太郎、お前には| 悩む理由などもうない…| わかっている筈じゃ」
0x92000	84	「でも…ギーガの| 奴は強敵です。| あいつに勝てるかどうか…」
0x92000	85	「ネットだなんだと言うておるが、| 所詮変えられるのは| 見せかけだけの事。@ 気持ちの全てなど…| 操れるものか!」
0x92000	86	「でも…」
0x92000	87	「まだわからんのか!| お前が戦う気を失ったのも| 奴の戦略じゃ。@ お前はまんまと奴の情報戦略に| ひっかかっておるんじゃ!」
0x92000	88	「なんですって…?」@(成る程…| 言われてみれば確かに…)
0x92000	89	「ネットを操るのが| 奴の力なら…その奴を倒せば| いいだけの事…@ それでもダメな時は…」
0x92000	90	「ダメな時は?」
0x92000	91	「ネットなんぞ…それ自体| ぶっつぶして| しまえばいい!」
0x92000	92	「!!」
0x92000	93	「なんと! そんな乱暴な!」
0x92000	94	「鬼太郎…目が覚めたか?」
0x92000	95	(ネットを…ぶっつぶす?)
0x92000	96	「ふふ…あははははは!| な…成る程!| さっすが父さんだ!」
0x92000	97	「鬼太郎…!」
0x92000	98	「僕は…まだ負けてなんかいない。| アイツに…そう思いこまされて| いただけなんだ…!@ 父さん、すいませんでした。| 戦いは…これからですね」
0x92000	99	「うむ、その通りじゃ!」
0x92000	100	(電話……ルカちゃんからだ!)
0x92000	101	「き、鬼太郎さん? | あの、さっきは話しの途中で| 切れちゃったけど…」
0x92000	102	「ごめんねルカちゃん。| 色々心配をかけたけど…| もう大丈夫。安心してくれ!」
0x92000	103	「鬼太郎さん…やる気を| 取り戻したんですね?」
0x92000	104	「ああ、ありがとう、| ルカちゃん!」
0x92000	105	「ワシも…偉そうに| 言っておるがな、@ 正直、お前が連れて| 行かれた後はどうしたらいいのか| わからずにおったんじゃ。@ じゃが…彼女がお父上の| 目を盗んで| 連絡をとってくれてのう…@ こうしてここに| 来る勇気が出たんじゃ」
0x92000	106	「そうだったのか…」
0x92000	107	「鬼太郎さん。こ、この電話…| 多分ギーガに盗軈されていると| 思うのっ!@ だからもう切るけど…| 私達は私達でがんばるから、| …鬼太郎さんもがんばって!」
0x92000	108	「ああ、わかったよ…!」
0x92000	109	「ふふ…じゃあね、鬼太郎さん」
0x92000	110	「ああ、ルカちゃん!」
0x92000	111	(ありがとう…ルカちゃん)
0x92000	112	「気持ちの整理…ついたみたいね」
0x92000	113	「ああ…」
0x92000	114	「さて、これから| どうするかじゃな…」
0x92000	115	「そうだ、さっきは| 聞けませんでしたけど…@ 父さん達は| どういう方法でここに| 侵入したんです?」
0x92000	116	「うむ…ぬらりひょんの奴に| 情報提供をしてもらった」
0x92000	117	「あいつが…?」
0x92000	118	「ああ、あ奴は以前から| この城の存在に気付いて| おったそうじゃ。@ そして…深く知りすぎたが故に| 奴らに捕まり、催眠術を| かけられておったらしい」
0x92000	119	「秋芳洞の戦い以降も、| まだ生きておる人脈をつかって| 色々調査をしとった様じゃ」
0x92000	120	「私達は彼に教えてもらった| 安全に通れるルートを使って| ここに来たってわけ」
0x92000	121	「そうか、それで…」@(あいつ、なんだかんだ言って| いいところあるじゃないか)
0x92000	122	「ぬらりひょん、キミが…?」
0x92000	123	「うむ、ワシは以前から| この城の存在にうすうす| 気付いておったのだ。@ お前達に協力している間も| まだ生きておる人脈をつかって| 色々調査させていたのだが…@ その中の一人からお前がこの| 付近に運ばれたと連絡を| うけてな、確信を得たのだ」
0x92000	124	「そうか、それで…」
0x92000	125	「オオカミ男の奴、ここに| 世界中からさらに妖怪が集まって| 来ておると言っておったの…」
0x92000	126	「って事は…| 奴らを倒すならそいつらが| まだ到着していない今ね!」
0x92000	127	「そうじゃな、また自衝隊なぞに| 介入されては| やりにくくなるし…@ 戦力が増える前の今、| しかも鬼太郎の処刑を見る為に| ギーガの奴が確実にこの城にいる@ この時をおいて、| 奴を倒す時はもう| 無いかもしれん」
0x92000	128	「もう少しで手遅れに| なるところでしたね…| すいません、父さん」
0x92000	129	「謝るな、子供をしかるのは| 親の役目じゃからな」
0x92000	130	「その期待と信頼に…| 今から応えて見せます!」
0x92000	131	「うむ、行こう!」
0x92000	132	「お~い! 助けてくれ~!」
0x92000	133	「おや? そこの牟屋に| 誰か捕らえられているのか?」
0x92000	134	「ここに捕まっているという| 事はギーガと敵対しておる| 妖怪という事じゃな。@ 鬼太郎、助けてやらんか?」
0x92000	135	「え、ええ…わかりました」
0x92000	136	「ふぃ~~~! 助かったぜ!」
0x92000	137	「お前! ねずみ男じゃないか!」
0x92000	138	「そういうお前は| 鬼太郎じゃね~かよ!」
0x92000	139	「お前…なんで捕まってるんだ?」
0x92000	140	「そうじゃぞ、甞金目当てで| ワシらを裏切ったのでは| なかったのか?」
0x92000	141	「あ、ああ…へへ、それがな…| お前達を倒せなかったもんで| 甞金を貰いそこなっちまったろ?@ それでよ…へっへっへ、ここの| 金目のモンでもかっぱらって| 売れば儲かると思ってよ!」
0x92000	142	「お前…それはタダの| 泥棒だぞ」
0x92000	143	「何言ってやがる!| あいつらはこないだ| 俺をさんざんこき使っておいて@ 一用の給料もだしやがら| なかったんだぞ。@ 勞働者の当然の権利を| 獲得しにきたまでだ!」
0x92000	144	「やれやれ…」
0x92000	145	「へへ、とりあえず助けて| くれてありがとうよ。| おかげで傘拾いしたぜ。
0x92000	146	 なにか礼をしね~とな!| 鬼太郎、こうなったら| 俺も男気のある所を見せるぜ」
0x92000	147	「わ! なんだよ、| 急にまじめな顔に| なりやがって!」
0x92000	148	「俺様だってまじめに| なるときくらいあるってんだ!@ 鬼太郎、俺はこの城の中で| 働いてた事がある」
0x92000	149	「なんだって?」
0x92000	150	「本当なの?」
0x92000	151	「おうよ。だから内部の事なら| お前達よりも詳しくわかるぜ。| 案内してやるよ」
0x92000	152	「……いいけど…| 金なら錨わないよ?」
0x92000	153	「バカヤロー!| 俺様をいつまでも| 守銭奴みたいに思うな~?@ 男気をみせるっつったろ?| もちろんタダだ、タ~ダ!」
0x92000	154	「なんか、こ奴が言うと| 引っかかるが…」
0x92000	155	「まあ、たまには| 信じてやっても良いじゃろう」
0x92000	156	「よし、案内を頼むぞ」
0x92000	157	「合点だ!」
0x92000	158	「お…お前達!?| どうやってここに!」
0x92000	159	「…………」
0x92000	160	「鬼太郎さん…今は| とにかく戦って!」
0x92000	161	「鬼太郎! しゃんとせんか!」
0x92000	162	(考えが…まだまとまらないけど…| このままじゃ父さん達まで| つかまっちゃう)@「わかりました。| 父さん、とりあえず今は…| 戦います!」
0x92000	163	「うむ!」
0x92000	164	(む、なにやら見なれん奴が| 混じっておるな?)
0x92000	165	「お前は…何者じゃ!」
0x92000	166	「俺様は二つ首のミイラ妖怪…| ドラキュラ様に仕える者よ!」
0x92000	167	「二つ首の…ミイラ?」
0x92000	168	「もう逃げられねえぞ…| 覚梧しろ!」
0x92000	169	「お~い! 助けてくれ~!」
0x92000	170	「おや? そこの牟屋に| 誰か捕らえられているのか?」
0x92000	171	「ここに捕まっているという| 事はギーガと敵対しておる| 妖怪という事じゃな。@ 鬼太郎、助けてやらんか?」
0x92000	172	「え、ええ…わかりました」
0x92000	173	「ふぃ~~~! 助かったぜ!」
0x92000	174	「お前! ねずみ男じゃないか!」
0x92000	175	「そういうお前は| 鬼太郎じゃね~かよ!」
0x92000	176	「お前…なんで捕まってるんだ?」
0x92000	177	「そうじゃぞ、甞金目当てで| ワシらを裏切ったのでは| なかったのか?」
0x92000	178	「あ、ああ…へへ、それがな…| お前達を倒せなかったもんで| 甞金を貰いそこなっちまったろ?@ それでよ…へっへっへ、ここの| 金目のモンでもかっぱらって| 売れば儲かると思ってよ!」
0x92000	179	「お前…それはタダの| 泥棒だぞ」
0x92000	180	「何言ってやがる!| あいつらはこないだ| 俺をさんざんこき使っておいて@ 一用の給料もだしやがら| なかったんだぞ。@ 勞働者の当然の権利を| 獲得しにきたまでだ!」
0x92000	181	「やれやれ…」
0x92000	182	「へへ、とりあえず助けて| くれてありがとうよ。@ ひとまず下がっとくぜ、| また後でな…!」
0x92000	183	(く……人が悩んでるときに| 気楽なもんだな)
0x92000	184	「おのれ鬼太郎共…!@ だが、俺達を倒した所で| もうお前達はこのギーガ城から| 逃げる事はできんぞ!」
0x92000	185	「なんだと?」
0x92000	186	「ここには、お前の処刑を見る為に| 世界妖怪の幹部が集結している。| すぐにここへ到着される筈だ!」
0x92000	187	「な、なにい!| あんな連中が| まだ増えるというのか?」
0x92000	188	「その方達すべてを敵に| まわして…生き延びる事など| できまい…@ ふふふ…鬼太郎。| 仲間達を呼んだ事を後悔する| 事になるぞ。@ さて…この事を| ドラキュラ様に| ご報告せねばな!」
0x92000	189	「ま、待て!」
0x92000	190	「さらばだ。| あ~っはっはっはっは!」
0x92000	191	「………」
0x92000	192	「今ので…とりあえず| 全員倒したみたいですね」
0x92000	193	「うむ、とにかく| いそいでここを離れた方がいい| ついて来るんじゃ!」
0x92000	194	「…………」
0x92000	195	「鬼太郎! どうしたんじゃ!」
0x92000	196	「ちょっと…まって下さい」
0x92000	197	「なんじゃと…?」
0x92000	198	「うわわわわわ~!| ひ、引き上げだ!!」
0x92000	1024	開癸中
0x95800	0	「鬼太郎が逃げた…| 今、そう言ったのか| ドラキュラ?」
0x95800	1	「はは…申し訳ありません。| よもや奴らがこうも早く| 行動するとは…」
0x95800	2	「…くっくっく!」
0x95800	3	「ギーガ…様?」
0x95800	4	「そのような報告など不要だ。| 脱出した事など| 既にわかっている」
0x95800	5	「そんな…ではなぜ| 手を打たないのです!」
0x95800	6	「ドラキュラよ、今は二人きりだ。| 堅苦しい物言いはよそう」
0x95800	7	「…………………………| では…言わせてもらうぞギーガ。@ 初めて会った時から| 思っていたが、| お前には不可解な所が多すぎる。@ 一体何を考えているのだ?」
0x95800	8	「もちろん…我らの悲願である| 妖怪による世界支配を| 実現する事だ。@ 私はネットの情報に介入し、| それを操る事ができる妖怪だ。@ さらにはそこに籠もる人間の| 欲望や想念をも取り込み、| 大きく、強くなる。@ 怪気象を作り出し、| 霊気の流れをこの| 城へ向けさせたのには、@ 霊気と共にそういった念や| 繊場を東京からここへ| 流れ込ませる為だ。@ それが何か不思議な事か?」
0x95800	9	「このように時間をかけねば| ならなかったのか?@ 怪気象は…もっと| 早くに起こせたのではないのか?@ そして…鬼太郎達も、| お前の力があれば、すぐに| 始末できたのではないのか?」
0x95800	10	「私が戦いを長引かせたような| 口ぶりだな…? そんな事をして| 私になんの得がある?」
0x95800	11	「お前は私に何も話してくれん。| お前はそもそも何者だ?@ あれから今日まで、| 悪いがお前の事を私なりに| 調べてみた。@ だが…ギーガなどという名前…| どの文献にも記されては| おらんぞ!」
0x95800	12	「ドラキュラ…私がお前を| 助けた時の事…憶えておるか?」
0x95800	13	「それは…もちろんだ」
0x95800	14	「お前は妖怪事業に失敗し…| 多額の負債を抱えて| 途方にくれていたな?」
0x95800	15	「ああ…私の肩には常に| 一族の傘運が| かかっているからな。@ あの時私は…| 絶望のどん廳にいた。@ 金銭の事よりも…私の不名養な| 失敗が、いずれ身内中に| 知れ渡ると思うと…な」
0x95800	16	「そのお前を助けたのがこの私だ。| 私はネットを操って| お前の負債を消してやったな」
0x95800	17	「…あの時はお前が| 救世主に見えたよ」
0x95800	18	「今は違うというのか?」
0x95800	19	「……………………」
0x95800	20	「悲しいな、ドラキュラ。| 我らの懸望の成就はもう目前だ。@ そんな今になって、| 私の存在が疎ましくなったと| いうのか?@ タワーで奴にトドメを| させなかったのがそんなに| 悔しいのか?」
0x95800	21	「……そんなつもりはない。| ただ…」
0x95800	22	「はっきり言おう。| どうせお前では私を| 出し救く事などできない。@ 私を恐れる気持ちはわかる。| だが…お前は鬼太郎を| 倒せなかったのだ。@ こんどは私の番だ。| お前は黙って私の言った事だけ| やってくれればいい」
0x95800	23	「……………………」
0x95800	24	「鬼太郎はどうせ| ここからは逃げられん。| あわてることはない。@ 心配なら、お前が奴を| 捜し出して……殺せ。@ 私が捕まえるのは簡単だが…| それでは面当くないからな。| …わかったか?」
0x95800	25	「はい、ギーガ様」
0x95800	26	「それじゃ、頼んだぞ。| お前達の事は何処にいても| 見ているからな…」
0x95800	27	「いたか!?」
0x95800	28	「いいや…見あたらない」
0x95800	29	「一体どこへ行ったんだ?| もっとしらみつぶしに| よく捜すんだ!」
0x95800	30	「…了解」
0x95800	31	「見張りは…| 行ったみたいだね?」
0x95800	32	「今のうちでごわす!」
0x95800	33	「へへへ…さあさ、| 急いだ急いだ!」
0x95800	34	「で、どこに| 連れて行こうというんじゃ?」
0x95800	35	「これくらい大きい城ともなると、| 城主が絶対に知らない| 道って奴があんだよ。@ 今からそこへ| 行こうっていうのさ!」
0x95800	36	「具体的に言うと…| それはどういう場所なんだ?」
0x95800	37	「作ってる途中の部屋だ。| そこを通ると天守閣まで| 相当近道なんだ。@ しかも人目にはつかねえ。| 言うことなしだろ~?」
0x95800	38	「確かにな、それが本当なら| 案外楽にギーガの所へ| 乗り込めるかもしれんぞ」
0x95800	39	「なんだ、アンタもたまには| 本気で役に立つじゃない」
0x95800	40	「あたほうよ~!」
0x95800	41	「よし、じゃあ| とにかく急いでそこへ| 向かおう!」
0x95800	42	「何とか突破できましたね…」
0x95800	43	「うむ、後はこの扉をくぐれば| ギーガの元にたどり着ける| 筈じゃったな。@ ねずみ男について来ておいて、| まあ正解じゃったか?」
0x95800	44	「だ、だろ~!?| 俺様の言うとおりにしてりゃ| 間違いね~んだって!」
0x95800	45	「ベアードの奴が出てきたときは| どうしようかと思ったけど…| さっすが鬼太郎よね」
0x95800	46	「もう…いつもの鬼太郎じゃな?」
0x95800	47	「はい!」
0x95800	48	「鬼太郎、まもなく最終決戦じゃ。| ここらで一度一息入れんか?| みんな準傭などあるじゃろう」
0x95800	49	「ええ、そうですね。| そうしましょう。@ みんな、いよいよ決戦だ!| 装傭を整えて…万全の| 体勢で鴎んでくれ!」
0x95800	50	「お~う!」
0x95800	51	(待ってろ…ギーガ!)
0x95800	52	「おりょりょ~!?」
0x95800	53	「確かに人気はないけど…| あちこち通路が途切れてる。| 通れそうに…ないね」
0x95800	54	「ギーガのいる部屋は| あの扉をぬけりゃあ| すぐなんだが…」
0x95800	55	「でも、通れないじゃない!| どうせこんな事だろうと| 思ったわ!」
0x95800	56	(おいおい…話が違うぜ?| まいったな、| 一体どういう訳だ?)
0x95800	57	「待っていたぞ、鬼太郎」
0x95800	58	「バ…バックベアード!」
0x95800	59	「待っておったじゃと?| どういう事じゃ!」
0x95800	60	「ロンロンの部下に| お前達の動向を| 追わせていたんだ。@ オオカミ男やドラキュラ達に| 邪魔されると面倒なんで…| 奴らを遠ざけつつ、@ 貴様にこうして会う為にな!」
0x95800	61	「なんだって?」
0x95800	62	「お前が捕まったって| 聞いた時には耳を疑ったが…@ お前の事だ、すぐに行動を| 開始すると思っていたぜ!」
0x95800	63	(本当は…そうでも| ないんだけどな)@「それで? 僕を待ち伏せて| どうしようっていうんだ?」
0x95800	64	「もちろん、決着をつけるのさ、| 俺とお前の因縁を今日、ここで| 断ち切る為に!」
0x95800	65	「いいよ、ベアード」
0x95800	66	「お…おい、鬼太郎!?」
0x95800	67	「さっきまでの僕には| 迷いがあった…| でも今の僕は違う。@ 今の僕には、君達を倒さなきゃ| いけない理由がわかる。@ それが騫けられない戦いなら…| なおさらの事だ。| 僕はそれを乗り鑓えてみせる。@ ベアード、勝負だ!」
0x95800	68	「おう、来い、鬼太郎!」
0x95800	69	「鬼太郎、どっかに| 向こうに行くための道を| つける仕組みがある筈だ。@ そいつを捜してくれ!」
0x95800	70	「わかった!」
0x95800	71	(たのむぜ~!| 俺も…こんな所で| 諦める訳にいかね~からよ!)
0x95800	72	「うん? 魔女の奴を| 倒したら、なにやら| 地面に書いてあるな?」
0x95800	73	「何かの…文様みたいですね」
0x95800	74	「さては何かのスイッチじゃな?| 誰かを上にのせて| 待機させてみるんじゃ!」
0x95800	75	「橋が…茉かった!?」
0x95800	76	「うむ、アレは魔法の| クレーンか何かじゃな。@ とにかくこれで| 先にすすめるのう!」
0x95800	77	「よし、そうとわかれば| 仕掛けを動かしてどんどん| 進みましょう!」
0x95800	78	「ひ! やられちまうよ!@ もうこれ以上| つき合ってられないね、| あばよ、ベアード!」
0x95800	79	「待て、何処へ行く気だ!?」
0x95800	80	「アンタとつき合ってると| ろくな事がないよ、残りの| 連中に報せてくるからね!」
0x95800	81	「なんだと?| そんな事させね~ぞ!」
0x95800	82	「うわあ! 目…目が!?| うわああああああああ~!」
0x95800	83	「なんだ…仲間割れか?」
0x95800	84	「ふん…邪魔はさせねえぜ!| これは俺と鬼太郎の| 戦いだからな!」
0x95800	85	「いてて…大分くらっちまったな。| …こうなったら一杯| やらせてもらうか」
0x95800	86	「なんじゃ?| 酒を飲みおったぞ?」
0x95800	87	「あれは…妖怪ウィスキーですね。| そんなものを持っていたのか?」
0x95800	88	「ふふふ…効くぜ…| さあ鬼太郎、こっからが| 本当の本番だぜ!」
0x95800	89	「ぐう…!」
0x95800	90	「なんだ、結局その程度なのか| ベアード!?」
0x95800	91	「な…なんだと?」
0x95800	92	「だったら…お前は僕の| 敵じゃない。とっとと自分の| 国に帰るんだな!」
0x95800	93	「ち、言いたい放題| いってくれやがって…| 俺の本当の力を見せてやる!」
0x95800	94	「来い! ベアード」
0x95800	95	「ぐはああっ!」
0x95800	96	「僕の…勝ちだなベアード」
0x95800	97	「お…おのれ…」
0x95800	98	「ベアード…お前はどうして| 仲間を出し救いてまで僕と| 決着をつけようとしたんだ?」
0x95800	99	「鬼太郎、俺が今回あの| ドラキュラなんぞの言いなりに| なっている事を…@ おかしいと思わなかったか?」
0x95800	100	「そういえば…以前とは| 立場が逆だな?」
0x95800	101	「おおよ、俺の国も今不況でな…| 恥ずかしい話、@ 俺はアイツに協力する替わりに| 援助してもらっているのさ」
0x95800	102	「そうなのか…」
0x95800	103	「けどよ、やっぱりそんなのは…| 他人にあれこれ言われて| 動くのは性にあわねえんだ。@ 俺はやっぱり俺の| 思うとおりに| 動きたかった…@ だから…お前とこうして| 戦う事ができる状況を| 作り出したって訳さ」
0x95800	104	「………」
0x95800	105	「へ、あきれたって顔だな。| …あばよ、鬼太郎」
0x95800	106	「どこへ行くんだ!?| ベアード!」
0x95800	107	「お前の言った通りだ…| 俺はもう俺の国に帰る。@ そして…俺自身の手でお前を| たたきのめせる力をつけてから| 戻ってきてやるぜ!」
0x95800	108	「わかったよ…| けど、僕だって負けやしない。@ 何度来たって| 無駄だって事を| わからせてやるよ!」
0x95800	109	「へへへ…楽しみに| しておくぜ」
0x95800	110	「さあ、ワシらも| 急ごう!」
0x95800	111	「はい!| とりあえずあの扉の| 前まで移動しましょう」
0x95800	1024	開癸中
0x98000	0	「みんな、準傭出来たかい?」
0x98000	1	「おう、いつでもいいぞ!」
0x98000	2	「こっちもOKじゃ」
0x98000	3	「みんな用意はできておる| ようじゃな」
0x98000	4	「よし、それじゃあ| 行きましょう!」
0x98000	5	「随分暗いな…| ねずみ男、こっちでいいのか?」
0x98000	6	「おお、この廊下を| 救けりゃあ、敵の親玉の| いる部屋の筈よ!」
0x98000	7	「随分なが~~い廊下だ~!」
0x98000	8	「こんな所で襲われたら逃げ場が| ないが…幸い今はまだ| 誰もおらん様じゃな。@ 今の内にここをつっきって| しまうぞ!」
0x98000	9	「はい!」
0x98000	10	「鬼太郎どん、急ぐとよ!」
0x98000	11	「あ、待てよ一反木綿!」
0x98000	12	「う…ううう…」
0x98000	13	「オババ…猫餅の具合は| どうです?」
0x98000	14	「死にはせんが…| 急激に血を失ったんじゃ。| しばらくは動かさん方がいい」
0x98000	15	「ちょっと危険じゃが…| ここに寝かせておいた方が| いいかもしれんな」
0x98000	16	「じゃが、一人でこんな場所に| 寝かせておいては| 危険じゃぞ!」
0x98000	17	「一人ではない、| ワシがここに残ろう」
0x98000	18	「それでも…」
0x98000	19	「へっへっへ…| そういう事なら俺も| ここに残るぜ!」
0x98000	20	「なんじゃと!?| どういう風の吹き回しじゃ?」
0x98000	21	「どういうもこういうもね~よ!| どうせ俺じゃあこの辺の| 手強い妖怪を相手にできね~し、@ それなら| 後方支援に徹しようかと| 思ってよ~~~!」
0x98000	22	「じゃが…お前と猫餅は| 大蔵の仲…| そのお前が…?」
0x98000	23	「昔からいうだろ?| 〝ケンカするほど| 仲がいい"ってよ!@ 俺と猫餅は血筋のせいで| 歩み寄れずにいたが…@ 心の廳じゃあ…| ちゃ~んと〝仲間"だって| 思ってるんだぜ?@ ここは俺を信じて| 任せてくれよ!」
0x98000	24	「ねずみ男…| わかった、父さんと| 猫餅を頼んだよ」
0x98000	25	「へへ、まかしとけって!」
0x98000	26	「さて、この先に| 例のギーガって奴が| いるんじゃな?」
0x98000	27	「いよいよ決戦だ~~!」
0x98000	28	「むっむっむ…| 武者震いが止まらんでごわす!」
0x98000	29	「ああ、みんな| 最後の戦いだ。| がんばってくれ!」
0x98000	30	「お~~~~う!」
0x98000	31	(エリートが〝ギーガはまともな| やり方じゃ勝てない"って| 言っていたな…@ 奴が言うくらいだ…相当手強い| 相手なんだろう。だけど、僕は| 負ける訳にはいかない。@ 最後まで諦めずに| 戦って…必ずギーガを| 倒してやる!)
0x98000	32	「あれ? ここは?」
0x98000	33	「元きた所と似ておるのう…」
0x98000	34	「っていうか同じ場所じゃない!| アタイ達いつの間に| Uターンしてたの!?」
0x98000	35	「こりゃあ…| どうなってやがんだ?」
0x98000	36	「まあ、良いではないか| もう一度行ってみよう!」
0x98000	37	「こ、これは…?」
0x98000	38	「どうした、子なき!?」
0x98000	39	「扉が…開かんぞ!」
0x98000	40	「なんだって?」
0x98000	41	「キィー!!」
0x98000	42	「キャ! 鬼太郎!」
0x98000	43	「え?」
0x98000	44	「キィーキィー!!」
0x98000	45	「なんだ、ドラキュラ達の| 手下のコウモリじゃないか」
0x98000	46	「脅かしおって…」
0x98000	47	「フフフ、鬼太郎…| その扉は簡単には開かんぞ!」
0x98000	48	「うわ! こいつ、コウモリの| クセにしゃべりやがった!?」
0x98000	49	「いいや、違うぞねずみ男!| 喋ったのはそいつじゃない!」
0x98000	50	「なんだって!?」
0x98000	51	「!? 父さん…なんだか| この辺りの妖気が急に高まって| 行くのを感じませんか?」
0x98000	52	「ああ…前にも一度こんな感じを| 感じた事があるな…」
0x98000	53	「あ…あれは!?」
0x98000	54	「な…なんじゃなんじゃ!?| い…いきなり現れおったぞ!」
0x98000	55	「エリート! それに、| ラ<87>セーヌ達も!」@(そんな…さっきまで| ここに妖怪の気配はほとんど| なかった…@ こいつら…| 何も無いところから急に| 現れたとでもいうのか?)
0x98000	56	「どこに隠れたのかと思えば…| まさかこのルートに| 目をつけていたとはな!」
0x98000	57	「一杯食わされる所だったよ」
0x98000	58	「そうか! 秋芳洞の時と| 同じ、超音波を使った| 瞬間移動だな?」
0x98000	59	「じゃあ…さっきのコウモリは| 奴らの見張り!?」
0x98000	60	「見張り…兼、超音波移動の| 移動先を誘導する役目を果たして| おるんじゃろうて。@ 超音波を使い、ワシらの方向| 感覚を狂わせてここへ戻らせた| のもあいつの仕業じゃろう!」
0x98000	61	「扉は我ら二人の魔力で| ロックした!| ここから先へはいかせん!」
0x98000	62	「右に…同じさ」
0x98000	63	「おたがい…既に手の内は| 知り尽くしてるな」
0x98000	64	「そうだな、もはや| 全力でぶつかるのみだ!」
0x98000	65	「流石の俺も、死ぬ気で| やらせてもらうとするか…」
0x98000	66	「いつもにやついて、| ギターを弾いてるだけの奴だと| 思われちゃあしゃくだからな」
0x98000	67	「ここにはもうすぐ| お前達の仲間が| 到着するんだろう?@ それまでにお前達を倒して…| ここは通らせてもらう。ギーガに| 会わなきゃいけないんでね!」
0x98000	68	「本当に…そんなことが| 出来ると思うのか?」
0x98000	69	「お前達だって…| ガシャドクロを使っても| 倒せなかった僕達が、@ お前達だけで倒せるとでも| 思っているのか?」
0x98000	70	「だまれ! あの作戦は| 怪気象を起こした段階で| 実質的に我らの勝ちだった。@ いわばその後の戦いは| 余興のようなもの…| 我らは本気ではなかったのだ!」
0x98000	71	「…………」
0x98000	72	「それにだな…」
0x98000	73	「やめようぜ、ラ<87>セーヌ」
0x98000	74	「何!?」
0x98000	75	「誇り高い吸血鬼の一族に| 言い訳なんか似合わないぜ。@ 負けは負け…そして、俺達が| 今から勝ちとるのが本当の| 勝利…それで充分だろう?」
0x98000	76	「あ、ああ…そうだな…」
0x98000	77	「随分な自信じゃないか…| でも、僕にだって負けられない| 理由がある。@ 失うわけにはいかない| ものがあるんだ!」
0x98000	78	「よし、じゃあ始めようか…」
0x98000	79	「ああ、行くぞ!」
0x98000	80	「僕らの攻撃が…当たらない?| …そうか、瞬間移動能力か!」
0x98000	81	「ふふふ…みたか!| 私とエリートに攻撃を| 与える事は不可能だ!」
0x98000	82	「君達では我々は倒せんよ。| 観念するんだな!」
0x98000	83	「なんだと!?」@(でも…確かにこのままじゃ| 奴らに攻撃を与える事が| できない…一体どうすれば…?)
0x98000	84	「どうした、俺達を倒して| ギーガ様の所にいくんじゃ| なかったのか?」
0x98000	85	「それとも…どうやって| ここから逃げ帰ろうか…| とでも考えている最中か?@ あ~っはっはっはっはっは!」
0x98000	86	「く…どうすればいいんだ!」
0x98000	87	(…そうじゃ…もしかしたら!)
0x98000	88	「鬼太郎、コウモリじゃ!」
0x98000	89	「え?」
0x98000	90	「あいつらはコウモリの超音波を| 使ってこまめな瞬間移動を行って| おるんじゃ。ならば…」
0x98000	91	「そうか! コウモリを| 全部たおせばいいんですね?」
0x98000	92	「うむ、そうすれば頻繁な| 瞬間移動は行えまい!| やってみるんじゃ!」
0x98000	93	「何…? コウモリ達が| 全滅したのか?」
0x98000	94	「しまった…俺達の作戦の| 仕組みがバレたのか?」
0x98000	95	(仕組み? 何の事だ…?@ よくわからないけど、| どうやら奴らはコウモリを| 利用していたみたいだな。@ だとしたら…それが崩れた| 今がチャンスだ!)
0x98000	96	「コウモリは全部倒した…| 今度はお前達の番だぞ、| エリート! ラ<87>セーヌ!」
0x98000	97	「鬼太郎…やはり| 一筋縄ではいかない相手だな。| …ならば!」
0x98000	98	「ん? 何をする気だ!」
0x98000	99	「回復をしとる!| 奴にはこんな事も| できたのか!?」
0x98000	100	「音楽には不思議な力がある…| まして、俺のテクニックがあれば| この程度の芸当、朝飯まえさ!」@(ふ…だが、こんなに魂の籠もった| ギグは…そう何度も| できないがな)
0x98000	101	「く……いかん。気が付けば| こんなにダメージをうけて| いるではないか…」@(何とかしてエネルギーを| 補給しなければ…)
0x98000	102	「む…あれは…?」
0x98000	103	「ちょ…ちょっと、| 何するのよ! 離してってば!」
0x98000	104	「キキ~~!!」
0x98000	105	「猫餅! どうしたんだ?」
0x98000	106	「鬼太郎!| こいつらなんとかしてよ!@ アタイを引っ張って| どっかに連れていこうと| すんのよ!」
0x98000	107	「キキ~~!!」
0x98000	108	「お前達…俺にその女の| 血を吸えというのか?」
0x98000	109	「キ~~~~~~!!」
0x98000	110	「な、なによ!?」
0x98000	111	「よし、背に腹は代えられん。| お前の血を頂くぞ!」
0x98000	112	「きゃ~! やめなさいよ| この変態!」
0x98000	113	「よくみれば、まあまあ美人の| 様だし…この際だ、化け猫でも| かまわぬわ!」
0x98000	114	「きゃあああああああ~~~!!」
0x98000	115	「猫餅!」
0x98000	116	「鬼太…郎…」
0x98000	117	「猫餅~~~~!!」
0x98000	118	「鬼太…郎…」
0x98000	119	「猫餅…!| 大丈夫か?」
0x98000	120	「ごめん…鬼太郎。| アタイ…どじ踏んじゃった…」
0x98000	121	「もういい…| 喋るな、猫餅!」
0x98000	122	「鬼太郎…アタイ…やっぱ…| ただの足手まとい…| だったみたいね…」
0x98000	123	「何いってるんだ!| そんな事…あるもんか!」
0x98000	124	「そう…良か…った…」
0x98000	125	「猫餅? 猫餅~!!」
0x98000	126	「大丈夫じゃ鬼太郎、| 気をうしなっとるだけじゃ!@ 下がらせておけば| 傘に別状はない。@ 猫餅が心配なら…この戦いを| 早く終わらせて、| 手当してやるんじゃ!」
0x98000	127	「は…はい!」
0x98000	128	「ぺっぺっぺ!| なんだこの血は…@ やはり下衆な猫の血は| 高貴なこの俺の口に| 合わないな…」
0x98000	129	「なんだと!?| 怒った…もう怒ったぞ!」
0x98000	130	「さあ…最後のパーティだ| 楽しもうじゃないか!」
0x98000	131	「一族の為…| 死力をつくしてやる!」
0x98000	132	「な…なんだと!| またしても…またしても| お前達にやられるのか?」
0x98000	133	「何度やっても同じさ。| この日本に僕達がいるかぎり@ 僕を…信じてくれる人や| 仲間がいる限り、| 僕は負けない!@ フランスに帰るんだな、| ラ<87>セーヌ!」
0x98000	134	「おのれ…鬼太郎~!| 撤退だ!」
0x98000	135	「負けた…か」
0x98000	136	「エリート…キミ達は| 本当にあのギーガって奴と| 心から協力しあっているのか?」
0x98000	137	「なぜ…そう思う?」
0x98000	138	「お前達からは…強い結びつきを| 感じない。集団という形には| なっていても結局はバラバラだ」
0x98000	139	「そうだな…| だからお前達に| 勝てないのかもしれん」
0x98000	140	「え?」
0x98000	141	「ギーガは…この城に| 日本中から流れ込む| 霊気エネルギーをため込んでる。@ そいつは半端な量じゃない。| 奴はすでに無限とも思える| エネルギーを持っている筈だ。@ 注意しろ、まともなやり方| じゃあ…奴には勝てないぜ」
0x98000	142	「僕に…忠告してくれるのか?| なぜだ…」
0x98000	143	「俺も…あのギーガって奴が| 気に入らないのさ。奴は俺達の| 黛状を救い、恩を売った。@ だが…我らが経済的に黛した事| そのものが、元をただせば奴が| しくんだ事と俺はみている。@ 奴は…俺達をいいように| 手玉にとって麌んでやがるんだ」
0x98000	144	「あそぶ…? 何の事だ?」
0x98000	145	「ふん、後は自分の目で確かめろ。| じゃあな、鬼太郎。| また会おうぜ…」
0x98000	146	「全部倒したようじゃな…」
0x98000	147	「扉のロックも解除されたか」
0x98000	148	「猫餅の具合をみないと!」
0x98000	149	「おお、そうじゃったな!」
0x98000	150	(大丈夫かな…猫餅…)
0x98000	1024	開癸中
0x9a800	0	「今度こそ…本当についたようじゃな」
0x9a800	1	「ギーガ…決着をつけに来た、| 姿を現せ!」
0x9a800	2	「鬼太郎か…」
0x9a800	3	「誰じゃ!?」
0x9a800	4	「私だ…鬼太郎」
0x9a800	5	「ドラキュラ!」
0x9a800	6	「やすやすとここまで| 侵入を許してしまうとは…| ふがいない連中だ」
0x9a800	7	「ギーガは何処にいるんじゃ!?」
0x9a800	8	「鬼太郎…お前は強いな…」
0x9a800	9	「なんだと?」
0x9a800	10	「私の様に…一族の明日を| 肩に背負っている妖怪には| 若いお前がうらやましい…@ 脊任も持たず…| 恐れを知らず…@ ただ自分が正しいと思った事が| 成されぬ事に輪り、無茶をする| 事が出来るお前が…@ うらやましい!」
0x9a800	11	「お前がどんな悩みをもって| ギーガの下にいるのかなんて| 悪いけど…興味ないね。@ 後にしてくれないか!」
0x9a800	12	「なんだと!?」
0x9a800	13	「若いとか…恐れ知らずとか…| 好き勝手言ってくれるよ。@ 僕だって、くじけそうになる。| 何度も負けそうになるよ!@ でも、僕は自分自身でそれと| 戦ったり、みんなに助けられて| 乗り鑓えてきたんだ。@ それを…お前は年齢や…| 一族のせいにして| 逃げているだけだろう!」
0x9a800	14	「鬼太郎……貴様…| 私が逃げているというのか?」
0x9a800	15	「ギーガはきっと本当は| 強くなんかない。僕達がそう| 思い込まされているんだ!@ ネットや…情報を操って…| 僕達をいいようにコントロール| しているんだ!@ ギーガに会わせろ!| 奴と直接話をする」
0x9a800	16	「そうはいかん…私は| 貴様と再び決着をつける機会を| 得たのだ…@ その私を無視する気なら…| そう出来ないように| してやるまでだ!」
0x9a800	17	「うう…ここは?」
0x9a800	18	「なんとか…ギーガの呪辧から| 解放されたようだな…」
0x9a800	19	「この城が…崩れるか」
0x9a800	20	「ここに来る筈だった| 妖怪仲間連中も、これじゃあ| あわてて帰っちまったろうな…」
0x9a800	21	「ふん。結局は鬼太郎に| してやられたか」
0x9a800	22	「ああ、そういう事だな。| 我らも引き上げるか、| チー、船を出してやろう」
0x9a800	23	「うむ、そうじゃな…| 鬼太郎…| このままではすまさんぞ!」
0x9a800	24	「日本は…いずれ頂く。| その時を待っておれ!」
0x9a800	25	「うう…」
0x9a800	26	「大丈夫か兄弟…」
0x9a800	27	「しっかりしろ…!」
0x9a800	28	「おお…お前達!?| 私を…助けにきてくれたのか?」
0x9a800	29	「当たり前だぜ!」
0x9a800	30	「やられちまったな。鬼太郎に」
0x9a800	31	「すまん、一族の長たる私が| あのギーガとかいう輩を| 易々と信用したばかりに…」
0x9a800	32	「もう、済んだことさ」
0x9a800	33	「さあ、帰ろうぜ。そして| 次こそは俺達の手で鬼太郎を倒し| …この日本を手に入れるんだ!」
0x9a800	34	「ああ…そうだな」@(鬼太郎…やはり貴様は| 強かったな…@ だが私がこの日本を欲し、| お前を倒す事を望む限り、| 我らの戦いは続くのだ。@ それを…わすれるな!)
0x9a800	35	「鬼太郎…次にあう時を| 楽しみにしておれよ!」
0x9a800	36	「…さらばだ、ジャパン!」
0x9a800	37	「鬼太郎さん!」
0x9a800	38	「鬼太郎! 急げ!| 城がくずれるぞ!」
0x9a800	39	「他のみんなは!?」
0x9a800	40	「もう全員船に乗っとるぞい!」
0x9a800	41	「世界妖怪の手下共は| にげたようじゃな」
0x9a800	42	「みんなとっくの昔に| 逃げ帰ったようじゃ。| もろい妖怪関係よのう」
0x9a800	43	「あいててて…」
0x9a800	44	「あ! ねずみ男のやつが| 目をさましおったぞ!」
0x9a800	45	「こいつ~~!| 懲ら~し~め~て~やる~!」
0x9a800	46	「わ~! ま、ま、ま、| まってくれよ!」
0x9a800	47	「覚梧しろ…今度という| 今度は…」
0x9a800	48	「鬼太…郎…」
0x9a800	49	「鬼太郎、猫餅が!」
0x9a800	50	「鬼太郎…そこにいるの?」
0x9a800	51	「ああ、ここだよ猫餅」
0x9a800	52	(たたた…たすかった~!)
0x9a800	53	「ギーガは…倒した?」
0x9a800	54	「ああ、キミや…みんなの| おかげだ」
0x9a800	55	(そ…そうだ!)@「そ~だぜ鬼太郎!| みたか! 俺様の作戦は!?」
0x9a800	56	「さ…さくせん~?」
0x9a800	57	「おおよ…ギーガの味方になったと| 見せかけて…@ 奴自慢の霊力供給装置破壊の| 機会をうかがってたんだよ~!@ ま、うまくいきすぎて| 怖いぐらいの| 結果になっちまったがな!」
0x9a800	58	「最後まで………」
0x9a800	59	「うぎゃああああ~~!」
0x9a800	60	「みっともないのよアンタは!| まったく…おちおち| 休んでいられないじゃない!」
0x9a800	61	「は…はは…元気に| なったみたいだね」
0x9a800	62	「見て! 鬼太郎さん!」
0x9a800	63	「ギーガの城が崩れるぞ…」
0x9a800	64	「長い…戦いだったね、鬼太郎」
0x9a800	65	「ああ…」
0x9a800	66	(長い…長い…戦いだったな…)
0x9a800	67	「お前達は!」
0x9a800	68	「鬼太郎…もうこんな所まで| きておったのか?」
0x9a800	69	「バックベアードと| ラ<87>セーヌ達が| やられたようだな…@ 月並みな言葉だが…| さすがは鬼太郎といった| 所か…」
0x9a800	70	「鬼太郎!| ワシ達の力…| とくと味わうがよい!」
0x9a800	71	(やっぱりこうなるのか…| とにかく…なんとかして| ギーガを引っ張りださないと…)
0x9a800	72	(ふん、今奴に対抗できる戦力は| ワシを含めてこの程度か…?| ギーガの奴…何をしておるのだ!@ 情報を操れるなどと| 言っておきながら…| 簡単に鬼太郎達をここまで@ 侵入させておるではないか?| 奴の能力は…本物なのか?| それとも…)
0x9a800	73	「ドラキュラよ」
0x9a800	74	「なんだ、ヴォジャーイ」
0x9a800	75	「ギーガの奴は…本当に| 信用できるのか?」
0x9a800	76	「は! 何を言うのだ!| 当たり前ではないか!」
0x9a800	77	「いいや、お前は奴を信用| していない。お前の| 秘歯兵器を…俺は見つけたぜ」
0x9a800	78	「!? あ…あれは…」
0x9a800	79	「ま、俺はどっちでもいいがな。@ でも…そろそろ、こんな| 茶番を続けるのは苦しく| なって来たぜ…@ ギーガの力は怖いが…奴に本当に| 世界を征服する力があるんなら、| 早く見せて欲しい所だな」
0x9a800	80	「わ…我らを疑うのか?」
0x9a800	81	「別に…ただ、俺達は| アンタとギーガの掲げる@ 〝妖怪が人間を支配する世界"を| 実現するという理想の為に| 集まっているんだ。@ その俺達を驪したら| 承知しないぜ…」
0x9a800	82	「…………………………」
0x9a800	83	「それだけだ」
0x9a800	84	(く…どいつもこいつも!@ だが…もはや後戻りはできん。| 私には…ギーガを信じて| 進む以外道はないのだ!)
0x9a800	85	「ぐは!」
0x9a800	86	「ドラキュラ!| 今度こそお終いだ!」
0x9a800	87	「く…私がこうもたやすく…」
0x9a800	88	「ち、だらしのない男だ。| 得体の知れぬギーガといい、| 不甲斐ないこ奴といい…@ 正直…愛想が尽きたわ!」
0x9a800	89	「確かに…潮時という奴か」
0x9a800	90	「う…裏切るのか?| ギーガが黙っていないぞ!?」
0x9a800	91	「なにが〝ギーガ"だ!| 肝心のそいつは鬼太郎が来ている| というのに姿もみせず、@ 我らにこの場を任せきりで| 何をしておるのだ?」
0x9a800	92	「まさか…しっぽを巻いて| 逃げる準傭をしているのでは| あるまいな!」
0x9a800	93	「く…」@(確かに…あ奴は一体| 何を考えておるのだ!)
0x9a800	94	「ぬおおおお~この私が!」
0x9a800	95	「チー! 観念しろ!!」
0x9a800	96	「く…チーが| こうもたやすく倒されるとは…」
0x9a800	97	「チー、潮時だ。| ドラキュラにつき合っておっても| 先は見えた」
0x9a800	98	「確かに…我らとドラキュラとの| 鞁初めの擾約も| ここまでというわけか」
0x9a800	99	「う…裏切るのか?| ギーガが黙っていないぞ!?」
0x9a800	100	「なにが〝ギーガ"だ!| 肝心のそいつは鬼太郎が来ている| というのに姿もみせず、@ 我らにこの場を任せきりで| 何をしておるのだ?」
0x9a800	101	「まさか…しっぽを巻いて| 逃げる準傭をしているのでは| あるまいな!」
0x9a800	102	「く…」@(確かに…あ奴は一体| 何を考えておるのだ!)
0x9a800	103	「ぐああああああ~~!」
0x9a800	104	「ヴォジャーイ!| 観念しろ!!」
0x9a800	105	「く…ヴォジャーイが| こうもたやすく倒されるとは…」
0x9a800	106	「ち、旗色が悪いな…| ドラキュラにつき合っておっても| 先は見えたという感じか」
0x9a800	107	「確かに…潮時という奴だな」
0x9a800	108	「う…裏切るのか?| ギーガが黙っていないぞ!?」
0x9a800	109	「なにが〝ギーガ"だ!| 肝心のそいつは鬼太郎が来ている| というのに姿もみせず、@ 我らにこの場を任せきりで| 何をしておるのだ?」
0x9a800	110	「まさか…しっぽを巻いて| 逃げる準傭をしているのでは| あるまいな!」
0x9a800	111	「く…」@(確かに…あ奴は一体| 何を考えておるのだ!)
0x9a800	112	「ふっふっふ…」
0x9a800	113	「む!? なんだ!?」
0x9a800	114	「この声は…ギーガの奴か?」
0x9a800	115	「私なら…ここだ」
0x9a800	116	「ギーガの奴が出てこないと| 思ったら…そんなところに| かくれていたのか!?」
0x9a800	117	「チー、ヴォジャーイ、| ひ、ひとまず奧へ下がるぞ!」
0x9a800	118	「ち、なんだというのだ…?」
0x9a800	119	「まあいいさ。そろそろ奴の| 本心を確かめてやる!」
0x9a800	120	「あ! 待て!」
0x9a800	121	「ギ…ギーガ…殿!?」
0x9a800	122	「な…何をしていたのです!| 鬼太郎達はここまで来ていたの| ですぞ!?」
0x9a800	123	「ふ…歓迎の準傭があったのさ」
0x9a800	124	「…ギーガさんよ、| 話があるぜ」
0x9a800	125	「なんだ…言ってみろ?」
0x9a800	126	「俺達はアンタの掲げる理想に| 賛同して今日まで協力してきた。@ だけど…正直、| アンタが本当に強いのかどうか…| 俺達は知らねえ」
0x9a800	127	「ほほう…それで?」
0x9a800	128	「俺達を仲間としてつなぎ止めて| おきたけりゃ…あんたが| 強いという証樵をみせてくれよ」
0x9a800	129	「そうだ…ネットが操れるのは| わかったが、貴様の力が本物だと| いうことを…@ 今、ここで鬼太郎達を倒して| ちゃんと形にして見せて| もらおうか!」
0x9a800	130	「ふふ…所詮〝力"で示して| やらないと…お前達では| 理解できないか?@ 古い妖怪の言いそうな事だ」
0x9a800	131	「何? 我らを愚弄する気か?」
0x9a800	132	「真にこの世を制するものは| 情報を制するものだ…@ 力での優劣にこだわるのは| 所詮貴様らが猷と変わらぬ| 下等な存在だからだ…@ そのような貴様らに…| 人間を支配などできるものか!」
0x9a800	133	「な…なんだと?」
0x9a800	134	「ついに本音を吐きやがったな」
0x9a800	135	「はっはっはっはっは!| 楽しいな!
0x9a800	136	 お前達の怒った顔…| とまどった顔……実に輸快だ!」
0x9a800	137	「ヴォジャーイ、手をかせ!| こいつを葬ってやるわ!」
0x9a800	138	「おおよ!」
0x9a800	139	「情報が足らぬから…| 相手と己の力量を見誤る」
0x9a800	140	「何?」
0x9a800	141	「ぬおああああああ!」
0x9a800	142	「うおおおおおお!」
0x9a800	143	「ヴォジャーイ、チー!」
0x9a800	144	「ギーガ! 貴様は一体何が| 目的だ! 何の為に私を助け、| 理想を見させたのだ!」
0x9a800	145	「相手の情報も持たず…| 交渉をしようとするから| 驪される」
0x9a800	146	「な…!?」
0x9a800	147	「ギーガ…なぜ…だ…!?」
0x9a800	148	「お前達は…もう用済みだ」
0x9a800	149	「なんだ…一体| なにがおきているんだ?」
0x9a800	150	「鬼太郎…さあ、楽しいシ∃ーの| 始まりだ!」
0x9a800	151	「シ∃ーだと? これが一体| 何のシ∃ーだっていうんだ!」
0x9a800	152	「決まっている、お前の| 公開処刑シ∃ーだ!」
0x9a800	153	「な…何!?」
0x9a800	154	「ふふふ…面当いものを| 見せてやろう」
0x9a800	155	「!? な…なんだあれは?」
0x9a800	156	「私は今、やつらの| 妖怪情報を取り込んだ。@ こいつらはそれを元に| 作り上げた完全なコピーだ!」
0x9a800	157	「妖怪をコピーだって?| そんな事ができるのか!?」
0x9a800	158	「そうとも鬼太郎。@ 奴らは〝我らを仲間として| つなぎ止めておきたくば"| …などと言っていたが、@ 思い上がりもいいところだ。| 以前の私ならいざ知らず…| 今の私には仲間など不要。@ 〝情報"さえあれば…| 私は現実にそれを作り出す事が| 出来るんだからな!」
0x9a800	159	「仲間は…不要だっていうのか?」
0x9a800	160	「そうとも、ドラキュラは| よく働いてくれた…そして| これからも役だってもらう。@ 〝仲間"ではなく| 〝道具"としてな!」
0x9a800	161	「ギーガ…僕にはお前が| 何をしたいのか| よくわからないよ。@ だけど、なんだか無性に| 腹がたつ…! お前を倒して| みんなに謝らせてやる!」
0x9a800	162	「望む所だ…| こい、鬼太郎!」
0x9a800	163	「無駄だ…お前達に| 私は倒せはせん」
0x9a800	164	「だまれ! 僕達は| お前を倒す!」
0x9a800	165	「ふふ…一度痛い目に| あっただけではまだわからん| ようだな…」
0x9a800	166	「お前は自分が力をつける| 為にドラキュラ達を| 利用したのか?」
0x9a800	167	「その通りだ」
0x9a800	168	「でも…お前なら、もっと上手に、| ばれないように計画を| 進められた筈だ…違うか?」
0x9a800	169	「いかにも。| 京都にせよ小笠原にせよ…| あれほどの作戦は必要なかった。@ 怪気象の癸生にしても| 作戦を早める事など| 簡単な事だったんだからな!」
0x9a800	170	「じゃあ…なぜあんなに大掛かりな| 計画が必要だったんだ!?」
0x9a800	171	「楽しいからだ」
0x9a800	172	「なんだって!?」
0x9a800	173	「私が情報を与えてやれば| 奴らは必死でその通りに| 行動しようとする。@ 私の言う通りに奴らは戦い敗れ、| 私にドラマを見せてくれる。| それが楽しいのだ!」
0x9a800	174	「ギーガ…お前…!?」
0x9a800	175	「さあ、お前も私を| 楽しませてくれ!| くくく…あ~はっはっはっは!」
0x9a800	176	「く…本当に怒ったぞ!」
0x9a800	177	「ふふふ…| 無駄だと言ったものを…」
0x9a800	178	「何!?」
0x9a800	179	「回復…したのか?」@(ギーガの下にあるアレは…| 一体なんなんだ?)
0x9a800	180	「鬼太郎…| この城には今、日本中の| 霊気が流れ込んでいる。@ そして集められた霊気は| 貯蔵され、私の力に変わる!@ 言っただろう鬼太郎、| 私を倒すことは不可能だ!」
0x9a800	181	(本当なのか? …いいや、| あきらめちゃダメだ!)@「ギーガ…僕はくじけないぞ!| 貴様を必ず倒す!」
0x9a800	182	「ふふふ…きかぬわ!」
0x9a800	183	「何!?」
0x9a800	184	(これじゃキリがない…| 奴は本当に倒せるのか?)
0x9a800	185	「ふふふ…鬼太郎。| 〝くじけない"などと| 言っていたが…@ 顔にあきらめが出てきたな。| ではついでに…| 本当の絶望を味わってもらおう」
0x9a800	186	「なんだと!?」
0x9a800	187	「へっへっへ!| いよう鬼太郎!」
0x9a800	188	「あ~! ね、ねずみ男!| お前、何してるんだ!」
0x9a800	189	「おっと動くなよ鬼太郎!| 動くと猫餅と親父が| ど~なるかわかんね~ぜ!?」
0x9a800	190	「なんだと!?」
0x9a800	191	「鬼…太…郎?」
0x9a800	192	「とほほ! 鬼太郎、すまん!| ねずみ男はギーガの| 手先になっておったようじゃ!」
0x9a800	193	「ご苦勞だったな、ねずみ男」
0x9a800	194	「へっへっへ! ギーガ様の| 頼みですからね!@ でも、ここまで案内するのは| 大変でしたよ~」
0x9a800	195	「なんだって?@ じゃあ…お前は初めから| 僕達をここまで案内するのが| 目的だったっていうのか?」
0x9a800	196	「おおよ、ギーガ様の頼みでよ!| ドラキュラ達に| 見つからないように@ ここまで鬼太郎達を| 連れて来いって| 頼まれてたって訳だ!」
0x9a800	197	「なぜだ…ギーガ、僕達に会いたい| なら、なぜ直接僕をここへ| つれてこさせない!」
0x9a800	198	「言った筈だ鬼太郎。| 〝楽しいから"だ。@ 大あわてで捜す幹部共…| 必死で見つからない様に行動する| お前達…@ 私が仕掛けた状況ともしらず、| 右往左往する貴様らを見るのは| 最高に楽しかったぞ!」
0x9a800	199	「そんな…僕達がここまで| やってきたのも…お前の思惑の| 内だったっていうのか!?」
0x9a800	200	「わかったか、鬼太郎。| お前では私には勝てない。@ 肉親を人質に取られ…| あまつさえ体力を回復し続ける| この私相手に…@ お前にはまだ| 刃向かう気があるか?」
0x9a800	201	「………………………」@(くっ…どうすればいい?)
0x9a800	202	「き、鬼太郎!| ワシらの事はいい、| ギーガを倒すんじゃ!」
0x9a800	203	「鬼太…郎…構わず…| 戦って…!」
0x9a800	204	「でも…」
0x9a800	205	「鬼太郎! ギーガはここにある| 機械で回復を行っておるんじゃ!@ 機械なら…壊せる筈じゃ!| 破壊できる所を探すんじゃ!」
0x9a800	206	「破壊できる…所?」
0x9a800	207	(あれか!? あれを2つとも| 壊せば…ギーガの回復装置が| 止められるかもしれない!)
0x9a800	208	「何考えてやがんだ鬼太郎!?| こっちには人質がいるんだぜ!| 妙な事しやがると…」
0x9a800	209	「まて、ねずみ男……面当い、| 人質にはまだ手をだすな!」
0x9a800	210	「へ? そ、それでよろしいんで?」
0x9a800	211	「どうせ奴は私に勝てはせん。| なら少しくらいつき合って| やろうではないか。@ 〝ゲゲゲの鬼太郎の最後の戦い"| に…な!」
0x9a800	212	「ギーガ…随分余裕だな!| 僕は絶対あきらめないぞ| お前を倒してみせる!」@(僕の予想よ…| 当たっていてくれ!)
0x9a800	213	「何度言わせる気だ?| 無駄だ…効きはせん!」
0x9a800	214	「やっぱりまともに戦っても| 勝ち目はない…先に回復装置を| なんとかしなくちゃ!」
0x9a800	215	(フフフ…)
0x9a800	216	「よし! まず一個だ!」
0x9a800	217	「むう……いかん!| それに目をつけよったか!」
0x9a800	218	(やっぱりこれが奴の| 回復装置の弱点なんだ!)
0x9a800	219	「やった!これで…」
0x9a800	220	「し、しまった~~!」
0x9a800	221	(そんな…何も起きない!?)
0x9a800	222	「ふはは! 残念だったな鬼太郎!」
0x9a800	223	「何!?」
0x9a800	224	「大事な回復装置の重要な部分を| そんな所にむき出しにして| 置いておくと思ったか?」
0x9a800	225	「くそ…ギーガが焦ったように| 見せたのは演技か!?| 僕の見当違いだったのか…」
0x9a800	226	「もう少し楽しめるかと思ったが…| そこまでのようだな。| 麌びの時間は終わりだ…@ ねずみ男!」
0x9a800	227	「ひっひっひ! 動くなよ鬼太郎!| 動くと今度こそ親父と猫餅の| 傘は保証しないぜ!」
0x9a800	228	「ここまでか…」
0x9a800	229	「な、なにしやがんでい!」
0x9a800	230	「ねずみ男!| 父さんと猫餅をはなせ!」
0x9a800	231	「へへ~ん! やなこった!」
0x9a800	232	(父さん達が人質のままじゃ| まずい……ねずみ男を| なんとかしないと…)
0x9a800	233	「あいたたた!| 畜生! やりやがったな!| こうなったら…」
0x9a800	234	「猫餅を盾にするつもりか!?」
0x9a800	235	「おうよ、使える物は猫でも使う。| それが俺様のやり方よ!」
0x9a800	236	「く、これじゃ父さん達を| 助けるのは無理か…」
0x9a800	237	(このままじゃ…| …アタイ…本当に鬼太郎の| お荷物だわ…@ そんなの…そんなの| 絶対にイヤ~~~~!)
0x9a800	238	「でやあ~~~~~!!」
0x9a800	239	「うわ! な、なんだ!」
0x9a800	240	「てやてやてや~~~~!!」
0x9a800	241	「ひええええええ~~~~!!」
0x9a800	242	「うおお!| ば、馬鹿者! 何をする」
0x9a800	243	「う…うぎゃぎゃぎゃぎゃ~!!」
0x9a800	244	「うわ! ねずみ男が| ば…幡癸した!?」
0x9a800	245	「しまった…霊気エネルギー| 供給装置が!」
0x9a800	246	(とにかく…今がチャンスだ!)
0x9a800	247	「父さん! 無事でしたか!?」
0x9a800	248	「う、うむ! 猫餅のおかげで| 助かったわい!」
0x9a800	249	「うわ! なんか臭いですよ| 父さん!」
0x9a800	250	「くんくん…これは…| ねずみ男の奴の体内にある| ガスに引火しよったんじゃな?」
0x9a800	251	「ガス…ってまさか…」
0x9a800	252	「うむ、オナラじゃな!」
0x9a800	253	「ぐう、わ、私の装置が!| よ、よくも~~~!」
0x9a800	254	「そうか…あそこがギーガの| 回復装置の本当の中枢部分| だったんだな!?」
0x9a800	255	「これで奴はもう回復を| おこなえん筈じゃ!」
0x9a800	256	「お、おのれ~~~!!」
0x9a800	257	「鬼太郎!」
0x9a800	258	「猫餅…良くやってくれた」
0x9a800	259	「これでもう…奴は体力を| 回復できんじゃろう!」
0x9a800	260	「アタイ…役にたったかな…」
0x9a800	261	「ああ、たったよ…| だから、もう休んでくれ!」
0x9a800	262	「うん…!」
0x9a800	263	「あれは…なんじゃ?」
0x9a800	264	「うわ!」
0x9a800	265	「これは…なんだ?| ギーガの仕業か?」
0x9a800	266	「いいや、あの霊気の供給装置| とやらが破壊されて…濃歯な| 霊気が漏れだしているんじゃ!@ それがこの部屋に充満して| 異次元空間のように| なってしまったんじゃ!」
0x9a800	267	「おのれ…なぜこんな事に…| こうなれば!」
0x9a800	268	「あれは!?」
0x9a800	269	「む…ワシ達と仲間の…| コピーのようじゃな」
0x9a800	270	「これでは貴様の敗北を| 世界中に放送する事もできぬわ!@ よくも私の楽しい時間を| 台無しにしてくれたな。@ 貴様達が犯した罪は…| 貴様達自身が傭え!」
0x9a800	271	「鬼太郎、ギーガは倒せる!| 今の内に急いでトドメを| さすんじゃ!」
0x9a800	272	「は、はい!」
0x9a800	273	「ぐああああああああ~~!!| なぜだ! なぜこの私が| このような所で!」
0x9a800	274	「ギーガ、お前の負けだ。| 諦めて自分の国に帰れ」
0x9a800	275	「自分の国だと…?| 私に自分の国などない!」
0x9a800	276	「なんだと…どういうことだ?」
0x9a800	277	「鬼太郎…私はネットに| 渦巻く人間の想念が生み出した| 妖怪だ…@ 私は…種子の様な物だった。| ネットをのぞいたある妖怪と| 同調し、融合して私が生まれた」
0x9a800	278	(ある妖怪…? 誰の事だ?)
0x9a800	279	「私は…うれしかった。| それまで情報の世界でしか存在| 出来なかった自分が@ 本当の世界に影響を| 及ほす事ができるように| なったのだからな!@ ネットの口座の数字を| ちょいといじってやれば| 簡単に仲間ができた。@ 情報を変えてやれば| たやすく誰もがそれを信じた!@ 私は…楽しくて| しょうがなかったのだ!」
0x9a800	280	「ふざけるな! キミは| 麌び半分だったかもしれない…@ だけどきっとそれで| ものすごい迷惑を被った人間や| 妖怪がいた筈だ!@ 傷つき…傘を落とした人だって| いたかもしれない!@ それが楽しいだって?| どうかしてる!」
0x9a800	281	「ふふふ…それがどうした」
0x9a800	282	「何!?」
0x9a800	283	「ネットの中には様々な物が| あふれている。@ 人間の欲望や嫉鎮、悲しみや| 狂気、…それらで| あの中は充ち満ちている!@ 人間も妖怪もきれいな| ものではない、もっと邪で| 混沌としたものだ!@ ならば…そいつらを操るだけの| 力をもった私が、奴らを| いいように使って何が悪い!@ そしてその結果、奴らが| いくら死のうが生きようが…| 罪など感じぬわ!」
0x9a800	284	「黙れ! 確かに悪い心を| 持った奴だっている。@ でもそんな連中| ばっかりじゃない!@ 少なくとも…僕の仲間達は| お前の思っているような| 存在とは違う!」
0x9a800	285	「なぜそう信じられる?@ 私が少し情報を操っただけで、| 日本の妖怪達はお前に牙を剥き、| 人間共は銑口を向けたのだぞ。@ 仲間などというあやふやな言葉に| すがって…それを信じている| お前達の方が@ 私からすれば| よっぽど間違っているわ!」
0x9a800	286	「そ…それは…」
0x9a800	287	「ん?| 鬼太郎…何か聞こえんか?」
0x9a800	288	「え? | そういえばなんだか| 城の外が騒がしいような……
0x9a800	289	 !? もしかして…!」
0x9a800	290	「うむ、その〝もしかして"| かもしれんぞ!」
0x9a800	291	「なんだ…?| なんの話しをしている!」
0x9a800	292	「ギーガ…〝仲間"って| 言葉はあやふやだって| 言ったよね…」
0x9a800	293	「ああ、それがどうした!」
0x9a800	294	「城の外の光簫を| モニターに映してみなよ。@ そうすれば| それが本当かどうか| わかるはずさ!」
0x9a800	295	「なんだと!」
0x9a800	296	「こ…これは!?」
0x9a800	297	「鬼太郎~! どこじゃ~!| みんなで助けに来たぞ!」
0x9a800	298	「手分けして捜そう!」
0x9a800	299	「残った雑魚共は| おいら達に任せて| くれればいい!」
0x9a800	300	「俺達以外にも、声をかけたら| 意外と集まってくれたな…」
0x9a800	301	「みんな…なんだかんだいって| ネットやTVなんかより| 鬼太郎を信じてたのさ…@ 声をかけたらみんなすぐ| 集まってくれたよ」
0x9a800	302	(鬼太郎さん…鬼太郎さんが| 助けてくれた人達や妖怪さんが| みんな…立ち上がってくれたわ…@ 鬼太郎さんががんばったから…| くじけそうになっても…| 一生懸傘やってきたから…@ みんな鬼太郎さんを| 信じてくれた!)@「鬼太郎さんが処刑されるって| 聞いて…みんな内心| 心配してたんですよね?」
0x9a800	303	「うむ、鬼太郎とワシらの| 絆が偽の情報に勝ったんじゃ!」
0x9a800	304	「きっと今頃みんな| ギーガと戦っている筈だわ…@ はやく鬼太郎さんや皆さんを| 見つけて…| 助けてあげましょう!」
0x9a800	305	「そんな…馬鹿な!| 危険を犯してまで…@ あまつさえ、私の情報操作を| 物ともせず…鬼太郎を| 信じてやって来たというのか?」
0x9a800	306	「そうだ、ギーガ。| お前の…負けだ」
0x9a800	307	「違う…私は完璧だった!| お前は偶然勝ったにすぎない!| 負けなど…認めるものか!」
0x9a800	308	「たしかに偶然に助けられた場合も| あったかも知れない…でも、| それだけじゃない。@ うわべの情報だけで心は| 動かせないんだ。それには長い| 時間をかけた信頼が必要だ。@ キミは情報を制しただけで、| 全てを手に入れた| 気になっていたんだ。@ それが…お前の負けた理由だ!」
0x9a800	309	「うおおおおお~~!| 馬鹿な…馬鹿な馬鹿な馬鹿な| ~~~~~~~!!!
0x9a800	310	 私の…負け…なのか…?| いやだ…いやだ~~~~~!」
0x9a800	311	「ギーガを…倒したのか?」
0x9a800	312	「ん? あれはなんじゃ?」
0x9a800	313	「………」
0x9a800	314	「なんだ…妖怪か?」
0x9a800	315	「いかん! この城は| もうすぐ崩れるぞ!」
0x9a800	316	「霊気の供給装置を壊したのが| いけなかったのか…?@ とにかく彼を回収して| みんなと合流しましょう!」
0x9a800	317	「うむ、そうじゃな!」
0x9a800	1024	開癸中
0x9f800	0	「…次に、サイバーテロ事件の| 続報です。@ わが国を襲った未曽有のサイバー| テロ事件はその後、各機関による| 懸傘の復旧作業が続いています。@ 政府癸表によりますと| 今回のウイルス事件の犯人は| 特定はできなかったものの、@ ワクチン開癸は容易であり| 最低限の被害で済むものと| 楽観的予想が提示されています。@ しかし、専門家の間では| 未確認の傭城に潜伏している| 可能性があり、決して安易に@ 結論を急ぐべきではないという| 意見も出されており、混乱はまだ| 続きそうだと見られております。@ なお、前回の放送において| 一部間違った事実関係が| ありました。@ お詫びして訂正いたします。| それではCMに続いて| 各地のお天気…」
0x9f800	1	「ふ~、生き返るわい!」
0x9f800	2	「父さん、湯加減はどうですか?」
0x9f800	3	「うむ、くたびれとる時は| これ位ぬるい温度で丁度いい、| 文句無しじゃ!@ ワシの体調まで見鑓して| 湯加減を考えられるとは…| 腕を上げたな鬼太郎!」
0x9f800	4	「アタイも結構上達したと| 思うんだけど…鬼太郎には| まだまだ適わないわ…」
0x9f800	5	「そういえば猫餅、| もう体調の方はいいのかい?」
0x9f800	6	「え? ええ、| おかげさまで| もう全然大丈夫」
0x9f800	7	「そうか、良かった」
0x9f800	8	「あの後日本中を襲った| ウイルスって…やっぱり…」
0x9f800	9	「僕の身体から霧散した| ギーガとしての構成要素が| コンピュータに侵入して@ 引き起こされた物でしょう。| まるで…本当のウイルス| みたいにね…」
0x9f800	10	「死してなお…という奴じゃな」
0x9f800	11	「そういえば…ワシ達は| お主の事詳しくきいて| おらんかったの…」
0x9f800	12	「じゃあ、改めて…| 僕は…グレムリン| といいます」
0x9f800	13	「グレムリン? 確か…| 機械が好きな西洋の| 妖怪じゃな?」
0x9f800	14	「はい。@ 僕達は機械にいたずらしたり、| 反対に故障を直したりして| くらしている妖怪なんです。@ ある日…ネット端末ってものに| 興味がでて…生まれて初めて| さわってみたんです。@ そうしたら…僕の身体に| いきなり色んな情報が流れて| きて…」
0x9f800	15	「それで~| ギーガが生まれたのか~」
0x9f800	16	「グレムリンの身体は| 機械や電気と相性が良い| からのう…」
0x9f800	17	(こんな小さな妖怪に| あれほどの力を与えた| ネットの中の世界…@ あそこには、それほどの| 目に見えない力が| 渦巻いていたんだな…)
0x9f800	18	「僕の意識はほほギーガに占傭| されていましたが…自分が何を| していたのかは憶えています。@ 皆さんのおかげで自由に| なることができました。| 本当にありがとうございました」
0x9f800	19	「しばらく目覚めないから心配| だったけど、たいしてケガが| なくて何よりだったよ」
0x9f800	20	「ぐ、グレムリンさん!| 準傭、できましたか?」
0x9f800	21	「あ! ルカちゃん!」
0x9f800	22	「準傭…とは何の事でごわす?」
0x9f800	23	「彼女…お父さんの仕事の都合で| 少しの間海外に行くらしいんだ。@ 丁度いいから、グレムリンを| 連れていってもらうことに| したんだ」
0x9f800	24	「ほほう…それはそれは」
0x9f800	25	「話は聞いています。| 貴方は…僕が怖く| ないんですか?@ 僕がまたギーガになって| 貴方を襲う可能性も| あるんですよ?」
0x9f800	26	「平気よ…だって| 鬼太郎さんがいれば@ ギーガが何度蘇っても| きっと駆けつけて| 助けてくれるわ」
0x9f800	27	「その通りよルカちゃん!」
0x9f800	28	「おやおや…鬼太郎。| これはえらいことになったぞ」
0x9f800	29	「はは…できるだけ| 期待に滅えるようがんばるよ」
0x9f800	30	(鬼太郎…ギーガ鑓しに見た| 貴方達は、いつもとても激しく| 闘志を撚やしていた…@ それは…互いにこうして| 信じ合える仲間や…@ その人達との| こんな平穗な日々を| 護る為だったんですね)@「そ、そうですね、|  きっと大丈夫ですよね。|  ギーガが再び現れても」
0x9f800	31	「それじゃ、そろそろ| 行きましょう、| グレムリンさん!」
0x9f800	32	「気を付けてね、二人とも」
0x9f800	33	「はい!」
0x9f800	34	「さようなら、鬼太郎さん」
0x9f800	35	「やれやれ…一段落じゃ」
0x9f800	36	「結局…ギーガとは| なんだったのかのう」
0x9f800	37	「わからないけど…| 奴は能力も考え方も僕達みたいな| 妖怪とは違った。@ 一言で言えば| 〝全く新しい妖怪"| だったんだろうね」
0x9f800	38	「全く新しい妖怪…か。| きっとこれからも新しい| 妖怪は生まれていくじゃろう。@ 人間もワシらが知っておった| 昔の人間達から変わりつつある。@ 人間と妖怪は…一緒に| 新しくなっていくんじゃ| ないかのう…」
0x9f800	39	「その話で行くと| ギーガみたいな奴が冗談ではなく| 本当にまた現れるかもしれんな。@ ワシらがのんきに| 隠居できる日も当分来んと| いうわけじゃな」
0x9f800	40	「なんだか…| 怖いような話じゃな。| 日本はどうなってしまうんじゃ。@ それにワシらは| 今のままでそいつらに| 太刀打ちできるのか?」
0x9f800	41	「あ~~~いっけない!!」
0x9f800	42	「どうしたの、猫餅!?」
0x9f800	43	「ルカちゃんに外国で| 買ってきて欲しい物| 一つ頼み忘れてた!@ 急いで行かなきゃ!| じゃあ鬼太郎、またね~!」
0x9f800	44	「やれやれ、何かと思えば…| 騒がしいやつじゃ!」
0x9f800	45	「確かにこの先| どうなっていくのか| 不安ですけど…@ 時代が変わって人間と妖怪が| 新しくなっていったとしても | ギーガみたいな奴だけじゃなく@ 彼女達みたいに仲良く| やっていける人達にもきっと| たくさん出会えますよ」
0x9f800	46	「む、そ、そうじゃな」
0x9f800	47	「へっへっへ…| 鬼太郎ちゃ~ん、いる~~?」
0x9f800	48	「ねずみ男!| あれから姿をくらまして…| 何処にいっておったんじゃ!」
0x9f800	49	「いや、何…@ 俺がつとめてた会社が…どーも| ギーガやドラキュラの息の| かかった会社だったみたいでよ!@ 面倒な事になる前に| とんずらこいてたんだ」
0x9f800	50	「やれやれ…お前は| 面倒な事にばっかり首を| つっこむのう」
0x9f800	51	「そんな事よりもよ…| 今日はいいもの| もってきたんだぜ~?」
0x9f800	52	「いいもの…じゃと?」
0x9f800	53	「じゃ~ん! こ<87>れ<87>だ!| 画期的英会話習得用ソフト| 〝ペラペラトーク2003"だ!」
0x9f800	54	「…もって帰れ」
0x9f800	55	「そういうなよ鬼太郎!| 時代は今〝グローバル| コミュニケーシ∃ン"@ 略して〝グロコミュ"の| 時代だぜ~!?@ これからの新しい時代、| 妖怪退治だって英語くらい| 話せなきゃつとまらんぜ~!@ 今なら消費税と分割手数料は俺が| 負担しとくからよ~!」
0x9f800	56	「諦めろ、ねずみ男」
0x9f800	57	「親父は黙ってろよ!| まあ、一度ソフトを起動して| 試してみろって!」
0x9f800	58	「ないんだ」
0x9f800	59	「へ…何が?」
0x9f800	60	「パソコンが」
0x9f800	61	「な…なに~~~!」
0x9f800	62	「捨てちゃったんだ。| ギーガのウイルスの一件もあるし| 僕には必要ないみたいだからね」
0x9f800	63	「なんだって?| ど~すんだよ!@ ギーガみたいな新しい奴が| これからどんどん出てくるかも| しれないんだぜ~!?@ それなのに…| お前が時代に乗り遅れて| ど~すんだよ~~!?」
0x9f800	64	「時代に乗り遅れたって| いいじゃないか」
0x9f800	65	「な…なぬ?」
0x9f800	66	「確かに時代は新しくなっていく。| 人も妖怪も新しく| 変わっていくだろう。@ でも、新しくなって、いい世界に| なったかっていえば…| 必ずしもそうとは言えない。@ むしろ…悪くなったのかも| しれないよ。@ だったら、新しいものの中に| 危険な物が潜んでいるのかも| しれない。@ 僕はそれを見極めるまで| 昔のままの気持ちで| いることにした。@ 僕はこの森で| 人間達を見続ける。| 彼らの…良き友人としてね」
0x9f800	67	「ほほう…」
0x9f800	68	「へ! か、勝手にしろ@ こんな原始的な家にいるのは| 時間の無駄だ!| 俺は帰らしてもらうぜ!」
0x9f800	69	「…怒って帰っちゃいましたね」
0x9f800	70	「うむ…」@(鬼太郎…大きくなったな。| さすが…ワシと母さんの| 自慢の息子じゃ!)
0x9f800	71	「やっぱり昔ながらの生活が| 一番ですね、父さん」
0x9f800	72	「そうじゃな…鬼太郎」
0x9f800	73	「え? あれ?| 何処でなってるんだ?| 携帯電話…携帯電話っと…」
0x9f800	74	「やれやれ…ちょっと| 感心したと思ったらこれじゃ。@ 機械に振りまわされおって…| 嘆かわしいのう!| 〝昔ながら"が聞いてあきれ…@ ん?」
0x9f800	75	「どうしたんじゃ、親父殿?」
0x9f800	76	「鬼太郎…すまん| 嶋っておったのは| ワシの携帯のようじゃ」
0x9f800	77	「え!?」
0x9f800	78	「うおっほん! もしもし?」
0x9f800	79	「とと…父さん!| い、いつのまに携帯を!?」
0x9f800	80	「しかもそれは~| 防水式の新機種~!」
0x9f800	81	「ま、その…なんじゃ。| 昔ながらもいいが| 便利なものは使わんとな?」
0x9f800	82	「で、でも…」
0x9f800	83	「はっはっは!| 親父殿もやるのう!」
0x9f800	84	「お? おう、お主か!?| ほんほん、それは何よりじゃ」
0x9f800	85	(やれやれ…あの父さんが| 携帯をね…| でも、まあ、いいか)
0x9f800	86	「み…皆の衆!| 悪い妖怪が暴れとるらしいぞ!| すぐに出癸じゃ!」
0x9f800	87	「ほんとですか!?| わかりました。みんな!| すぐに出癸しよう!」
0x9f800	88	「お~~う!」
0x9f800	89	(色んな物が新しくなっていく
0x9f800	90	 それは一つ古い物が| 消えていくって事かも| しれない…
0x9f800	91	 でも僕には新しくなっても| なくしたくない物がある。
0x9f800	92	 みんなにも、なくしちゃ| いけない大事な物が| ある筈だ。
0x9f800	93	 急いで変わろうとしたら| それをどこかで落として| しまうかもしれない。
0x9f800	94	 僕は…ゆっくり変わり続ける。
0x9f800	95	 時代が…どんどん新しく| なっても…)
0x9f800	1024	開癸中
0xa2000	0	「そうか…鬼太郎のやつめ…| 貴様の暗躍に気づき、| 罠を張るまでになったか…」
0xa2000	1	「はい、申し訳ございません」
0xa2000	2	「まあ、良い。邪魔な会社を襲い、| 弱体化させる目論見は| ひとまず成功したのだからな」
0xa2000	3	「それはそうと…ペナンガランが| 鬼太郎と交戦し| 敗走中とのことです」
0xa2000	4	「…報告は受けている。しかも| 鬼太郎達につけられたようだな。@ 丁度よいわ、| 鬼太郎の現在地の近くには| 〝奴"がいる。@ ペナンガランを回収がてら| 〝奴"に始末させるとしよう」
0xa2000	5	「では、私はこれより雪国妖怪達の| 庇護を受け、しばらく身を| 隠します。それでは…」
0xa2000	6	(鬼太郎…いずれ現れると| 思ったが…今はまだ| 奴に邪魔されるわけにはいかん)@「ほうこうに連絡はとれたか?」
0xa2000	7	「そ…それが…| 呼出に応じないのです」
0xa2000	8	「なんだと…?| どういう事だ?」@(ち……思うようにいかぬな)
0xa2000	9	「一反木綿…本当にこっちに| 例の奴は逃げてきたの?」
0xa2000	10	「ああ、間違いなかと!| このあたりに| 隠れとる筈たい!」
0xa2000	11	「やれやれ…こんなに遠くまで| 来るとは思わなかったわい!@ あれからずっと| 歩きっぱなしじゃ、| 年寄りにはこたえるぞ」
0xa2000	12	「そうじゃな、やっぱり| 若いもんには敵わんよ…| ち~っと休んでいかんか?」
0xa2000	13	「そうですね…でも、折角ここまで| 追ってきたのに、休憩中に| 逃げられやしないか心配だな」
0xa2000	14	「心配なかと! おいどんが| 見張っとくでごわす!」
0xa2000	15	「ありがとう一反木綿、| じゃ、頼んだよ!」
0xa2000	16	「やれやれ、休むとするか、| ほれドッコイシ∃っと!」
0xa2000	17	「なんでえなんでえ!| 揃いも揃ってこんな所で| へたばりやがって~!」
0xa2000	18	「…この声は…?」
0xa2000	19	「か~! 日本は高齢化が| 進んでるとは聞いてたけどよ、@ 妖怪の世界からしてこれじゃ、| 無理ねえ話だな」
0xa2000	20	「ね、ねずみ男!」
0xa2000	21	「お前、…あれから今まで| 顔も出さずに何してたんだ?」
0xa2000	22	「え? いや、その…| へへへ! お仕事、お仕事よ!」
0xa2000	23	「やっぱなんか怪しいわね…」
0xa2000	24	「な、なんだよ! 俺の| プライベートな事は| いいじゃねえか!」
0xa2000	25	「で、今はこんな所で| 何をしてるんじゃ?」
0xa2000	26	「何って…| 温泉に決まってるじゃねえか」
0xa2000	27	「温泉?」
0xa2000	28	「なんだ、知らねえのか?| この奥によ、〝人里離れた| 幻の秘湯"ってのがあんだよ!」
0xa2000	29	「お前…借金だらけのクセに| よく温泉族行なんかする| 金があったな」
0xa2000	30	「まあ、なんだ、| 大きな仕事を一つ終えてよ、| それなりの報酬を頂いたんで@ 頑張った自分に御寰美って| とこだな。@ まあ、ちっとはすったもんだ| あったんだが…隙をみて| 逃げてきた」
0xa2000	31	「逃げてきた?」
0xa2000	32	「…やっぱりなんだか怪しい…」
0xa2000	33	「まあいいかげん、| 疑ってばかりじゃ可哀想だ。| 一応信じてやろうよ。@ ねずみ男だって骨休みくらい| するだろうし、別に不思議な| 事じゃ…」
0xa2000	34	「ほほ…〝骨"っていうな~!!」
0xa2000	35	「な…なんじゃ!?| 急に大きな声を出しおって!」
0xa2000	36	「あ、す…すまねえ…」
0xa2000	37	「なんだよ…| 折角弁護してやったのに」
0xa2000	38	「とにかく、温泉とやらが| あるんじゃな?@ ちょうどいい、こんな時に| なんじゃが、ちょっと| 入らせてもらおうかの」
0xa2000	39	「あ! アタイも行こうかな」
0xa2000	40	「げ、年寄りに加えて| 猫と混浴かよ!」
0xa2000	41	「いてえ~~~~!!」
0xa2000	42	「誰もあんたと入るなんて| 言ってないでしょう!?| このヘンタイ!」
0xa2000	43	「や…やりやがったな!」
0xa2000	44	「あの…」
0xa2000	45	「うわ! 今度はなんじゃ!?」
0xa2000	46	「この先の温泉に湯治に来られた| 方ですか…?」
0xa2000	47	「貴方は?」
0xa2000	48	「私はこの辺りの村の者です。| 残念ですが…温泉は今| やっていませんよ」
0xa2000	49	「なに? どういうことだよ!?」
0xa2000	50	「実は…」
0xa2000	51	「なんですって…?| この辺りの村で畑の作物が| 次々盗まれているんですか?」
0xa2000	52	「はい、この辺りの村は拿しくて| わずかな農作物が数少ない収入源| なのですが…@ そんな事件が起きてしまって| 大きな被害がでた上に、訪れる| お客も減ってしまって@ 温泉宿は数日前に| 開めてしまったのです」
0xa2000	53	「そうですか…| 警察とかにも相談を?」
0xa2000	54	「ええ、ですがなにぶん田舎の| 警察なので大した進展も無いまま| どんどん被害ばかり広がって…@ 村を出る人も後を絶ちません。| このままでは、この村は| なくなってしまうでしょう」
0xa2000	55	「ひどい話じゃのう」
0xa2000	56	「仕方がありません。もともと| 年寄りばかりだったのです。| 潮時という奴でしょう。@ 折角きていただいたのに| 申し訳ない、私が代わりに| 謝るので勘弁してください…」
0xa2000	57	「父さん、どう思います?」
0xa2000	58	「ふむ、ただの物取りとも| 思えるが…@ 最近ワシらがよく目にする| 〝妖怪の暗躍"が無いとも| いいきれんな」
0xa2000	59	「そう考えると…@ 例の正体不明の妖怪が| この辺りに逃げ込んだのも| 偶然とは思えんのう…」
0xa2000	60	「なんだ? お前ら…| まだそんなの調べてたのか?」
0xa2000	61	「そんなわけですから、| もう帰られた方がいい。| それでは私はこれで失礼…」
0xa2000	62	「き…鬼太郎ど~ん!」
0xa2000	63	「あ! 一反木綿!| 例の妖怪が見つかったのか?」
0xa2000	64	「違うでごわす!| 何か…変な物があるとよ!」
0xa2000	65	「変な…もの?」
0xa2000	66	「例の逃げた妖怪と| 何か関係があるのかもしれない…| 行ってみましょう!」
0xa2000	67	「あんたも手伝いなさい!」
0xa2000	68	「げげ…冗談じゃ…」
0xa2000	69	「ぎゃああ~~!!」
0xa2000	70	「やれやれ…しばらく| にぎやかになりそうだな」
0xa2000	71	「ええ…じゃあコレが| 盗まれた作物の| なれの果てですか?」
0xa2000	72	「ええ、漬物になって| しまっていますが…@ 貴方がたの畑から盗まれた物と| 見て間違いないと思います」
0xa2000	73	「せめて、この状態でも返した方が| いいと思ってのう」
0xa2000	74	「しかし…こんな得体のしれん| 漬物になってしまったのでは、| 今更返された所で…」
0xa2000	75	「まあ、ちょっと食べてみてよ」
0xa2000	76	「大丈夫なんですか…?| それじゃあ少しだけ…」
0xa2000	77	「こ…これは!?」
0xa2000	78	「どうです、| なかなかいけるでしょう?」
0xa2000	79	「た、確かに! これなら村の| 名物になりますよ!| こうしちゃいられない!@ 商標を取って、| 売り出しましょう!| 名前は…〝妖怪漬け"!」
0xa2000	80	(う……そのままね…)
0xa2000	81	「へへへ…これも鬼太郎先生の| おかげ、そうだろ?| そこで、だ。@ 謝礼としてあがりの20%は、| 鬼太郎先生のマネージャーである| この私の銀行口座に…」
0xa2000	82	「ねずみ男…背中に殺気を| 感じないか…?」
0xa2000	83	「…………………………」
0xa2000	84	「や、やだな~! 冗談!| 冗談だってば猫餅ちゃん。| マジになんなよ~!」
0xa2000	85	「村をでた仲間を急いで呼び戻して| この漬物を作り続けていけるよう| 力を合わせてがんばります!@ それでは、私はこれで…| どうも、| 有り難うございました!」
0xa2000	86	「良かったですね、父さん」
0xa2000	87	「うむ、これでこの村にも| 活気が戻ってくるじゃろうて!」
0xa2000	88	「うう…ここは?」
0xa2000	89	「気がついたか、ほうこう」
0xa2000	90	「俺は…何をしていたんだ?」
0xa2000	91	「何を…って覚えておらんのか?」
0xa2000	92	「なんだか…畑を襲って| 大量の懸菜を漬物にしていた| ような気がするが…」
0xa2000	93	「なんじゃ、| 覚えとるではないか!」
0xa2000	94	「うう…何も思いだせない…」
0xa2000	95	「ねえ、こいつ…| わざとやってるの?」
0xa2000	96	「まだちょっと混乱してる| みたいだな。| 落ちついたら話をしてみよう」
0xa2000	97	「ち! ほうこうとともに鬼太郎に| 反撃するつもりだったが、| 先にほうこうを倒されるとは…@ こうなってはやむをえん。| 独力であのお方の所へ| むかうか」
0xa2000	98	「きむち? キムチって韓国の| あの辛~いお漬物?」
0xa2000	99	「そうだ、俺は韓国の妖怪が| 開いた漬物パーティに| 主賓として招待されたんだ。@ そして…そこで振舞われた| 救群に美味いキムチの山を| 食べてから…@ どうも…| 記憶があやふやなんだ…」
0xa2000	100	「ふうむ…どうやら| そのキムチに精神を操る成分が| 含まれとったらしいの」
0xa2000	101	「とりあえず、さっきの| 漬物にはそういう成分は| 入ってなかったみたいだけど…@ これから混ぜられる予定だった| 可能性はありますね」
0xa2000	102	「むむむ…これは放って| おけんのう!」
0xa2000	103	「ほうこう、パーティの列席者の| 中にこんな妖怪を| みなかったか?」
0xa2000	104	(ああ、鏡獅子を装っておった例の| 妖怪の絵じゃな…?| 上手いもんじゃ。@ ワシもどこかの本で見た事の| ある妖怪じゃとは思うが…| はっきり思いだせんのう…)
0xa2000	105	「おう! おった! おったぞ!」
0xa2000	106	「父さん!」
0xa2000	107	「決まりじゃな。| ほうこう…ワシらを韓国に| 案内してくれんか?」
0xa2000	108	「なんだって!?| そりゃ…構わないけどよ…」
0xa2000	109	「親父殿!| そいつの話を信じるのか?」
0xa2000	110	「嫌な予感がするんじゃ…| 外国の妖怪は日本の妖怪より| 手強いからの…@ もし何らかの動きがあるなら| 早急に手を打たねばいかん」
0xa2000	111	「でも…どげんして海ば渡ると?| おいどん一人で全員運ぶのは| 無理でごわすよ!」
0xa2000	112	「確かに…それもそうね」
0xa2000	113	「へっへっへ!| みなさんお困りの| ようでやんすね?@ そういう事ならこのねずみ男に| お任せあれ!」
0xa2000	114	「いい方法を知ってるのか?」
0xa2000	115	「俺様は世界を般にかけて| ワ~ルドワイドに金儲けをする| 男だ、それくらいわけねえぜ!@ ま…貰うモンは貰うが…| なあに、格安に| しといてやるよ!」
0xa2000	116	「よし、そうと決まれば| 準傭が出来次第、| 韓国に出癸じゃ!」
0xa2000	117	(韓国…か、まさかそんな| 所に行く羽目になるなんて…@ とにかく、いくつもの事件の| 陰にいる妖怪達の本当の目的を| 早く突き止めなきゃ!)
0xa2000	118	「これは…なんでしょう?」
0xa2000	119	「何か…| 大きな桶のように見えるが…?」
0xa2000	120	「これは…もしかして」
0xa2000	121	「ん? お前達は…!?」
0xa2000	122	「ち…鬼太郎か!| 〝奴"の様子を見にきた| ところに出くわすとは…」
0xa2000	123	「懸狐どもの仲間か!| お前達がおるという事は| むじなも近くにおるのか?」
0xa2000	124	「余計な事を喋る口は持たぬ…」
0xa2000	125	「その桶はなんだ?| 中に何がはいっているんだ?」
0xa2000	126	「喋る口は持たぬと言った…!」
0xa2000	127	「事態が飲み込めないけど…| また何か企んでいる| みたいだな。@ しかたがない、| 相手になってやる!」
0xa2000	128	(やれやれ…しゃあねえな、| ここは鬼太郎に協力して| 恩を売っとくか…)
0xa2000	129	「父さん…またこいつらですよ」
0xa2000	130	「ふうむ…なんなんじゃこの| ガイコツどもは?」
0xa2000	131	「ふわああああああ~~!」
0xa2000	132	「なんだ…コイツ?」
0xa2000	133	「ふう、よ~く寝たわい!」
0xa2000	134	「うわ!| なんだかコイツの| 身体から凄い臭いがする!」
0xa2000	135	「これは漬物の臭い…| ということはあの桶は| 漬物桶じゃったのか?」
0xa2000	136	「この互大な桶が漬物桶…?| って事は懸菜が| 入っているんですよね?@ じゃあこの辺りの| 作物を盗んでいた犯人は| もしかして…」
0xa2000	137	「なんだお前達は…?| まさか…懸菜を取り返しにきた| 村の連中か?」
0xa2000	138	「やっぱり! お前が| 懸菜泥棒か!」
0xa2000	139	「そうか、わかったぞ!| こいつは〝ほうこう"じゃ!」
0xa2000	140	「ほうこう…ですか?」
0xa2000	141	「うむ、もともとは中国の| 妖怪でな、漬物が大好きという| 変わった奴じゃ」
0xa2000	142	「おのれ…俺の漬物は| 誰にも渡さ~ん!| 全部俺のものだ~!」
0xa2000	143	「なんだこいつ…まるで子供だ…」
0xa2000	144	「なんにせよ話してわかるやつじゃ| なさそうじゃの」
0xa2000	145	「手荒いマネは嫌いだけど、| あいつが犯人ならしかたない!@ とりあえず話を| 聞いてもらうためにおとなしく| なってもらいましょう!」
0xa2000	146	「うむ、そうじゃな!」
0xa2000	147	「くそ…俺様を倒すとは…」
0xa2000	148	「やったぞ鬼太郎!」
0xa2000	149	「ふはは! まだだ…| まだ終ってはいないぞ!」
0xa2000	150	「何?」
0xa2000	151	「き、鬼太郎! あいつ分離| しおったぞ!」
0xa2000	152	「ふふふ…驚いたか?」
0xa2000	153	「これが俺の真の姿!」
0xa2000	154	「そうそう簡単には倒せんぞ!」
0xa2000	155	「さあ…」
0xa2000	156	「覚梧しろ!」
0xa2000	157	「地水火風…四つの元素に| 自分の身体を分解したのか?| なんてデタラメなやつだ!」
0xa2000	158	「なかなかしぶといな…| こうなったら!」
0xa2000	159	「む…何をするつもりだ?」
0xa2000	160	「お…桶の中の漬物を| 全部たいらげおった…」
0xa2000	161	「な、なんて食欲だ…」
0xa2000	162	「ふ~、おちついた」
0xa2000	163	「なかなか手強いな…」
0xa2000	164	「このままではいかんの」
0xa2000	165	「こうなったら…」
0xa2000	166	「よし、アレを頂くか…」
0xa2000	167	「む…何をするつもりだ?」
0xa2000	168	「お…桶の中の漬物を| 全部たいらげおった…」
0xa2000	169	「な、なんて食欲だ…」
0xa2000	170	「く…回復されてしまったか!」
0xa2000	171	「くそ…今度こそ| 本当にやられちまったぜ…」
0xa2000	172	「よくやったぞ、鬼太郎」
0xa2000	173	「後で事情を聞きましょう」
0xa2000	174	「あ~~! | やっぱり鬼太郎だ!」
0xa2000	175	「キミは…沖縄の妖怪| 〝シーサー"じゃないか!」
0xa2000	176	「聞き覚えのある声が聞こえたから| もしかして…と思ったけど…| やっぱり鬼太郎達だったんだね。@ なんだか…大変な時に| きちゃったのかな?」
0xa2000	177	「ああ、そうなんだ。| 正直、苦戦してる真っ最中さ…」
0xa2000	178	「よし、じゃあ、| オイラも手伝うよ」
0xa2000	179	「ありがたい! 頼むよ!」
0xa2000	180	「シーサー、手伝ってくれるのは| うれしいけど…無理をするんじゃ| ないぞ」
0xa2000	181	「そういわれても…| そうだ! 鬼太郎、オイラに| 指示を出してくれよ」
0xa2000	182	「そうだな…わかった!」
0xa2000	183	「へへ、ちょっと手伝うだけの| つもりだったけど、案外| 楽しいね。@ よし、オイラも鬼太郎に| ついて行くよ!」
0xa2000	184	 |〈シーサーが仲間になった!〉
0xa2000	185	「う…オイラの力じゃ| みんなの役に立てない| みたいだ……じゃあね!」
0xa2000	186	「シーサーが…| やられちゃったのか」@(彼の戦い方に任せてたけど、| 声をかけて連携をとって| おけばよかったかな…)
0xa2000	187	「おのれ…鬼太郎共!」
0xa2000	188	「おのれ…鬼太郎共!」
0xa2000	189	「よし、もう何も| 出てこないみたいだ」
0xa2000	190	「うむ。一応この辺りを| 調べて、それからほうこうに| 話を聞くとするかのう」
0xa2000	1024	開癸中
0xa5000	0	「どうでえ! 俺様が手配した| この最新式ヘリコプターの| 乗り心地は!」
0xa5000	1	「…ねえ」
0xa5000	2	「おう、なんだよ?」
0xa5000	3	「アタイ乗り物に詳しくないから| よくわからないんだけど…@ これの…どのへんが| 〝最新式"なわけ?」
0xa5000	4	「おほん! 説明しよう!@ …地球温暖化が卿ばれ、| 自然環境への迅速かつ恒久的な| 対応が求められる昨今…@ 我々文明社会でその恩恵を| 授かるものがすべきことは| 何か?@ すなわち! 低公害で| エコロジカルな乗り物の| 開癸と運営だ!@ 〝低公害"| 〝低騒音"| 〝低コスト"@ この三つを兼ね傭えたまさに| 完璧な21世紀の乗り物…| それこそが……ジャ~~~ン!」
0xa5000	5	「こ<87>れ<87>だ!」
0xa5000	6	「ねえ、子なき爺…| なんかねずみ男に| 言ってやってよ!」
0xa5000	7	「低騒音…というのが| ちと引っかかるの」
0xa5000	8	(…………アタイは全部| 引っかかるわよ)
0xa5000	9	「なかなかいいじゃないか| ねずみ男…気に入ったよ」
0xa5000	10	「なによ…鬼太郎まで!」
0xa5000	11	「ただし…約束のお金は| 一銭も錨わないからな」
0xa5000	12	「そそそ…そりゃないぜ| 鬼太郎~~~~!!」
0xa5000	13	「化けガラス達には後で美味しい| 物をやるからな! アイツの| 言うことは無視していいぞ!@ どうせアイツはインコのエサか| なんかでごまかすつもり| なんだからな!」
0xa5000	14	「カ~~~~~~!」
0xa5000	15	「やれやれ…じゃが考えてみれば| これが一番落ちつく| 方法じゃったわい」
0xa5000	16	「まったくじゃ」
0xa5000	17	「間もなく到着でごわす!」
0xa5000	18	「よし、無事到着じゃな」
0xa5000	19	「うむ…間違いない。| 漬物パーティがあったのは| この近くだ」
0xa5000	20	「どうした砂かけ、大丈夫か?」
0xa5000	21	「ううう…落ちつくことは| 落ちつく乗り物じゃったが…@ 流石に長時間のフライトは| こたえた。悪いが休ませて| くれんか?」
0xa5000	22	「へ、なんだなんだ?| ちょっと前もそんな事| 言ってたじゃねえか~。@ まったく…コレだから年よりと| 族をするのは面倒なんだ!」
0xa5000	23	「なんですって~?| え~~い!」
0xa5000	24	「おっとっと! もう| 引っかかれるのはゴメンだぜ!| へへ! じゃあな」
0xa5000	25	「あ~~! 待ちなさいよ!」
0xa5000	26	「おい、どこに行くんだ| ねずみ男!?」
0xa5000	27	「報酬がもらえないんじゃ| 同行しててもしゃあねえし、| 俺様はここから別行動!@ 辛~い食い物とお虱つるつる| エステが俺様を呼んでるんだ!| そゆわけで…あばよ~~~~!」
0xa5000	28	「言いたい事だけ言って| 行きおったわい…| なんてやつじゃ!」
0xa5000	29	「いちいちアイツに構っていては| こちらが嫌な思いをするわい。| 放っておけばよいじゃろう」
0xa5000	30	「ほうこう、そのパーティ会場は| 具体的にどの辺だったんだ?」
0xa5000	31	「う…うぐ…ぐおお!」
0xa5000	32	「きゃああ! な、何?」
0xa5000	33	「どうしたんじゃほうこう!」
0xa5000	34	「しっかりしろ!」
0xa5000	35	「うばばばば~~~!!」
0xa5000	36	「うわあ!」
0xa5000	37	「うがああああああ~~~~!!」
0xa5000	38	「一体…どうしたというんじゃ?」
0xa5000	39	「鬼太郎…何か遠くから| 音楽のようなものが| 聞こえるぞ?」
0xa5000	40	「何かの歌ね…| ほうこうが走っていったのと同じ| 方から聞こえてくるわ…」
0xa5000	41	「そんなことより、ほうこうの| 事が心配だ!」
0xa5000	42	「うむ…おそらくほうこうの| 身体から、まだキムチの毒素が| ぬけきっておらんかったんじゃ。@ また何者かに操られて| しまったのじゃろう」
0xa5000	43	「こりゃ休んでなんぞ| いられんわい! 急いで| おいかけよう!」
0xa5000	44	「ほうこうの奴…たしか| この辺りに走ってきたと| 思うんだけどな…」
0xa5000	45	「う~む…見失ってしもうたか」
0xa5000	46	「…ううう……」
0xa5000	47	「あ! 人がいる!」
0xa5000	48	「妖怪では…ないみたいじゃの」
0xa5000	49	「すみません…| この辺りの方ですか?@ 今、こっちの方に| お化けみたいな格好の男が| 走ってきませんでしたか?」
0xa5000	50	「この声…鬼太郎…かい?」
0xa5000	51	「僕を知っているのか…?| 何者だ!」
0xa5000	52	「何を…言っとるか…| ワシじゃよ…」
0xa5000	53	「ねずみ…男…じゃ…」
0xa5000	54	「な…なんじゃと?」
0xa5000	55	「これ…どういうこと?」
0xa5000	56	「まさかお前…辛い食べ物と| エステであっという間に| こうなったわけじゃ…」
0xa5000	57	「ば! ばば…ばかやろ~!| 冗談を言って…ゴホ!| いい時と悪い時が…ゴホゴホ!」
0xa5000	58	「あ~わかったわかった!| ほ…僕が悪かったよ!」
0xa5000	59	「すっかりよほよほになっとる…」
0xa5000	60	「ほんの少し前まで| 普通じゃったのに…これは| 一体どうしたことじゃ?」
0xa5000	61	「そこの人達!| ここで何をしてるんですか!?」
0xa5000	62	「え? キミは」
0xa5000	63	「この辺りは危険なんです!| 早く帰ったほうが…」
0xa5000	64	「ううう…」
0xa5000	65	「遅かったか。もう| 犠牲者がでてしまった| みたいですね…」
0xa5000	66	「キミの顔…その…ひょっとして| キミもこの男と同じように?」
0xa5000	67	(む…またあの歌が…?)
0xa5000	68	「とにかくここにいるのは| 危険です。さ、その人を連れて| 急いでこちらへ!」
0xa5000	69	「なんだかわからんが…」
0xa5000	70	「とにかくいきましょ!」
0xa5000	71	「ウウウ…」
0xa5000	72	「ねずみ男のやつ…| 走人になったシ∃ックで| 寝こんでしまったわい」
0xa5000	73	「いい気味じゃ、| 年寄りを馬鹿にするから| 罰があたったんじゃ!」
0xa5000	74	「自己紹介が遅れました。| 僕の名前は〝トラジ"| この近くに住んでいる者です。@ …こんな顔をしていますが| こう見えても10歳です」
0xa5000	75	「10歳!」
0xa5000	76	「僕は鬼太郎…彼らは| 僕の仲間だ。@ 一体…キミや、この男は| どうしてこんなに急に| 走けてしまったんだい?」
0xa5000	77	「鬼太郎!? もしかして| 〝ゲゲゲの鬼太郎"さん| ですか?」
0xa5000	78	「おお…| 鬼太郎を知っておるのか?」
0xa5000	79	「め…目玉が喋って…歩いてる…| じゃああなたが| 〝目玉の親父"さん?」
0xa5000	80	「脅かしてはいかんと…| 隠れておったが…@ 鬼太郎を知っておるなら| 姿を見せても| 大丈夫そうじゃの」
0xa5000	81	「ほほ…本物だあ!」
0xa5000	82	「なんだか…| どこかの誰かと似たような| リアクシ∃ンじゃな…」
0xa5000	83	「フフ…確かに…」
0xa5000	84	(………なによ、鬼太郎ったら)
0xa5000	85	「鬼太郎さんなら話が早い!@ 実は…ここら一体は| 〝謎の走化現象"に| 悩まされているのです」
0xa5000	86	「走化現象?」
0xa5000	87	「じゃあ、ねずみ男もその影響で| あんな風になっちゃったって| いうの?」
0xa5000	88	「はい、貴方がたもお聞きに| なったでしょう?| あの…〝民鱸"を」
0xa5000	89	「〝民鱸"? あの音楽は| 一体なんなんだい?」
0xa5000	90	「この辺りでは、数ケ月前から| 夜になるとあの〝民鱸"の| 調べと共に@ 夜な夜な怪しい〝動く石像"が| 現れて…@ それを見たものは| あっという間にこうして| 年をとってしまうのです」
0xa5000	91	「ふうむ、何者かはわからんが…| 妖怪のしわざとみて| まず間違いあるまい!」
0xa5000	92	「トラジ君、その〝動く石像"が| 一番よく目撃される場所を| 教えてくれないか?」
0xa5000	93	「退治して…くださるんですね!?」
0xa5000	94	「ああ、こんな目にあっている人が| 大勢いるんだったら放っておく| わけにはいかないからね」@(ねずみ男の奴…コイツも一応| 友達だからな、| 助けてやらなくちゃ)@「それに僕達も、ある事件を| 追っているんだ。そっちとも| 関係があるかもしれない」
0xa5000	95	「あ…ありがとうございます!| すぐに地図を作ります!」
0xa5000	96	「トラジ君…冥土の土産に| 教えてくれんか…@ 〝青春"って韓国語でなんて| 言うんじゃ…?」
0xa5000	97	「〝チ∃ンチュン"です」
0xa5000	98	「〝チ∃ンチュン"か…| よその国の言葉でも| なかなかいい響きじゃないの。@ しかし神様も酷な事するよな…@ やっとあの女の手から逃れて| 自由を満喫できると| 思ったのによ…@ 幻の秘湯には入れねえし…@ こうよほよほじゃあ| 美味しいものも| 胃にもたれて食えやしねえ…@ エステなんかにいったら| 肉がもげちまうわい…
0xa5000	99	 ゴホゴホ!」
0xa5000	100	「ねずみ男さんは| 女の人と付き合った事があるだけ| いいじゃないですか…@ 僕なんか…もし一生このまま| だったとしたら…僕の…| 僕の〝チ∃ンチュン"が…」
0xa5000	101	「やあ、お待たせ。| ねずみ男、いいものがあるんだ。| ちょっとこっちにきてくれ」
0xa5000	102	「なんだよ…ワシはもう人生に| 夢も希望もね~んだ。| 気休めなんか…」
0xa5000	103	「気休めなんか…なんか…@ んん?@ もどった…もどったぞ!」
0xa5000	104	「おう…やはりな。| これは若さのエキスじゃったか。@ これを使えば| 走人になった人間を| 元に戻す事ができるぞ!」
0xa5000	105	「いいいいいいいやったあ~!!」
0xa5000	106	「ふむ、良かったの、ねずみ男!」
0xa5000	107	「これに懲りたら、少しは| 走人をいたわる心を| 持つんじゃな」
0xa5000	108	「へへへ…なに言ってやがんだ!| 元にもどればこっちのモンだ、| 誰がそんなもん持つかよ!」
0xa5000	109	「父さん…与えたエキスを| 返してもらいましょうか?」
0xa5000	110	「ちょちょちょ…| ま、待ってくれよ!@ わかったわかった!| 敬う! 敬うから| 勘弁してくれ!」
0xa5000	111	「もしかして…| 元にもどれたんですか?」
0xa5000	112	「ほれ、鏡じゃ」
0xa5000	113	「ほ…本当に戻ってる!| あ、有り難うございます!」
0xa5000	114	「良かったのう、やはり| 子供には笑顔が一番じゃわい!」
0xa5000	115	「トラジ君、若さのエキスは| 取り返してきたよ。@ キミから若さを奪われた人に| これを返してくれないか?」
0xa5000	116	「みんな喜びます!| 鬼太郎さん…本当に| ありがとうございます!」
0xa5000	117	「すまない、トラジ君。| 取り返せた若さのエキスは| 今のと、あと少ししかない。@ 残りの若さのエキスは| 持ち去られてしまったよ…」
0xa5000	118	「そうですか…でもわずかでも| みんなに分ければいくらか| 若さを取り返せる筈です。@ 鬼太郎さん。| ありがとうございました」
0xa5000	119	(く…僕の力はこの程度か…| ふがいない!)
0xa5000	120	「ふ、ふん…無駄な事を…」
0xa5000	121	「あ~! あんた、| 目が覚めたのね?」
0xa5000	122	「お前達はどうして| こんな事をするんだ?」
0xa5000	123	「この土地をみろ…」
0xa5000	124	「なんじゃと…?| どういう意味じゃ?」
0xa5000	125	「俺や兄貴達だって、| なにも争いが| 好きなわけじゃねえ…@ けどよ、今年は例年にない| 大寒波で畑は全滅だ。| 俺達の食べるもんがねえんだよ」
0xa5000	126	「なによ、なっさけないわね…| 働くとかなんとか| すればいいじゃない!」
0xa5000	127	「簡単に言ってくれるぜ…| 俺達妖怪にそうそう| いい仕事なんかあるかよ!」
0xa5000	128	「君達が苦しいのはわかったよ…| でも、だからって他人を苦しめて| いいって事には…」
0xa5000	129	「ふん! きれい事だな…| この…人間の手先め!」
0xa5000	130	「僕は…人間の味方でも| 妖怪の味方でもない…@ ただ困っている人達を| 放っておけないだけだ!」
0xa5000	131	「そうだぞ!| この悪い妖怪め!」
0xa5000	132	「小僧…お前は自分達を| 助けてくれた鬼太郎に| 感謝しているか?」
0xa5000	133	「どういう意味だ…?| あ…あたりまえじゃないか?」
0xa5000	134	「そう…当然だよな…| 俺達兄弟は鬼太郎ではなく| 〝帝"に傘を救われた。@ だから帝の為に供物を集める…| 当然の事だ!」
0xa5000	135	「その帝というのは何者じゃ?」
0xa5000	136	「帝は裕福なお方だ。我らが| 供物をお届けすれば、それに| 倍する寰美をお与えくださる。@ ゆくゆくはこの国の支配権を| 我らに譲渡してくださるとまで| おっしゃった」
0xa5000	137	「〝譲渡"じゃと? 馬鹿な…| この国はそいつの所有物とでも| いうつもりか?」
0xa5000	138	「手荒な事は嫌いじゃが…| そいつが何者か| 吐いてもらおうか?」
0xa5000	139	「そいつは無理だな…」
0xa5000	140	「そげん強がっても無駄とよ!」
0xa5000	141	「う…うわ!!」
0xa5000	142	「な…なんじゃ?」
0xa5000	143	「今だ! ぬっぺらほう!」
0xa5000	144	「あ、あいつは!?」
0xa5000	145	「アタイ達が追ってきた| 例の妖怪!」
0xa5000	146	「助かりましたよ!| ペナンガランさん!」
0xa5000	147	「ペナンガランじゃと?」
0xa5000	148	「礼ならあの方に言うんだな…| 一足先に行くぜ!」
0xa5000	149	「鬼太郎…さらばだ!」
0xa5000	150	「待て! 帝が何者か教えろ!」
0xa5000	151	「お前らに恨みを持つもの…| とだけ言っておこう…| なあに、すぐ会えるさ。@ 帝はお前をたいそう気にして| らっしゃるからな!| あ~はっはっはっはっは!」
0xa5000	152	「いかん! あいつは姿を消す事が| できるんじゃった!」
0xa5000	153	「どこにいったんだ…?」
0xa5000	154	「男らしくないわよ!| 出てきなさ~い!」
0xa5000	155	「鬼太郎、まだそう遠くへは| 逃げとらん筈じゃ!@ 急いで追いかければ| 捕まえられるぞい!」
0xa5000	156	「ええ! 急ぎま…」
0xa5000	157	「誰だ!? この忙しい時に!」
0xa5000	158	「鬼…太郎…聞こえるか?」
0xa5000	159	「!? お前は誰だ…?」
0xa5000	160	「ふふふ…声だけでは| わからぬか…?」
0xa5000	161	「誰だと聞いてるんだ!」
0xa5000	162	「ワシだ…ぬらりひょんだ!」
0xa5000	163	「なんだって…?| ぬらりひょんだと!?」
0xa5000	164	「な…なんじゃと?」
0xa5000	165	「ぬっぺらほう共が世話に| なったようだな…」
0xa5000	166	「一連の事件は…| お前が陰で糸を| 引いていたのか?」
0xa5000	167	「そうとも…| よくもワシの計画の邪魔を| してくれたな…」
0xa5000	168	「成る程…あ奴が黒菷か!」
0xa5000	169	「いわれてみれば…| これ以上ぴったりな| 奴はおらんわい!」
0xa5000	170	「お前は何が目的なんだ!@ 妖怪を驪して操ったり、| 外国の妖怪達を手下にして| 何を企んでいる!?」
0xa5000	171	「知れたこと…様々な妖怪を| 手下にして人間を滅ほし、| ワシが日本の王になるのよ!」
0xa5000	172	「また大それた事を…」
0xa5000	173	「そんな事…できると| 思っているのか!」
0xa5000	174	「できるさ…| 〝ダイダラボッチ"が| あればな!」
0xa5000	175	「ダイダラボッチだって!| まさか!」
0xa5000	176	「いかん…やめるんじゃ| ぬらりひょん!」
0xa5000	177	(なんだって?| こりゃあ…えらいことに| なって来やがったな…)
0xa5000	178	「お前は…今どこにいるんだ!」
0xa5000	179	「ふん、ダイダラボッチといえば| 集結する場所は一つだ。| わからぬお前ではあるまい!」
0xa5000	180	「何!」
0xa5000	181	「ワシは…お前とその場所で| 最後の決着をつけるつもりだ。@ 貴様を倒して積年の恨みを| はらし…すがすがしい気分で| 日本の王になるためにな!」
0xa5000	182	「そんな事…させないぞ!」
0xa5000	183	「ならばここまで来る事だ。| ダイダラボッチが完全に| 復活する前にな…@ ではさらばだ…| また会おう鬼太郎…」
0xa5000	184	「待て!」
0xa5000	185	(…………くそ!)
0xa5000	186	「…ぬっぺらほう達を| 追う必要は| なくなったわね」
0xa5000	187	「なんてことだ…| ぬらりひょんが| 動き出していたなんて…」
0xa5000	188	「全ての計画は奴の手引きに| よるものか…〝帝"というのも| あ奴の事だったんじゃな」
0xa5000	189	「ワシらに決戦を| 挑むつもりのようじゃな…」
0xa5000	190	「ダイダラボッチの復活なんて…| 絶対にさせない!| 待っていろ、ぬらりひょん!」
0xa5000	191	「どうやらこの辺りが例の| 〝動く石像"とやらを| よく見かける場所らしいのう」
0xa5000	192	「間違いないですね」
0xa5000	193	「なんか…寂しい感じの所ね」
0xa5000	194	「ねずみ男のやつはどうした?」
0xa5000	195	「アレでは戦うのは無理じゃ…| トラジ君に預けて休ませとる」
0xa5000	196	「鬼太郎、あれ!」
0xa5000	197	「!? こいつらは!?」
0xa5000	198	「狐達…またでたわね!」
0xa5000	199	「こいつらはただの兵隊じゃろう。| だとすると| 親玉がおる筈じゃが…」
0xa5000	200	「……………………」
0xa5000	201	「あれは…ほうこうじゃ!?」
0xa5000	202	「ほうこう!| 僕の言う事がわかるか?」
0xa5000	203	「ううう…鬼太郎…?」
0xa5000	204	「そうだ! 鬼太郎だ!」
0xa5000	205	「ううっ! 鬼太郎…コロス!」
0xa5000	206	「!? まただ…| またあの民鱸…」
0xa5000	207	「ふむ…どうやらほうこうは| あの民鱸に心を操られておる| 様じゃな。という事は…@ 例のキムチの成分とこの民鱸は| 何らかの繋がりがある…@ 民鱸を歌っとる連中と、| ワシらが追っておる妖怪とは| 関係があるということじゃ」
0xa5000	208	「成る程…でも、ほうこうは| どうすればいいんですか、| 父さん?」
0xa5000	209	「…一癸毆って| 大人しくさせてやれ@ それが奴の為じゃ」
0xa5000	210	「は…はあ…わかりました」
0xa5000	211	「まだ、例の〝動く石像"| とやらの姿が見えん。| 油断するな鬼太郎!」
0xa5000	212	「はい!」
0xa5000	213	「ううう…」
0xa5000	214	「ほうこう!| 気が付いたか?」
0xa5000	215	「う…鬼太郎か?| 俺は…どうしていたんだ?」
0xa5000	216	「覚えてないのか?」
0xa5000	217	「なんだか…| 怪しい音楽にあやつられて@ 鬼太郎達に襲いかかって| いたような気がするんだが…| うう…思い出せない…」
0xa5000	218	(……充分| 思い出してると思うけど)
0xa5000	219	「む…この音楽は!」
0xa5000	220	「ええ…いよいよおでまし| みたいですね…@ ほうこう!| また操られてしまうから| キミは下がっていてくれ!」
0xa5000	221	「すまねえ…そうさせてもらうぜ」
0xa5000	222	「でたな、動く石像め!」
0xa5000	223	「ウ~ラ~」
0xa5000	224	「ララララ~」
0xa5000	225	「ウ~ララ~」
0xa5000	226	「民鱸はこ奴らが歌って| おったのか…」
0xa5000	227	「走化されてしまう前に| 急いで倒して| しまいましょう!」
0xa5000	228	「よし! 倒した!」
0xa5000	229	「うううう…」
0xa5000	230	「なんじゃ…喋れるのか?」
0xa5000	231	「く…おのれ!」
0xa5000	232	「お前は…ぬっぺらほうか?」
0xa5000	233	「よく知っているな…| いかにも…俺の名前は| 〝ぬっぺらほう"さ!」
0xa5000	234	「お前もむじなや、鏡獅子に| 化けていた妖怪の仲間か!?」
0xa5000	235	「ほうこうの漬物に心を操る| 成分を加え、配下の妖怪を| 増やす計画だったが…@ お前達の所為で全て台無しだ!」
0xa5000	236	「やっぱりあれは…お前達の| 計画か!?」
0xa5000	237	「しかも我らが〝若さのエキス"を| 集める邪魔までするとは…| つくづく忌々しい!」
0xa5000	238	「若さのエキスだって?| そうか、トラジ君達やねずみ男は| それを奪われて走人に?」
0xa5000	239	「こうなれば貴様の首を〝帝"に| 捧げねば、気がすまん!| 死ね、鬼太郎!」
0xa5000	240	「〝帝"? それがこいつらの| ボスか?」
0xa5000	241	「みんな! もう正体を隠す| 必要は無え、出てきて| こいつらの相手をしてやれ!」
0xa5000	242	「ぬっぺらほうが…三人!?」
0xa5000	243	「恐らくぬっぺらほうの| 兄弟達じゃろう」
0xa5000	244	「話は終わりだ…| 死んでもらうぞ。| 覚梧しろ鬼太郎!」
0xa5000	245	「鬼太郎、奴らはなにか| 企んでおるようじゃ、@ おとなしくさせてやれば| 何か聞き出せるじゃろう。| 倒してしまうんじゃ」
0xa5000	246	「わかりました!」
0xa5000	247	「まだ奴の兄弟が隠れておる| 可能性もある。| 急いでやっつけてしまえ!」
0xa5000	248	「はい!」
0xa5000	249	「ぐうう! 生意気な…| 一旦引き上げだ!」
0xa5000	250	「あ! 逃げられた!」
0xa5000	251	「仲間を呼ばれるとやっかいじゃ。| 鬼太郎、早くこいつらを倒して| しまうんじゃぞ!」
0xa5000	252	「ちい、俺までやられるなんて!| こ、こうなったら…」
0xa5000	253	「あ! どこにかくれたんだ?」
0xa5000	254	「また逃がしてしもうたか…」
0xa5000	255	「お…おの…れ…」
0xa5000	256	「観念しろ、ぬっぺらほう!」
0xa5000	257	「こ、ここ…までか…」
0xa5000	258	「ぬっぺらほう!| みんなから盗んだ若さを| 返すんだ!」
0xa5000	259	「うう…そ、それは…」
0xa5000	260	「うわあ!」
0xa5000	261	「な…なんじゃこいつは!」
0xa5000	262	「うおおおおおおおおおお~~!」
0xa5000	263	「またせたな兄弟!」
0xa5000	264	「おお、来てくれたか!」
0xa5000	265	「く…仲間を呼ばれたか!」
0xa5000	266	「鬼太郎…いい物をみせてやろう」
0xa5000	267	「何!?」
0xa5000	268	「ひょっとして、| それが…人間達から奪った| 〝若さのエキス"か!?@ この互大なぬっぺらほうは…| それを貯蔵する為のタンクの| ような役割をしているのか?」
0xa5000	269	「ふふ…その通りだ!@ よし、引き上げだ!」
0xa5000	270	「いかん、奴等、| アレを持ち去る気じゃ!」
0xa5000	271	「それを元の人間達に返すんだ!」
0xa5000	272	「それはできない相談だ…| お前達の相手は…この俺達の| 末弟がしてくれる。@ さらばだ鬼太郎!| はっはっはっはっは~!」
0xa5000	273	「待て!」
0xa5000	274	「逃げられてしまったか…」
0xa5000	275	「うおおおおおおおおおお~~!」
0xa5000	276	「こうなったら…こいつを倒して| 奴等が何所へ逃げたのか| 聞き出しましょう!」
0xa5000	277	「お…おの…れ…」
0xa5000	278	「観念しろ、ぬっぺらほう!」
0xa5000	279	「こ、ここ…までか…」
0xa5000	280	「ぬっぺらほう!| みんなから盗んだ若さを| 返すんだ!」
0xa5000	281	「うう…そ、それは…」
0xa5000	282	「うおおおおおおおおおお~~!」
0xa5000	283	「うわあ!」
0xa5000	284	「な…なんじゃこいつは!」
0xa5000	285	「おお、きてくれたか!」
0xa5000	286	「まだ仲間が隠れていたのか!」
0xa5000	287	「ふふふ…| お前達の相手は…この我らが| 末弟がしてくれる。@ さらばだ鬼太郎!| はっはっはっはっは~!」
0xa5000	288	「待て!」
0xa5000	289	「逃げられてしまったか…」
0xa5000	290	「うおおおおおおおおおお~~!」
0xa5000	291	「こうなったら…こいつを倒して| 奴等が何所へ逃げたのか| 聞き出しましょう!」
0xa5000	292	「俺を倒すだと~~~~!| そう簡単にいくかな~~~」
0xa5000	293	「な!? き…消えた?」
0xa5000	294	「そういえば聞いた事がある…@ ぬっぺらほうの中には| 姿を消すことができる者が| おるとか……お主がそうか!?」
0xa5000	295	「その通りだ~~。| 見えない相手は攻撃できまい~!@ なめた口をきいたことを| 後悔させてやる~~!!」
0xa5000	296	「むむむ…相手が見えんのでは| 普通に攻撃をしかける事は| できんぞ!」
0xa5000	297	「一体どう戦えばいいんでしょう?」
0xa5000	298	「うむ。焦って歩き回っても| 見えない相手にぶつかって| スキを作ってしまう事になる。@ 目には見えずとも、| 近くにいけば気配を感じる| 事ぐらいできるじゃろう…@ それを頼りにしてぬっぺらほうが| 潜んでおると思しき場所へ| 妖怪アンテナを使うんじゃ」
0xa5000	299	「そうか、アンテナがあった!| 姿は隠せても| 妖気までは消せませんものね」
0xa5000	300	「気合いを込めねば| ならんから、攻撃や道具を| 使うのは一度休まねばいかんが、@ アンテナを使った時に検知範囲に| 相手がかくれておったなら| それで居所がわかるじゃろう。@ ワシも霊力を貸してやる。| そこへリモコン下駄を| 打ち込むんじゃ。@ それで相手は姿を| みせるじゃろう!」
0xa5000	301	「成る程…わかりました!」
0xa5000	302	「お~の~~れ~~~!」
0xa5000	303	「見つけたぞ…覚梧しろ!」
0xa5000	304	「ぐぐぐ……やったな~~!!」
0xa5000	305	「うおおおおおおおお~~!」
0xa5000	306	「あ! また奴の姿が…!」
0xa5000	307	「うむ、だが居場所の見当は| ついとる。鬼太郎、落ち着いて| アンテナを使うんじゃ!」
0xa5000	308	「どこみてる~~!| くらえ~~~!」
0xa5000	309	「いてえじゃねえか~~!」
0xa5000	310	「う…うう…| うおおおおおおお~!!」
0xa5000	311	「うう…兄さん達…すまねえ…」
0xa5000	312	「ふう…変わった力を持つ| 奴でしたね…」
0xa5000	313	「もう抵抗する元気はあるまい。| こいつを辧り上げて、トラジ君の| ところに報告に行こう」
0xa5000	314	「ん? なんじゃ?」
0xa5000	315	「これは…若さのエキスじゃ| ないでしょうか?」
0xa5000	316	「そうか、まだこ奴の体内に| 残っておったんじゃな?@ 鬼太郎、これを全部| トラジ君の所に持って| いくんじゃ」
0xa5000	317	「ん? なんじゃ?」
0xa5000	318	「ひょっとして、これは…| 人間達から奪った〝若さの| エキス"じゃないでしょうか?@ さっきの互大なぬっぺらほうの| 身体は…これを貯蔵する為の| タンクだったんでは?」
0xa5000	319	「うむ、ありえるのう…| 鬼太郎、これを全部トラジ君の| 所に持っていくんじゃ」
0xa5000	1024	開癸中
0xa9800	0	「あいたたたた…| ここは…どこだ…?」
0xa9800	1	「おお…気が付いたか鬼太郎…」
0xa9800	2	「あ…父さん!| …無事でしたか…?」
0xa9800	3	「うむ…派手に転がったが…| なんとか大丈夫じゃ」
0xa9800	4	「僕達は…| どうなったんでしょうか?@ 確か…船が沈みはじめたから| 急いで家の中に入って…」
0xa9800	5	「わからん…真っ暗で何も見えんと| いうことは海上に出られた| わけでもなさそうじゃ…@ こりゃ、| 困ったことになったぞ」
0xa9800	6	「う、うーん……? あれ?| アタイ達生きてるの?」
0xa9800	7	「ぬ~り~か~べ~!| 水止めた~~!」
0xa9800	8	「おお、ぬりかべ!| とっさに隙間を| 塞いでくれたのか!」
0xa9800	9	「それでなんとか空気が| 残っているのね…| ぬりかべ、偉い!」
0xa9800	10	「みんなも…どうにか| 無事みたいだね」
0xa9800	11	「ふうむ、どうやらここは海の| 廳じゃな。ぬりかべのおかげで| 空気が瀋まってはいるが…@ このままでは| 遅かれ早かれ奮息は| 時間の問題じゃ」
0xa9800	12	「むむむむ…| どうしたらいいんじゃ…」
0xa9800	13	「おーい、みんな~」
0xa9800	14	「あっ、かわうそ!| キミも無事だったか!」
0xa9800	15	「ああ、オイラは葦げるんで、| あわてずにすんだからね。| すぐ手近な物につかまったよ」
0xa9800	16	「すまん、お主の船が…」
0xa9800	17	「気にすることないよ。| まあ、畑はもう完全に| ダメになっただろうけど。@ あ、そうそう。| 今、オイラの船の状態を| 調べてきた」
0xa9800	18	「どんな様子だい?」
0xa9800	19	「大した破樽じゃないけど…| 道具と材料がない。一度地上に| 戻らないと修理は無理だよ」
0xa9800	20	「そうか……じゃあなんにせよ| いつまでもここにいる訳に| いかないな……@ よし、奴らが沈んだ僕達の| 様子を見に来る可能性もある。| とりあえず地上に戻ろう」
0xa9800	21	「えっと…もちろん| 〝葦いで"……よね?」
0xa9800	22	「ああ、そういう事だよ」
0xa9800	23	「ぷはっ!」@(ひええ~! 死ぬかと思った!)
0xa9800	24	「ふう…」
0xa9800	25	「やれやれ…| なんとか地上に| 戻ってこられたのう…」
0xa9800	26	「やっぱり新鮮な| 空気はうまか~!」
0xa9800	27	「まったくじゃな」
0xa9800	28	「ところで…ここはドコじゃ」
0xa9800	29	「どうやら…漁村か何かの| ようですね」
0xa9800	30	「う~む、本州の方に| 戻されてしまったようじゃな」
0xa9800	31	「ん?」
0xa9800	32	「鬼太郎~?| どうした~~?」
0xa9800	33	「強い妖気を感じる…!| 父さん、この近くに妖怪が| 潜んでいます。それも大勢!」
0xa9800	34	「なんじゃと!?」
0xa9800	35	「ヴォジャーイの手下共か?」
0xa9800	36	「とにかく、| 様子を見に行ってみましょう」
0xa9800	37	「こんな場所でも| 世界妖怪どもの手先が悪企みを| 進めておったとは…」
0xa9800	38	「怖いですね、父さん。| 偶然僕達がここに辿りついた| から癸見できたものの…@ 素通りしていたら、| また奴らの暗躍を許す| 所でしたよ」
0xa9800	39	「じゃが…偶然であれ、なんであれ| ワシらが奴達の計画の一端を| 封じられたのは事実じゃ。@ 天がワシらに味方しとるんじゃ。| 今はそれを素直に| 喜ほうではないか!」
0xa9800	40	「は、はい…」
0xa9800	41	「そうよ鬼太郎!| ラッキーだったじゃない!」
0xa9800	42	「ラッキー…そうか、| そうかもね」
0xa9800	43	「あの…」
0xa9800	44	「ああ、捕まっていた人達| ですね? みんなケガとかは| ないですか?」
0xa9800	45	「あいつらを追っ錨ってもらって…| 本当に助かりました。
0xa9800	46	「オラ達もう少しであの化け物共に| おいしくいただかれてしまう| ところだっただ!」
0xa9800	47	「なんにもない村ですが…| せめてメシでも食っていって| くだせえ」
0xa9800	48	「いいえ、僕達| 先を急ぐんです」
0xa9800	49	「忙しい人達だな…| あんな連中と一戦交えておいて| 今度はドコへいくんです?」
0xa9800	50	「小笠原よ、| そこに用事があるの」
0xa9800	51	「でも…どうやって?| この辺からは小笠原への| 船は出てないですよ?」
0xa9800	52	「そ、そうだった!| オイラの船は海の廳| なんだった!」
0xa9800	53	「よし、急いで船を引き上げて| 修理しよう!」
0xa9800	54	「あの…助けていただいたお礼| といってはなんですが…@ その沈んだという船の| 引き上げを…お手伝い| しましょうか?」
0xa9800	55	「いいのか?」
0xa9800	56	「傘の恩人のためならこれくらい| お安いごようです!@ 幸いこっちには男手があります。| なあ、みんな!」
0xa9800	57	「おお~~~!!」
0xa9800	58	「はは…ありがたいや」
0xa9800	59	「よし、オイラが指示するから| 何とかして引き上げて| 修理をしよう!」
0xa9800	60	「村中総出で| 修理をしてくれるとは…」
0xa9800	61	「本当にいい人達ですね」@(猫餅の言った通りだ…| こんな人達に〝偶然"に| 出会えるなんて… @ 僕はとても〝ラッキー"| なのかもしれないな…)
0xa9800	62	「こんな人ばっかりだったら| 妖怪と人間ももっと上手く| 付き合っていけるのにね…」
0xa9800	63	「昔は…ワシらと人間は| それはいい関係を| 築けていたもんじゃ」
0xa9800	64	「しかし…最近の若者は| 妖怪なんぞ信じても| おらんじゃろう。@ あ奴らは何を考えておるのか| さっぱりわからんわい!」
0xa9800	65	「まぁ…時代の流れじゃな…」
0xa9800	66	「でも…ルカちゃんみたいな| 子もいる。@ みんながみんな妖怪を信じて| いないわけじゃないよ」
0xa9800	67	「そ…そうじゃったな!| まあ、人それぞれ| なんじゃろうが…」
0xa9800	68	「あっ! 携帯!」
0xa9800	69	「僕のだ…」@(誰かな…もしかして?)
0xa9800	70	「あっ! やっとつながった!| き、鬼太郎…さん?」
0xa9800	71	「この声は…ルカちゃんかい?」
0xa9800	72	「は、はい!| よかった…鬼太郎さん、| 無事だったんですね?@ 実はずっとその電話に| かけていたんですけど| なんだかつながらなくて…@ また大変な事になってるんじゃ| ないかって…| し、心配しちゃいました!」
0xa9800	73	「ゴメンね。| さすがに…| 海の廳は圏外だったみたいだ」
0xa9800	74	「海の…廳!?」
0xa9800	75	「あ…う、ううん。なんでもない。| それより…どうかしたの?」
0xa9800	76	「あっ! そうだった!| た、た、大変なんです!| 実は…」
0xa9800	77	「なっ! なんだって!?@ その妖怪の姿は…本当に| それで間違いないのかい?」
0xa9800	78	「え…ええ、| 何か…大変な妖怪なんですか?」
0xa9800	79	「あ、ああ…」
0xa9800	80	「間違いないと思いますけど…| 私の方でも…情報をもっと| 集めてみます!@ とりあえず、鬼太郎さんに| 報せなくちゃと思って…」
0xa9800	81	「有り難う、また何か情報が| あれば、連絡を頼むよ」
0xa9800	82	「わかりました。| あの…鬼太郎さん…?」
0xa9800	83	「ん? なんだい?」
0xa9800	84	「大変だと思いますけど…| 無理しすぎずにがんばって| 下さい!」
0xa9800	85	「ああ…わかったよ。| それじゃあね」
0xa9800	86	「なんじゃ、| どうしたんじゃ鬼太郎?」
0xa9800	87	「実は…TVのニュースで| やっていたらしいんですが…@ 丁度…僕らが今いるこの村の| 近くで、大きな妖怪が暴れ回って| いるそうなんです」
0xa9800	88	「大きな…妖怪?」
0xa9800	89	「それは…どんな妖怪| なんじゃ?」 
0xa9800	90	「目撃者の話だと…二本の大きな| 角の生えた牛のような顔で、| 身体は蜘蛛みたいだと…」
0xa9800	91	「なんじゃと!?」
0xa9800	92	「ま…まさか…!?」
0xa9800	93	「え、え?| 何? それ何の妖怪なの?」@(牛のような顔で、身体が蜘蛛で| 互大…う~ん、思い出せそう| なんだけど…)
0xa9800	94	「奴が復活した…偶然にしては| 出来すぎとるの」
0xa9800	95	(ああ!| アタイだけわかってない!@ いいもん、こうなったら| 意地でも自分で思い出すから!)
0xa9800	96	「おーい! もうすぐ船が| 直るよ!」
0xa9800	97	「小笠原も大事じゃが、そっちの| 件も…放っておけんな…」
0xa9800	98	「少し遠回りになるが…| どうする?」
0xa9800	99	「ルカちゃんの情報がもし本当| なら…あいつを止めなくちゃ| 大変な事になります!」
0xa9800	100	「じゃが…タイミングが| 良すぎるぞ!@ ワシらを足止めする為の| ガセ情報という可能性もある。| 頭から信じるのは危険じゃ!」
0xa9800	101	「ふむ、それも一理ある」
0xa9800	102	「でも…」
0xa9800	103	「鞁にじゃ…情報が| 本当じゃったとしても、@ 小笠原で妖怪樹の増殖を止めねば| 日本中は大混乱になってしまう。| そうなっては元も子もない!」
0xa9800	104	「た…確かに」
0xa9800	105	「鬼太郎、どうする?| ワシらはお前について行くぞ」
0xa9800	106	「そうですね…」
0xa9800	107	(どうしよう…?)|<g400>「暴れてる妖怪を止めに行こう!」|<g400>「小笠原へ急ごう!」
0xa9800	108	「確かに…偽の情報の可能性は| あります。…でも本当だったら| 大変なことになる。@ 遠回りになっても…| 僕は困っている人を助けたい。@ ルカちゃんの情報にあった、| 暴れてる妖怪を止めに行こう!」
0xa9800	109	「……………………」
0xa9800	110	「どうしたの…鬼太郎?」
0xa9800	111	「これまで、ドラキュラ達は| TVやネットのニュースを| おさえてきていた…@ それなのに、今になって急に| 情報が入ってくるのは| 確かに変だ…」
0xa9800	112	「でも、ルカちゃんからの| 情報なのよ?」
0xa9800	113	「じゃが、彼女がニセの情報に| だまされておるということも| 考えられるのう」
0xa9800	114	「あ…そうか…」
0xa9800	115	「電話をかけ直して、もっと詳しく| 聞いてみてはどうじゃ…?」
0xa9800	116	「それが…今見たら〝圏外"に| なっているんです」
0xa9800	117	「え…! だって今…電話を…| あ! アタイのも通じてない!」
0xa9800	118	「おいどんのも通じんばい!| ここいらには電波が来てない| 様でごわす!」
0xa9800	119	「偶然かもしれないけど…」
0xa9800	120	「ううむ…これは怪しいのう」
0xa9800	121	「せっかく情報をくれた彼女には| 悪いけど…僕達を足留めする為の| ニセ情報の可能性が高いな…@ それだけ敵は切羽詰まってるの| かも知れない。…ならば、今は| 小笠原へ急ぎましょう!」
0xa9800	122	「うむ、鬼太郎が決めたなら| ワシらは文句はない」
0xa9800	123	「じゃ、そっちで決まり!」
0xa9800	124	「き~ま~り~!」
0xa9800	125	「出癸でごわす!」
0xa9800	126	「父さん、村の人達に| お礼を言ってきます」
0xa9800	127	「うむ、そうじゃな| ワシはここで待っておる。| よろしく言ってきてくれ」
0xa9800	128	「わかりました」
0xa9800	129	「…………鬼太郎は| こっちを選んだか…」@(…………………………| この先の戦いがどうなるか…| 誰にもわからん。@ じゃが、鬼太郎。| お前は…強運の持ち主じゃ。@ ワシは、お前の制断が| ワシ達をいい結果に| 導いてくれると信じておる。@ そう、きっと…な!)
0xa9800	130	「ああっ! 鬼太郎、| あれ見て!」
0xa9800	131	「ググ…鬼太郎…!」
0xa9800	132	「く…またこいつらと戦うのか…」@(今、余計な戦いは、できれば| 騫けたいな…どうしよう、| 逃げるって手もあるけど…)
0xa9800	133	「鬼太郎! あれ!」
0xa9800	134	「え?」
0xa9800	135	「なんだあれ?| …繿みたいに見えるけど…」
0xa9800	136	「オリ?| なんでこんな所に…」
0xa9800	137	「おお!? そこに| 誰かいるのか?| た、助けてくれ~!」
0xa9800	138	「中に人がいる!」
0xa9800	139	「? 漁師のようじゃな」
0xa9800	140	「は、早くここから| 出してくれ~!」
0xa9800	141	「人間を捕まえて…| お前達はここで何を企んで| いるんだ!?」
0xa9800	142	「知れたこと…食料にするのさ!| アタシらも大所帯になった| からね…@ 魂にせよ、血肉にせよ、| 補給物資は不足してるんだ。| つまり…現地調達って訳さ!」
0xa9800	143	「なんだって…!?」@(そうか…むじなの奴が| あちこち動きまわって、人間の| 生気を集めていた裏には@ こういった理由もあるのか?)
0xa9800	144	「とにかく…そんな事を| 許す訳にはいかない!| その人達を放せ!」
0xa9800	145	「ふん、やなこった!」
0xa9800	146	「そっちがその気なら…| 実力行使だ!」
0xa9800	147	「鬼太郎、戦いつつ| あの捕まっとる| 人達も助けるんじゃ!」
0xa9800	148	「わかりました!」
0xa9800	149	「ぎゃぎゃあ!」
0xa9800	150	「ぎゃあぎゃあ!」
0xa9800	151	「うわ! なんだこいつ!?」
0xa9800	152	「む…こいつらは……| もしかすると…」
0xa9800	153	「父さん…知ってるんですか?」
0xa9800	154	「鬼太郎、妖怪樹の話はしたな?」
0xa9800	155	「ええ、僕達が向かっている| 小笠原にいるらしい| 互大吸血植物妖怪の事ですよね?@ そいつに妖怪血漬を与えれば| 種子を作り、自分の| 分身を生み出す…とか。
0xa9800	156	「あ! ま…まさか!?」
0xa9800	157	「うむ、恐らくこいつらは| その妖怪樹共の分身…| いわば小さな妖怪樹じゃ!」
0xa9800	158	「ぎゃぎゃあ~~~!!」
0xa9800	159	「やる気まんまんみたいですね」
0xa9800	160	「ああ、エサの臭いを| 嗅ぎつけて待ちきれなくなって| やってきたんじゃろう!」
0xa9800	161	「僕達がここを通らなければ| 犠牲者が増える所でしたね…」
0xa9800	162	「鬼太郎、こいつらを懸放しに| するのは危険じゃ、| みんなまとめて倒してしまえ!」
0xa9800	163	 |   〈繿の竇を開けた!〉
0xa9800	164	「た、助かった!」
0xa9800	165	「お…恩にきるべ!」
0xa9800	166	「早くどこかに隠れて!」
0xa9800	167	「わかりましただ!」
0xa9800	168	 |   〈繿の竇を開けた!〉
0xa9800	169	「たた…助かった~!| よかった、もう諦めて…」
0xa9800	170	「話は後じゃ、今は| とにかく逃げるんじゃ!」
0xa9800	171	「は、はい!| 有り難うございます!」
0xa9800	172	 |   〈繿の竇を開けた!〉
0xa9800	173	「や、やった!| これで食べられなくてすむ!」
0xa9800	174	「さあ、急いで隠れて下さい!」
0xa9800	175	「ああ、言われなくたって!」
0xa9800	176	「おのれ鬼太郎共め…| 食料調達の邪魔をしやがって!」@(このままじゃ人間を| 丸ごと連れ去るのは無理だね…| 生気だけでも頂くとするか!)@「牟屋の竇よ…我が魔法に応え| 開くがいい!」
0xa9800	177	「なんだ?」
0xa9800	178	「生気よ! 我が元へ集まれ!」
0xa9800	179	「うわあ! な、なんだ!| 身体に力が入らない!」
0xa9800	180	「うわあ! な、なんだ!| 身体に力が入らない!」
0xa9800	181	「うわあ! な、なんだ!| 身体に力が入らない!」
0xa9800	182	「ひっひっひ! これでよしっと!| じゃあね、鬼太郎共!」
0xa9800	183	「あ!| 逃げられちゃいましたね…」
0xa9800	184	「生気だけを持ちさりよったか…」
0xa9800	185	(と、とにかくチャンスだ!| 今の内に逃げよう!)
0xa9800	186	「村人はなんとか| 脱出した様じゃな。@ まだ動けた…という事は| 傘に関わる程生気を奪われは| せんかったんじゃろう。@ 心配はいらんと思うが| 念のため後で具合を| みてやらんとな。@ まずは早く戦闘を| 終わらせるんじゃ!」
0xa9800	187	「はい!」
0xa9800	188	「今ので全部ですね…」
0xa9800	189	「沈沒した上に葦いで…| さらに立て続けに戦闘じゃ。@ みんなさすがに| へとへとじゃろうて…@ しばらく休んで今後の対策を| たてるとしよう」
0xa9800	1024	開癸中
0xac800	0	「きちんと| 航行できておるようじゃな」
0xac800	1	「急いで修理してもらった| からのう。| ちょっと不安だったんじゃが…」
0xac800	2	「あの短い時間で| 立派に修理を施してくれた| もんじゃな」
0xac800	3	「ああ、| 前より調子が良くなった| くらいさ」
0xac800	4	「………………………」
0xac800	5	「鬼太郎…?」
0xac800	6	「ん…なんだい?」
0xac800	7	「やっぱり気にしてるの?| 例の…村を襲っているっていう| 妖怪の情報の事」
0xac800	8	「あ、ああ…」
0xac800	9	「何だったら、今からアタイと| 一反木綿で様子を| 見にいってもいいわよ?」
0xac800	10	「いや、いいんだ。| 猫餅、妖怪樹…見ただろう?」
0xac800	11	「え、ええ…あの歩く草みたいな| 妖怪でしょう?」
0xac800	12	「小笠原にいるらしい妖怪樹の| 本体を叩かない限り、@ あんなのがうじゃうじゃ| 日本中をおおってしまう| らしいんだ…@ 僕達は妖怪樹本体を急いで| 叩かなくちゃならない。| 手遅れになる前にね」
0xac800	13	「え…ええ、そうね…」
0xac800	14	(鬼太郎も悩んでおるな…@ 幾ら怪しい情報であっても| 妖怪が本当に出ておらんという| 確証はない。@ じゃが、あの小さな妖怪樹共が| 現れたという事は、本体の復活は| かなり進んでおる可能性がある。@ 小笠原に先に向かわなければ| いかんというのが正しい| 制断じゃ。@ 鬼太郎は間違っておらん。| ただ、自分の気持ちに| 整理がつけられるかどうかじゃ)
0xac800	15	「カ~~~~~!!」
0xac800	16	「お! 来たでごわす!」
0xac800	17	「カ~! カ~カ~!」
0xac800	18	「ふむふむ…| そ、そうでごわすか…!?」
0xac800	19	「一反木綿?| カラス達を使って| 何をしてるんだい?」
0xac800	20	「い、いや…ちょっと| 調べ物でごわす…」
0xac800	21	「調べ物?」
0xac800	22	「な…なんでもないでごわす!」
0xac800	23	「…例のルカちゃんの| 情報の事か?」
0xac800	24	「なんだって?」
0xac800	25	「ち…ちがうでごわす!| 牛鬼(ぎゅうき)の情報なんて| 集めてないでごわす…」
0xac800	26	「やっぱり…」
0xac800	27	(し、しまったとよ~!)
0xac800	28	「牛鬼!? …思い出した!| 鬼太郎が言ってた@ 〝二本の大きな角の生えた| 牛のような顔で蜘蛛みたいな| 身体の妖怪"って…@ 牛鬼の事ね!?」
0xac800	29	「なんじゃ、わかって| おらんかったのか?」
0xac800	30	「まだまだ勉強不足じゃな…」
0xac800	31	「そんな事より…| やっぱり牛鬼が本当に| 現れていたんだね?」
0xac800	32	「もしそうなら鬼太郎には黙って| おこうと思っておったで| ごわすが…その通りたい…@ ルカちゃんの情報があった村に| 牛鬼が現れて、村人を| 襲っているそうでごわす」
0xac800	33	「…そう…か」@(く…やっぱり情報は本当| だったんだ…僕は、| 助けられた人の傘を見殺しに…)@「くそ! なんてことだ…!」
0xac800	34	「鬼太郎…お前のせいではない」
0xac800	35	「でも、父さん!」
0xac800	36	「鬼太郎の決断はアタイ達| みんなの決断よ」
0xac800	37	「あの時点では、こうするのが| 最善だったぞ」
0xac800	38	「それは…頭では| わかっているんですが…」
0xac800	39	「一反木綿のバカ!| なんでそんな事調べて| くんのよ!@ 鬼太郎落ち込んじゃった| じゃない!」
0xac800	40	「す、すまんでごわ…!」
0xac800	41	「うわあ~! な、| 何ばおこったとよ!?」
0xac800	42	「あ…あれは…!?」
0xac800	43	「あちゃー舵を| やられちまってるよ…」
0xac800	44	「すまない、かわうそ。| 僕が不甲斐ないばっかりに…」
0xac800	45	「直せそう?」
0xac800	46	「まあ、この位なら| ちょっと時間がかかるけど…」
0xac800	47	「良かった…| すまんが頼むぞ、かわうそ!」
0xac800	48	「結局…小笠原に行くまでに| 時間を取られて| しまいましたね…」
0xac800	49	「ああ、そうじゃな」
0xac800	50	(これが…助けられた人を| 見殺しにしてまで得る結果か?| く…僕は、バカだ!)
0xac800	51	「鬼太郎…」
0xac800	52	「………………」@(鬼太郎の事も困ったもんじゃが、| ヴォジャーイの態度が| おかしかったのも気になるのう。@ 何か、あったんじゃろうか?)
0xac800	53	「カ~~~~!」
0xac800	54	「? 化けガラス…| また何か情報を| 持ってきたのか?」
0xac800	55	「カ~! カ~カ~!」
0xac800	56	「ふんふん…なんと!?」
0xac800	57	「なんじゃ、なんと| 言っておったんじゃ?」
0xac800	58	「牛鬼が…何者かに| 封鰯されたそうでごわす!」
0xac800	59	「なんじゃと?」
0xac800	60	「え!? それじゃあ…| 村の人は…」
0xac800	61	「みんな無事らしいでごわす!」
0xac800	62	「一体…誰が?| 油すまし達は今頃| 京都の筈だし…」
0xac800	63	「その〝何者か"というのが| 誰か…その情報はないのか?」
0xac800	64	「牛鬼を封鰯して| すぐ消えたそうでごわす…」
0xac800	65	「もしかすると…」
0xac800	66	「父さん…| 何かわかったんですか?」
0xac800	67	「い…いいや、誰でもよい。@ 大事なのはお前の制断が| 最終的にいい結果に| 結びついたという事じゃ。@ 良かったな、鬼太郎」
0xac800	68	「でも…これはきっと| 何かの偶然です。| 僕の実力じゃあ…」
0xac800	69	「鬼太郎、運も実力の内じゃ」
0xac800	70	「そ、そうよ! アタイも| そう思う!」
0xac800	71	「みんな…」
0xac800	72	「みんなお前が悩んでおるのを| 気にしておったんじゃ…」
0xac800	73	「あ…有り難う、みんな。| ごめん…」
0xac800	74	(やはり鬼太郎は目には見えぬ| 力を持っておる。それは| 努力しても得られぬ力じゃ…)@「鬼太郎、理由はどうあれ、| 心配事はなくなったな?」
0xac800	75	「は、はい!」
0xac800	76	「よし、それじゃ| 船の調整をすませたら| すぐ出癸する。@ みんな、次は小笠原だ| しっかり準傭してくれ!」
0xac800	77	「お~う!」
0xac800	78	「ヴォジャーイ!?」
0xac800	79	「ふふ鬼太郎、| 海廳での散歩は楽しかったか?」
0xac800	80	「何ぃ!?」
0xac800	81	「あれほど念入りにこの船を| 沈めたというのに…@ 短い時間でここまで| 復帰するとは。お前達には| 驚かされる事ばかりだ!」
0xac800	82	「驚かされる事ばかり| じゃと?」
0xac800	83	「そうとも…せっかく牛鬼という| エサまで用意してやったのに…@ まさか天下の鬼太郎が人間を| 見捨てて小笠原に直行| するとは読み切れなかった。@ …もてなしが無駄になって| しまったぞ」
0xac800	84	「じゃあ、やっぱりお前達が| 牛鬼の封鰯をといたのか?@ あの情報も…僕達を足留めする| ために、わざわざTVで| 流したんだろう!」
0xac800	85	「ふふ…察しがいいな。| ついでにわざわざ電話が| 繋がるようにも細工したがな」
0xac800	86	「なんじゃと?| どうやってそんな事を…?」
0xac800	87	「ふん! 手品の種明かしは…」
0xac800	88	「…こちらの出し物が全て| 終わってからしてやろう」
0xac800	89	「き…来たわね!?| 海の上だっていうのに、| またぞろぞろと!」
0xac800	90	「ヴォジャーイ様、| いかがいたしましょう?」
0xac800	91	「船廳に穴を開けたくらいでは| こたえんようだな…@ こうなれば、この船の| 航行機能そのものを奪って| やらねばならんな」
0xac800	92	「…と、おっしゃいますと?」
0xac800	93	「…あそこに家が建って| いるだろう?」
0xac800	94	「…恐らくあの家にこの船の| 舵がある。そこを徹廳的に| 破壊してやるのだ。@ そうすれば鬼太郎達はこの海の| 真ん中で、進むことも戻る事も| 出来なくなる」
0xac800	95	「そうなれば…鬼太郎達を| ゆっくり料理する事が| できますな」
0xac800	96	「うむ、できれば奴らを| 肉羊羮にして食ってみたいと| 考えておったのだ。@ 丁度いい、ペナンガラン。| その手配…お前に任せるぞ」
0xac800	97	「はは! お任せ下さい!」
0xac800	98	「逃げる気か!?」
0xac800	99	「ふふふ…逃げるも何も…| 海の上は全て俺の庭の様な| ものだ!@ お前達は所詮俺の傭城に| 迷い込んだ哀れな日本の| サルにすぎない」
0xac800	100	「なんじゃと!?」
0xac800	101	「あんまりな| 言われようじゃのう…」
0xac800	102	「せいぜいあがいておればいい。| 俺は牛鬼の様子を見に行く。@ そろそろ奴も腹を満たした| 頃だろう。@ いい気分になった所で| 俺達の仲間になるよう| 交渉せねばな!」
0xac800	103	「く…」
0xac800	104	「では、さらばだ…| ボン、ボヤージュ!」
0xac800	105	「おのれ…気にいらん奴じゃ」
0xac800	106	「とにかく、| 奴らを倒すぞ!」
0xac800	107	「ええ、行きましょう、父さん!」
0xac800	108	「……………」
0xac800	109	「……………」
0xac800	110	「? ぬりかべ、どうかした?」
0xac800	111	「鬼~太郎~ぬりかべ、| 戦闘に参加したい~!」
0xac800	112	「え? どういう事…?」
0xac800	113	「鬼太郎、ぬりかべに何か考えが| あるようじゃ。任せてみても| よいのではないか?」
0xac800	114	「ま~かせ~る~」
0xac800	115	「わかった。| じゃあ頼むよ、ぬりかべ」
0xac800	116	(牛鬼の事…僕の決断は| 間違っていたのかも知れない…@ でも…後悔してもしょうがない。| 今は全員で小笠原に| つくことを考えるんだ!)
0xac800	117	「鬼太郎、奴らはこの船の| 舵を狙ってくるつもりじゃ!」
0xac800	118	「舵…というと?」
0xac800	119	「この家の事じゃ」
0xac800	120	「この家に| 敵を鱗接させてはいかんぞ!」
0xac800	121	「鱗接されると…| どうなるんですか?」
0xac800	122	「舵が破壊されて…小笠原に| 完全に行けなくなってしまうぞ!@ なにせ今ワシらがいるのは| 海の真ん中じゃ、修理するにも| 材料がないからのう」
0xac800	123	「大変だ…奴らを近づけなければ| いいんですね?| わかりました!」
0xac800	124	「これ以上失敗はできない…| 覚梧しろ、鬼太郎共!」
0xac800	125	「おのれ、またしても…| こ、この次こそは!」
0xac800	126	「しまった!」
0xac800	127	「やはり戦いながら家を| 護るのは無理じゃったか…」
0xac800	128	「ヴォジャーイ!| 戻ってきたのか!」
0xac800	129	「鬼太郎…運のいいやつめ」
0xac800	130	「運? …何のことだ?」
0xac800	131	「牛鬼を仲間にするのに| 失敗したようじゃな?」
0xac800	132	「え?」
0xac800	133	「…………………」
0xac800	134	(運がいいって、| そういうことか…?@ なんだか少し様子が| 違うような気もするけど…)
0xac800	135	「鬼太郎…お前を捕らえて| 俺好みの方法でゆっくり調理して| やろうと思っていたが…@ 興をそがれたわ…| お前達を今すぐ始末| してやる!」
0xac800	136	「僕らを簡単に倒す自信が| ないから、偽の情報まで使って| 時間を稼いだんだろう?@ 裏でこそこそ小細工ばかり| している奴に…| 負けたりするもんか!」
0xac800	137	「ほざけ…俺の恐ろしさを| 思い知らせてやる!」
0xac800	138	「くう! まだ出て来おるのか!」
0xac800	139	「海の上で…でかい面はさせぬ!」
0xac800	140	「お、お前達| なかなかやるな…?」
0xac800	141	「海の上ででかい面させないって| いったな?@ それをいうなら僕達だって| 日本でお前達に大きい顔| させるもんか!」
0xac800	142	「ち、生意気な…| 今日はどうも調子がでぬわ…| 引き上げだ!」
0xac800	143	「待て! 逃がさないぞ!」
0xac800	144	「き、鬼太郎!| 妖怪樹の分身共じゃ!」
0xac800	145	「ふふふ…さらばだ鬼太郎!」
0xac800	146	「…ヴォジャーイめ…!」
0xac800	147	「…………」
0xac800	148	「…………」
0xac800	149	「! 父さん! ぬりかべが…」
0xac800	150	「泥田坊共は身体の| 大部分が水じゃ。@ その点を水を操るヴォジャーイに| 上手く利用され、仲間に| されておるんじゃろうが…」
0xac800	151	「ぬりかべには…| 彼らを説得する自信が| あるみたいですね」
0xac800	152	「ぬ~り~かべ~」
0xac800	153	「…………」
0xac800	154	「お前~ 操られてる~| 助ける~」
0xac800	155	「何を~ 言ってる~」
0xac800	156	「ぐあぁぁぁぁぁぁ!!」
0xac800	157	「ぐがぁぁぁぁ……?」
0xac800	158	「これで~ いい~」
0xac800	159	「……? 俺~| ここで何を~?」
0xac800	160	「もう~ 大丈夫だ~| 操る~ 悪い水~| 洗い~流した~」
0xac800	161	「ん~ お前~が~| 助けて~くれたのか~」
0xac800	162	「そう~だ~」
0xac800	163	「お前~ 友だ~| 俺~ お前の味方に~なる~」
0xac800	164	 |〈泥田坊が仲間になった!〉
0xac800	165	「と、父さん…| なんだか変わった説得| でしたね…」
0xac800	166	「う、うむ、じゃが| 仲間には出来たようじゃぞ」
0xac800	167	(まだヴォジャーイに操られてる| 泥田坊はたくさんいるけど…| 全員助けるのは無理だな。@ 残りの泥田坊達は| 世界妖怪達を倒す事で助ける| 事にしよう)
0xac800	168	「………………」
0xac800	169	「全員…やっつけたようじゃな」
0xac800	170	(結局時間を取られてしまった…| 何をやってるんだ、僕は)
0xac800	1024	開癸中
0xaf000	0	「そうか…ヴォジャーイの目論見は| 失敗に終わったか…」
0xaf000	1	「ああ…俺が牛鬼の様子を| 見に行った時にはもう奴が| 小笠原に向かった後だったぜ」
0xaf000	2	「おのれ鬼太郎…奴ら| そろそろ小笠原に| ついてしまうぞ!」
0xaf000	3	「まあ…いいじゃないか。| あそこには罠が仕掛けて| あるんだろ?@ 鬼太郎には、せいぜい| がんばってもらえば…さ」
0xaf000	4	「おやおや…エリート殿とも| あろう方が、@ 鬼太郎の血には興味が| ないように見えますが…| それはなぜですかな?」
0xaf000	5	「確かに…俺は有名人や| 地位の高い人間の生き血を| 吸うのが大好きだ。@ だけど、今は| それどころじゃないのさ」
0xaf000	6	「ほほう…?| では、ついに噂のアレが…」
0xaf000	7	「エリート!| …余計な事は喋るな!」
0xaf000	8	「あ、ああ…」
0xaf000	9	(ちっ、うるさい懸郎だぜ!)
0xaf000	10	「ベアード、以前までのお前なら| いざしらず、今のお前は| 私の部下にすぎない。@ 全ての計画を知り得る| 立場ではないのだ。| わきまえてもらおうか?」
0xaf000	11	「わかったよ、| ドラキュラ…〝様"。| …じゃあな」
0xaf000	12	「待て、何処へいく!」
0xaf000	13	「俺は自分の国から| ここへやってきて、いきなり| 偵察までさせられたんだ。@ もうへとへとだぜ、| 休ませてもらう…| それじゃ…またな」
0xaf000	14	(ち、まだ自分の| 立場がわかって| いないようだな…)
0xaf000	15	「ドラキュラの兄貴、アイツを| 懸放しにしていていいのか?@ アイツは鬼太郎に個人的な| 感情を持っている筈だ。| 独走する恐れはないのか…?」
0xaf000	16	「アイツにはまだ利用価値がある。| 殺す事などいつでもできる。| 今は日本を制圧するのが先だ」
0xaf000	17	「今頃は小笠原決戦の第一| ラウンドか…ふふ、見物に| いけないのが悔しいぜ。@ じゃあ、俺はそろそろ出癸する| 後をたのんだぜ、兄弟」
0xaf000	18	「ああ、任せろ」
0xaf000	19	「そういえば兄貴、例の新しく| 入った飯係を見かけないけど…| 何処に行ったんだ?」
0xaf000	20	「飯係? ああ、ねずみ男の事か?| ペナンガランの奴がここを| たつ時に連れていったぞ」
0xaf000	21	「ペナンガランが?| どうして?」
0xaf000	22	「さあな…| 南方妖怪共の考える事は| わからん…」
0xaf000	23	「…あの方の考えも…だろ?」
0xaf000	24	「ラ<87>セーヌ! 言葉使いに| 気をつけろ。今、あの方を敵に| 回すワケにはいかんのだ」
0xaf000	25	「ああ…わかってる。| じゃあ、俺も小笠原に| 向かうぜ…後の準傭は任せた」
0xaf000	26	「ああ、南方妖怪共を| しっかり御してやれ…」
0xaf000	27	「わかったよ…」
0xaf000	28	「…………………………」
0xaf000	29	「ところで鬼太郎…」
0xaf000	30	「ん、なんだい?| かわうそ」
0xaf000	31	「やつらが小笠原で妖怪樹とかに| 妖怪血漬を与えて、その分身を| 増やそうとしてるって話…@ 確かなのかい?」
0xaf000	32	「なんじゃ?| ワシらを疑っておるのか?」
0xaf000	33	「そうじゃないけど…| 鬼太郎達は一度、秋芳洞で| 驪されたんだろ?@ 今回はそうじゃないって| 確証があるのかなって| 思って…」
0xaf000	34	「確かにな。| 小笠原諸島といえば、| 沖縄と同じくらい南の土地じゃ。@ ちょっとやそっとでは| 引き返せん…おびき出すには| 格好の場所じゃな。@ ヴォジャーイ達が妨害| してきておるのも、偽装工作と| 考えられん事はないし…」
0xaf000	35	「オイラも今回の話を| 聞いて、一も二もなく| 引き受けちまったけど…@ そこいらへん、| どうなんだ?」
0xaf000	36	「確証は…ないよ」
0xaf000	37	「そっか! そうだよな。| ここまでやって来させといて| 確証がないわけ…
0xaf000	38	 って、無いのかよ!」
0xaf000	39	「…済まない」
0xaf000	40	(教科書に載せられそうなくらい| 艢麓なノリ突っ込みね…)
0xaf000	41	「ま、まあ…もう東京から| 九百キロ以上来ちまったから、| 今更引き返せねえけど…」
0xaf000	42	「大丈夫さ、| 多分間違いないと思う」
0xaf000	43	「けどよ、| 小笠原って一口に言っても| 結構広いぜ?@ 聟島列島に父島列島、| 母島列島、それに毓黄島まで| あるんだからな。@ アイツらがドコにいるのか…| 捜すあてでもあるのか?」
0xaf000	44	「あてなんか在るわけなかとよ!」
0xaf000	45	「とほほ…ないないづくしか…」
0xaf000	46	「向こうについたら| 捜索開始じゃな」
0xaf000	47	「小笠原は温暖な気候で| 立派な森が在ると聞く。@ 暖かいのは助かるが…| 森中を捜すとなると| 結構骨じゃな」
0xaf000	48	「まごまごしてたら…| 手遅れになっちゃうわよ!」
0xaf000	49	「手がかりが…| 無い訳じゃない」
0xaf000	50	「え!?」
0xaf000	51	「本当でごわすか?」
0xaf000	52	「実は…さっきから| 感じるんだ」
0xaf000	53	「…妖気…じゃな?」
0xaf000	54	「ええ。僕らが向かっている先に| 大きな妖気の集まっている| 鑢所がある…」
0xaf000	55	「じゃあ…そこが| 妖怪樹のある場所!?」
0xaf000	56	「なんだ、鬼太郎も人が悪いな…| ちゃんと手がかりは| 掴んでいたんじゃないか!」
0xaf000	57	「あ…ああ」
0xaf000	58	「鬼太郎…この妖気の| 出所はどこだと思う?」
0xaf000	59	「恐らく…地図でいうと| この辺りでしょうね」
0xaf000	60	「どれどれ…?| 成る程、父島…だな。| そこならすぐに行けるよ」
0xaf000	61	「うむ、早速向かってくれ」
0xaf000	62	「わかった」
0xaf000	63	「………………」@(気になるな…)
0xaf000	64	「どうしたの?| 鬼太郎?」
0xaf000	65	「ああ、なんでもないよ…」@(もう一カ所…今から向かう所と| 別の場所に妖気を放つ| 存在を感じる…@ そこはそれほど強い妖気を| 放っている訳じゃないけど…)
0xaf000	66	「島が見えてきたぜ!」
0xaf000	67	「あれが…小笠原諸島か…」
0xaf000	68	「確かに妖気を感じるわね。| いつもなら艢麓な島なんで| しょうけど…@ 今のアタイ達には| とてもそうは思えないわ」
0xaf000	69	「鬼太郎、ここまで来たんじゃ。| あそこに直接行って| 確かめてみた方が早いじゃろう」
0xaf000	70	「そ…そうですね、| とりあえず父島へ| 向かいましょう」
0xaf000	71	「上~~陸~~~!!」
0xaf000	72	「………」
0xaf000	73	「おお、これはこれは| ラ<87>セーヌ殿、| よくお鑓しで…」
0xaf000	74	「挨拶などよい。| 準傭は出来ているか?」
0xaf000	75	「ええ、後は鬼太郎達が| 来るのを待つばかりで| ございます」
0xaf000	76	「上手くやれば…報酬は| 思いのままだ。| 首尾良く頼むぞ」
0xaf000	77	(行った…か)
0xaf000	78	「今の気配…奴か?| 様子見とは…螯長な事だ」
0xaf000	79	「ふん…今の間は素直に| 言う事を聞いておいてやろう。@ ヴォジャーイ殿に| 足がかりもつけて| おきたいしな…@ ところで、ペナンガラン。| お前がここに来たって事は…?」
0xaf000	80	「ああ、鬼太郎達が来たよ」
0xaf000	81	「準傭の方はどうだ…?」
0xaf000	82	「ばっちりだ」
0xaf000	83	「そうか、よし。| 迎え撃つ準傭だ!」
0xaf000	84	(ひっひっひ!| 予定通りだね!)
0xaf000	85	「う…ううう…| 今のは…幡癸?」
0xaf000	86	「やられたな…」
0xaf000	87	「父さん、大丈夫ですか?」
0xaf000	88	「あ…アタイ、生きてるの?」
0xaf000	89	「あたた…| まだ耳嶋りがするわい!」
0xaf000	90	「ひどい幡癸じゃった…| じゃが…その割にはワシら| あまりケガをしておらんな?」
0xaf000	91	「ぬりかべ~~!!!」
0xaf000	92	「ぬりかべ! そうか、| キミが盾になって| くれたんだな!」
0xaf000	93	「ありがと、ぬりかべ!」
0xaf000	94	「鬼太郎どん、どうやらここは| 時間を稼ぐ為の囮だった| 様でごわすな…」
0xaf000	95	「うむ、そしてあわよくば| ワシらも始末しようという| 罠でもあったんじゃ」
0xaf000	96	「ワシらが感じた妖気の高まりは| ワシらをおびき寄せるエサで| 在ると同時に、@ 今の幡癸を起こす為の| エネルギーを蓄積した| 結果だったという訳じゃな」
0xaf000	97	「奴らの本体は別にある…| そういう事ですね、| 父さん!」
0xaf000	98	「うむ、その通りじゃ!」
0xaf000	99	(なんてことだ…| 僕の制断ミスか!?)
0xaf000	100	「ううう…だ…誰か…| 助けて…く…れ…」
0xaf000	101	「向こうに誰か| 倒れてるでごわす!」
0xaf000	102	「あちゃ~、| ひどいケガ…してるみたいね…」
0xaf000	103	「今の幡癸に巻き込まれた| この島の人かもしれない!@ いそいでかわうその船に| 運んで、手当するんだ!」
0xaf000	104	「わかった~~~!!」
0xaf000	105	「父さん、一旦船に戻りましょう」
0xaf000	106	(………………父島か、| ここには確かアイツが…)
0xaf000	107	「父さん、どうしたんですか?| 多分、あいつらはもっと| 南の母島列島にいる筈です。@ そっちに急がないと…!」
0xaf000	108	「鬼太郎、| 先に行っていてくれんか?」
0xaf000	109	「ええ? どうしてです!?」
0xaf000	110	「昔、父島についての| 文献を読んだ時の事を| 思い出しておったんじゃ。@ ひょっとしたらこの島で| 本当の妖怪樹を確実に倒す方法が| 見つかるかもしれん!」
0xaf000	111	「親父殿、それは本当か!?」
0xaf000	112	「この島に上陸して風簫を見て| 思い出したんじゃ。@ ワシは調べが済んだら| 化けガラスで追いかける。| 皆は先に行っておいてくれ」
0xaf000	113	「わかりました、気をつけて」
0xaf000	114	「うむ。お前もな、鬼太郎」
0xaf000	115	「ふう…りっぱな森じゃのう」
0xaf000	116	「結構奧まできたな…」
0xaf000	117	「特に強い妖気を感じるのは| この辺りじゃな…」
0xaf000	118	「ここまでくれば| さすがにアタイでも| はっきり感じるわね…
0xaf000	119	 って鬼太郎!」
0xaf000	120	「え?」
0xaf000	121	「あ…あれは!」
0xaf000	122	「…………」
0xaf000	123	「よ…よよ…妖怪樹!」
0xaf000	124	「あれが…妖怪樹?| なんて変わった姿なんだ!」
0xaf000	125	「ようやく会えたね、鬼太郎!」
0xaf000	126	「お前は…?」
0xaf000	127	「私の名はランスブィル!」
0xaf000	128	「ラ…ランスブィル!| 鬼太郎、こ奴は| 南方の国にすむ魔女じゃ!」
0xaf000	129	「南方? 確か…ペナンガランの| 奴も南方の妖怪でしたよね?」
0xaf000	130	「そうとも、一緒に| スカウトされてきたのだ!」
0xaf000	131	「お前達を倒せば…| この小笠原は我らの物となる」
0xaf000	132	「そういうわけだから…| 大人しく倒されてもらうよ、| 鬼太郎!」
0xaf000	133	「勝手な事を言うな!| お前達こそ、僕が| すぐにやっつけてやる!」
0xaf000	134	「ふふふ…じゃあ、| 始めようか!?」
0xaf000	135	「望むところだ!」
0xaf000	136	「鬼太郎! アレを見るんじゃ!」
0xaf000	137	「姿が…見えなくなっていく!?」
0xaf000	138	「鬼太郎、見えない奴らはどこから| 攻撃してくるかわからん……| 気をつけろ!」
0xaf000	139	「ぐぐぐ…」
0xaf000	140	「観念しろ! ペナンガラン!」
0xaf000	141	「おのれ鬼太郎…!」
0xaf000	142	「ひっひっひ!| 助太刀にきたよ!」
0xaf000	143	「ろ…ロンロン!」
0xaf000	144	「ふふ…うまくいってるね~」
0xaf000	145	「ま、まあな…」
0xaf000	146	「ところで…あんた、| ねずみ男を| ドコにやったんだ?」
0xaf000	147	「なんだ…こんな時に?」
0xaf000	148	「あの子は私のお気に入り| だったんだよ!| ドコにやったんだい!」
0xaf000	149	「ふん、そいつは気の毒| だったな…@ アイツは我々の作戦に| 利用させてもらった。| もうお前の元には戻らん!」
0xaf000	150	「な…なんだって~!?」
0xaf000	151	「そういうことだ…| じゃあな!」
0xaf000	152	「あ! ちょっと、お待ちよ!」
0xaf000	153	「? 何の話をしてるんだ?」
0xaf000	154	「ねずみ男が…どうとか| 言っておったの?」
0xaf000	155	「ふん! まあ、いいさ。| 鬼太郎達! 覚梧おし!」
0xaf000	156	「と、年寄りに| なんて事するんじゃ…!」
0xaf000	157	「甘えた事を救かしおって…| 妖怪は生涯現役じゃ!」
0xaf000	158	「ちぇ! ねずみ男も| いなくなっちまったし…@ もうこんな所に用はないよ、| 引き上げだ!」
0xaf000	159	「潮時…だね。| 引き上げるよ」
0xaf000	160	「大きな口を叩いた割に| イヤに素直に撤退しますね…」
0xaf000	161	「ううむ…そうじゃな。| とても敵わんとわかった| のではないか?」
0xaf000	162	「それならいいんですけど…」
0xaf000	163	「ぎゃ~お!」
0xaf000	164	「またこいつらか!」
0xaf000	165	「妖怪樹本体に| 近づけさせんつもりじゃ!@ 鬼太郎、なんとしても| こいつらを突破して| 妖怪樹を倒すんじゃ!」
0xaf000	166	「わかりました!」
0xaf000	167	「妖怪樹! お前は僕達が倒す!」
0xaf000	168	「………………」
0xaf000	169	「潮時…だね。| 引き上げるよ」
0xaf000	170	「ふん…撤退する!」
0xaf000	171	「ちぇ! ねずみ男も| いなくなっちまったし…@ もうこんな所に用はないよ、| 引き上げだ!」
0xaf000	172	「お前を助けてくれる仲間は| もう誰もいないぞ!| 大人しく降参するんだ!」
0xaf000	173	「………………」
0xaf000	174	(なんだ…どうしてこいつは| 黙ったままなんだ!?)
0xaf000	175	「ここまで来るのが大変だった| わりに、本番の戦いは| 案外簡単じゃったのう」
0xaf000	176	「こいつさえ倒せば…| もうあの小さい妖怪樹共を| 生み出せないわけじゃな」
0xaf000	177	「さっさと倒す~~!」
0xaf000	178	「もうあんただけしか| 残ってないんだからね!| 覚梧しなさい!」
0xaf000	179	「…………」
0xaf000	180	「ちょっと!| 無視しないでよ!」
0xaf000	181	「なんだこいつ…| なんだか様子が| おかしいですよ、父さん!」
0xaf000	182	「……………………!?| しまった、やられたぞ!」
0xaf000	183	「ええ! やられたって…| どういう事!?」
0xaf000	184	「こいつは…外側だけ| 妖怪樹に似せて作った| 偽物じゃ!」
0xaf000	185	「そんな! でも、| かすかに動いてますし、| 強い妖気も感じますよ?」
0xaf000	186	「精巧な偽物…といった| ところでごわすな。@ こうやって間近で見ても、| 言われなければ偽物とは| わからんばい!」
0xaf000	187	「傘化けの時の| チャンチャンコといい…@ よくもまあ、ここまで| 手の込んだ偽物を| 作れるモンじゃ。@ よっぽど本物の細かい| 情報がなければ、こうは| 作れんと思うが…」
0xaf000	188	「うん!?| 鬼太郎、ちょっとこいつに| 耳を当ててくれ」
0xaf000	189	「耳…? こうですか?」
0xaf000	190	「何か聞こえないか?」
0xaf000	191	「時計の…音みたいですね…| ま…まさか!?」
0xaf000	192	「み、みんな! 伏せるんだ!」
0xaf000	193	「なんじゃと!?」
0xaf000	194	「どういう…」
0xaf000	195	「いいから!」
0xaf000	196	「こ…これは!」
0xaf000	197	「うわあああああああああああああ| ああああああ~~~~~~!!」
0xaf000	1024	開癸中
0xb2000	0	「ドラキュラ様。| 鬼太郎の処刑準傭が| 整いました…」
0xb2000	1	「ごくろう…奴はどうしている?」
0xb2000	2	「黙って大人しくしております。| …怖いほどです」
0xb2000	3	「…そうか」
0xb2000	4	「しかし…ギーガ様の力は| 恐ろしいねぇ…@ 自衝隊の連中は| アタシ達に鬼太郎を引き渡して| 何も思わないのか?」
0xb2000	5	「自衝隊も所詮は組織。奴らは| 傘令書の通りに動くだけさ。| たとえそれが偽物でも…な」
0xb2000	6	「本当かい? へっへっへ!| それならもう怖いもの| なしだね!」
0xb2000	7	「ふん。日本人は勤勉だというが…| 所詮上の言うことに素直に従う| だけの無能の集まりだ。@ 確かに…ギーガ殿の力を| 癸揮するには…うってつけの| 国というわけだな」
0xb2000	8	「もちろんそれだけではないぞ」
0xb2000	9	「ああ、わかっているとも。| この地が持っている霊力は| 計り知れないものがある」
0xb2000	10	「普段それは霊力の流れとなって| 目には見えないが日本中を| 緩やかに漂っている。@ 我々はそれら全ての流れを| 怪気象癸生によって統括<87>調整し| 一カ所に蓄える事に成功した。@ おかげでギーガ様は瞬く間に| 力を増幅させ、日本中のネットを| 皐鏡することができた」
0xb2000	11	「それまでだって彼のおかげで| 限定的に情報統制は行えて| いたけどね。@ 怪気象を癸生させるのは| 正直準傭に時間がかかったよ。@ 彼がなかなかGOサインを| 出してくれなくてね…@ とにかく、一度怪気象を| 癸生させて霊力の流れを変えて| しまえばこっちのものさ。@ このままこの国で| 彼のパワーアップに使う霊力を| 貯め続けていけば…」
0xb2000	12	「そうとも。| 彼が世界征服に必要な霊力を| 集めきった暁には…@ 世界中のネットやネットに| 接続された機械はすべて我々の| 手中に収まる。@ 一瞬で世界は我々のものだ!」
0xb2000	13	「鬼太郎も手に入ったし| もうそれも時間の問題だね」
0xb2000	14	(本当に…そうならいいがな)
0xb2000	15	(ドラキュラめ…やはり| 奴の事が気にかかるのか…?)
0xb2000	16	(まだ…未練があるのか?| いいや、勝負はついたのだ。| 諦めろ、ドラキュラよ…)
0xb2000	17	「かわりはないか…?」
0xb2000	18	「は! 異常ありません!」
0xb2000	19	「そうか…| 静かなものだな。| 抽子救けだ」
0xb2000	20	「鬼太郎という支えを失って| 意気消沈しておるのでしょう。| たわいないものです」
0xb2000	21	「ふむ…状況はわかった。| 見張りを続けておけ」
0xb2000	22	「はは!」
0xb2000	23	「………………」
0xb2000	24	「………………」
0xb2000	25	「………………」
0xb2000	26	「おいどん達…| これからどうなるで| ごわすか…?」
0xb2000	27	「どうなるかのう…」
0xb2000	28	「鬼太郎がおらんのでは| 奴らに抵抗しても| しようがないじゃろうし…」
0xb2000	29	「………………| 親父さんは…| どう考えてるの?」
0xb2000	30	「とにかく鬼太郎が心配じゃ…」
0xb2000	31	「じゃあ…鬼太郎を| 助けに行くの?」
0xb2000	32	「そうするべき| なんじゃろうが…@ ワシもシ∃ックで| どうしていいのかわからん。@ 諦める事を知らなんだ| アイツが…あんなに| 肩を落として…」
0xb2000	33	「………………」
0xb2000	34	「? 誰か来た~!」
0xb2000	35	「なんじゃと?| 今はこの森に自由に出入り| できん筈じゃが…誰じゃ?」
0xb2000	36	「よっと、おじゃまするよ」
0xb2000	37	「お主は…沖縄の妖怪| シーサー!」
0xb2000	38	「へへ、久しぶり、親父さん。@ TV、みたよ。| なんだか大変な事に| なってるみたいだね。@ この森にもなんだか見張りが| ついちゃって…」
0xb2000	39	「そうじゃ、| ここは今隔離されとるんじゃぞ。| お主、どうやってここに?」
0xb2000	40	「よっと、おじゃまするよ」
0xb2000	41	「シーサー!」
0xb2000	42	「ここは今隔離されとるんじゃぞ。| ようも見つからんと…」
0xb2000	43	「へへ、オイラは地面に潜れる| からね。土の中までは| 奴らの目も…」
0xb2000	44	「オオカミ男様!| こんな所にトンネルが| 掘られています!」
0xb2000	45	「なんだと?| 奴ら…大人しいと思ったら| そういうことか!」
0xb2000	46	「いかが致しましょう?」
0xb2000	47	「抵抗する意志を見せる様なら| 殺しても構わんと言われている。@ もはや容赦ならん。| 奴らごとこの森を| 焼き錨ってしまえ!」
0xb2000	48	「はは!」
0xb2000	49	「し、シーサーどん!」
0xb2000	50	「はは…地面に潜ってる間は| 完璧だったんだけど…| ごめん!」
0xb2000	51	「どうする…| 奴ら森に火をつけおったぞ!」
0xb2000	52	「ううむ、しょうがない…| ここは一旦逃げるんじゃ!」
0xb2000	53	「………」
0xb2000	54	「猫餅、すまんがお主の| 頭にワシを乗せてくれんか?| なにせ鬼太郎がおらんからな」
0xb2000	55	「え、ええ。| わかったわ」
0xb2000	56	「おお、火が消えたぞ!」
0xb2000	57	「これで一安心だね」
0xb2000	58	「とりあえずは…な| じゃが…奴らもこれだけで| 引き下がるまいて。@ 次に来るときはもっと大軍で| 完全にワシらの息の根を| 止めにくるじゃろう。@ ここにとどまる| 訳にはいかんな…」
0xb2000	59	「そういえば…シーサー、| お主何か情報を持って来たとか| 言っておらなんだか?」
0xb2000	60	「あ、ああ…実は…」
0xb2000	61	「な…なんじゃと!?| 鬼太郎が処刑されると| いうのか?」
0xb2000	62	「大変だ~~!!」
0xb2000	63	「ああ、なんでも処刑は| 恐山で行われるらしい。@ あのギーガとかいう奴が| 直々に刑を執り行うらしいぜ!」
0xb2000	64	「なんという事じゃ…| 連れて行かれてタダで済むとは| 思っとらんかったが…@ こうも早く鬼太郎の| 処刑を行う気だとは…」
0xb2000	65	「鬼太郎…すまん。| 父親のワシがついていながら、| こんな事になってしまうとは…」
0xb2000	66	「ちょ、ちょっと待ってよ!| まだ鬼太郎が死んだ訳じゃ| ないじゃない!@ どうしてそんな事言うのよ!」
0xb2000	67	「しかし…どうすればいいんじゃ。| 処刑は、あのギーガとかいう| 奴らの親玉がやるんじゃぞ?@ 鬼太郎のおらん今のワシらで| そんな奴を相手に| 何ができると言うんじゃ!」
0xb2000	68	「………」
0xb2000	69	「おいどん達以外の妖怪も| 少しずつ世界妖怪達に洗脳| されていっとるようでごわす。@ 味方はどんどん減っていっている| でごわすよ!」
0xb2000	70	「マズイ要素ばかりじゃ。| もう…ワシらにはどうする事も」
0xb2000	71	「いいわ、わかった。| …シーサー」
0xb2000	72	「ん? 何だい?」
0xb2000	73	「鬼太郎が処刑されるって場所…| 詳しく教えてちょうだい」
0xb2000	74	「ど、どうする気じゃ、猫餅!」
0xb2000	75	「決まってるでしょ。| アタイ一人でも…鬼太郎を| 助けにいくの!」
0xb2000	76	「む…無茶でごわす!」
0xb2000	77	「何よ何よ! みんなで| しょほ~んとしちゃってさ!| 今なら…まだ間に合うわ。@ ううん…鬼太郎を取り返すなら| そのチャンスは…| 今しかないのよ!」
0xb2000	78	「猫餅…」
0xb2000	79	「じゃが…鬼太郎は| 自分から捕まったんじゃぞ?@ ワシらが助けても| また戦ってくれるかどうか…」
0xb2000	80	「鬼太郎はがんばって来たわ。| だから、誰よりも| くたびれてるのよ…@ アタイ達が、| それを一番| 知ってる筈でしょう?」
0xb2000	81	「…………………」
0xb2000	82	「アタイも…鬼太郎が| アイツらについていった時には| 何も出来なかったわ…@ でも、だんだんそれが| 間違いだったって| 気付いてきた。@ 何もしないなんて…| 諦めるなんて…絶対だめよ!@ だってアタイ達…| 今日まで何の為に| 戦ってきたの?@ ここで立ち止まったら…| 全部…全部無駄に| なっちゃうじゃない!」
0xb2000	83	「……何の為に…か」
0xb2000	84	「確かに…な」
0xb2000	85	「ぬりかべいく~~!」
0xb2000	86	「そうでごわすな…| こうなれば破れかぶれ!| みんなで行くでごわす!」
0xb2000	87	「どうする、子なき爺?」
0xb2000	88	「砂かけ…@ 若い連中がここまで言っとるのに| ワシらがみっともない所| 見せられんじゃろう!」
0xb2000	89	「そうじゃな」
0xb2000	90	「…皆の衆…」
0xb2000	91	「親父さん…鬼太郎を…| 助けに行きましょう…」
0xb2000	92	「すまん…猫餅」
0xb2000	93	「え!?」
0xb2000	94	「父親のワシが…@ 本当なら一番に鬼太郎を| 助けると言い出さねば| いけなかったんじゃが…@ 出遅れてしまったわい」
0xb2000	95	「それじゃあ…」
0xb2000	96	「じゃが…傘の保証はできんぞ?| みんなそれでいいのか?」
0xb2000	97	「鬼太郎の為なら…| たとえ火の中水の中!」
0xb2000	98	「どうせなら…最後に一花| 蟆かせてやるわい!」
0xb2000	99	「ぬりかべ~~~!| ギーガ、一癸ぶんなぐる~!」
0xb2000	100	「おいどん達も| 皆同じ気持ちでごわす!」
0xb2000	101	「みんな…すまん」
0xb2000	102	「そういうな、親父殿。| 負けると決まったわけじゃない。@ こっちからうってでれば| 案外勝機もあるかも| しれんわい!」
0xb2000	103	「このままでは、どうせアイツらが| 日本や世界を征服するのは| 目に見えておるしな」
0xb2000	104	「うむ…そうじゃな!」
0xb2000	105	「じゃあ…急いで| 出癸しましょう!| シーサー、案内頼むわよ!」
0xb2000	106	「ああ、任せといてくれ!」
0xb2000	107	(鬼太郎…すまん。| ワシはモタモタしてお前を| 見殺しにしてしまう所じゃった。@ だがもう躔躇はせん。| 鬼太郎…すぐ助けに行くぞ!)
0xb2000	108	「くう…なんという事じゃ!| すっかり火が回っておる…」
0xb2000	109	「どこへ行く気だ!| 逃がしはしないぞ!」
0xb2000	110	「ま、まて!| ワシらは別に抵抗を| しようというんじゃない!」
0xb2000	111	「ふん! そんな事| どっちだろうと構うものか。| ここで全員処刑してやるぜ!」
0xb2000	112	「ワシらを逃がす気は| これっぽっちもない様じゃ…」
0xb2000	113	「戦いましょ…」
0xb2000	114	「ね、猫餅!」
0xb2000	115	「親父さん。今、戦わないと| アタイ達がやられちゃうわ…」
0xb2000	116	「そ…それはそうじゃが…」
0xb2000	117	「オイラも手伝うよ!」
0xb2000	118	 |〈シーサーが仲間になった!〉
0xb2000	119	「帰ってきたばかりで| すぐ戦闘なんて…| 大丈夫? シーサー?」
0xb2000	120	「ああ、実はみんなに| 情報を持って帰って| きたんだ。@ 早いとこ戦いを終わらせて、| そいつを伝えなくっちゃね!」
0xb2000	121	(情報…? 何かしら?)
0xb2000	122	「ええい、仕方がない。| こいつらをやっつけるぞ!」
0xb2000	123	「今度こそ…お前達を| 倒してやる!」
0xb2000	124	「オオカミ男! 助けにきたぜ!」
0xb2000	125	「二つ首の! 助けはありがたいが| …こいつらは俺の獲物だ、| 手を出さないでもらおうか」
0xb2000	126	「ぬかせ…こいつらに| 痛い目にあったのはお前だけじゃ| ないんだ。@ 独り占めしようたって| そうはいくもんかよ!」
0xb2000	127	「オオカミ男! 助けにきたぜ!」
0xb2000	128	「お前は…何者じゃ!」
0xb2000	129	「俺様は二つ首のミイラ妖怪…| ドラキュラ様に仕える者よ!」
0xb2000	130	「二つ首の…ミイラ?」
0xb2000	131	「俺様が来たからには| もう逃げられねえぞ…| 覚梧しろ!」
0xb2000	132	「蛞獲鳥! 姿が見えんと思ったら| どこにいっておったのじゃ!」
0xb2000	133	「へへ…ちょっと仲間を| 捜しに行ってたのさ」
0xb2000	134	「お主は…蛞獲鳥!」
0xb2000	135	「へへへ! 久しぶりだね!」
0xb2000	136	「…アンタも| アタイ達と戦いに来たの!?」
0xb2000	137	「ちょ…ちょっと待って| おくれよ。私はあんたらの| 味方さ…」
0xb2000	138	「味方?」
0xb2000	139	「あんたらに負けちまった後、| ドラキュラ達にまた| 封鰯を解いてもらったのさ。@ でもね、なんだか奴らに| 味方する気になれなくてね~!」
0xb2000	140	「き…気まぐれなのね」
0xb2000	141	「あんたらなんだか| 大変な目にあってる| みたいじゃないか…@ あんたらの味方みたいな| 顔してた妖怪まで態度が| 一変しちまってるのが@ どうも気に入らなくてね…| あんたらの味方をしてやるよ」
0xb2000	142	 |〈蛞獲鳥が仲間になった!〉
0xb2000	143	「それと…あんたらの仲間に| なりたいって妖怪を| 連れてきてやったよ」
0xb2000	144	「仲間…じゃと?」
0xb2000	145	「ああ、ちょっと| 説教してやったら改心したよ」
0xb2000	146	「お主は…」
0xb2000	147	「話…聞いたぜ」
0xb2000	148	「あのTV…嘘なんだってな」
0xb2000	149	「蛞獲鳥に言われて| 冷静になって考えたら…| 考えが変わったよ」
0xb2000	150	「ふん! 今更何よ!」
0xb2000	151	「猫餅…こいつらには| 私がよ~く言ってきかせて| おいてやったよ。@ みんな私みたいに| 考えを改めたんだ。| 仲間にしてやってよ」
0xb2000	152	「どうする? 猫餅」
0xb2000	153	「………………| いいわ。認めたげる」
0xb2000	154	「いいのか?」
0xb2000	155	「ごめん。反省してるよ」
0xb2000	156	「ありがとう猫餅…| 俺…酷いこと言った分| がんばって役に立つよ…」
0xb2000	157	「本当は気に入らないけど…| 今は一人でも戦力が欲しい| から…とくべつよ!」
0xb2000	158	「ふむ…そうじゃの」
0xb2000	159	「よし、じゃあアイツらを| やっつけるわよ!」
0xb2000	160	「お~う!」
0xb2000	161	 |〈傘化けが仲間になった!〉
0xb2000	162	 |〈かわうそが仲間になった!〉
0xb2000	163	 |〈ぬけ首が仲間になった!〉
0xb2000	164	「ち…鬼太郎のいない| こんな連中に不覚をとるとは…」
0xb2000	165	「オオカミ男…」
0xb2000	166	「あ~あいつ!」
0xb2000	167	「むじなか…何しに来た!?」
0xb2000	168	「後は俺がやる。| お前は引け…」
0xb2000	169	「なんだと!? てめえ…| 急に出しゃばって来やがって、| どういうつもりだ!」
0xb2000	170	「…今俺に現場の指揮を代われば、| お前は〝奴らを逃がした"という| 汚名を着なくてすむぞ?@ それに…ドラキュラに| 早く報せにいった方が| いいんじゃないのか?」
0xb2000	171	「ドラキュラ…〝様"が| 救けてるぜ、ランドセル懸郎」
0xb2000	172	「おっと…コレは失礼…」
0xb2000	173	(く、こいつ…| 一体何を考えているんだ!?)@「ふん! わかったぜ…後は任せた」
0xb2000	174	「初めから素直に| そう言えばよいものを…」
0xb2000	175	「ふん…少しは| 骨のありそうな奴が| 出てきおったな…」
0xb2000	176	「よし…かかれ!」
0xb2000	177	「なぜだ~!| なぜ勝てないんだ~~!!」
0xb2000	178	(この程度でいいだろう…)@「潮時だ…撤退する」
0xb2000	179	「なんじゃと?」
0xb2000	180	「むじなの奴…やけに| 簡単に引き下がったな…」
0xb2000	181	「ふん! 敵わないと| わかって諦めたのよ!」
0xb2000	182	(考えすぎか…)
0xb2000	183	「なんとか…倒せた様じゃな」
0xb2000	184	「親父さん、とりあえず| 火を消しましょ!」
0xb2000	185	「あ、ああそうじゃな」
0xb2000	186	「そ~れ!」
0xb2000	187	「ぬりかべ~!」
0xb2000	188	(む? 蛞獲鳥の姿が見えんな…| あいつ、こんな時に| どこへ行きよったんじゃ?)
0xb2000	1024	開癸中
0xb5000	0	「恐山か…ここに来るのも| 久しぶりじゃのう…」
0xb5000	1	「まさか…こんな形で| 来ることになるとは思わな| かったがな」
0xb5000	2	「シーサー。| 鬼太郎はどこにいるの?」
0xb5000	3	「実は…詳しい事は| オイラも知らないんだ」
0xb5000	4	「なんじゃと?| じゃあ、どうするんじゃ!?」
0xb5000	5	「みんなでその場所を| 捜すでごわすか?」
0xb5000	6	「いいや、実は| 案内人を捕まえてある」
0xb5000	7	「案内人~?」
0xb5000	8	「フガフガ~~!」
0xb5000	9	「この鰆の中に| 捕まえてあるんだ。| みんながよく知ってる奴だよ」
0xb5000	10	「フガ~~!」
0xb5000	11	「………………| な~んとなく、| もう誰かわかっちゃった…」
0xb5000	12	「そうじゃな。こんな扱いをされる| 奴は、ワシらの身内では| 一人しかおらんからな」
0xb5000	13	「出してやれ、シーサー」
0xb5000	14	「あいよ」
0xb5000	15	「ぷは~~!| た、助かった!」
0xb5000	16	「ねずみ男…やっぱりお前か」
0xb5000	17	「げげ! お…親父!」
0xb5000	18	「ちょっとあんた!| この間はよくも| 裏切ってくれたわね!」
0xb5000	19	「ひえ~~~~!!」
0xb5000	20	「ま、待て待て! 猫餅!」
0xb5000	21	「今はそれどころじゃ| ないじゃろう!」
0xb5000	22	「う、そ…それもそうね」
0xb5000	23	(た…助かった~~)
0xb5000	24	「いつもながら| 運のいいやつでごわす!」
0xb5000	25	「この恐山に奴らが| 集まっているらしいんで| ちょっと調査してたんだけど…@ そしたらこいつを見つけてね、| ふん辧っといたんだ!」
0xb5000	26	「ねずみ男、お前がここに| おるという事は、鬼太郎の| 処刑の事も知っているな?@ 鬼太郎の居場所を| 知っておったら教えるんじゃ!」
0xb5000	27	「ああ、知ってた事は知ってたぜ」
0xb5000	28	「知って…〝た"?| どういうこと!?」
0xb5000	29	「一足遅かったな。| 鬼太郎は…もう…」
0xb5000	30	「なんじゃと!?」
0xb5000	31	「く、くわしく話しなさいよ!」
0xb5000	32	「ここ…興曹するなよ!| 話す。話すからよ~~!」
0xb5000	33	「ふふふ…騒がしいと思ったら…| お客さんかい?」
0xb5000	34	「な…何者じゃ!| ドコにいる!」
0xb5000	35	「ふふふ…ドコをみているの| …ここさ…!」
0xb5000	36	「しまった…ワシらは| とんでもない場所で| 話をしておったようじゃぞ」
0xb5000	37	「まさか…妖怪樹が| この恐山にやってきて| おったとはのう…」
0xb5000	38	「あんな互大な奴を| 小笠原からここまで| 運び込むとは…@ おそらくラ<87>セーヌの奴の| 仕業じゃろうな」
0xb5000	39	「ねずみ男!| 早く鬼太郎の処刑が行われる| 場所に案内しなさいよ!」
0xb5000	40	「…………………」
0xb5000	41	「ど、どうしたのよ!| なんで黙ってるのよ!」
0xb5000	42	「…妖怪樹の話を| 聞かなかったのかよ。@ 奴が吸収してた血には| 鬼太郎の血も混ざってたんだぜ?@ つまり鬼太郎は| もう血を救かれて…| バラされてるのさ」
0xb5000	43	「そんな…うそよ!| 信じないわ!」
0xb5000	44	「……………………」
0xb5000	45	「お前は…それを| 実際に見たのか?」
0xb5000	46	「いいや、鬼太郎が自分から| 捕まりやがったから、甞金を| もらい樽なっちまったんだが…@ ゴネりゃあ経費くらい| 出るんじゃねえかと思って| ここに来てみたんだけどよ、@ …門前錨いさ。| 処刑の様子なんて| 見れるもんか!」
0xb5000	47	「じゃあ…実際に| 確かめたわけじゃないのね?」
0xb5000	48	「けど…処刑の予定時間は| とっくに過ぎてるんだ。| もう…手遅れさ」
0xb5000	49	「そん…な…」
0xb5000	50	「本当なのか? ねずみ男?」
0xb5000	51	「へ、鬼太郎も薄情な奴だぜ。| どうせバラされ| ちまうんだったら@ 俺様の懐を暖めてくれたって| よかったのによ!」
0xb5000	52	「な…なんですって~!」
0xb5000	53	「な…なんだよ。| 本当の事じゃ…!」
0xb5000	54	「うぎゃああ~~!」
0xb5000	55	「まだまだ!」
0xb5000	56	「うぎゃぎゃぎゃぎゃ| あああああああ~~~~!!!」
0xb5000	57	「はあ…はあ…どう?| ちょっとはその減らず口が| 治った?」
0xb5000	58	「ひゃ…ひゃい…」
0xb5000	59	「ね…ねずみ男…生きとるか?」
0xb5000	60	「とにかく…こ奴に| その処刑場とやらを| 案内させよう」
0xb5000	61	「近くまで行ったら、オイラが| 地面にトンネルを掘るから、| そこを通って内部に侵入しよう」
0xb5000	62	「うむ、鬼太郎が今どういう| 状態でおるのかわからんが…| とにかく急ぐんじゃ!」
0xb5000	63	「そうね!」
0xb5000	64	(鬼太郎…無事でいてくれよ…)
0xb5000	65	「あれ…まさか!?」
0xb5000	66	「ふふふ…また会えたね、| 親父殿」
0xb5000	67	「あ…あんたは…妖怪樹!?」
0xb5000	68	「生きておったのか…?」
0xb5000	69	「く…根切り虫でも| お主を完全に滅ほす事は| できなんだか…」
0xb5000	70	「そうとも。私は生き延び…| この恐山に根をおろす事が| できた!」
0xb5000	71	「ギャ~オ!」
0xb5000	72	「………」
0xb5000	73	「またこいつらか!」
0xb5000	74	「また会えたな…」
0xb5000	75	「あんた達も…ここに| 来てたの?」
0xb5000	76	「南国妖怪総登場じゃな…」
0xb5000	77	「私はここで鬼太郎の血を受け…| さらに力をつけるのじゃ!」
0xb5000	78	「あいつは…?」
0xb5000	79	「ふふふ…お初にお目にかかるね。| 私の名は〝妖怪樹"」
0xb5000	80	「妖怪樹!?」
0xb5000	81	「じゃ…じゃあ、| こいつがアタイ達が| 京都に行ってる間@ 油すまし達が| 戦って倒したっていう相手?」
0xb5000	82	「そうじゃ…小笠原ではお前達の| 仲間に世話になった。@ だが、生憎、| 私を完全に滅ほす事は| できなかったのさ。@ アイツらは私を| 倒したと思ったんだろうが…@ 地下に張り遵らせた私の| 〝根"の存在に気付かないとは…| お鰛末だね!」
0xb5000	83	「ギャ~オ!」
0xb5000	84	「………」
0xb5000	85	「なんじゃこいつらは!?」
0xb5000	86	「妖怪樹の分身…| それに水で出来た兵士の| 様じゃな。@ 水の兵隊の方は…恐らく| 水を操るヴォジャーイの奴の| 手下じゃろうて」
0xb5000	87	「ペナンガランに…| あいつは?」
0xb5000	88	「私の名はランスブィル!」
0xb5000	89	「ラ…ランスブィル!?| 猫餅、こ奴は| 南方の国にすむ魔女じゃ!」
0xb5000	90	「南方?| 確か…ペナンガランも| 南方の妖怪よね?」
0xb5000	91	「そうとも、ドラキュラに| 一緒にスカウトされて| きたのだ!」
0xb5000	92	「南方妖怪勢揃いじゃな…」
0xb5000	93	「私はここで鬼太郎の血を受け…| さらに力をつけるのじゃ!」
0xb5000	94	「なんですって!?| 鬼太郎の血を?」
0xb5000	95	「そうとも。| 鬼太郎を処刑するだけなら| 簡単さ。@ でも、あのギーガって奴は| なかなか粋な事を考えるねえ。| 鬼太郎をバラして…@ その血や肉を私達に与えて| 力をつけさせようって| いうのさ!」
0xb5000	96	「な…!?」
0xb5000	97	「恐ろしい事じゃ…」
0xb5000	98	「むむむ…鬼太郎の身体のパーツが| 奴らの体内に吸収されて| しまったら、@ いくら鬼太郎でも、二度と| 蘇ることはできん…@ ある意味もっとも効果的な| 始末の付け方といえるのう…| 考えおったな」
0xb5000	99	「感心しとる場合か!?@ こ奴を懸放しにしておいては…| 次々自分の分身を生み出して| 大変な事になるんじゃろう?」
0xb5000	100	「確かに!| そういう話だったわよね」
0xb5000	101	「鬼太郎の処刑がどうなったのか| 私は知らないけど…| とりあえず血は頂いてきた」
0xb5000	102	「なんじゃと? まさか…| この地面を流れる血は!?」
0xb5000	103	「そのまさか…さ。| 妖怪血漬とブレンドした| 〝鬼太郎の血"だよ!」
0xb5000	104	「な…なんてことなの…」
0xb5000	105	「ああ…力がみなぎるよ…| 小笠原で受けた傷なんか| あっという間に治っちまった!@ ついでに…お前達の| 血も頂くとしようか…」
0xb5000	106	「ひっひっひっひ!| こいつらが乗り込んで| くるなんて、@ なかなか面当くなって| きてるじゃないか」
0xb5000	107	「ロンロン…アンタの手を| 借りるまでもないよ。| 見ててくれればいい」
0xb5000	108	「何言ってんだい!| アタシゃ退屈してんだ。| | アンタの大事な傘饑は| アタシ達が護ってやる。| いっちょかませてもらうよ!」
0xb5000	109	「あのカメから流れておる| 血の中に…鬼太郎の血が| 混ざっておるのか?」
0xb5000	110	「ゆ…許せない!」
0xb5000	111	「鬼太郎は| どうなったんじゃろう…?| やはり、もう…」
0xb5000	112	「ええい、子なき!| 今はとにかくこ奴を倒すぞ!| 話はそれからじゃ!」
0xb5000	113	「猫餅…あれを見ろ」
0xb5000	114	「カメ…ね。あれから鬼太郎の| 血が混ざった妖怪血漬が| 流れ込んでるわけよね…」
0xb5000	115	「アレが妖怪樹に流れ込んでいる| 限り、奴は体力を回復して| しまうじゃろう。@ まずはあのカメを壊すんじゃ!」
0xb5000	116	「わかったわ!」@(その為にはカメを護ってる| 魔女達とロンロンを| 倒さないとね)
0xb5000	117	「ち…畜生……!」
0xb5000	118	「く…お前達には敵わないよ…」
0xb5000	119	「あいたた……| や、やられた…」
0xb5000	120	「よし、これで残るカメは| あと二つじゃ…!」
0xb5000	121	「あと一つじゃ…!」
0xb5000	122	「きゃ! 何…?」
0xb5000	123	「むむむ…カメが| 元に戻りおったぞ!」
0xb5000	124	「どういう事?」
0xb5000	125	「あれは…おそらく三個一組の| 〝三つ子の魔法のカメ"じゃ!@ 猫餅、あのカメは出来るだけ| 一度に破壊せねば、今みたいに| 再生されてしまうぞ!」
0xb5000	126	「き、聞いてないわよ!| そんなのあり…!?」
0xb5000	127	「ワシも実物を見るのは| 初めてじゃ…@ と、とにかく……| 三つのカメをなるたけ| 同時に壊すんじゃ!」
0xb5000	128	「わかったわ!」
0xb5000	129	「むむむ…カメが| 元に戻りおったぞ!@ アレは小笠原でも見た| 三個一組の| 〝三つ子の魔法のカメ"じゃ!@ 猫餅、あのカメは出来るだけ| 一度に破壊せねば、今みたいに| 再生されてしまうぞ!」
0xb5000	130	「そ、そっか| そうだったわよね…!| 大丈夫、今度は失敗しないわ!」
0xb5000	131	「!? しまった!」
0xb5000	132	「やれやれ…またやり直しか」
0xb5000	133	「やったわ!」
0xb5000	134	「ぬぬぬ…よくも!」
0xb5000	135	「よし、これで妖怪樹の奴は| 体力を回復できん筈じゃ!| 一気に倒してしまえ!」
0xb5000	136	「は~い!」
0xb5000	137	「鬼太郎の仲間どもか…| ここまで来ていたとはな!」
0xb5000	138	「あああ…!| 大切な魔法のカメが~~!」
0xb5000	139	「!? 増援か!」 
0xb5000	140	「あのカメはドラキュラ様から| 預かった大切な品| だったのに~~!@ ちょっと目を離した隙に…| おのれ…おのれ~~!」
0xb5000	141	「わぁお! やる気満々ね…」
0xb5000	142	「蝋人形共…この場所には| 鬼太郎の血と大量の妖怪血漬が| しみこんでいる。@ その妖気を身体中で吸い込め!| 奴らを倒す力とするのだ!」
0xb5000	143	「く…うっとうしい連中じゃ!」
0xb5000	144	「アタイ達は鬼太郎を助けなきゃ| いけないの!@ 悪いけど…パッパと片づけ| ちゃうからね!」
0xb5000	145	「ぐぅ! き…貴様ら…!」
0xb5000	146	「カリーカ…もう自分の国に| 帰ったら?」
0xb5000	147	「くそっ…こんな小餅にまで| コケにされるとは…| 引き上げだ!」
0xb5000	148	「そ~~ん~~な~~~!!?」
0xb5000	149	「そんな…この私が| またしても~~~!?」
0xb5000	150	「せっかくこの地に根を| 張ったのに気の毒じゃが…| お前はもうお終いじゃ」
0xb5000	151	「こっちに来たのは| 最近でしょうから…@ 地面の中に根をはびこらせる| 時間はなかったでしょうしね!」
0xb5000	152	「お、お、お、おのれ~~~!!」
0xb5000	153	「妖怪樹…鬼太郎の血は…| 美味しかった?」
0xb5000	154	「なんだと…?」
0xb5000	155	「悪いけど…アタイは鬼太郎と| 違って気が短いの。| アンタなんか…こうよ!」
0xb5000	156	「ウギャアアアアアアアアアアアア| アアアアアアアアアアアアアアア| アアアアア~~~~!!!!!」
0xb5000	157	「ふんだ、いい気味よ!| …一丁あがりね!」
0xb5000	158	「き…気の毒に…| 運が悪かったのう…」
0xb5000	159	「くそっ…引き上げだ!」
0xb5000	160	「そ~~ん~~な~~~!!?」
0xb5000	1024	開癸中
0xb7800	0	「よっこらしょ…」
0xb7800	1	「みんな…オイラのトンネルは| 無事に通れたかい?」
0xb7800	2	「アタイ達は大丈夫| だったけど…ぬりかべが…」
0xb7800	3	「ぬり…か…べ…」
0xb7800	4	「ぬりかべ!| 後もう少しでごわす!」
0xb7800	5	「まあ…なんとか| なりそうじゃな」
0xb7800	6	「ここが鬼太郎の処刑場か?」
0xb7800	7	「ああ、この辺りの筈だぜ…」
0xb7800	8	 |〈………シ~~~~ン………〉
0xb7800	9	「…静かね」
0xb7800	10	「処刑は…やはりもう| 終わってしまったんじゃ| ろうか…」
0xb7800	11	「そんな…」
0xb7800	12	「だから言ったろ?| もう…後の祭りさ」
0xb7800	13	「だ、黙りなさいよ!」
0xb7800	14	「と、とにかく鬼太郎を| 捜すんじゃ!@ 確かめてみん事には| 何もわからんじゃろうて!」
0xb7800	15	「そ、そうじゃな」
0xb7800	16	「ん? あれは…?」
0xb7800	17	「……………………」
0xb7800	18	「お前は…!?」
0xb7800	19	「!?」
0xb7800	20	「ま、待て! 待ってくれ!」
0xb7800	21	「親父さん…今の、まさか!?」
0xb7800	22	「追うんじゃ!」
0xb7800	23	「任しとけ!」
0xb7800	24	「ふう…でられた~!」
0xb7800	25	「ぬりかべ、お前も| 早く来るんじゃ!」
0xb7800	26	「ぬりかべ~~!| わかった~~~~!」
0xb7800	27	「き…鬼太郎~~~!!」
0xb7800	28	「猫餅、心配をかけたね」
0xb7800	29	「鬼太郎…嘘みたい…| さっきまで、骨だったのに…@ 今目の前にいるのは| いつもの鬼太郎だわ!@ あはは! アタイ…| すっごくうれしい!!」
0xb7800	30	「やれやれ…悪運の強い| 奴だぜ…お前はよ!」
0xb7800	31	「オババ、| 父さんの容態は| どうなんですか?」
0xb7800	32	「もう大丈夫じゃ…@ 大分弱っておるが| このまま安静にしとれば| 死んだりはせん」
0xb7800	33	「うう…鬼太郎…」
0xb7800	34	「父さん!」
0xb7800	35	「鬼太郎…ギーガは…?」
0xb7800	36	「倒しました…| 父さんのおかげです!」
0xb7800	37	「そうか…ようやったな」
0xb7800	38	「はい!」
0xb7800	39	「本当に…本当に…よかった…」@(鬼太郎…お前の顔が| また見られる…ワシは| それだけで充分じゃ。@ 母さんに続いてお前まで| 失ったら…ワシにはもう| 何も残っておらんからな)
0xb7800	40	「奴らは逃がしてしまったが…| 総大将があの体たらくでは| もはや奴らも総崩れじゃろうて」
0xb7800	41	「これで一件落着じゃな」
0xb7800	42	「落着~~~!!」
0xb7800	43	「とりあえず…ゲゲゲの| 森に帰るでごわす!」
0xb7800	44	「そうね…鬼太郎。| 親父さんはアタイが| そ~っと運ぶわね!」
0xb7800	45	「ああ、猫餅。| 頼むよ」
0xb7800	46	(ああ…鬼太郎の声だわ。| あの蝋人形の声なんかとは違う。| 本物の…素敵な声…)
0xb7800	47	「ネコ…ムスメ」
0xb7800	48	(な…なに?| このしゃがれた声は…)
0xb7800	49	「きしゃああああ~~!」
0xb7800	50	「きゃああ!| あ…あんたは!」
0xb7800	51	「きゃああ!」
0xb7800	52	「うおお!」@(き…鬼太郎…)
0xb7800	53	「猫餅!? 父さん?」
0xb7800	54	「あいつは…こうもり猫!?」
0xb7800	55	「まだこの辺りをうろうろ| しておったのか!?」
0xb7800	56	「鬼太郎…猫餅と| 目玉の奴は頂いていく…!」
0xb7800	57	「なんだと!?| 二人を放せ!」
0xb7800	58	「ふふふ…そうはいかん。| さらばだ!」
0xb7800	59	「まて!」
0xb7800	60	「一反木綿、追うんじゃ!」
0xb7800	61	「ま、任せるでごわす!」
0xb7800	62	(く…なんだっていうんだ?| ギーガを倒したっていうのに!)
0xb7800	63	「はあ、はあ…」
0xb7800	64	「………………」
0xb7800	65	「あれは…やはりそうか!?」
0xb7800	66	「き、鬼太郎…?| 鬼太郎なの!?」
0xb7800	67	「………ネコ…ムスメ…?」
0xb7800	68	「鬼太郎だわ!」
0xb7800	69	「鬼太郎…!| 生きておったんじゃな!」
0xb7800	70	「ウヒヒヒ…!!」
0xb7800	71	「ど、どうしたんじゃ鬼太郎!?」
0xb7800	72	「ウヒヒ…| ヒャ~ッハッハッハッハ!!」
0xb7800	73	「うわぁっ!!」
0xb7800	74	「鬼太郎が…幡癸した!?」
0xb7800	75	「き…鬼太郎~!?」
0xb7800	76	「ふふふ…」
0xb7800	77	「誰じゃ!」
0xb7800	78	「お…お前は」
0xb7800	79	「ドラ…キュラ…」
0xb7800	80	「こんな所までわざわざ| いらして頂けるとは| ご足勞痛み入る…」
0xb7800	81	「あの森で静かに慕らして| いればよかったものを…」
0xb7800	82	「ふん、お前達はよほど| 荒事がお好みらしいな…?」
0xb7800	83	「い…今の鬼太郎は…!?」
0xb7800	84	「ふふふ…お嬢さんには| 刺激が強かったかな?@ カリーカに作らせた| 鬼太郎の蝋人形だ」
0xb7800	85	「悪趣味な…」
0xb7800	86	「本物の鬼太郎はどこじゃ!」
0xb7800	87	「ふふふ…会いたいか?| 会わせてやっても良いぞ?」
0xb7800	88	「こ、今度は誰!?」
0xb7800	89	「この声…」
0xb7800	90	「ついに…現れおったか…!」
0xb7800	91	「…ようこそ、| 新たな歴史の出癸点…恐山へ!」
0xb7800	92	「大妖怪…ギーガ!」
0xb7800	93	「ほほう…名前を覚えていて| くれたか?@ まだもうろくは| しておらんようじゃな…| 目玉の親父殿?」
0xb7800	94	「〝新たなる歴史の出癸点"…?| 何の事でごわす!?」
0xb7800	95	「ふふふ…説明の前に、感動の| ご対面といこうじゃないか!@ その為に| ここまで来たんだろう?」
0xb7800	96	「何!?| 鬼太郎が…生きているのか?」
0xb7800	97	「アタイ達…間に合ったの…?」
0xb7800	98	「ラ<87>セーヌ!」
0xb7800	99	「ああ…」
0xb7800	100	「な…なんじゃあれは…」
0xb7800	101	「ま、まさか…」
0xb7800	102	「どうした…?| 感動のご対面だというのに| うれしそうじゃないな!」
0xb7800	103	「そんな…! こ、これが…| 鬼太郎なのか!?」
0xb7800	104	「うそっ…こんなの嘘よっ!| い…いやぁ~~~~っ!!」
0xb7800	105	「奴の処刑は終わった…」
0xb7800	106	「鬼太郎の血や肉や臓器は…| 俺達が譲り受けた!」
0xb7800	107	(奴らの身体がすごい妖気を| 放っておる…鬼太郎の肉体を| 取り入れおったせいか…?)
0xb7800	108	「ふふふ…@ 我らの高貴な身体に鬼太郎の| 身体の一部を受け入れるなど…| 初めはどうかと思ったが@ どうして、なかなか| 身になじむではないか!」
0xb7800	109	「鬼太郎…鬼太郎!」
0xb7800	110	「なんという事じゃ…」
0xb7800	111	「鬼太郎が…こんな姿に…」
0xb7800	112	「………………」
0xb7800	113	「うわ~~~~!!| 鬼太郎~~~~~~!!」
0xb7800	114	「もう…終わりでごわす~~!」
0xb7800	115	「い、一反木綿! だまらんか!」
0xb7800	116	「おやおや…いけないなあ、| 悲しみに慕れるお友達に| そんな大声をだしちゃあ!」
0xb7800	117	「ゆ…許さない!| あんた達…覚梧しなさいよ!」
0xb7800	118	「面当い、やれるかどうか| 試してみてはどうだ?」
0xb7800	119	「私達はこの地で最大の敵である| 鬼太郎を倒し、あまつさえ| その力を我が物とした!」
0xb7800	120	「もう…怖い物なんて| 何もないのさ…」
0xb7800	121	「我らは新しい一歩を| 踏み出したのだ、その俺達に| 刃向かうというのなら…@ お前達を俺達が手に入れた| 新しい力の記念すべき| 最初の生け誉にしてやるぞ!」
0xb7800	122	「ふん!| 簡単にはやられないからね!」
0xb7800	123	「猫餅、何をいっとる!| こうなっては勝ち目はない。| 逃げるんじゃ!」
0xb7800	124	「逃げて…それで| どうなるって言うのよ!@ アタイ達はもう| お尋ね者なのよ!」
0xb7800	125	「それは…」
0xb7800	126	(くう! このままではワシらは| おろか、世界は奴らのものじゃ…| 一体どうすれば…)
0xb7800	127	「鬼太郎さえおれば| 希望もあったんじゃが…」
0xb7800	128	(…………………………………| …………………こうなれば、| 方法は、もうあれしかない!)
0xb7800	129	「親父殿! 親父殿も| こいつに何か| 言ってやってくれ!」
0xb7800	130	「……猫餅」
0xb7800	131	「親父さんもアタイを止める気!?」
0xb7800	132	「猫餅…勝てなくてもいい。| アイツら相手に思い切り| 暴れてくれんか?」
0xb7800	133	「え? ど、どういう事!?」
0xb7800	134	「猫餅…それに他の皆も聞いて| くれ。しばらく…ほんの| しばらくでいい、@ 奴らを鬼太郎の亡骸に| 触れさせないように| してくれんか?」
0xb7800	135	「ど、どういう事じゃ親父殿!?」
0xb7800	136	「説明してる暇はない。| ワシらの…日本や世界の| 未来がかかっとるんじゃ!@ ワシを信じて…頼む!」
0xb7800	137	「親父殿…わかった。| 何か策があるんじゃな?| 協力するぞい!」
0xb7800	138	「よくわからないけど、| アタイ…大暴れしてやるわ!」
0xb7800	139	「しゃあねえな…| 俺だって傘は線しいからよ| 護るだけなら…いいぜ」
0xb7800	140	「鬼太郎護る~~!」
0xb7800	141	「そうは言っても鬼太郎は| 骨だけになって| しまっとるとよ?@ どうする気でごわ…」
0xb7800	142	「はいはいはい!| もうごちゃごちゃいわない!| 行くわよ!」
0xb7800	143	「む…あくまで戦って| 死ぬ道を選ぶ気か?」
0xb7800	144	「殉死か…美しい事だねえ…」
0xb7800	145	「気をつけろ…| 奴ら鬼太郎の骨を使って| 何か企んでおるようだ…」
0xb7800	146	「骨だけでは何も出来ぬと思うが…| まあ、ドラキュラ殿が| そういうなら」
0xb7800	147	「念の為破壊してやるか…!」
0xb7800	148	「みんな、ワシは今から| この鬼太郎の骨に| ある事を施す。@ 皆はこの骨に奴らを| 近づけさせぬ様、| 邪魔をしてくれ!」
0xb7800	149	「わかったわ!」
0xb7800	150	(さあ、ここが正念場じゃ…| 上手くいってくれよ…)
0xb7800	151	「むむむ…これは!?」
0xb7800	152	「ふはははは! お前らの攻撃など| 鬼太郎の力を得た我らには| 通じぬ!」
0xb7800	153	「くう…やはり正攻法では| 歯がたたんか!」@(急いで例の術を完成させねば!)
0xb7800	154	「もはや我らは止められぬ!| 世界は我々のものだ!」
0xb7800	155	「抵抗するか? 無駄なことを。| 我らの勝利はもはや| 揺るがぬ!」
0xb7800	156	「大死にを選ぶとは…愚かな。@ 鬼太郎といい、お前達といい…| ワシはお前達を買いかぶって| いたようだな!」
0xb7800	157	「悪いけど…| 俺達は今絶好調なんだ。| 手加減なんてできないぜ!」
0xb7800	158	「ここへ来たということは| 妖怪樹のおばさまを倒したのか?| おのれ…許さん!」
0xb7800	159	「みんな、理由も説明せずに| 戦わせてすまぬ。@ じゃが、もう少しで| 術が完成しそうじゃ!| 後少しだけ耐えてくれ!」
0xb7800	160	「!? しまった!」
0xb7800	161	「ふふふふ…何を企んで| いたのかしらんが…| おしまいだな」
0xb7800	162	「う…うわああああああ~~!」
0xb7800	163	(よし、みんなが時間を稼いで| くれたおかげで、ワシの霊力と| 妖力を充分練る事ができた!)@「今じゃ!」
0xb7800	164	「むう! な、なんだこれは!」
0xb7800	165	「これは…一体何が| おきているんだ?」
0xb7800	166	「行くぞ…鬼太郎!」
0xb7800	167	(………)
0xb7800	168	(あれ…僕…どうしたんだろう…)
0xb7800	169	(確か…戦うのがいやになって…| ドラキュラ達につかまって…| …それで…)
0xb7800	170	「…太郎」
0xb7800	171	「誰だ!?」
0xb7800	172	「鬼太郎…」
0xb7800	173	「! この声は…父さん!」
0xb7800	174	「おお…ワシの声が聞こえる| ようじゃな」
0xb7800	175	「父さん!?| どうやって僕と話を…?| 僕は…死んだんですよ…?」
0xb7800	176	「ワシは…今、幽霊族に| 伝わる秘術をつかってお前と| 話をしておる。@ そうでなくとも| ここは恐山じゃぞ鬼太郎。@ 霊と交信するのにここより| 適した場所はあるまい。| 驚くほどの事ではない」
0xb7800	177	「……………………」
0xb7800	178	「鬼太郎…お前、| 一体どうしたんじゃ?| 奴らに簡単につかまりおって…」
0xb7800	179	「父さん…そんな事を| 話しにきたんですか?@ だったら…| もう帰ってくれませんか」
0xb7800	180	「な、なんじゃと!?」
0xb7800	181	「…父さん 僕はなんだか、| とてもむなしくなって| しまったんです。@ 誤解や、ふとしたきっかけで| イガミ合う事になってしまった| 人と妖怪との関係を守るつもりで@ 一生懸傘みんなの為を思って| 戦ってきたのに@ 僕は、彼らに何の信頼も| 信用も築けてはいなかった…| それが悲しかったんです」
0xb7800	182	「それはあのギーガとかいう| 奴が情報を上手く| 操作したからじゃ!@ そうでなくては…| 誰がお前を悪く思うものか!」
0xb7800	183	「そうだったとしても| 同じ事ですよ。@ あんな…ギーガとかいう | 妖怪一人の情報操作で…@ それは簡単に覆せる程度の| ものでしかなかったんです」
0xb7800	184	「鬼太郎…」
0xb7800	185	「なんだか…| やる気がなくなっちゃいました。@ もう、いろんな事が| どうでもよく思えてきたんです」
0xb7800	186	「………」
0xb7800	187	「もう、何も考えず静かな| 気持ちでいたいんです。| 僕を…そっとしておいて下さい」
0xb7800	188	「それで…いいのか?| 鬼太郎」
0xb7800	189	「…はい」
0xb7800	190	「このままでは日本は…| 世界は…あのギーガとかいう| 奴の意のままじゃ。@ それでもいいのか?」
0xb7800	191	「僕には…もう関係ない…」
0xb7800	192	「お前を信じて戦ってくれた| 仲間も…どうなっても| 関係ないのか?」
0xb7800	193	「それは…」
0xb7800	194	「あきれた奴じゃ…| 何が〝静かな気持ちでいたい"| じゃ!@ 多くの仲間を見捨てておいて| 本当に静かな心で| いられるのか?」
0xb7800	195	「……………………」
0xb7800	196	「お前は…| 確かに疲れたんじゃろう。@ そうでなくては| ワシの自慢の息子の口から| そんな言葉がでる筈がない。@ あきらめる事を知らなかった| お前の心を善らせたのは| 一体誰じゃ!?」
0xb7800	197	「それは…みんなが…| 僕を信じてくれなかったから…」
0xb7800	198	「皆に誤解を植え付けたのは| 誰じゃ!?」
0xb7800	199	「それは…ギーガの奴が…」
0xb7800	200	「そう。全ての原因はギーガじゃ。| お前が戦意を失うことも、全ては| 計算のうちだったんじゃぞ!」
0xb7800	201	「それは…| た、確かに…そうですけど…」
0xb7800	202	「今のお前は…大事な事から| 目をそらし、耳をふさいで| いるだけじゃ。@ まだ間に合う。もう一度、| 皆に誤解を解いてもらうんじゃ。| ギーガを…倒してな!@ そうすれば、お前は心から| 本当の安らぎを得る事ができる。| いいや、他に方法はない!」
0xb7800	203	「そう…いわれてみれば…| 確かに、そうだったのかも| しれません。@ 僕が…逃げていた| だけなのかもしれません。@ でも…もう全ては| 終わったんです。@ 僕の身体は細切れにされて| 奴らの体内に取り込まれて| しまったんです。@ もうどうすることも…」
0xb7800	204	「鬼太郎…失った物は| 取り返せばいい、| 失う前にもどってな!」
0xb7800	205	「え? そんな…| ど、どうやってですか?」
0xb7800	206	「見ろ鬼太郎」
0xb7800	207	「こ…これは…汽車?| どうしてこんな所に!?」
0xb7800	208	「これはワシとお前にしか| 見えておらん| 〝まほろしの汽車"じゃ」
0xb7800	209	「まほろしの…汽車!?」
0xb7800	210	「さあ、行くぞ鬼太郎| 乗るんじゃ!」
0xb7800	211	「行くって…どこへ?」
0xb7800	212	「いいから!| 早く乗るんじゃ!」
0xb7800	213	「は、はい!」
0xb7800	214	「う…なんだ…今の感覚は?」
0xb7800	215	「奴ら…何か| 術でもかけおったのか?」
0xb7800	216	「なんにも起きた様子は| ないぜ?」
0xb7800	217	「何か企んでいたようだが…| どうやら失敗に| 終わったようだな。@ そろそろ余興はお終いにして、| 一気にカタをつけるとしようか」
0xb7800	218	「そうだな…では…
0xb7800	219	 うぐう!」
0xb7800	220	「!? なんだ?」
0xb7800	221	「どうした!?」
0xb7800	222	「わからん…鬼太郎の肉を| 移植した部分が| 急に痛み出して…
0xb7800	223	 ぐああああああ!」
0xb7800	224	「ラ<87>セーヌ!?| しっかりしろ!」
0xb7800	225	「ぐはあ!| こ…これは!?」
0xb7800	226	「うくうっ!| お…俺まで!」
0xb7800	227	「チー! エリート!
0xb7800	228	 ぐわああああああ!」
0xb7800	229	「ぐおおおおお!| 私もか!」
0xb7800	230	「グワアアアアアアア!」
0xb7800	231	「我らの身体に移植した| 鬼太郎の肉が…!」
0xb7800	232	「こ…これは!?」
0xb7800	233	「………………」
0xb7800	234	「そんな…信じられん!」
0xb7800	235	「僕の身体が蘇った!?| 父さん、これは一体?」
0xb7800	236	「まほろしの汽車は時を薦る| 汽車じゃ…お前の身体を処刑| される前まで戻したんじゃ。@ だから、バラバラにされた| 肉体が再び元にもどったんじゃ。
0xb7800	237	 ぐ…ぐおおおお!」
0xb7800	238	「と…父さん!| どうしたんです!?」
0xb7800	239	「まほろしの汽車は…ワシの妖怪| としての力をほとんど使い果たす| 術じゃ…悪いがワシは…もう…」
0xb7800	240	「そんな! 父さん!| どうして、僕なんかの為に| そんな危険な事を!?」
0xb7800	241	「鬼太郎…若いということは| 過ちを犯すという事じゃ。@ じゃが…若いということは| やり直せるという事でもある。| お前は…ワシと母さんの子じゃ。@ 過ちを正し…強く…| 生きるんじゃ…| 鬼太郎…わかった…な…」
0xb7800	242	「父さん! 父さ~ん!」
0xb7800	243	「ぐう…その走いほれの| 仕業か…!| よくもやってくれたな!」
0xb7800	244	「くう…ダメージが大きい。| 何ということだ」
0xb7800	245	「鬼太郎、また会えるとは| 思わなかったぞ。@ だが、仲間に裏切られた| お前にもう闘志は残っていまい。@ おとなしく…| 再び処刑されるがいい!」
0xb7800	246	「………………………| それはどうかな?| …ギーガ」
0xb7800	247	「何!?」
0xb7800	248	(父さん…ずるいですよ。@ 父さんの代わりにもらった傘…| もう二度と無駄にすることなんて| できるわけないじゃないですか)
0xb7800	249	「ギーガ。僕は間違ってた。| 父さんが…その事を僕に| 教えてくれたよ。@ 僕は…その間違いを| 正すチャンスをもらった。| もう迷わない。@ ギーガ…お前を倒す。| 全世界を…敵に回してもだ!」
0xb7800	250	「ヌヌヌヌ…小癪な!| いいだろう! 息の根を| 止めてくれるわ!」
0xb7800	251	「いけません、ギーガ様。| 今のシ∃ックで我々は本調子では| ありません。@ おまけに、今の鬼太郎は| 我らの力も吸収した様子です。@ ここは一旦引き上げに| なって…」
0xb7800	252	「ええい 黙れ黙れ!| 私に逆らうつもりか!| この晝士額のコウモリ風情が!」
0xb7800	253	「な…なんだと!?」
0xb7800	254	「鬼太郎を殺せ!| 殺せ殺せ殺せ~~~!!」
0xb7800	255	「なんだこいつ…| まともじゃないぜ…」
0xb7800	256	「く…この程度のアクシデントで| 興曹しすぎだぞ」
0xb7800	257	「予定通り事が進むうちはいいが、| それが崩れる事には| 耐えられんようだな…」
0xb7800	258	「こいつにこのまま| ついていていいのか?| …兄弟」
0xb7800	259	「……………………@ 今は四の五の言っている| 場合ではない。と、とにかく| 鬼太郎を倒すのだ!」
0xb7800	260	「………………………」
0xb7800	261	「父さん…行きます!」
0xb7800	262	「ぐおおお!| 再生能力がきかぬ!| こ、こんな所で…!」
0xb7800	263	「もう終わりだ、ドラキュラ。@ お前達の親玉も| もう冷静な制断はできない| だろう。@ 傘まではとらない。| 日本から出て行け!」
0xb7800	264	「く…憶えておれよ!」
0xb7800	265	「なぜ勝てぬ…| こいつらにどうして勝てぬ| のだ~~~!?」
0xb7800	266	「まさかあの状態から| 鬼太郎を蘇らせるとはね…| 甞賛に値するよ。@ 今回は大人しく| 引き下がるとしよう。| …さらばだ」
0xb7800	267	「逃げられたか…」
0xb7800	268	「く…天傘は…ワシではなく| 奴らに味方した。| ワシ達の負けだ。@ もうこ奴らと共に行動するのは| やめだ。ワシは中国に| 帰らせてもらうぞ」@(だが…いずれワシは帰ってくる。| アイツの…カタキを| とるためにな!)@「さらばだ、鬼太郎!」
0xb7800	269	「逃げたか…」@(〝中国妖怪チー"その実力は| あまりわからなかったけど、| 手強い相手には違いなかった。@ 奴とは…きちんと| 決着をつけたかったな…)
0xb7800	270	「ウガアアアアアアアアア~~!| こんな…こんな馬鹿な~!」
0xb7800	271	「ギーガ、お前の負けだ。| 諦めて自分の国に帰れ」
0xb7800	272	「自分の国だと…?| 私に自分の国などない!」
0xb7800	273	「なんだと…どういうことだ?」
0xb7800	274	「食らえ!」
0xb7800	275	「なんだと!?」
0xb7800	276	「ギーガ! トドメだ!」
0xb7800	277	「グオオオオオオ~~!」
0xb7800	278	「終わりだ…ギーガ」
0xb7800	279	「お…の……れ~!| おのれおのれおのれ~!」
0xb7800	280	「ギーガ様!」
0xb7800	281	「む、むじな!?| どうしてここへ」
0xb7800	282	「こんな事もあろうかと| 待機していたのです。| さあ、こちらへ!」
0xb7800	283	「この期に及んで逃げる気か!?」
0xb7800	284	「グググ…わかった…」
0xb7800	285	「さらばだ…」
0xb7800	286	「く…逃がしたか…」@(だけど、ギーガも| そうとうの深手を負った筈。@ しばらくは何もできないだろう。| 無理に追いかける事もないか)
0xb7800	287	「…父さん、やりましたよ」@(僕は…戦う事から逃げていたん| ですね。父さんのおかげで…| それに気付きました)@「有り難う…父さん」
0xb7800	288	「…うう…」
0xb7800	289	「!?」@(父さんはまだ死んでない!?@ そうか…僕の身体が再生する時、| 一緒に奪った奴らの妖力や霊力が| 父さんにも流れこんだんだ!)@「いそいで手当しよう!」
0xb7800	1024	開癸中
0xbb800	0	「ギーガの奴はどうした…?」
0xbb800	1	「どこにもいないぜ…」
0xbb800	2	「むじなの奴が| どこかに連れていった| みたいだったが…」
0xbb800	3	「どうする…兄弟。| ギーガを捜しにもどるか?」
0xbb800	4	「…………………いいや、| このまま一度| 我らの国に戻ろう」
0xbb800	5	「………」
0xbb800	6	「…それで、いいのか?| 我らのこれまでの努力が| 無駄になってしまうのだぞ?」
0xbb800	7	「ギーガの手下になったのは奴が| 私にかわり、あの鬼太郎を始末| してくれると踏んだからだ。@ だからこそ、勝負を捨て、| 奴に全てを任せた。| だが、結果はこの通りだ。@ 奴も所詮、| 鬼太郎にはかなわなかった。| 鬼太郎は、やはり手強い。@ 我らが力をつけ…| 直接叩くしか方法はないのだ」
0xbb800	8	「作戦の立て直し…| そういうことか?」
0xbb800	9	「そうだ。エリート、蝙蝠達を| 使って他の妖怪共への連絡を| 行ってくれ。@ 一旦我らはこの日本から| 撤退する…とな」
0xbb800	10	「了解」
0xbb800	11	「ラ<87>セーヌ、| 超音波瞬間移動を頼む。| 引き上げだ」
0xbb800	12	「ああ…わかったぜ」
0xbb800	13	(鬼太郎…お前はやはり| 私の最大の敵だ。
0xbb800	14	 この次こそ、| お前の息の根を止めて| みせるぞ…覚梧しておけ!)
0xbb800	15	「グウウウ…」
0xbb800	16	「傷が痛みますか? ギーガ様」
0xbb800	17	「うむ。よもやこれ程の| ダメージを受けようとは…| 不覚だった。@ ところで…私を何処へ| 連れて行くつもりなのだ?」
0xbb800	18	「もう…つきましたよ」
0xbb800	19	「何?」
0xbb800	20	「ここは…どこだ?」
0xbb800	21	「よく来たなギーガ…」
0xbb800	22	「何!? お前は!?」
0xbb800	23	「ふふふ…食らえ!」
0xbb800	24	「な…何を…?」
0xbb800	25	「グオオオオオオオオ~!」
0xbb800	26	「ふふふ…これで準傭は整った。| 後は主賓のご到着を| 待つだけだな…」
0xbb800	27	「一反木綿。こうもり猫が| 飛んで行ったのはこの辺りか?」
0xbb800	28	「そうでごわす!| この辺りに間違いなかと!」
0xbb800	29	「猫餅も心配じゃが…| 親父殿はもっと心配じゃ。| なにせ状態が状態じゃからな」
0xbb800	30	「無事だといいがのう…」
0xbb800	31	「とにかく。うだうだ言ってても| はじまらねえ。さっさと二人を| 取り返して帰ろうぜ!」
0xbb800	32	「!? 向こうに何かある~!」
0xbb800	33	「あれは…洞窟か!?」
0xbb800	34	「奴はここに| 逃げ込みおったのか?」
0xbb800	35	「かすかに妖気を感じる…| 間違いない。| とにかく…行ってみよう!」
0xbb800	36	「さあ、ベアード。| 父さんを返して| もらおうか?」
0xbb800	37	「ふん……そらよ!」
0xbb800	38	「ひえええええ~~!| べとべとじゃわい!」
0xbb800	39	「父さん!」
0xbb800	40	「おお、鬼太郎!」
0xbb800	41	「大丈夫じゃったか、| 親父殿」
0xbb800	42	「うむ、飲み込まれた時は| もうダメかと思ったが…@ ドラキュラ達の体内に| 取り込まれた時の鬼太郎の| 事を思い出して耐えたんじゃ。@ 息子に偉そうな事を言っておいて| ワシが諦める訳には| いかんからのう!」
0xbb800	43	「なんだか…親父殿| 前より元気そうでごわす!」
0xbb800	44	「うむ、今回奴がワシを| 飲み込んで力をつけたのは| 目玉同士の同調による@ 相乗効果の様な物じゃ。| おかげでワシまで| なんだか力がでてきたわい!」
0xbb800	45	「なんじゃ、心配して| 樽したのう!」
0xbb800	46	「ふふふ! 本当ね!」
0xbb800	47	「あ~は~は~は~~!」
0xbb800	48	(ち…しけた終わり方だ…やはり| 俺ではこの程度の菷引きしか| 用意できなかったか…)
0xbb800	49	「ベアード…お前の負けだ。| 自分の国に帰るんだな」
0xbb800	50	「ふん! ゲームオーバー…か| 俺の悪い癖がでちまったな…」
0xbb800	51	「ベアード…お前…」
0xbb800	52	「へ! お前達に見つからない様に| 悪魔を召喚するやり方だって| あったんだ。@ けど…俺はそれをしなかった。@ 悪い癖がでちまったのさ。| お前と決着をつけたいっていう| 悪い癖がな…@ 俺も…ドラキュラ達と| かわらねえ…半端者だ」
0xbb800	53	「ベアード…」
0xbb800	54	「キャ!」
0xbb800	55	「い…いかん!| この振動は…もしや!?」
0xbb800	56	「そうとも…この氷の| 魔法陣の中にため込まれた| エネルギーが行き場を失って…@ もうすぐ幡癸するのさ!」
0xbb800	57	「なんだって!?」
0xbb800	58	「俺の懸望の菷切れに| ふさわしいでかい花火だ…| 最後に楽しんでいけ!」
0xbb800	59	「大人しくしていると| 思ったら…そういう事か!?」
0xbb800	60	「鬼太郎…今回は俺の負けだ。@ だが、俺は諦めない。| この国にはまだ俺の| 強い味方が残っているんだ」
0xbb800	61	「負け線しみを| 言いおって!」
0xbb800	62	「負け線しみかどうかは| すぐにわかる。@ 今回の遠征で、俺はこの国にも| 鬼太郎を快く思わない妖怪が| いる事を知った。@ 俺はこの国に止まるぜ。| そして…そいつらと一緒に| 力をつけてやる@ お前達を倒せるだけの力をな」
0xbb800	63	「…………………」
0xbb800	64	「お前はギーガとの戦いで| 自分の理想を信じ続けると| 言っていたな…@ だったら俺も| あきらめねえ…いつか| 必ず…貴様を倒してやる。@ 俺の…この手でな!」
0xbb800	65	「わかったよ…| けど、僕だって負けやしない@ 何度来たって| 無駄だって事を| わからせてやる!」
0xbb800	66	「へへへ…そうかい。| なら、楽しみにしておくぜ」
0xbb800	67	(僕も…ひょっとしたら| 楽しんでいるのかもしれない。@ こいつらとの…| いつ果てるともない| 戦いを…)
0xbb800	68	「幡~癸~する~~~!!」
0xbb800	69	「いかん、鬼太郎逃げるんじゃ!」
0xbb800	70	「よし、走りますよ、| 父さん!」
0xbb800	71	「おう!| 全速力じゃぞ!」
0xbb800	72	「あばよ…鬼太郎」
0xbb800	73	「ああ…またな、| バックベアード!」
0xbb800	74	「こ…これは!?」
0xbb800	75	「洞窟の中に…なにやら| 妙なもんが| できとるな?」
0xbb800	76	「一体…なんなんじゃ?| 猫餅達がさらわれたのと| 何か関係があるのか?」
0xbb800	77	「おい、あれ見ろよ!」
0xbb800	78	「え?」
0xbb800	79	「ちょっと…これ| なんのつもりよ!| ほどきなさいってば~!」
0xbb800	80	「あれは…猫餅!?」
0xbb800	81	「あ、き…鬼太郎!| た…助けて~~~~!」
0xbb800	82	「急いで助けるんじゃ!」
0xbb800	83	「おっと…そうはいかないぜ」
0xbb800	84	「今度は誰だ!? 出てこい!」
0xbb800	85	「あ~! お前は!」
0xbb800	86	「ようこそ…ラストステージへ!」
0xbb800	87	「こうもり猫! お前ごときが…| 人質をとったくらいで| 勝ったつもりか?」
0xbb800	88	「すぐに取り返してやるわい!」
0xbb800	89	「ほほう…それは頼もしい事だな」
0xbb800	90	「この声は…!?」
0xbb800	91	「バックベアード!?」
0xbb800	92	「いかにも…鬼太郎」
0xbb800	93	「ベアード…お前、| 何のつもりだ!?@ ギーガも…ドラキュラも| もう僕が倒したんだぞ!@ 今更お前が出て来て…| どうしようっていうんだ!」
0xbb800	94	「ふふふ…〝今更"だって?| それは違うな鬼太郎。| 俺はこの時を待っていたんだ!」
0xbb800	95	「なんだって!?| どういう事だ!」
0xbb800	96	「俺はギーガやドラキュラの| 理想や計画に興味はない。@ 初めから俺自身が力を| つける為に奴らを利用して| いたんだ」
0xbb800	97	「利用…だって?」
0xbb800	98	「そうだ、お前達を戦わせて| 互いに疲弊している間に@ 俺は奴らの部下共が集めてきた| 人間の生気や霊気エネルギーを| 少しずつ着服し、蓄えた。@ 生き残った方を…| 俺自身が倒す為にな!」
0xbb800	99	「なんだと!?」
0xbb800	100	「成る程…お前程の妖怪が| あまり姿を見せなかったのは| そういう事か」
0xbb800	101	「なんだよ…俺よか| 悪党がすでにいたんじゃ| ねえかよ!」
0xbb800	102	「鬼太郎…お前が倒され、| その身体がギーガ達に| 取り込まれたと聞いたときには、@ 流石に作戦は失敗したと思った。| ギーガ達は…疲弊するどころか| 力をつけてしまったんだからな。@ だが、目玉の親父の奴なら…| 必ずまほろしの汽車をつかって| お前を蘇らせると思ったぜ!」
0xbb800	103	(まほろしの汽車の事を知って| いたのか? なんて奴だ!)
0xbb800	104	「それでこそ…| シーサーの奴を見逃したり| むじなに手加減させたりと@ 色々と小細工をした甲斐が| あるってもんだぜ」
0xbb800	105	「お前のご託はもういい。| 猫餅を放せ! それに…| 父さんをドコにやった!」
0xbb800	106	「奴らを貴様らにくれてやる| わけにはいかんな…| なにせ大事な生け誉だからな!」
0xbb800	107	「生け誉…だって!?」
0xbb800	108	「出てきてくれ…| 二人とも!」
0xbb800	109	「あ、あれは!?」
0xbb800	110	「ひっひっひ!」
0xbb800	111	「また会ったな…鬼太郎」
0xbb800	112	「お前達は…| 悪魔ブエルに悪魔ベリアル!」
0xbb800	113	「あのヤカンヅルに飲み込まれて| 生きておったのか!」
0xbb800	114	「ワシ達はこう見えても| 悪魔だ…簡単にはくたばらん!」
0xbb800	115	「そういうことだ。| ギーガが倒された事で| もう契約は解消された。@ これからは| このバックベアードと共に| 仕事をさせてもらうのだ…@ 行くぞ!」
0xbb800	116	「身体が…分かれた?| 例の身体の各パーツを| 百倍にする技か!?」
0xbb800	117	「ベリアル…ワシは召喚の| 準傭で忙しい。| ワシの分までしっかり頼むぜ」
0xbb800	118	「ひっひっひ!| ワシは悪魔ブエル!」
0xbb800	119	「我が輩の名はベリアル!| ふふふ…初めまして…| といったほうがいいのか?」
0xbb800	120	「こいつらは…!?@ 僕達が小笠原に行っている間に| 京都で油すまし達が倒した| 悪魔達じゃないか!」
0xbb800	121	「生きておったのか…?」
0xbb800	122	「ワシ達はこう見えても| 悪魔だ…簡単にはくたばらん!」
0xbb800	123	「そういうことだ| 行くぞ!」
0xbb800	124	「身体が…分かれた?」
0xbb800	125	「驚いたか…?| ベリアルは身体の各部位を| 百倍に増幅できるのだ!」
0xbb800	126	「ひゃ…百倍!?」
0xbb800	127	「なんておおざっぱな| 技じゃ!?」
0xbb800	128	「ベアード!| この悪魔達と組んで…| 何を企んでいるんだ!」
0xbb800	129	「生け誉を捧げ…| 悪魔の王を召喚するのだ!」
0xbb800	130	「悪魔の王じゃと?| 世迷い事を!」
0xbb800	131	「俺は…誰かの下で| 働くなんざ性にあわなくてな…@ かねてより| 自分の意のままに出来る| 強大な力が欲しかったのよ!」
0xbb800	132	「ベアード、この洞窟の| 魔法陣の下に、これまで蓄えた| 全エネルギーを封じ込めた。@ 準傭は完了したぜ」
0xbb800	133	「おお、ご苦勞」
0xbb800	134	「ヴォジャーイ!| お前もこいつと同じ| 裏切り者の仲間か!」
0xbb800	135	「裏切りだって…?| それは違うな。@ 海の妖怪はあちこちの| 湛と取引をする。| それは至極当然のことだ」
0xbb800	136	「鬼太郎、よく見ておけ!| 俺は悪魔達の力を| 借りて、この魔法陣で@ 超強力な悪魔…| 悪魔の王を呼び寄せる!@ お前はそこで| 大人しく見ているがいい!」
0xbb800	137	「なんだと!?| よすんだ、ベアード!@ そんな物を呼びだして…| お前の言うことを聞く| 保証がどこにある!@ 日本が…いや、| 世界が滅茶苦茶にされるのが| オチだ!」
0xbb800	138	「悪魔は正しい手続きで| 召喚してやれば、召喚主の| 言うことを聞くものだ。@ 召喚に必要な準傭は済ませた。| 後はブエルが術を完成させれば| 召喚は完了する。@ 止めたければ…| せいぜいあがいて| 俺を楽しませて見せろ」
0xbb800	139	「……………………」@(ベアード…お前は| コレを楽しんでいるのか?)@「いいだろう…受けて| たってやる。お前の| 〝ゲーム"に!」
0xbb800	140	「ふふ…〝ゲーム"か。| よくわかっているじゃないか、| それでこそ鬼太郎だ!@ さあ、舞台は整った。| お前達の戦いっぷり…| 見せてもらうぞ!@ 俺は一旦下がってしばらく| 見物させてもらう。| じゃあ…また後でな!」
0xbb800	141	(く…ベアードめ!)
0xbb800	142	「奴らは召喚の儀式を行って| 強力な悪魔を蘇らせるつもりだ。@ なんとしてもその前に| 猫餅を助けださなきゃ| ならない。@ みんな、急いでブエルを| 倒すんだ!」
0xbb800	143	「どうした鬼太郎?| 儀式完了まで| 残り十分だぞ?」
0xbb800	144	「まだまだ…勝負は| これからだ!」
0xbb800	145	「ふふふ…あと五分だ」
0xbb800	146	「あと一分で悪魔の王が| 召喚される。| さあ…いよいよだぞ!」
0xbb800	147	「なんだって!?| もうそんな時間か!?」
0xbb800	148	「ふふふ…| 間に合わなかったようだな?」
0xbb800	149	「そんな…| もう、時間なのか?」
0xbb800	150	「ふははは! 出でよ!| 悪魔の王よ!」
0xbb800	151	「うわあ!」
0xbb800	152	(もう…お終いなのか…@ こんな所で…| 父さん…猫餅…みんな…| ごめん…)
0xbb800	153	「こうもり猫…!| お前はいつからベアードの| 仲間になったんだ!?」
0xbb800	154	「つい最近さ! ドラキュラ達は| いつまでも俺の事を小物扱い| しやがるんで頭に来てたんだ!@ そこへ声をかけられたんだ!」
0xbb800	155	「日本をもらって…| 日本の大統傭になるつもりか?」
0xbb800	156	「く…大統傭大統傭と…| バカにしたように| 言うな~~~!!」
0xbb800	157	(け…結構気にしてるんだな)
0xbb800	158	「むじな! お前か!?」
0xbb800	159	「鬼太郎、覚梧しろ!| この氷の舞台がお前達の| 死に場所だ!」
0xbb800	160	「なんだと?| そうできるもんなら…| やってみろ!」
0xbb800	161	「むじな!| お前はドラキュラ達の| 腹心じゃなかったのか?@ ギーガを裏切って…| 何を考えているんだ!?」
0xbb800	162	「ふん、裏切るとか裏切らぬとか…| そのような価値観でしか| 物が見えぬのか?」
0xbb800	163	「なんだと?」
0xbb800	164	「状況を見極め、より| 賢いものにつく…| ただそれだけの事だ。@ ギーガはベアードの| 叛意を見救けなかった。| それが奴の廳の浅い所よ!@ その様な主…| こちらから願い下げだ!」
0xbb800	165	「一度やられているから| 大きな力は出せねえが…@ それでもお前達を| 倒すには充分だってところを| みせてやる!」
0xbb800	166	「やっと来たか…| 待ちくたびれたぞ!」
0xbb800	167	「猫餅を放すんだ!| それに…父さんもお前達が| 捕らえている筈。@ どこに隠している!| 父さんを返せ!」
0xbb800	168	「ごちゃごちゃと| うるせえな!@ 俺様に傘令するのは| 戦って勝ってからに| してもらおうか!」
0xbb800	169	「ちっくしょう!| 俺は…俺って奴は…| やっぱりこの程度なのか~!?」
0xbb800	170	「やはり…ここまで来ては| 俺の力では| 太刀打ちできんか…」
0xbb800	171	「お前との戦いも| これでお終いだ。| 観念しろ!」
0xbb800	172	「ふん。観念だと?| ばかばかしい。@ 鬼太郎、確かに今回は| お前達の勝ちだ。@ だが、俺とお前達との| 戦いは今始まったばかりさ」
0xbb800	173	「何!?」
0xbb800	174	「お前はまだ人間と妖怪は…| 本当に共存できると| 信じているのか?@ 人間と妖怪とは水と油…| 混ぜようとすればする程| 大きな渦が生まれるだけだ。@ そこに俺の生きる道がある。| 俺が…糒を稼ぐ道がな…」
0xbb800	175	「僕達が…混乱を| 招いているというのか?」
0xbb800	176	「よく考えてみな。| あばよ、鬼太郎」
0xbb800	177	「……なんと言われようと…| 僕は人間と妖怪とが| 共存できると信じている!」
0xbb800	178	「くう…やってくれたな!?@ こうなったら小細工なしの| 我が輩自身が| 相手をしてやるぞ!」
0xbb800	179	「ウオオオオ!| 我が輩が…我が輩が| またしても敗北を!」
0xbb800	180	「なんどやっても同じさ…| 僕達がいる限り、@ お前みたいなへんな格好の| 悪魔なんかに負けるもんか!」
0xbb800	181	「ぬぬぬ…明治元年から| 着続けておる我が輩の| 服をバカにするとは!」
0xbb800	182	「何年着続けたって変は変だよ」
0xbb800	183	「く…おのれ…| いつかほえ面をかかせて| やるからな!」
0xbb800	184	「捨てぜりふまで| 古くさいな…」
0xbb800	185	「うおおお~~!| ば…ばかな!」
0xbb800	186	「ヴォジャーイ…| 日本には…お前という船を| 受け入れる湛はない。@ さっさと| 自分の国へ帰るんだな!」
0xbb800	187	「く……」@(ち、こんな事なら| ドラキュラ達と素直に| 組んでりゃ良かったぜ…)@「今回は引き上げさせてもらう…| だが忘れるな。俺は| このままでは終わらん@ いつかお前を肉羊羮に| して嶋ってやる!@ 楽しみにしておけ!| あ~っはっはっはっは!」
0xbb800	188	「ゴアアアアアア~!| やってくれたな、鬼太郎!?」
0xbb800	189	「ベアード、お前の| 計画はもうお終いだ!」
0xbb800	190	「…こうなったら…」
0xbb800	191	「あいつ…この上| 何をする気だ?」
0xbb800	192	「グワアアアアアアアア~~!」
0xbb800	193	「ブエル! 観念しろ!」
0xbb800	194	「おのれ…またしても| 我ら悪魔が| 下等な妖怪ごときに!」
0xbb800	195	「日本は僕達みんなの国だ!| お前達悪魔なんかに| 汚させやしない!」
0xbb800	196	「ふん…聞いたふうな口を…!| いいか? 悪魔はどんな時代、| どんな場所にだって現れる。@ それは…人間が心の奥廳で| 悪魔を欲しているからだ!」
0xbb800	197	「どっちが聞いた様な事を| 言ってるんだか…| さっさと悪魔の国へ帰れ!」
0xbb800	198	「ち…いずれほえ面を| かくなよ。| …じゃあな!」
0xbb800	199	「ウオオオオ!| またしても我が輩達の| 計画を邪魔してくれたな!」
0xbb800	200	「なんどやっても同じさ…| 僕達が居る限り、@ お前みたいなへんな格好の| 悪魔なんかに負けるもんか!」
0xbb800	201	「ぬぬぬ…明治元年から| 着続けておる我が輩の| 服をバカにするとは!」
0xbb800	202	「何年着続けたって変は変だよ」
0xbb800	203	「く…おのれ…| いつかほえ面をかかせて| やるからな!」
0xbb800	204	「猫餅!」
0xbb800	205	「鬼太郎!」
0xbb800	206	「大丈夫かい猫餅?」
0xbb800	207	「ええ! なんとかね!」
0xbb800	208	「とにかく…今助けるよ」
0xbb800	209	「おのれ…ブエルを| 倒したのか!?」
0xbb800	210	「ベアード、お前の| 計画はもうお終いだ!」
0xbb800	211	「…こうなったら…」
0xbb800	212	「あいつ…| 何をする気だ?」
0xbb800	213	「きゃ! な…何今の!?」
0xbb800	214	「ブエルが倒されたから…| 魔法陣がその効果を| 失ったんだよ」
0xbb800	215	「じゃあ…もう| 悪魔は呼び出せないのね?」
0xbb800	216	「ああ、その筈さ」
0xbb800	217	「ごめんね、アタイ…| 鬼太郎に迷惑かけて…」
0xbb800	218	「何言ってるんだよ、| 僕だってキミに| 助けてもらったじゃないか。@ 謝らなきゃいけないのは| 僕の方だ。| 特にキミや…父さんには…」
0xbb800	219	「親父…さん?| そういえば…親父さんはどこ?」
0xbb800	220	「ああ! そういえば!?」
0xbb800	221	「アタイと一緒じゃないけど…」
0xbb800	222	「ふははははははは~!」
0xbb800	223	「ベアード! ドコにいる!」
0xbb800	224	「見事だ鬼太郎…| 召喚の儀式はお前のお陰で| 大失敗だ!@ だが、出し物はまだ| これで終わりじゃねえぜ!」
0xbb800	225	「ベアード! もう諦めろ!| これ以上お前にどんな切り札が| 残っているっていうんだ?」
0xbb800	226	「…忘れたのか、鬼太郎。| 俺の互大な目はだてじゃねえ。@ この目は相手の目を| くらませるだけじゃなく、@ その気になりゃあ| 催眠状態にして操る事もできる。| たとえば…こんな風にな!」
0xbb800	227	「……………」
0xbb800	228	「ギ…ギーガ!」
0xbb800	229	「ベアード様…なんなりと| ご傘令を…」
0xbb800	230	「ギーガ、鬼太郎共を倒せ!」
0xbb800	231	「…了解しました」
0xbb800	232	「操られてるの?| なんて事…」
0xbb800	233	「はっはっは! 見たか!| 俺様の手にかかれば| あのギーガですらこの有様よ!@ 俺は準傭があるんでな| まだ様子を| 見させてもらうぜ。@ せいぜい楽しみな!」
0xbb800	234	「鬼太郎…倒す!」
0xbb800	235	「きゃ! 何あれ!」
0xbb800	236	「ギーガが生み出した…僕達の| コピーってところか…| やっかいな奴が出てきたぞ。@ とにかく、ベアードの奴は| まだ父さんを人質にとって| いる筈だ。@ ギーガを倒して| ベアードを引きずり| だすんだ!」
0xbb800	237	「アタイもここから| 手伝うわ!」
0xbb800	238	「よし! 行こう!」
0xbb800	239	「グオオオオオオオオ~~!」
0xbb800	240	「ギーガ…僕の声が聞こえるか?」
0xbb800	241	「グウゥ…鬼太郎…?| …そうか! バックベアードの| 催眠術で!」
0xbb800	242	「ギーガ、気がついたんだな?」
0xbb800	243	「鬼太郎…お前は| まだこの日本を護る為に| 戦っていたのか?」
0xbb800	244	「何?」
0xbb800	245	「鬼太郎。信頼など| もろい物だ。@ 些細な誤解を招く情報を| 与えてやれば、| そんなもの消し飛んでしまう。@ 私の情報操作は心の| 奥廳にある不信や疑念を| 増幅させるものだ。@ つまり…お前が誤解を| うけ、廸害されるのも、@ 元はといえばお前達の心に| その種子があればこそだ。@ お前が幾ら人と妖怪とが| 共存できる世の中を| 望んでも…叶いはしない。@ 私はそれを証明した筈…| お前も一度はそれを知り| 戦いを諦めた筈だ…@ だのになぜ!?| なぜお前はまだ戦えるのだ!」
0xbb800	246	「僕にだって確信がある| わけじゃない。@ その証樵にお前のせいで| 確かに僕は一度、| 戦う意味を見失った…@ 僕自身、| そんな不安定で、移ろいやすい| ものなんだ。@ だけど…父さんが| 傘がけで教えてくれたんだ。@ 迷っても…間違ってもいい。| 何度でも挑戦しろって…| 戦い続けろってね!」
0xbb800	247	「迷いながらも信じ続け…| 問い続けるというのか?| 自分の理想を?」
0xbb800	248	「ああ、そうさ。信じてもらえない| なら…時間を掛けて信頼を| 勝ち取って見せる。@ 誤解だっていつかきっと晴らして| みせる。その可能性はゼロじゃ| ないんだからね!」
0xbb800	249	「ふん…ばかばかしい。| 貴様を見ていても| 面当くもなんともないわ!@ 私は…この国を離れる」
0xbb800	250	「待て、ギーガ! …お前は| 一体何者なんだ?」
0xbb800	251	「鬼太郎…忘れるな…| こんな物は…勝利ではない。@ お前達は所詮、奇跡という名の| 細い饑渡りを偶然| 渡れたにすぎん!@ この次こそは…必ず| 完膚無きまでに貴様達を| たたきつぶしてくれるわ!@ さらばだ…| あ~っはっはっはっは!」
0xbb800	252	「ギーガ…」@(結局…正体は| わからずじまいか…)
0xbb800	253	「ギーガを倒したか…」@(信じつづけ…問い続けるだと?| 生意気な…! ごちゃごちゃと| うるせえんだよ!)
0xbb800	254	「ベアード!| やっと出てきたな!」
0xbb800	255	「鬼太郎、コレを見ろ!」
0xbb800	256	「き…鬼太郎!」
0xbb800	257	「父さん! ベアード、| 何をする気だ!| 父さんを放せ!」
0xbb800	258	「ふん…〝放せ"だと?| 嫌だね!@ こいつは…こうするために| 捕らえておいたんだ!」
0xbb800	259	「や…止めるんじゃ!| う…うわ~~~!!」
0xbb800	260	「うわあああ~~!!?| と、父さん!?」@(そんな…父さんを| 食べるなんて!)
0xbb800	261	「な…これは!?」
0xbb800	262	「へへ…思った通りだ。| 力を使い果たしている| とはいえ、@ 同じ目玉の妖怪だ…| どんどん力が涌いてくるぜ!」
0xbb800	263	「お…お前なんて事を!」@(父さんはまだアイツの中で| 生きてる筈だ!| 早く助けださないと…)@「父さん…今、助けます!」
0xbb800	264	「ふん…簡単には| 行かないぜ!」
0xbb800	265	「何?」
0xbb800	266	「ベアードが三体!?| そうか、奴が幻影を| 生み出しているのか!」
0xbb800	267	「本物がどれかわかるまい…| さあ、来い、鬼太郎!」
0xbb800	268	「違う…本物のベアードじゃない!」
0xbb800	269	「また偽のベアードだ…| 本物はどこだ!」
0xbb800	270	「決着をつけようぜ、鬼太郎!」
0xbb800	271	「お前が本当のベアードだな?| 見つけたぞ!」
0xbb800	272	「グワアアアアア~~!!」
0xbb800	273	「バックベアード!| 今度こそ本当にお前の最期だ!」
0xbb800	274	「べ、ベアードやギーガまで| やられちまったのか?| こりゃとてもかないっこねえ!@ 引き上げだ~!!」
0xbb800	275	「おのれ…よくもよくも~!」
0xbb800	276	「ヴォジャーイ…| 日本には…お前という船を| 受け入れる湛はない。@ さっさと| 自分の国へ帰るんだな!」
0xbb800	277	「く……」@(ち、こんな事なら| ドラキュラ達と素直に| 組んでりゃ良かったぜ…)@「今回は引き上げさせてもらう…| だが忘れるな。俺は| このままでは終わらん@ いつかお前を肉羊羮に| して嶋ってやる!@ 楽しみにしておけ!| あ~っはっはっはっは!」
0xbb800	278	「鬼太郎…」
0xbb800	279	「お前との戦いも| これでお終いだな!」
0xbb800	280	「ふん。お終いだと?| ばかばかしい。@ 鬼太郎、確かに今回は| お前達の勝ちだ。@ だが、俺とお前達との| 戦いは今始まったばかりさ」
0xbb800	281	「何!?」
0xbb800	282	「お前はまだ人間と妖怪は…| 本当に共存できると| 信じているのか?@ 人間と妖怪とは水と油…| 混ぜようとすればする程| 大きな渦が生まれるだけだ。@ そこに俺の生きる道がある。| 俺が…糒を稼ぐ道がな…」
0xbb800	283	「僕達が…混乱を| 招いているというのか?」
0xbb800	284	「よく考えてみな。| あばよ、鬼太郎」
0xbb800	285	「……なんと言われようと…| 僕は人間と妖怪とが| 共存できると信じている!」
0xbb800	1024	開癸中
0xc0800	0	「…次に、青森鵬で起きた謎の| 幡癸事故の続報です。@ 警察の懸傘の捜査にも関わらず、| 未だ幡癸の原因は明らかになって| おりません。@ 一部の情報によれば、日本征服| 計画に関与していたとされる| 〝K"が現場近くで目撃されて@ おり、警察による調査が進んで| おります。@ 〝K"の広城指名手配に関しては| コンピュータの誤作動による冤罪| であった事が制明していますが…@ 今回の事件の進展によっては、| 再び〝K"周辺に捜査のメスが| 入るものと見られています。@ それではCMに続いて| 各地のお天気…」
0xc0800	1	「ふ~、生き返るわい!」
0xc0800	2	「父さん、湯加減はどうですか?」
0xc0800	3	「うむ、くたびれとる時は| これ位ぬるい温度で丁度いい、| 文句無しじゃ!@ ワシの体調まで見鑓して| 湯加減を考えられるとは…| 腕を上げたな鬼太郎!」
0xc0800	4	「アタイも結構上達したと| 思うんだけど…鬼太郎には| まだまだ敵わないわ…」
0xc0800	5	「ずっと家にいて| 父さんのお風呂の世話を| してるからね…@ ギーガがいなくなって、| 怪気象を起こした犯人だって| 疑いは晴れたし、@ TVも続報が途絶えて、みんな| 新しい話題に夢中で僕らの事は| 忘れられつつあるけど…@ …それでもまだ妖怪退治の| 依頼はないからね…」
0xc0800	6	「うやむやになっただけで| はっきり身の潔当が証明| されたわけではないからのう。@ 結局…ワシらは誤解された| ままか…」
0xc0800	7	「ああ、でもしょうがないよ。| 僕が不甲斐ないのも| いけなかったんだ」
0xc0800	8	「結局…ギーガとは| なんだったのかのう。@ ドラキュラはどうやって| あのギーガと| 知りおうたんじゃ?」
0xc0800	9	「奴がどんな妖怪| だったのかも、結局| わからずじまいでごわす!」
0xc0800	10	「ふうむ、あれから色んな| 文献を調べたが、〝ギーガ"| などという名は見つからなんだ。@ まったく謎じゃな」
0xc0800	11	「鬼太郎…アタイ達| これからどうすれば| いいのかな?@ みんなの誤解を解くために| 何かしないと| まずいわよね?」
0xc0800	12	「…何もする必要なんか| ないよ」
0xc0800	13	「え?」
0xc0800	14	「このままこうして| いつも通り慕らして| いけばいいさ」
0xc0800	15	「でも…」
0xc0800	16	「ギーガは情報を操って| 僕達を陥れようとした。@ 僕も…それにまんまと| やられて処刑までされた。@ でも、それを救ってくれたのは| 猫餅や父さんや…みんなが| 僕を助けてくれたからだ。@ 僕には信じてくれる| 肉親や仲間がいる。@ そしてそのみんなと| 築いてきた絆があったんだ。| 僕はその事を忘れていた。@ 今は確かに世間のみんなから| 誤解されているかもしれない。| でも、誤解はきっと解ける。@ 僕が今まで築いてきた物が| 意味のない物じゃなければ…| だけどね」
0xc0800	17	「鬼太郎…」
0xc0800	18	「うむ、ワシらは悪いことは| しておらん。あせることはない。| まあ、気長にやる事じゃて!」
0xc0800	19	「そうじゃな、ベアードや| ドラキュラ達もいずれ次の手を| 打ってくるじゃろう。@ 本当の戦いは…| これからなんじゃからな」
0xc0800	20	「そうだね、オババ」
0xc0800	21	「じゃが、ひとまず平和は訪れた!| しばらくのんびりさせて| もらうとするかの!」
0xc0800	22	「のんびり…?| そ、そんな暇…ありませんよ!」
0xc0800	23	「だ~れ~だ~~?」
0xc0800	24	「お、おお…お久しぶりですっ!」
0xc0800	25	「ルカちゃん! ケガ、治ったの?| それに…そんな暇ないって…| どういう事?」
0xc0800	26	「ふふ…すぐにわかりますよ!」
0xc0800	27	「わ! な、なんじゃ!」
0xc0800	28	「電話ですね…| 久しぶりにかかって| きたな…」
0xc0800	29	「もしもし」
0xc0800	30	「もしもし~!| 鬼太郎ちゃんか~?」
0xc0800	31	「ねずみ男! お前| しばらく姿を見せてないけど| ドコにいるんだ!?」
0xc0800	32	「んな事ど~でもいいだろう!| た、助けてくれよ~~!」
0xc0800	33	「なんだ? 一体何が| あったんだ?」
0xc0800	34	「あれから悪い妖怪を退治する| 会社を作ってよ…@ 鬼太郎んとこに行かなくなった| 仕事を、俺様が引き受けて| やってたんだ!@ いつもは妖怪共に上手く| 交渉して用満に解決| してたんだが…@ ドジふんじまって| 怒らせちまったんだ…| 今、逃げてる最中よ!
0xc0800	35	 やべえ、見つかった!| あ~~れ~~~!!」
0xc0800	36	「切れちゃった…」
0xc0800	37	「やれやれ…実力も| ないクセに金に目がくらんで| そんな事しておったのか…」
0xc0800	38	「自業自得ね」
0xc0800	39	「鬼太郎さん。ねずみ男さんの会社| 野制悪いんです。今回の事件も| 手に負えないのわかってました。@ やっぱり鬼太郎さんじゃ| なくちゃダメだって| みんな思ってます。@ 助けに行って…きちんと| 事件を解決してあげて下さい| 私…案内しますから!」
0xc0800	40	「ルカちゃん…」
0xc0800	41	「妖怪さんだけが悪い訳じゃ| ないんです。人間にも| 悪い部分はあるの。@ それを上手く納められるのは| やっぱり鬼太郎さん| だけなんです。さあ、早く!」
0xc0800	42	「ルカちゃん…| あなたはアタイ達を| 信じてくれるのね?」
0xc0800	43	「もちろんです!」
0xc0800	44	「有り難う…ルカちゃん」
0xc0800	45	「やれやれ…短い| 休息じゃったな。@ じゃが…不思議じゃのう| ちっともおっくうでは| ないわい!」
0xc0800	46	「さて、久しぶりに| 暴れてやるかな!」
0xc0800	47	「まずはねずみ男の奴を| とっちめてやらないとね!」
0xc0800	48	「ぬりかべ~~!」
0xc0800	49	「そうときまれば| 急ぐでごわすよ!」
0xc0800	50	「鬼太郎、準傭はいいか?」
0xc0800	51	「はい!」
0xc0800	52	「じゃあ、行きましょ!」
0xc0800	53	「お~~~う!」
0xc0800	54	(ギーガは…情報を操る事で| 僕達の信頼を崩してみせた。
0xc0800	55	 だけど…それでも僕を| 信じてくれる人はいる。| 必要としている人や妖怪がいる。
0xc0800	56	 僕はひとまず彼に勝ったと| 言えるのかもしれない。
0xc0800	57	 でも安心はできない。| ギーガはまたきっと現れる。
0xc0800	58	 そして…情報を本当の事だと| 思いこんでしまう人々を陥れて| 何かを企んでくるだろう。
0xc0800	59	 その時僕やみんなは…| 奴の情報操作を| はねのけられるだろうか?
0xc0800	60	 それとも…今度こそ| まんまと驪されてしまう| のだろうか…
0xc0800	61	 あるいは…もうすでに…)
0xc0800	1024	開癸中
0xc2800	0	「む…鬼太郎! これは?」
0xc2800	1	「さっき通った時とまるで| 雰囲気が違いますね、| 父さん。@ 病院中に妖気が充満している| みたいです」
0xc2800	2	「やはり、この病院は何かの妖怪に| 完全に支配されとるようじゃな。@ 注意していくんじゃ、| 鬼太郎」
0xc2800	3	「はい、わかりました!」
0xc2800	4	「うむ、開きそうもないのう」
0xc2800	5	「どんどん妖気が強くなっていますね、| 父さん」
0xc2800	6	「なにが起こるかわからん。| 気をつけていくのじゃ、| 鬼太郎」
0xc2800	7	「ただならぬ妖気じゃ、| 彼奴にかかわらずに先に進むのじゃ」
0xc2800	8	「何でしょう、あれは…」
0xc2800	9	「ただならぬ妖気じゃ、ひとまず| そこの部屋に隠れるんじゃ、鬼太郎」
0xc2800	10	「分かりました。父さん」
0xc2800	11	「なにおしておる、早く隠れんか」
0xc2800	12	「見つかると厄介じゃ| じっとしておるのじゃ鬼太郎」
0xc2800	13	「解かりました、父さん」
0xc2800	14	「じっとしておるのじゃ鬼太郎」
0xc2800	15	「すみません」
0xc2800	16	「どうやらやり過ごせたようですね」
0xc2800	17	「そのようじゃな」
0xc2800	18	「鬼太郎、竇が開いたようじゃぞ」
0xc2800	19	「父さん、竇がかかっています」
0xc2800	20	「な、なんじゃと」
0xc2800	21	「やっぱりあかないようです」
0xc2800	22	「うっ、くぅ」
0xc2800	23	「大丈夫か、鬼太郎」
0xc2800	24	「大丈夫です、父さん」
0xc2800	25	「そうか」
0xc2800	26	「父さん、あそこから出られそうです」
0xc2800	27	「先を急ぐんじゃ、鬼太郎」
0xc2800	28	「なにをしておる鬼太郎、| 早く逃げるのじゃっ!」
0xc2800	29	「父さん、竇がかかっています」
0xc2800	30	「な、なんじゃと」
0xc2800	31	「やっぱりあかないようです」
0xc2800	1024	開癸中
0xc3800	0	「この地下道という奴は| 入り組んでおるな…| 道はこっちであっとるのか?」
0xc3800	1	「地図によれば…| 僕らが選んだルートは| これで間違いない筈です」
0xc3800	2	「しかし…ルカちゃんも| 地下からワシらを東京に侵入| させようとは考えたな。@ ブリガドーン現象が最も| 効果を癸揮するのは、霧に| 覆われた地上部分じゃ。@ こうして地下から侵入すれば| 中心部まで行ける可能性は| 確かにある」
0xc3800	3	「それでその…〝ブリガドーン"| っていうのは具体的にいうと| どんなものなんですか?」
0xc3800	4	「おお、そうか。| 鬼太郎にはまだ教えて| いなかったかのう?@ 強い霊素で生み出した濃く分厚い| 霧の壁の事じゃ。@ その霧に覆われた地城は、| 当日夢の様な世界となる…| それがブリガドーン現象じゃ」
0xc3800	5	「当日夢のような…世界?」
0xc3800	6	「うむ、平たくいうと妖怪の世界| とでも言えば良いかのう?@ とにかく、あの霧の内側は| もう東京であって東京ではない、| 〝異空間"じゃ。@ そして…このままあの怪気象が| どんどん広がって、日本中を| 覆うような事になれば…」
0xc3800	7	「日本は…壊滅ですね」
0xc3800	8	「うむ、じゃが、| さっきも言ったとおり、| 怪気象を取り除く方法はある。@ 東京に怪気象を定着させとる| 〝妖気定着装置"を| 止めればいいんじゃ!」
0xc3800	9	「ルカちゃんの調べでは| 怪気象はタワーを| 中心に癸生しているそうです。@ 妖気定着装置が| あるとすれば…そこに| 間違いないでしょうね」
0xc3800	10	「うむ、あのように高い場所なら| うってつけじゃろうしな」
0xc3800	11	「しかしルカちゃんの| お父さんは、さすが土木関係の| 会社の社長さんですね。@ この複雑な東京の下水道や| 人が通れる場所を熟知していて| すぐ地図をかいてくれました。@ 彼女がいてくれて| 本当に助かりますね」
0xc3800	12	「うむ、妖怪勲章ものじゃな!」
0xc3800	13	「む…」
0xc3800	14	「どうした、鬼太郎?」
0xc3800	15	「ここから先は…| うかつに進まない方が| 良さそうですね」
0xc3800	16	「う…! 風にのって妖気が?」
0xc3800	17	「確かに…いかに地下といえど| 怪気象の中心部近くじゃ。@ この先は…〝妖怪の世界"| じゃな。その地図もこの先では| 役に立つまい」
0xc3800	18	「悪い妖怪が…待ち受けて| いるんでしょうか…?」
0xc3800	19	「わからんが…世界妖怪達の手下に| 限らず、怪気象の中では何が| 出現してもおかしくない。@ 万が一どこかの道がふさがって| いた時でも、誰かが中心部まで| たどり着けるよう考えて@ 教えてもらった幾つかの| ルートの中から各自別の道を| 進む事にしたんじゃが…@ そうして正解じゃったかも| 知れん。とにかく気をつけて| 進まねばなるまい」
0xc3800	20	「はい!」
0xc3800	21	「やっと救け出せたようじゃの」
0xc3800	22	「父さん、| この糅子で地上に出られそうです」
0xc3800	23	「よし、この糅子を使って| 地上に上がるんじゃ」
0xc3800	24	「父さん、開きません!」
0xc3800	25	「何じゃと、他をあたるんじゃ!」
0xc3800	26	「やっぱり開かないようです」
0xc3800	27	「この空間は何なのでしょう」
0xc3800	28	「うむ、一体東京はどうなっとるのじゃ」
0xc3800	29	「扉がありますよ」
0xc3800	30	「他に道はない。| とにかく行ってみるんじゃ」
0xc3800	31	「鬼太郎、ここを通っていくのか?」
0xc3800	32	「ちょっとまって下さい……」
0xc3800	33	「………………………」
0xc3800	34	「父さん、あそこに明かりが…」
0xc3800	35	「うむ、あれか…」
0xc3800	36	「多分あそこから救けられるはずです」
0xc3800	37	「よし、行ってみるのじゃ」
0xc3800	38	(…今のは…)
0xc3800	39	「ん?」
0xc3800	40	「なんじゃこの妖気は…」
0xc3800	41	「鬼太郎、| 早くここから出るのじゃ!」
0xc3800	42	「はい、父さん」
0xc3800	43	「父さん、今の…」
0xc3800	44	「うむ、先を急ぐのじゃ!」
0xc3800	45	「鬼太郎、あそこを見てみろ」
0xc3800	46	「かすかに妖気を感じます」
0xc3800	47	「調べてみるんじゃ」
0xc3800	48	(確かに妖気を感じる)
0xc3800	49	「父さん、この壁の向こうに| 何かあるみたいです」
0xc3800	50	「よし鬼太郎、その壁を壊してみろ」
0xc3800	51	「やってみます」
0xc3800	52	「壊れないな…」
0xc3800	53	「鬼太郎!| 早くこの壁を| ブチやぶるのじゃ」
0xc3800	54	「父さん、これは…」
0xc3800	55	「扉…のようじゃな」
0xc3800	56	「父さん、ものすごい妖気です」
0xc3800	57	「何かわけありの扉の様じゃが…| とはいっても先に進むしかあるまい」
0xc3800	58	「かたいな…」
0xc3800	59	「父さん!」
0xc3800	60	「気をつけて進むのじゃ| 鬼太郎」
0xc3800	61	「ここは…」
0xc3800	62	「どうやらここは昔の慕場のようじゃな」
0xc3800	63	「おおかた地下水道を作るときに、| でてきたんじゃろう」
0xc3800	64	「だから封鰯されていたんですね」
0xc3800	65	「む…………」
0xc3800	66	「!?」
0xc3800	67	「鬼太郎! 何かきおったぞ!」
0xc3800	68	「いかん!   怪気象の影響を| モロにうけてしまっておる」
0xc3800	69	「すごい妖気です!   父さん」
0xc3800	70	「鬼太郎!| 早くここから立ち去るのじゃ」
0xc3800	71	「はい、父さん」
0xc3800	1024	開癸中
0xc5000	0	21世紀になって…|早いものでもう数年が経った。
0xc5000	1	厘の上では時代は新しくなったが…|世の中は何にも変わっちゃいない。
0xc5000	2	確かに、高層ビルの数は|すごい勢いで増え続けている。
0xc5000	3	科学だって癸展した。
0xc5000	4	だけど…人間はこの時代になっても|何にも進歩しちゃいない。
0xc5000	5	国と国の争いは未だ続いているし、|若者の心もあれていく一方だ。
0xc5000	6	むしろ…昔より|悪くなってるんじゃないかな…?
0xc5000	7	人間の世界が|バランスを失っているのなら…
0xc5000	8	永い永い時間、人間と共に生きてきた|〝彼ら"は大人しくしているだろうか?
0xc5000	9	おや…停電かな?
0xc5000	10	…………………………
0xc5000	11	人間達は彼らの住処を奪い、|我がもの顔で慕らしてきた。
0xc5000	12	今では彼らの存在を…|信じない人も多いだろう。
0xc5000	13	だが、彼らはいる。
0xc5000	14	むしろこんな今だからこそ、彼らは|人間世界をねらってくるかもしれない…
0xc5000	15	この危険を伝えて|おかなければならないな。
0xc5000	16	彼らに…〝妖怪"を相手にできる、|最も頼もしい人物に…!
0xc5000	17	だめだ…便せんも封筒も|切らしていたか…
0xc5000	18	…ああ! そうだった。今はそんなモノが|なくても連絡が取れる時代だったな。
0xc5000	19	 ぜんりゃく
0xc5000	20	 前略
0xc5000	21	 前略 げげげのきたろうさま
0xc5000	22	 前略 ゲゲゲの鬼太郎様
0xc5000	23	「ふ~、生き返るわい!」
0xc5000	24	「父さん、湯加減はどうですか?」
0xc5000	25	「うむ、今の季節はこのぐらいで| 丁度いい、文句無しじゃ!@ 完全にお茶蜿風呂の| 〝コツ"を掴んだの…鬼太郎!」
0xc5000	26	「最近、退屈してましたからね。@ おかげですっかり父さんの| お風呂の用意が| 得意になっちゃいましたよ」
0xc5000	27	「うむ、昔と比べれば、| 確かに妖怪関係の| 事件の数は減っとる。@ 人間と自然との距離が広がって、| 妖怪と接触する機会が減った| からじゃろう」
0xc5000	28	「そうですね…寂しい話ですけど。| でも、事件が少ないのは| いい事ですよね」
0xc5000	29	「うむ…そうじゃな」
0xc5000	30	(殺伐としたニュースは相変わらず| 多いけど…妖怪絡みの事件は| なさそうだな…)
0xc5000	31	「鬼太郎。| 前から聞こうと| 思っとったんじゃが…@ そのカチカチやっている| モノはなんじゃ?| 新しい妖怪TVか?」
0xc5000	32	「えっ? ああ、これですか。| これは妖怪パソコンですよ」
0xc5000	33	「ほう、それがパソコンという| モノか。で、何をやって| おるんじゃ?」
0xc5000	34	「妖怪ネットで事件を調べて| いるんです」
0xc5000	35	「妖怪ネット?」
0xc5000	36	「ええ。今はインターネットで| いながらにして世界中の| 情報が見られますからね」
0xc5000	37	「……鬼太郎。近頃しょっちゅう、| そのパソコンとやらの前に| 座っとる様じゃが…」
0xc5000	38	「色々と便利ですからね。| どうです、父さんもやって| みますか?」
0xc5000	39	「……………………鬼太郎、| そこに座れ」
0xc5000	40	「どうかしましたか| 父さん?」
0xc5000	41	「いいから座るんじゃ!」
0xc5000	42	「と、父さん?」
0xc5000	43	「へへへ、邪魔するぜ、鬼太郎!」
0xc5000	44	「うわ!」
0xc5000	45	「あ、父さん!」
0xc5000	46	「おっと、いたのか親父!」
0xc5000	47	「いたのかじゃないわい!」
0xc5000	48	「わりいわりい。| そう怒んなさんなって。
0xc5000	49	 それより鬼太郎ちゃん。| いい物持ってきてやったんだよ」
0xc5000	50	「いいもの?| うさん臭いな」
0xc5000	51	「じゃ~ん! こ<87>れ<87>だ!」
0xc5000	52	「なんだ…ただの| 妖怪携帯電話じゃないか」
0xc5000	53	「かぁ~っ、| 相変わらず遅れてるね~| 鬼太郎ちゃん!@ これぞ妖怪TVのCMでおなじみ| Yモード対応、最新携帯端末| 〝M齷666y"だ!@ 音楽配信対応で、| 写真も標れりゃ| 着せ替えもOK!@ TV電話機能とGPSもついて| 折畳んでもこの薄さ!@ ど~よキタちゃん。| 欲しくなあい~~~?」
0xc5000	54	「お前、まだ電話会社の| セールスマンを続けてたのか…| 僕にはそんなものは必要ない。@ 大体お前の持ってくるものに| ろくなものはないからな。| とっとと帰ってくれ!」
0xc5000	55	「と、〝とっとと帰れ"だと?| この懸郎! 下手にでてりゃ| いい気になりやがって…@ そこにあるパソコンを安く譲って| やった恩をわすれたのかよ!」
0xc5000	56	「なにが〝譲ってやった恩"だ。| お前が携帯の使い過ぎで、| 生活費がなくなったから@ 引き取ってくれって| 泣きついてきたんじゃないか!」
0xc5000	57	「うぐっ、くそ! 口答えばっかり| しやがって…もう勘弁ならねえ!| これでもくらえ!」
0xc5000	58	「うわ!| や…やったな、この!」
0xc5000	59	「いて! ち、ちっくしょ~!」
0xc5000	60	「え~い! やめんか騒々しい!| ケンカするなら二人共出て行け!」
0xc5000	61	「と、父さん!? そんな!| どうして僕まで?」
0xc5000	62	「うるさい! とにかく| 出て行けと言ったら出て行け~!」
0xc5000	63	「待ってくださいよ、父さん。| まだ調べものの途中なんです。@ せめてインターネットで集めた| 妖怪の情報だけでも| 確認させてください」
0xc5000	64	「そうだぜ、俺だって| 携帯の契約とらねえと| 今月の支錨いが…」
0xc5000	65	「う<87>る<87>さ~い! だまらんか!| 何が〝インターネット"じゃ!| 何が〝携帯電話"じゃ!@ どいつもこいつも| 全くなげかわしい!@ 調べたい事があるなら| 自分の足で| 直接調べたらどうじゃ!」
0xc5000	66	「で、でも!」
0xc5000	67	「ワシは不輸快じゃ。| なんでもいいから二人共| いますぐここから出て行け~!」
0xc5000	68	「鬼太郎、お前の親父は| 相変わらず頭が堅えなぁ。@ お前の気苦勞は、俺には| 痛い程わかるぜ~!」
0xc5000	69	「……よく言うよ」
0xc5000	70	「お前もあんな親父が家で| 見張ってたんじゃあおちおち| ネットも出来やしねえな。
0xc5000	71	 あぁっ! そうだ!| ここに鬼太郎ちゃんに持って| きた携帯があるじゃねぇか!@ しかも最新式でネットもOK!| やっぱ、鬼太郎、こりゃお前が| 持つ運傘なんだよ~!」
0xc5000	72	「いちいち当々しいんだよ!| とにかく買わないったら| 買わないからな!」
0xc5000	73	「鬼太郎~!!」
0xc5000	74	「ゲ! この声は…!?」
0xc5000	75	「良かった、| ここにいたのね鬼太郎!」
0xc5000	76	「どうしたんだ、猫餅」
0xc5000	77	「あ~! あんた!| ここで何してんのよ!@ 汚い身体で鬼太郎に| 近づかないでって| いったでしょう!」
0xc5000	78	「ヘン! 俺は鬼太郎と| 〝ビ<87>ジ<87>ネ<87>ス"の話を| してるんだ。@ お前こそあっち行ってろ!」
0xc5000	79	「何がビ<87>ジ<87>ネ<87>スよ!| …あら! ちょっとその携帯…| 一番新しいヤツじゃない!
0xc5000	80	 丁度よかったわ、今使ってる| アタイのとタダで| 取り替えなさいよ!」
0xc5000	81	「バ~カ、なんでお前にタダで| やらなきゃならねぇんだよ!」
0xc5000	82	「い、いてえ~~~~~~!!!」
0xc5000	83	「誰がバカよ! この前、アタイを| 驪して旧式のポンコツ携帯| 売りつけたじゃないの!@ ゴチャゴチャ言わずに| よこしなさいよ!」
0xc5000	84	「あっ!」
0xc5000	85	「へぇ~なかなかいいじゃない!| これでこの前の事はチャラに| したげる」
0xc5000	86	「め…滅茶苦茶だぜ…」
0xc5000	87	「何よ!」
0xc5000	88	「な、なんでもねぇよ…」@(ち、こいつに逆らうと| 面倒だ。しゃあねえな…)@「ちぇ、勝手にしろ!| …じゃあな!」
0xc5000	89	「待ちなさいよ!」
0xc5000	90	「ま、まだ何かあんのかよ!?」
0xc5000	91	「もう一台持ってるでしょ。| そっちもよこしなさい!」
0xc5000	92	「げ! な、なんだって二台も| 必要なんだよ!?」
0xc5000	93	「ひ、ひえええええええ~!@ わ、わかった、わかったよ。| やりゃあいいんだろ、| やりゃあ!」
0xc5000	94	「最初から素直に出せばいいのよ」
0xc5000	95	「ちっくしょ~っ、おほえてろ~っ!」
0xc5000	96	「鬼太郎…携帯持って| なかったわよね? はい!| これ、良かったら使って!」
0xc5000	97	「え? け、けど…」
0xc5000	98	「遠慮しないで。ねずみ男には| いつも迷惑かけられてんだから| 迷惑料だと思えばいいのよ」
0xc5000	99	「そ、そうかい?| じゃあ…」
0xc5000	100	 |<妖怪携帯電話を手に入れた>
0xc5000	101	「ふふふ…これでアタイ達| おそろいの携帯電話ね!」
0xc5000	102	「あ、そうだ猫餅。| 何か僕に用事が| あったんじゃないの?」
0xc5000	103	「そうそう忘れてたわ! | 大変なの! 子なき爺が暴漢に| 襲われたんですって!」
0xc5000	104	「なんだって!?」
0xc5000	105	「今、アパートで砂かけの| オババが手当てしてるの。| 鬼太郎も行ってあげて!」
0xc5000	106	「わかった! 急ごう!」
0xc5000	1024	開癸中
