0x16000	0	21세기가 되어… 어느새 벌써 몇 해가 지났다.
0x16000	1	달력으로는 시대가 바뀌었지만… 세상은 아무것도 변하지 않았다.
0x16000	2	확실히 고층 빌딩의 수는 엄청난 기세로 계속 늘고 있다.
0x16000	3	과학도 발전했다.
0x16000	4	하지만… 인간은 이 시대가 되어도 조금도 나아지지 않았다.
0x16000	5	나라와 나라의 다툼은 여전하고, 젊은이의 마음도 거칠어져만 간다.
0x16000	6	오히려… 옛날보다 나빠진 게 아닐까…?
0x16000	7	인간의 세계가 균형을 잃고 있는 거라면…
0x16000	8	"오랜 세월 인간과 함께 살아온 ""그들""은 얌전히 있을까?"
0x16000	9	이런… 정전인가?
0x16000	10	……………………
0x16000	11	인간들은 그들의 보금자리를 빼앗고, 제 세상인 양 살아왔다.
0x16000	12	이제는 그들의 존재를… 믿지 않는 사람도 많을 것이다.
0x16000	13	하지만, 그들은 있다.
0x16000	14	오히려 지금이기에 그들은 인간 세계를 노릴지도 모른다…
0x16000	15	이 위험을 알려 두어야만 한다.
0x16000	16	"그들에게… ""요괴""를 상대할 수 있는, 가장 믿음직한 인물에게…!"
0x16000	17	안 되겠군… 편지지도 봉투도 다 떨어졌던가…
0x16000	18	…아아! 맞다. 지금은 그런 게 없어도 연락되는 시대였지.
0x16000	19	  전략
0x16000	20	  전략
0x16000	21	  전략  게게게의 키타로 님
0x16000	22	  전략  게게게의 키타로 님
0x16000	23	「후우~, 살 것 같구나!」
0x16000	24	「아버지, 물 온도는 어떠세요?」
0x16000	25	"「음, 지금 계절엔 이 정도가 딱 좋아, 나무랄 데 없구나!@완전히 밥공기 목욕의 ""요령""을 터득했구나… 키타로!」"
0x16000	26	「요즘 심심했으니까요.@덕분에 아버지 목욕 준비가 완전히 능숙해져 버렸어요」
0x16000	27	「음, 옛날과 비교하면 확실히 요괴 관련 사건 수는 줄었지.@인간과 자연의 거리가 멀어져 요괴와 마주칠 기회가 줄었기 때문이겠지」
0x16000	28	「그렇네요… 쓸쓸한 얘기지만. 그래도 사건이 적은 건 좋은 일이죠」
0x16000	29	「음… 그렇구나」
0x16000	30	(살벌한 뉴스는 여전히 많지만… 요괴가 얽힌 사건은 없는 것 같군…)
0x16000	31	「키타로. 전부터 물어보려 했다만…@그 딸깍딸깍하는 물건은 무엇이냐? 새로운 요괴 TV냐?」
0x16000	32	「네? 아아, 이거요. 이건 요괴 컴퓨터예요」
0x16000	33	「호오, 그게 컴퓨터라는 물건이냐. 그래서 무엇을 하고 있느냐?」
0x16000	34	「요괴넷으로 사건을 조사하고 있어요」
0x16000	35	「요괴넷?」
0x16000	36	「네. 지금은 인터넷으로 앉은 자리에서 온 세상의 정보를 볼 수 있으니까요」
0x16000	37	「…… 키타로. 요즘 자주, 그 컴퓨터인지 뭔지 앞에 앉아 있는 것 같다만…」
0x00000	1	이동
0x00000	2	공격
0x00000	3	도구
0x00000	4	설득
0x00000	5	능력
0x00000	6	안테나
0x00000	7	대기
0x00000	8	소화
0x00000	9	구조
0x00000	10	조사
0x01000	0	키타로
0x01000	1	눈알아버지
0x01000	2	쥐인간
0x01000	3	모래뿌리기할멈
0x01000	4	아기울음영감
0x01000	5	고양이소녀
0x01000	6	이탄모멘
0x01000	7	누리카베
0x01000	8	시사
0x01000	9	두레박불
0x01000	10	오보로구루마
0x01000	11	우산요괴
0x01000	12	가뭄신
0x01000	13	와뉴도
0x01000	14	우귀
0x01000	15	카타키라우와
0x01000	16	수달
0x01000	17	붉은혀
0x01000	18	누케쿠비
0x01000	19	해골여인
0x01000	20	해골
0x01000	21	큰머리
0x01000	22	검은중
0x01000	23	우부메
0x01000	24	큰지네
0x01000	25	호우코우
0x01000	26	호우코우(화)
0x01000	27	호우코우(수)
0x01000	28	호우코우(풍)
0x01000	29	호우코우(지)
0x01000	30	만년죽
0x01000	31	요괴죽
0x01000	32	대나무너구리
0x01000	33	쥐인간
0x01000	34	접이식 뉴도
0x01000	35	거울사자
0x01000	36	다이다라봇치
0x01000	37	다이다라봇치눈
0x01000	38	다이다라봇치입
0x01000	39	다이다라봇치코
0x01000	40	다이다라봇치뇌
0x01000	41	다이다라봇치교신자
0x01000	42	다이다라봇치교교주
0x01000	43	누라리횬
0x07000	11	데이터 로드
0x07000	12	데이터 세이브
0x16000	38	「여러모로 편리하니까요. 어떠세요, 아버지도 한번 해 보시겠어요?」
0x16000	39	「…………… 키타로, 거기 앉아라」
0x16000	40	「무슨 일이세요 아버지?」
0x16000	41	「잔말 말고 앉거라!」
0x16000	42	「아, 아버지?」
0x16000	43	「헤헤헤, 실례한다, 키타로!」
0x16000	44	「우와!」
0x16000	45	「앗, 아버지!」
0x16000	46	「이런, 계셨습니까 영감님!」
0x16000	47	「계셨냐니 그게 무슨 말이냐!」
0x16000	48	「미안 미안. 그렇게 화내지 마시라고.
0x16000	49	 그것보다 키타로. 좋은 물건 가져왔다고」
0x16000	50	「좋은 물건? 수상쩍은데」
0x16000	51	「짜잔! 바로 이거다!」
0x16000	52	「뭐야… 그냥 요괴 휴대전화잖아」
0x16000	53	"「크~, 여전히 뒤처졌구나~ 키타로!@이거야말로 요괴TV 광고로 유명한 Y모드 지원 최신 휴대 단말 ""M666y""다!@음악 다운로드 지원에 사진도 찍히고 껍데기도 바꿀 수 있어!@영상통화 기능에 GPS까지 달렸는데 접으면 이 두께!@어떠냐 키타로. 갖고 싶지 않냐~~~?」"
0x16000	54	「너, 아직도 통신사 영업을 하고 있었냐… 나한텐 그런 거 필요 없어.@애초에 네가 가져오는 물건에 제대로 된 게 없으니까. 냉큼 돌아가!」
0x16000	55	"「나, ""냉큼 돌아가""라고? 이 자식! 좀 봐줬더니 기어오르는군…@거기 있는 컴퓨터 싸게 넘겨준 은혜를 잊었냐!」"
0x16000	56	"「무슨 ""넘겨준 은혜""야. 네가 휴대폰을 너무 써서 생활비가 떨어지니까@가져가 달라고 울며 매달렸잖아!」"
0x16000	57	「으윽, 젠장! 말대꾸만 해대고… 더는 못 참겠다! 이거나 먹어라!」
0x16000	58	「우와! 이, 이 자식이!」
0x16000	59	「아야! 제, 제기랄~!」
0x16000	60	「에잇! 시끄럽다 그만두지 못하겠느냐! 싸울 거면 둘 다 나가거라!」
0x16000	61	「아, 아버지!? 그런! 어째서 저까지요?」
0x16000	62	「시끄럽다! 아무튼 나가라면 나가거라~!」
0x16000	63	「기다려 주세요, 아버지. 아직 조사하던 중이에요.@하다못해 인터넷으로 모은 요괴 정보만이라도 확인하게 해 주세요」
0x16000	64	「맞아요, 나도 휴대폰 계약 못 따면 이번 달 결제가…」
0x16000	65	"「시끄럽다~! 조용히 못 하겠느냐! 무슨 ""인터넷""이냐! 무슨 ""휴대전화""냐!@이놈이나 저놈이나 참으로 한심하구나!@알아볼 것이 있으면 제 발로 직접 알아보면 될 것 아니냐!」"
0x16000	66	「하, 하지만!」
0x16000	67	「난 불쾌하다. 아무래도 좋으니 둘 다 당장 여기서 나가거라~!」
0x16000	68	「키타로, 네 아버지는 여전히 고집이 세구나.@네 마음고생은 내가 뼈저리게 안다고~!」
0x16000	69	「…… 말은 잘하는군」
0x16000	70	「너도 저런 아버지가 집에서 지켜보고 있으면 마음 놓고 인터넷도 못 하겠다.
0x16000	71	 아앗! 맞다! 여기 키타로한테 가져온 휴대폰이 있잖아!@게다가 최신형이라 인터넷도 되고! 역시 키타로, 이건 네가 가질 운명인 거야~!」
0x16000	72	「일일이 뻔뻔스럽구나! 아무튼 안 산다면 안 사!」
0x16000	73	「키타로~!!」
0x16000	74	「헉! 이 목소리는…!?」
0x16000	75	「다행이다, 여기 있었구나 키타로!」
0x16000	76	「무슨 일이야, 고양이소녀」
0x16000	77	「아~! 너! 여기서 뭐 하는 거야!@더러운 몸으로 키타로한테 다가오지 말라고 했잖아!」
0x16000	78	"「흥! 난 키타로랑 ""비즈니스"" 얘기 중이야.@네가 저리 가!」"
0x16000	79	「무슨 비즈니스야! …어라! 잠깐 그 휴대폰… 제일 최신형이잖아!
0x16000	80	 마침 잘됐네, 지금 쓰는 내 것이랑 공짜로 바꿔 줘!」
0x16000	81	「바~보, 왜 너한테 공짜로 줘야 하는데!」
0x16000	82	「아, 아파~~~~~~!!!」
0x16000	83	「누가 바보야! 저번에 나 속여서 구식 고물 휴대폰 팔아넘겼잖아!@이러쿵저러쿵 말 말고 내놔!」
0x16000	84	「앗!」
0x16000	85	「오~ 제법 괜찮잖아! 이걸로 저번 일은 없던 걸로 해 줄게」
0x16000	86	「어… 엉망진창이군…」
0x16000	87	「뭐야!」
0x16000	88	「아, 아무것도 아니야…」@(쳇, 이 녀석한테 대들면 귀찮아진다. 어쩔 수 없지…)@「쳇, 마음대로 해라! …그럼 이만!」
0x16000	89	「기다려!」
0x16000	90	「또, 또 뭐가 있는 거야!?」
0x16000	91	「한 대 더 갖고 있잖아. 그것도 내놔!」
0x16000	92	「헉! 어, 어째서 두 대나 필요한 건데!?」
0x16000	93	「히, 히이이이이익~!@아, 알았어, 알았다고. 주면 되잖아, 주면!」
0x16000	94	「처음부터 순순히 내놓으면 될 것을」
0x16000	95	「제기랄~, 두고 보자~!」
0x16000	96	「키타로… 휴대폰 없었지? 자! 이거, 괜찮으면 써!」
0x16000	97	「어? 하, 하지만…」
0x16000	98	「사양하지 마. 쥐인간 때문에 늘 피해를 보고 있으니 위자료라고 생각하면 돼」
0x16000	99	「그, 그런가? 그럼…」
0x16000	100	 <요괴 휴대전화를 손에 넣었다>
0x16000	101	「후후후… 이걸로 우리 둘 커플 휴대폰이네!」
0x16000	102	「아, 맞다 고양이소녀. 나한테 무슨 볼일이 있었던 거 아니야?」
0x16000	103	「맞다 깜빡했네! 큰일이야! 아기울음영감이 괴한한테 습격당했대!」
0x16000	104	「뭐라고!?」
0x16000	105	「지금 아파트에서 모래뿌리기할멈이 치료하고 있어. 키타로도 가 봐!」
0x16000	106	「알았어! 서두르자!」
0x16000	1024	개발중
0x00000	16	능력
0x00000	17	장비 요괴
0x00000	18	무기/기술
0x00000	19	장비 아이템
0x00000	22	승리 조건
0x00000	23	패배 조건
0x00000	24	사운드
0x00000	25	음성
0x00000	26	진동
0x00000	27	전투 애니메이션
0x00000	28	칸 표시
0x00000	29	대화 건너뛰기
0x00000	30	화면 조정
0x00000	32	턴째
0x00000	33	높이
0x00000	36	경험치 
0x00000	37	 획득!
0x00000	38	, 
0x00000	39	레벨
0x00000	40	 달성!
0x00000	48	명중률
0x00000	49	반격 선택
0x00000	50	공격 개시
0x00000	51	회피
0x00000	52	방어
0x00000	53	영력
0x00000	57	스테레오
0x00000	58	모노럴
0x00000	59	있음
0x00000	60	없음
0x00000	61	이 대화를 건너뛰시겠습니까? 예/아니오
0x00000	64	전투 개시
0x00000	65	공격 선택
0x00000	66	회피
0x00000	67	방어
0x00000	68	애니메이션 있음
0x00000	69	애니메이션 없음
0x00000	72	조작 가능
0x00000	73	적극적으로
0x00000	74	효율적으로
0x00000	75	반격 안 함
0x00000	76	반드시 방어
0x00000	80	체력순
0x00000	81	영력순
0x00000	82	레벨순
0x00000	83	종류순
0x00000	84	속성순
0x00000	85	가나다순
0x00000	88	반격 행동을 직접 선택합니다.
0x00000	89	적의 공격으로 체력이 0이 될 수 있는 캐릭터 외에는 반격합니다. 0이 될 경우 회피나 방어를 합니다.
0x00000	90	자신보다 레벨이 높은 캐릭터에게만 반격합니다. 체력이 0이 될 경우에는 회피나 방어를 합니다.
0x00000	91	반격은 일절 하지 않고, 회피 확률이 있으면 회피하고 낮을 경우에는 방어합니다.
0x00000	92	반격은 일절 하지 않고 반드시 방어합니다.
0x00000	96	페이즈를 종료하시겠습니까?
0x00000	97	행동하지 않은 캐릭터가
0x00000	98	명 있습니다. 페이즈를 종료하시겠습니까?
0x00000	100	예|아니오
0x00000	104	페이즈 종료
0x00000	105	동료 목록
0x00000	106	반격 명령
0x00000	107	작전 목적
0x00000	108	요괴 휴대전화
0x00000	109	전체 지도
0x00000	110	설정
0x00000	111	기록
0x00000	112	중앙병원
0x00000	120	사운드의 스테레오/모노럴을 전환합니다.
0x00000	121	음성 재생 여부를 전환합니다.
0x00000	122	진동 기능 여부를 전환합니다.
0x00000	123	전투 애니메이션 여부를 전환합니다.
0x00000	124	맵의 칸 표시 여부를 전환합니다.
0x00000	125	대화 건너뛰기 여부를 전환합니다.
0x00000	126	화면의 명암을 조정할 수 있습니다.
0x00000	127	층
0x00000	129	요기
0x00000	130	체력
0x00000	131	영력
0x00000	132	방어
0x00000	133	이동
0x00000	134	명중
0x00000	135	회피
0x00000	136	경험치
0x00000	137	다음 LV
0x00000	146	다음 LV까지
0x00000	148	공격
0x00000	153	이 도구를 구입하시겠습니까?    예/아니오
0x00000	154	이 도구를 매각하시겠습니까?    예/아니오
0x00000	155	장착 중인 아이템은 매각할 수 없습니다.
0x00000	156	도구 장착|장비 요괴|도구 목록
0x00000	157	    미등록
0x00000	158	장착한 도구를 해제
0x00000	159	장착되어 있는 도구를 해제합니다.
0x00000	160	공격
0x00000	161	사거리
0x00000	162	공격력
0x00000	163	필요 요기
0x00000	164	소비 영력
0x00000	165	남은 탄수
0x00000	166	명중 보정
0x00000	167	반격 불가
0x00000	168	회피
0x00000	169	방어
0x00000	170	영력 충전
0x00000	171	보너스 금액
0x00000	172	인명구조 포인트 획득!
0x00000	173	획득 인명구조 포인트
0x00000	174	보너스 경험치
0x00000	175	누적 인명구조 포인트
0x00000	176	금액
0x00000	177	합계 금액
0x00000	178	남은 소지금
0x00000	180	치료할 요괴
0x00000	181	같은 계통의 아이템은 2개 이상 장착할 수 없습니다.
0x00000	182	기술이 없습니다.
0x00000	183	능력
0x00000	184	동료 목록
0x00000	185	출격 선택
0x00000	190	화면 명암 조정
0x00000	191	막간 화면
0x00000	192	기록
0x00000	193	능력
0x00000	194	도구
0x00000	195	설정
0x00000	196	요괴 컴퓨터
0x00000	197	요괴 휴대전화
0x00000	198	특전
0x00000	199	다음 이야기로
0x00000	200	현재 상태를 저장할 수 있습니다. 저장하면 그 상태에서 다시 시작할 수 있습니다.
0x00000	201	동료의 능력을 볼 수 있습니다.
0x00000	202	도구를 장착하거나 도구 목록을 확인할 수 있습니다.
0x00000	203	설정을 변경할 수 있습니다.
0x00000	205	인터넷으로 쇼핑이나 정보 수집을 할 수 있습니다.
0x00000	206	게임 음악을 듣거나 이미지를 볼 수 있습니다.
0x00000	207	다음 이야기로 진행합니다.
0x00000	208	게게게의 숲
0x00000	209	키타로의 집
0x00000	210	요괴 아파트
0x00000	211	무비 컬렉션
0x00000	212	요괴 오디오
0x00000	215	키타로의 집
0x00000	216	무비 컬렉션
0x00000	217	이벤트 컷 컬렉션
0x00000	218	요괴 오디오
0x00000	219	요괴 대도감
0x00000	220	요괴 컴퓨터
0x00000	221	요괴 아파트
0x00000	224	야마노테장
0x00000	225	히라노장
0x00000	226	카와베장
0x00000	227	스카이하이츠
0x00000	231	이벤트 컷 감상이나 요괴 컴퓨터를 통한 정보 수집 등을 할 수 있습니다.
0x00000	232	게임에서 만난 요괴들의 3D 모델 데이터를 자유롭게 감상할 수 있습니다.
0x00000	236	다시 도전한다|타이틀 화면으로
0x00000	244	    지금은 사용할 수 없습니다
0x00000	245	 장착할 수 있는 요괴가 없습니다
0x00000	246	    이 요괴로 하시겠습니까?
0x00000	247	   예/아니오
0x00000	248	장비 요괴 선택
0x00000	249	경험치
0x00000	250	다음 LV까지
0x00000	252	명중
0x00000	254	장비 요괴 해제
0x00000	256	이름
0x00000	257	종류
0x00000	258	개수
0x00000	259	도구
0x00000	260	 획득!
0x00000	262	 획득!
0x00000	263	 잃었다
0x00000	264	체력 회복
0x00000	265	영력 회복
0x00000	266	체력/영력 회복
0x00000	267	상태 회복
0x00000	268	공격 강화
0x00000	269	방어 강화
0x00000	270	명중 강화
0x00000	271	회피 강화
0x00000	272	사거리 증가
0x00000	273	이동 증가
0x00000	274	무기
0x00000	275	특수
0x00000	287	호실
0x00000	305	오프닝 ~게게게의 키타로~
0x00000	306	게게게의 숲으로 가는 괴이한 길
0x00000	307	발생! 전율의 괴기상
0x00000	308	검은 파도… 절해의 기가 성
0x00000	309	제호의 조소 - 후지산 기슭 치 성
0x00000	310	스태프 롤
0x00000	319	개발중
0x06000	0	우부메와 만년죽을 쓰러뜨린다
0x06000	1	고양이소녀를 막는다
0x06000	2	적 전멸
0x06000	3	누케쿠비를 쓰러뜨린다
0x06000	4	대나무너구리를 쓰러뜨린다
0x06000	5	무지나 격파
0x06000	6	큰머리 격파
0x06000	7	빼앗긴 생기 탈환
0x06000	8	백베어드 격파
0x06000	9	큰 돼지 격파
0x06000	10	고곤 격파
0x06000	11	늑대인간 격파
0x06000	12	부엘 격퇴
0x06000	13	스위치 작동
0x06000	14	오보로구루마 격퇴
0x06000	15	가샤도쿠로 격퇴
0x06000	16	누라리횬 격파
0x06000	17	진짜 박쥐고양이 격파
0x06000	18	치 격파
0x06000	19	보자이 격파
0x06000	20	드라큘라 격파
0x06000	21	기가 격파
0x06000	22	다이다라봇치 격파
0x06000	23	요괴수 격파
0x06000	24	진짜 백베어드 격파
0x06000	25	눗페라보 격파
0x06000	26	거대 눗페라보 격파
0x06000	27	거울사자 격파
0x06000	28	라그레시아 격파
0x06000	29	진짜 라그레시아 격파
0x06000	30	우귀 격파
0x06000	31	카리카 격파
0x06000	32	진짜 카리카 격파
0x06000	127	적 전멸
0x06000	128	키타로가 쓰러진다
0x06000	129	-키타로가 쓰러진다|-13턴째 적 행동까지 승리 조건을 달성하지 못한 경우
0x06000	130	고양이소녀가 쓰러진다
0x06000	131	-키타로가 쓰러진다|-악마 소환 발생
0x06000	132	키타로가 쓰러진다|또는 전투 가능 캐릭터 전멸
0x06000	133	-키타로가 쓰러진다|-10턴째 적 행동까지 승리 조건을 달성하지 못한 경우
0x06000	134	키타로가 쓰러진다|또는 적이 집에 인접한 경우
0x06000	135	-고양이소녀가 쓰러진다|-적이 키타로의 뼈 또는 눈알아버지에 인접한 경우
0x06000	136	-키타로가 쓰러진다|-7턴째 아군 행동까지 승리 조건을 달성하지 못한 경우
0x06000	137	-키타로가 쓰러진다|-8턴째 아군 행동까지 승리 조건을 달성하지 못한 경우
0x06000	138	-키타로가 쓰러진다|-9턴째 아군 행동까지 승리 조건을 달성하지 못한 경우
0x06000	139	-키타로가 쓰러진다|-10턴째 아군 행동까지 승리 조건을 달성하지 못한 경우
0x06000	140	-키타로가 쓰러진다|-11턴째 아군 행동까지 승리 조건을 달성하지 못한 경우
0x06000	141	-키타로가 쓰러진다|-12턴째 아군 행동까지 승리 조건을 달성하지 못한 경우
0x06000	142	-키타로가 쓰러진다|-13턴째 아군 행동까지 승리 조건을 달성하지 못한 경우
0x06000	143	-키타로가 쓰러진다|-14턴째 아군 행동까지 승리 조건을 달성하지 못한 경우
0x06000	144	-키타로가 쓰러진다|-15턴째 아군 행동까지 승리 조건을 달성하지 못한 경우
0x06000	145	-키타로가 쓰러진다|-16턴째 아군 행동까지 승리 조건을 달성하지 못한 경우
0x06000	146	-키타로가 쓰러진다|-아군 유닛이 두 명 이하가 된다
0x06000	147	-키타로가 쓰러진다|-11턴째 아군 행동까지 승리 조건을 달성하지 못한 경우
0x06000	255	키타로가 쓰러진다
0x06000	256	　게게게의 숲
0x06000	257	　　　마을
0x06000	258	　게게게의 숲
0x06000	259	　　도쿄
0x06000	260	　　도쿄
0x06000	261	　　도쿄
0x06000	262	　　도쿄
0x06000	263	　　고찰
0x06000	264	　게게게의 숲
0x06000	265	　　은신처
0x06000	266	　게게게의 숲
0x06000	267	무지나 잠복처
0x06000	268	　　고찰
0x06000	269	　무지나 잠복처
0x06000	270	　　고찰
0x06000	271	　　　숲
0x06000	272	　　은신처
0x06000	273	　후지산 기슭
0x06000	274	무지나 잠복처
0x06000	275	　　산골 마을
0x06000	276	　　　숲
0x06000	277	　　상공
0x06000	278	　　상공
0x06000	279	　　한국
0x06000	280	　후지산 기슭
0x06000	281	　　아키요시 동굴
0x06000	282	　　산골 마을
0x06000	283	　　아키요시 동굴
0x06000	284	　　한국
0x06000	285	　　아키요시 동굴
0x06000	286	　게게게의 숲
0x06000	287	　　상공
0x06000	288	　게게게의 숲
0x06000	289	　　해상
0x06000	290	　　해저
0x06000	291	　　해안
0x06000	292	　　동굴
0x06000	293	　수상한 숲
0x06000	294	　　　숲
0x06000	295	　수상한 숲
0x06000	296	　바닷가 마을
0x06000	297	　　해상
0x06000	298	　　해상
0x06000	299	　　　마을
0x06000	300	　바닷가 마을
0x06000	301	　　해상
0x06000	302	　　　숲
0x06000	303	　　동굴
0x06000	304	　　　숲
0x06000	305	　　　숲
0x06000	306	　　　숲
0x06000	307	　　동굴
0x06000	308	　　　마을
0x06000	309	　　해상
0x06000	310	　　해상
0x06000	311	　　해상
0x06000	312	　　동굴
0x06000	313	　　교토
0x06000	314	　　　숲
0x06000	315	　　교토
0x06000	316	　　치치지마
0x06000	317	　　하하지마
0x06000	318	　게게게의 숲
0x06000	319	　　도쿄
0x06000	320	후지산 기슭 치 성
0x06000	321	후지산 기슭 치 성
0x06000	322	　기가 성
0x06000	323	　기가 성
0x06000	324	　게게게의 숲
0x06000	325	　　오소레잔
0x06000	326	　　오소레잔
0x06000	327	　　　숲
0x06000	328	　　　해상
0x06000	329	　　치치지마
0x06000	330	　　해상
0x06000	331	　　치치지마
0x05000	0	구역 밖
0x05000	1	침입 불가
0x05000	2	침입 불가
0x05000	3	흙
0x05000	4	풀
0x05000	5	자갈
0x05000	6	늪
0x05000	7	연못
0x05000	8	강
0x05000	9	바다
0x05000	10	얼음
0x05000	11	바위
0x05000	12	나무
0x05000	13	절벽
0x05000	14	길
0x05000	15	콘크리트
0x05000	16	건축 자재
0x05000	17	바닥
0x05000	18	벽
0x05000	19	벽
0x05000	20	밭
0x05000	21	논
0x05000	22	체내
0x05000	23	집
0x05000	24	사당
0x05000	25	울타리
0x05000	26	묘석
0x05000	27	석등
0x05000	28	오륜탑
0x05000	29	지장보살
0x05000	30	우물
0x05000	31	문
0x05000	32	석상
0x05000	33	통
0x05000	34	구멍
0x05000	35	항아리
0x05000	36	피의 강
0x05000	37	피의 연못
0x05000	38	석화한 나무
0x05000	39	석화한 요괴
0x05000	40	기둥
0x05000	41	불꽃
0x05000	42	감옥
0x05000	43	난간
0x05000	44	암반
0x05000	45	하늘
0x05000	46	스위치
0x05000	47	쌍안경
0x05000	48	다리
0x05000	49	낡은 다리
0x05000	50	고드름
0x05000	51	창틀
0x05000	52	톱니바퀴
0x05000	53	컴퓨터
0x05000	54	컴퓨터
0x05000	55	영기 회복 장치
0x05000	56	난간
0x05000	57	잔해
0x05000	58	계단
0x05000	59	종유석
0x05000	60	우리
0x05000	61	우리
0x05000	62	바위 바닥
0x05000	63	석화한 풀
0x05000	64	집
0x05000	65	집
0x05000	66	집
0x05000	67	집
0x05000	68	집
0x05000	69	집
0x05000	70	키타로의 집
0x05000	71	폐허
0x05000	72	감옥
0x05000	73	기둥
0x05000	74	옥좌
0x05000	75	회복 장치
0x05000	76	불꽃
0x05000	77	약액
0x05000	78	체액
0x05000	79	용수
0x05000	80	돌무덤
0x05000	81	마석
0x05000	82	마법진
0x05000	83	나무 상자
0x05000	84	나무통
0x05000	85	구멍
0x05000	86	화톳불
0x05000	87	뇌
0x05000	88	선반
0x05000	89	문
0x05000	90	책상
0x05000	91	봉인석
0x05000	92	독약
0x05000	93	천리안 약
0x05000	94	수수께끼의 점액
0x05000	95	회복약
0x05000	96	약품 병
0x05000	97	마법의 항아리
0x05000	98	뗏목
0x05000	99	분화구
0x05000	100	돌출부
0x05000	101	얼음 덩어리
0x05000	102	장작
0x05000	103	조개껍데기
0x05000	104	돌계단
0x05000	105	불탄 자리
0x05000	106	전봇대
0x05000	107	철골
0x05000	108	돌
0x05000	109	전자 장벽
0x05000	110	공중
0x05000	111	영혼의 상자
0x05000	112	거름 구덩이
0x05000	113	울타리
0x05000	114	오두막
0x05000	115	펌프
0x05000	116	바닥
0x05000	117	다리
0x05000	118	키타로의 뼈
0x05000	119	소화액
0x05000	120	잔해
0x05000	121	마법진
0x05000	122	흙
0x05000	123	마법진
0x05000	127	기타
0x05000	128	방[    ]%  명[    ]%
0x05000	256	방어
0x05000	257	명중
0x05000	260	높이
0x05000	273	체력 회복
0x05800	1	요괴 안테나
0x02000	0	더미
0x02000	1	머리카락 침
0x02000	2	리모컨 게타
0x02000	3	키타로 빙의
0x02000	4	조끼
0x02000	5	열기
0x02000	6	손가락 총
0x02000	7	리모컨 손
0x02000	8	위액
0x02000	9	까마귀 협공
0x02000	10	체내 전기 방전
0x02000	11	부자 합체 공격
0x02000	12	따귀
0x02000	13	다리걸기
0x02000	14	입냄새
0x02000	15	방귀
0x02000	16	최후의 방귀
0x02000	17	따귀
0x02000	18	왕복 따귀
0x02000	19	모래
0x02000	20	모래폭풍
0x02000	21	모래북 항아리
0x02000	22	석화
0x02000	23	박치기
0x02000	24	석화 낙하
0x02000	25	딸꾹질 옮기기
0x02000	26	발톱
0x02000	27	물어뜯기
0x02000	28	마구 할퀴기
0x02000	29	조르기
0x02000	30	찌르기
0x02000	31	무명천 베기
0x02000	32	발라 가두기
0x02000	33	쓰러뜨리기
0x02000	34	분수
0x02000	35	소용돌이
0x02000	36	몸통 박치기
0x02000	37	할퀴기
0x02000	38	드릴 공격A
0x02000	39	드릴 공격
0x02000	40	몸통 박치기
0x02000	41	분신 공격
0x02000	42	화염
0x02000	43	몸통 박치기
0x02000	44	눈속임
0x02000	45	광선
0x02000	46	다리걸기
0x02000	47	회전 공격
0x02000	48	최면 공격
0x02000	49	열선 공격
0x02000	50	따귀
0x02000	51	다리걸기
0x02000	52	열기
0x02000	53	열풍
0x02000	54	건조
0x02000	55	몸통 박치기
0x02000	56	화염
0x02000	57	탄소화 광선
0x02000	58	몸통 박치기
0x02000	59	물어뜯기
0x02000	60	발톱
0x02000	61	폭주
0x02000	62	몸통 박치기
0x02000	63	발차기
0x02000	64	낙하 공격
0x02000	65	통
0x02000	66	삿갓 던지기
0x02000	67	화염
0x02000	68	몸통 박치기
0x02000	69	삼키기
0x02000	70	날려버리기
0x02000	71	물창
0x02000	72	따귀
0x02000	73	다리걸기
0x02000	74	화염
0x02000	75	작열지옥
0x02000	76	따귀
0x02000	77	조르기
0x02000	78	뼈 날리기
0x02000	79	다리걸기
0x02000	80	물어뜯기
0x02000	81	뼈 날리기
0x02000	82	휘감기
0x02000	83	몸통 박치기
0x02000	84	돌풍
0x02000	85	물어뜯기
0x02000	86	화염
0x02000	87	생기 빨기
0x02000	88	대화염
0x02000	89	물어뜯기
0x02000	90	다리걸기
0x02000	91	안광
0x02000	92	똥
0x02000	93	독니
0x02000	94	휘감기
0x02000	95	몸통 박치기
0x02000	96	따귀
0x02000	97	물어뜯기
0x02000	98	독니 공격
0x02000	99	따귀
0x02000	100	물어뜯기
0x02000	101	화염
0x02000	102	따귀
0x02000	103	물어뜯기
0x02000	104	물살
0x02000	105	따귀
0x02000	106	물어뜯기
0x02000	107	회오리
0x02000	108	따귀
0x02000	109	물어뜯기
0x02000	110	강철탄
0x02000	111	조르기
0x02000	112	조릿대 채찍
0x02000	113	생기 흡수
0x02000	114	생기 흡수
0x02000	115	다리걸기
0x02000	116	조릿대 후려치기
0x02000	117	흡혈
0x02000	118	조릿대 권총
0x02000	119	빨아들이기
0x02000	120	따귀
0x02000	121	다리걸기
0x02000	122	몸통 박치기
0x02000	123	후려치기
0x02000	124	물어뜯기
0x02000	125	박치기
0x02000	126	몸통 박치기
0x02000	127	박치기
0x02000	128	환영
0x02000	129	따귀
0x02000	130	다리걸기
0x02000	131	물어뜯기
0x02000	132	광희난무
0x02000	133	몸통 박치기
0x02000	134	안광
0x02000	135	광선
0x02000	136	몸통 박치기
0x02000	137	물어뜯기
0x02000	138	침
0x02000	139	몸통 박치기
0x02000	140	머리카락 침
0x02000	141	돌풍
0x02000	142	따귀
0x02000	143	다리걸기
0x02000	144	조르기
0x02000	145	따귀
0x02000	146	다리걸기
0x02000	147	조르기
0x02000	148	곤봉
0x02000	149	콘크리트
0x02000	150	마구 던지기
0x02000	151	다이너마이트
0x02000	152	따귀
0x02000	153	다리걸기
0x02000	154	냉기
0x02000	155	눈덩이
0x02000	156	따귀
0x02000	157	다리걸기
0x02000	158	냉기
0x02000	159	눈보라
0x02000	160	따귀
0x02000	161	다리걸기
0x02000	162	냉기
0x02000	163	유빙
0x02000	164	따귀
0x02000	165	다리걸기
0x02000	166	눈덩이
0x02000	167	눈보라
0x02000	168	유빙
0x02000	169	물어뜯기
0x02000	170	몸통 박치기
0x02000	171	물어뜯기
0x02000	172	몸통 박치기
0x02000	173	움켜쥐기
0x02000	174	뜨거운 진흙
0x02000	175	진흙탄
0x02000	176	몸통 박치기
0x02000	177	분신 공격
0x02000	178	화염
0x02000	179	몸통 박치기
0x02000	180	분신 공격
0x02000	181	화염
0x02000	182	끼워 누르기
0x02000	183	내리치기
0x02000	184	물어뜯기
0x02000	185	저주의 항아리
0x02000	186	물어뜯기
0x02000	187	독안개
0x02000	188	초음파
0x02000	189	물어뜯기
0x02000	190	독안개
0x02000	191	초음파
0x02000	192	흡혈
0x02000	193	할퀴기
0x02000	194	박쥐
0x02000	195	큰 박쥐
0x02000	196	발톱
0x02000	197	물어뜯기
0x02000	198	몸통 박치기
0x02000	199	만월
0x02000	200	펀치
0x02000	201	킥
0x02000	202	괴력
0x02000	203	괴력
0x02000	204	화염
0x02000	205	한기
0x02000	206	밀랍 공격
0x02000	207	주문 컴퓨터
0x02000	208	채찍
0x02000	209	따귀
0x02000	210	마녀의 빗자루
0x02000	211	낙뢰
0x02000	212	저주의 밀랍인형
0x02000	213	흡혈
0x02000	214	박쥐
0x02000	215	머신건
0x02000	216	머신건 난사
0x02000	217	흡혈
0x02000	218	박쥐
0x02000	219	최면술
0x02000	220	강화 최면
0x02000	221	조르기
0x02000	222	흡혈
0x02000	223	껴안기
0x02000	224	포자
0x02000	225	꽃가루
0x02000	226	씨앗
0x02000	227	씨앗 던지기
0x02000	228	물어뜯기
0x02000	229	흡혈
0x02000	230	몸통 박치기
0x02000	231	냉기
0x02000	232	낙뢰
0x02000	233	우박
0x02000	234	눈보라
0x02000	235	뱀 머리카락
0x02000	236	폭탄
0x02000	237	안광
0x02000	238	발톱
0x02000	239	환각
0x02000	240	요괴 최면술
0x02000	241	부채 던지기
0x02000	242	옷감 후려치기
0x02000	243	비약
0x02000	244	몸통 박치기
0x02000	245	안광
0x02000	246	현혹
0x02000	247	최면술
0x02000	248	회전 공격
0x02000	249	독침 수술
0x02000	250	기묘한 곡
0x02000	251	톱
0x02000	252	악마군A
0x02000	253	낫
0x02000	254	염동력
0x02000	255	몸통 박치기
0x02000	256	염력
0x02000	257	마법진
0x02000	258	내리쳐 부수기
0x02000	259	충격파
0x02000	260	짓밟기
0x02000	261	충격파
0x02000	262	몸통 박치기
0x02000	263	안광
0x02000	264	물어뜯기
0x02000	265	초음파
0x02000	266	짓누르기
0x02000	267	진액 흡수
0x02000	268	짓누르기
0x02000	269	진액 흡수
0x02000	270	따귀
0x02000	271	흡혈
0x02000	272	물어뜯기
0x02000	273	따귀
0x02000	274	전격
0x02000	275	눈속임
0x02000	276	환각
0x02000	277	낙뢰
0x02000	278	독아
0x02000	279	물어뜯기
0x02000	280	휘감기
0x02000	281	검
0x02000	282	다리걸기
0x02000	283	기포
0x02000	284	흡혈
0x02000	285	짓밟기
0x02000	286	몸통 박치기
0x02000	287	마법 지팡이
0x02000	288	마법의 빗자루
0x02000	289	훈제 도롱뇽
0x02000	290	따귀
0x02000	291	돌진
0x02000	292	뼈 던지기
0x02000	293	조르기
0x02000	294	동화
0x02000	295	밀랍 날리기
0x02000	296	물어뜯기
0x02000	297	할퀴기
0x02000	298	몸통 박치기
0x02000	299	밟아 뭉개기
0x02000	300	따귀
0x02000	301	다리걸기
0x02000	302	입냄새
0x02000	303	방귀
0x02000	304	최후의 방귀
0x02000	305	따귀
0x02000	306	마녀의 빗자루
0x02000	307	낙뢰
0x02000	308	저주의 밀랍인형
0x02000	309	몸통 박치기
0x02000	310	화염
0x02000	311	따귀
0x02000	312	다리걸기
0x02000	313	뉴도 물어뜯기
0x02000	314	뉴도 박치기
0x02000	315	거울
0x02000	316	거울
0x02000	317	거울
0x02000	318	거울
0x02000	319	거울
0x02000	320	거울
0x02000	321	거울
0x02000	322	거울
0x02000	323	거울
0x02000	324	거울
0x02000	325	거울
0x02000	326	거울
0x02000	327	거울
0x02000	328	거울
0x02000	329	거울
0x02000	330	작열지옥
0x02000	331	미사용
0x02000	332	미사용
0x02000	333	미사용
0x02000	334	미사용
0x02000	335	미사용
0x02000	336	다리걸기
0x02000	337	물어뜯기
0x02000	338	뼈 날리기
0x02000	339	다리걸기
0x02000	340	물어뜯기
0x02000	341	뼈 날리기
0x02000	342	다리걸기
0x02000	343	물어뜯기
0x02000	344	뼈 날리기
0x02000	345	물어뜯기
0x02000	346	몸통 박치기
0x02000	347	물어뜯기
0x02000	348	몸통 박치기
0x02000	349	물어뜯기
0x02000	350	몸통 박치기
0x02000	351	마법 지팡이
0x02000	352	마법의 빗자루
0x02000	353	마법 지팡이
0x02000	354	마법의 빗자루
0x02000	355	따귀
0x02000	356	돌진
0x02000	357	뼈 던지기
0x02000	358	따귀
0x02000	359	돌진
0x02000	360	뼈 던지기
0x02000	361	물어뜯기
0x02000	362	할퀴기
0x02000	363	몸통 박치기
0x02000	364	물어뜯기
0x02000	365	할퀴기
0x02000	366	몸통 박치기
0x02000	367	검
0x02000	368	다리걸기
0x02000	369	검
0x02000	370	다리걸기
0x02000	371	흡혈
0x02000	372	흡혈
0x02000	373	흡혈
0x02000	374	짓밟기
0x02000	375	몸통 박치기
0x02000	376	흡혈
0x02000	377	짓밟기
0x02000	378	몸통 박치기
0x02000	379	밀랍 날리기
0x02000	380	몸통 박치기
0x02000	381	발차기
0x02000	382	영파광
0x02000	383	사안의 빛
0x02000	384	회오리 석장
0x02000	385	울림혼의 비파
0x02000	386	굉음 북
0x02000	387	지옥의 소라고둥
0x02000	388	영기탄
0x02000	389	방귀 통조림
0x02000	390	물어뜯기
0x02000	391	독안개
0x02000	392	초음파
0x02000	393	물어뜯기
0x02000	394	독안개
0x02000	395	초음파
0x02000	396	안광
0x02000	397	몸통 박치기
0x02000	398	손가락 총
0x02000	399	위액
0x02000	400	물어뜯기
0x02000	401	할퀴기
0x02000	402	낙뢰
0x02000	403	조끼
0x02000	404	모래북 항아리
0x02000	405	마구 할퀴기
0x02000	406	무명천 베기
0x02000	407	소용돌이
0x02000	408	큰 박쥐
0x02000	409	눈보라
0x02000	410	거울
0x02000	411	미사용
0x02000	412	미사용
0x02000	413	미사용
0x02000	414	미사용
0x02000	415	미사용
0x02000	416	미사용
0x02000	417	미사용
0x02000	418	미사용
0x02000	419	미사용
0x02000	420	미사용
0x02000	421	미사용
0x02000	422	미사용
0x02000	423	미사용
0x02000	424	미사용
0x02000	425	미사용
0x02000	426	미사용
0x02000	427	미사용
0x02000	428	미사용
0x02000	429	미사용
0x02000	430	미사용
0x02000	431	미사용
0x02000	432	미사용
0x02000	433	미사용
0x02000	434	미사용
0x02000	435	미사용
0x02000	436	미사용
0x02000	437	미사용
0x02000	438	미사용
0x02000	439	미사용
0x02000	440	미사용
0x02000	441	미사용
0x02000	442	미사용
0x02000	443	미사용
0x02000	444	미사용
0x02000	445	미사용
0x02000	446	미사용
0x02000	447	미사용
0x02000	448	미사용
0x02000	449	미사용
0x02000	450	미사용
0x02000	451	미사용
0x02000	452	미사용
0x02000	453	미사용
0x02000	454	미사용
0x02000	455	미사용
0x02000	456	미사용
0x02000	457	미사용
0x02000	458	미사용
0x02000	459	미사용
0x02000	460	미사용
0x02000	461	미사용
0x02000	462	미사용
0x02000	463	미사용
0x02000	464	미사용
0x02000	465	미사용
0x02000	466	미사용
0x02000	467	미사용
0x02000	468	미사용
0x02000	469	미사용
0x02000	470	미사용
0x02000	471	미사용
0x02000	472	미사용
0x02000	473	미사용
0x02000	474	미사용
0x02000	475	미사용
0x02000	476	미사용
0x02000	477	미사용
0x02000	478	미사용
0x02000	479	미사용
0x02000	480	미사용
0x02000	481	미사용
0x02000	482	미사용
0x02000	483	미사용
0x02000	484	미사용
0x02000	485	미사용
0x02000	486	미사용
0x02000	487	미사용
0x02000	488	미사용
0x02000	489	미사용
0x02000	490	미사용
0x02000	491	미사용
0x02000	492	미사용
0x02000	493	미사용
0x02000	494	미사용
0x02000	495	미사용
0x02000	496	미사용
0x02000	497	미사용
0x02000	498	미사용
0x02000	499	미사용
0x02000	500	미사용
0x02000	501	미사용
0x02000	502	미사용
0x02000	503	미사용
0x02000	504	미사용
0x02000	505	미사용
0x02000	506	미사용
0x02000	507	미사용
0x02000	508	미사용
0x02000	509	미사용
0x02000	510	미사용
0x02000	511	미사용
0x07000	1	PlayStation 2 전용 메모리카드(8MB)를|확인하고 있습니다.|뽑거나 꽂지 마십시오.
0x07000	2	PlayStation 2 전용 메모리카드(8MB)가|포맷되어 있지 않습니다.|포맷하시겠습니까?
0x07000	3	PlayStation 2 전용 메모리카드(8MB)를|포맷하고 있습니다.|뽑거나 꽂지 마십시오.
0x07000	4	시스템 데이터를 만들고 있습니다.|PlayStation 2 전용 메모리카드(8MB)를|뽑거나 꽂지 마십시오.
0x07000	5	이 게임을 저장하려면|PlayStation 2 전용 메모리카드(8MB)의|남은 용량이 421KB 이상 필요합니다.
0x07000	6	남은 용량이 부족합니다.|이 게임을 저장하려면 PlayStation 2 전용 메모리카드(8MB)의|남은 용량이 421KB 이상 필요합니다.
0x07000	7	PlayStation 2 전용 메모리카드(8MB)를|사용해 주십시오.|이 게임을 저장하려면|남은 용량이 421KB 이상 필요합니다.
0x07000	8	PlayStation 2 전용 메모리카드(8MB)를|찾을 수 없습니다.|이 게임을 저장하려면|남은 용량이 421KB 이상 필요합니다.
0x07000	9	시스템 데이터를 읽을 수 없습니다.|이 게임을 저장하려면 PlayStation 2 전용 메모리카드(8MB)의|남은 용량이 421KB 이상 필요합니다.
0x07000	10	시스템 데이터가 손상되었습니다.|시스템 데이터를 새로 만드시겠습니까?
0x07000	11	데이터 로드
0x07000	12	데이터 세이브
0x07000	14	인명구조 포인트
0x07000	15	레벨
0x07000	16	소지금
0x07000	18	까지 클리어
0x07000	19	제
0x07000	20	화
0x07000	23	전투 중
0x07000	24	미사용
0x07000	25	턴
0x07000	26	MEMORY CARD 슬롯을 선택해 주십시오.
0x07000	27	MEMORY CARD 슬롯1|MEMORY CARD 슬롯2
0x07000	28	PlayStation 2 전용 메모리카드(8MB)와|통신할 수 없습니다.
0x07000	29	PlayStation 2 전용 메모리카드(8MB)를|사용해 주십시오.
0x07000	30	PlayStation 2 전용 메모리카드(8MB)를|찾을 수 없습니다.
0x07000	31	PlayStation 2 전용 메모리카드(8MB)가|포맷되어 있지 않습니다.
0x07000	32	PlayStation 2 전용 메모리카드(8MB)에|시스템 데이터가 없습니다.
0x07000	33	시스템 데이터를 읽을 수 없습니다.
0x07000	34	데이터를 불러오고 있습니다.|PlayStation 2 전용 메모리카드(8MB)를|뽑거나 꽂지 마십시오.
0x07000	35	데이터를 저장하고 있습니다.|PlayStation 2 전용 메모리카드(8MB)를|뽑거나 꽂지 마십시오.
0x07000	36	이 데이터에 덮어씁니다.|괜찮습니까?
0x07000	37	저장에 실패했습니다.
0x07000	38	포맷을 해제할 슬롯을 선택해 주십시오.
0x07000	39	포맷을 해제하고 있습니다. 메모리카드를|뽑거나 꽂지 마십시오.
0x07000	40	포맷 해제에 실패했습니다.
0x07000	41	PlayStation 2 전용 메모리카드(8MB)에|시스템 데이터가 없습니다.|시스템 데이터를 만드시겠습니까?
0x07000	42	이 게임의 데이터를 저장하려면|시스템 데이터가 필요합니다.
0x07000	43	데이터를 읽을 수 없습니다.
0x07000	44	이 데이터는 손상되어|불러올 수 없습니다.
0x07000	45	이 데이터에 저장하기에는|PlayStation 2 전용 메모리카드(8MB)의|남은 용량이 부족합니다.
0x07000	46	이대로 게임을 시작하시겠습니까?
0x07000	47	PlayStation 2 전용 메모리카드(8MB)의|포맷을 중지했습니다.
0x07000	48	 예| 아니오
0x07000	52	출격 멤버는 이대로 괜찮습니까?
0x07000	96	　　　　　보이지 않는 적이 행동 중
0x07000	97	　　　보이지 않는 적에게 공격받았다!
0x07000	98	　　　　보이지 않는 적과 부딪쳤다!
0x07000	99	　　　　　적이 공격해 왔다!
0x07000	100	　　보이지 않는 적에게 공격이 명중했습니다
0x07000	101	　　보이지 않는 적이 공격을 회피했습니다
0x07000	102	　　　　　적이 보이지 않게 됩니다
0x07000	112	「음!? 거기냐!」
0x07000	113	「있다!」
0x07000	114	「역시 있었군. 생각한 대로다!」
0x07000	115	「큭…… 여기엔 아무도 숨어 있지 않았나…」
0x07000	116	「어라? 뭔가 기척이 있었던 것 같은데… 기분 탓인가?」
0x07000	117	「쳇, 짐작이 빗나갔나…」
0x07000	118	이 멤버로 출격합니다
0x07000	130	눈속임
0x07000	131	독
0x07000	132	맹독
0x07000	134	마비
0x07000	136	최면
0x07000	137	다이아화
0x07000	138	석화
0x07000	140	점착
0x07000	142	요력 흡수
0x07000	144	영력 흡수
0x07000	160	불러오기에 실패했습니다.
0x07000	162	시스템 데이터 생성에 실패했습니다.
0x07000	163	시스템 데이터가 손상되었습니다.
0x07000	164	시스템 데이터를 불러오지 못했습니다.
0x07000	165	MEMORY CARD 슬롯
0x07000	166	MEMORY CARD 슬롯1, 2
0x07000	167	포맷에 실패했습니다.
0x07000	168	시스템 데이터 생성에 실패했습니다.|이 게임을 저장하려면 PlayStation 2 전용 메모리카드(8MB)의|남은 용량이 421KB 이상 필요합니다.
0x07000	169	클리어 데이터를 저장하려면|게게게의 키타로 시스템 데이터가 들어 있는|PlayStation 2 전용 메모리카드(8MB)가 필요합니다.
0x07000	170	이 PlayStation 2 전용 메모리카드(8MB)에는|정상적인 시스템 파일이 이미 만들어져 있으므로|중단합니다.
0x07000	171	이 데이터를 불러옵니다.|괜찮습니까?
0x07000	172	클리어 데이터를 저장하면 2회차 이후|플레이에 이번 데이터 일부를 이어받아|반영할 수 있습니다.|　클리어 데이터를 저장하시겠습니까?|　　　예/아니오
0x07000	173	저장하지 않고 종료하면 이번 클리어|데이터가 사라집니다.||이대로 종료하시겠습니까?|　　　　　　　예/아니오
0x07000	174	"클리어 데이터를 저장했습니다.||메인 메뉴의 ""이어서 하기""에서 이 데이터를|선택하면 게임을 처음부터 다시|즐길 수 있습니다."
0x07000	192	홀림의 날갯소리…요사한 자장가
0x07000	193	깨어진 휴식…어둠 밝히는 사악한 웃음
0x07000	194	홀린 영혼·말 없는 마성의 소녀
0x07000	195	홍련의 정념·강습…불꽃 두른 목
0x07000	196	괴기! 하늘을 나는 사자머리
0x07000	197	채워지지 않는 갈증·생명을 빠는 집
0x07000	198	꾸며진 함정·강림…불꽃의 신
0x07000	199	감미로운 숙성·요괴 절임의 숲
0x07000	200	해후…불멸의 어둠
0x07000	201	집결·설국 요괴 연합
0x07000	202	이국의 괴이·젊음을 앗는 석상
0x07000	203	복마의 미궁 아키요시동
0x07000	204	닫힌 길·영하의 파수꾼
0x07000	205	사투! 대결 누라리횬
0x07000	206	새로운 자객
0x07000	207	파란의 출항·유전의 항로
0x07000	208	요괴 돼지 묶인 동굴
0x07000	209	요화요란·환상의 낙원
0x07000	210	피에 굶주린 맹아
0x07000	211	정적의 숲
0x07000	212	닿아라 기도여! 공포의 요괴 우귀
0x07000	213	결단의 행방
0x07000	214	마의 향기·인랑의 특효약
0x07000	215	제물의 비명…격돌 마녀 군단
0x07000	216	바라지 않은 결말
0x07000	217	이대 악마 등장…교토 혈전
0x07000	218	밀림으로의 초대장·혈전 오가사와라
0x07000	219	괴기상 잠입·일그러진 수도
0x07000	220	시간을 새기는 인형관
0x07000	221	향연·타워 전망대 혈전
0x07000	222	늦게 온 초대객
0x07000	223	새로운 싸움의 서곡
0x07000	224	어둠으로부터의 탈출
0x07000	225	꺼지지 않는 등불
0x07000	226	빼앗긴 젊음·론론의 변신
0x07000	227	승리를 잇는 다리
0x07000	228	영장 오소레잔·애도의 붉은 강
0x07000	229	구미의 혈족
0x07000	230	하늘을 나는 밤의 주민
0x07000	231	희망의 종착역
0x07000	232	대요괴 기가
0x07000	233	최종 혈전·키타로 대 기가
0x07000	234	잠들지 않는 눈동자·사안의 조종 실
0x07000	235	완전한 부활·요괴기담의 종연
0x07000	255	개발중
0x07000	256	삼베 어깨띠
0x07000	257	염라의 어깨띠
0x07000	258	방귀 통조림
0x07000	259	도롱이
0x07000	260	도롱이의 재
0x07000	261	종이 부적
0x07000	262	기합 머리띠
0x07000	263	울림혼의 비파
0x07000	264	금운 갈퀴
0x07000	265	금 가면
0x07000	266	은 가면
0x07000	267	엄선 약초
0x07000	268	굉음 북
0x07000	269	호박 염주
0x07000	270	최고급 두꺼비 기름
0x07000	271	사라수 염주
0x07000	272	지옥의 소라고둥
0x07000	273	명중 머리띠
0x07000	274	사안의 빛
0x07000	275	진주 염주
0x07000	276	수정 염주
0x07000	277	소마의 이슬
0x07000	278	회오리 석장
0x07000	279	작은 부적
0x07000	280	달의 부적
0x07000	281	초농축 유령환
0x07000	282	초유령환
0x07000	283	철 가면
0x07000	284	덴구의 망원경
0x07000	285	투혼 머리띠
0x07000	286	도사의 부적
0x07000	287	해독초
0x07000	288	특제 짚신
0x07000	289	꼬임 머리띠
0x07000	290	질풍의 짚신
0x07000	291	별의 부적
0x07000	292	마신의 부적
0x07000	293	허수아비 인형
0x07000	294	명중의 보주
0x07000	295	무명 어깨띠
0x07000	296	약초
0x07000	297	유령환
0x07000	298	유령콩
0x07000	299	요괴염색 어깨띠
0x07000	300	요괴 망원경
0x07000	301	요괴 연고
0x07000	302	요화의 밤이슬
0x07000	303	영기탄
0x07000	304	영파광
0x07000	305	영포 부적
0x07000	383	개발중
0x07000	384	공격력+35 명중률+5
0x07000	385	공격력+120 명중률+10
0x07000	386	광역무기 2단계형 공격력800 사거리2~3(1)|이동 후 사용 가능 아군도 휘말림
0x07000	387	한 번만 공격을 완전 회피
0x07000	388	한 번만 회피율이 +30% 된다
0x07000	389	방어력+30 체력+200
0x07000	390	공격력+75
0x07000	391	광역무기 범위형 공격력600 사거리2~3|이동 후 사용 가능 아군도 휘말림
0x07000	392	한 번만 전투에서 얻는 금액을 2배로
0x07000	393	명중률+25 획득금 1.5배
0x07000	394	명중률+15 획득금 1.2배
0x07000	395	체력 1000 회복
0x07000	396	광역무기 확산형 공격력400 사거리1~3|이동 후 사용 가능 아군도 휘말림
0x07000	397	방어력+45
0x07000	398	체력 완전 회복
0x07000	399	방어력+90
0x07000	400	광역무기 확산형 공격력800 사거리1~4|이동 후 사용 가능 아군도 휘말림
0x07000	401	공격력+25
0x07000	402	광역무기 직선형 공격력800 사거리1~4|이동 후 사용 가능 아군도 휘말림
0x07000	403	방어력+60
0x07000	404	방어력+30
0x07000	405	체력 영력 완전 회복
0x07000	406	광역무기 범위형 공격력600 사거리1|이동 후 사용 가능 아군도 휘말림
0x07000	407	회피율+10
0x07000	408	회피율+25
0x07000	409	영력 완전 회복
0x07000	410	영력 200 회복
0x07000	411	명중률+10
0x07000	412	사거리+2
0x07000	413	공격력+100
0x07000	414	방어력+80 체력+400
0x07000	415	독 상태 회복
0x07000	416	이동거리+1
0x07000	417	공격력+50
0x07000	418	이동거리+2
0x07000	419	회피율+15
0x07000	420	방어력+100 체력+500
0x07000	421	한 번만 받는 데미지를 절반으로
0x07000	422	한 번만 명중률을 100%로
0x07000	423	공격력+60 명중률+5
0x07000	424	체력 200 회복
0x07000	425	영력 100 회복
0x07000	426	영력 50 회복
0x07000	427	공격력+85 명중률+10
0x07000	428	사거리+1
0x07000	429	체력 500 회복
0x07000	430	석화 이외의 상태이상 회복
0x07000	431	광역무기 2단계형 공격력400 사거리2~3(1)|이동 후 사용 가능 아군도 휘말림
0x07000	432	광역무기 직선형 공격력400 사거리1~4|이동 후 사용 가능 아군도 휘말림
0x07000	433	방어력+50 체력+300
0x07000	511	개발중
0x18000	0	「후우……… 나도 늙었나… 그만 흥분해서 소리를 질러 버렸구먼…@…컴퓨터인가.@키타로까지 이런 걸 시작하다니…@요괴도 시대와 함께 변한다는 걸 인정해야 하는 건가…
0x18000	1	 하지만… 이 컴퓨터라는 놈은 어떻게 쓰는 거지? 이걸 누르는 건가?」
0x18000	2	「와! 무, 뭐냐!? 우, 움직이는 건가?@고, 곤란하군… 멈추려면 어떻게 해야 하는 게냐」
0x18000	3	「이, 이런! 키타로가 돌아오면 뭐라고 하려나…」
0x18000	4	「아버지, 뭘 하고 계세요?」
0x18000	5	「으악! 키, 키타로!? 아, 아니, 아, 아무것도 아니다. 무, 무슨 일이냐」
0x18000	6	「실은 방금 고양이소녀한테서 작은 사건 소식을 들었는데요…」
0x18000	7	「뭐!? 사건이라고!! 에잇, 뭘 하고 있느냐 키타로, 어서 모두를 불러 모으지 못하겠느냐」
0x18000	8	「영감님, 그렇게 서두르지 않아도 다들 이미 이리로 오고 있어요」
0x18000	9	「그럼 이 컴퓨터로 좀 알아보고… 어라? 전원이 켜져 있네…」
0x18000	10	「나, 나는 아무것도 모른다! …그, 그래, 아까부터 켜 놓은 채였을 게다!」
0x18000	11	「그랬나요?」@(이상하네… 시간이 지나면 자동으로 꺼지도록 해 뒀을 텐데…)@「어라? 이 뉴스는…」
0x18000	12	「실례하겠네」
0x18000	13	「오오, 모래뿌리기!」
0x18000	14	「오랜만이군. 그보다 들었나… 어젯밤 아기울음영감이 누군가에게 습격당한 일 말일세」
0x18000	15	「무, 뭐라고!?」
0x18000	16	「맞아요. 방금 거기서 그 얘기를 듣고…@저도 요괴 아파트에 다녀온 참이에요」
0x18000	17	「그, 그래서 아기울음 그 녀석은 어찌 됐느냐!?」
0x18000	18	「어이쿠, 실례하겠네」
0x18000	19	「아, 아기울음! 자네… 괜찮은 겐가?」
0x18000	20	「이 몸이 그리 쉽게 뻗을 리가 있나!@할멈과 고양이소녀가 호들갑을 떨어서… 키타로까지 불러오는 지경이라네」
0x18000	21	「어떻게 된 일인가? 자세히 이야기해 주지 않겠나」
0x18000	22	「어젯밤 일일세…」
0x18000	23	「흠흠, 그러니까…@아기울음이 공원에서 자고 있었는데 갑자기 후드를 쓴 사내들이 나타나서…@그놈들에게 끌려갈 뻔했다… 그런 말이지?」
0x18000	24	「그렇다네, 게다가 저항했더니 폭력을 휘두르지 뭔가!@거꾸로 그놈들을 혼내 줬다만 금방 달아나 버렸지.@뒤쫓았지만… 놓치고 말았네」
0x18000	25	「그것 참 재난이었군. 요즘은 험한 사건이 많으니 조심해야 하네…@…키타로. 너 또 컴퓨터 따위를 들여다보고… 뭘 하는 게냐?」
0x18000	26	(이 뉴스… 기록에는 남아 있는데… 사이트가 사라졌어… 어떻게 된 거지?)
0x18000	27	「키타로!」
0x18000	28	「왓!? 네, 네, 무슨 일이세요 아버지?」
0x18000	29	「무슨 일이냐가 아니다! 우리가 이야기를 하고 있는데 또 그런 짓을…」
0x18000	30	「아버지, 이 사건… 아직 뭔가 숨겨진 게 있는 것 같아요」
0x18000	31	「숨겨진… 것이라고?」
0x18000	32	「아기울음영감, 현장에 떨어져 있었다는 그거, 한 번 더 보여 주지 않겠어요?」
0x18000	33	「오냐. 이거로군」
0x18000	34	「이게 뭐냐? 조릿대 잎과… 새의 깃털 같군? 음… 희미하게 요기가 남아 있다」
0x18000	35	「그리고 이 뉴스를 봐 주세요」
0x18000	36	「응? 호오, 컴퓨터로 신문도 볼 수 있구나」
0x18000	37	「아까 우연히 열려 있던 일주일쯤 전 뉴스인데요…」
0x18000	38	"「오, 오오. 네가 ""끄는 걸 잊었던"" 그거로구나. 어, 어디 보자…」"
0x18000	39	"""병원 신생아실에서 아기 대량 유괴""@""범인의 단서는 수수께끼의 깃털과 식물 잎"""
0x18000	40	「이건!」
0x18000	41	「같은 물건인 것 같군…」
0x18000	42	「으음…… 확실히 이건 수상하군」
0x18000	43	「나를 습격한 놈과 그 병원 사건이라는 게 관계가 있다는 겐가?」
0x18000	44	「그럴지도 몰라요. 주소도 이 근처고… 아버지, 한번 조사해 보지 않으실래요?」
0x18000	45	「음, 그게 좋겠구나」
0x18000	46	「키타로, 저 병원이지?」
0x18000	47	「네」
0x18000	48	「아버지!」
0x18000	49	「음. 아무래도 요괴가 얽힌 게 틀림없는 듯하구나」
0x18000	50	「아기울음영감이 습격당한 공원도 이 근처예요…」
0x18000	51	「그런데… 고양이소녀는 어찌 됐느냐? 모습이 보이지 않는구나…」
0x18000	52	「그 애한테는 유괴된 아기의 가족에게 가 달라고 했어요」
0x18000	53	「흠… 좋은 판단이다. 다른 단서가 있을지도 모르지」
0x18000	54	「실은… 아직 다른 신경 쓰이는 일이 있어요. 아까 그 인터넷 뉴스 말인데요…」
0x18000	55	「……………………」
0x18000	56	「? 아버지, 왜 그러세요?」
0x18000	57	「아니, 뭐 됐다. 그래서 그 인터넷 뉴스라는 게 어쨌다는 게냐?」
0x18000	58	「그 아기 유괴 사건… 뉴스 사이트에서 사라졌어요」
0x18000	59	「……사이트?」
0x18000	60	「단순한 서버 문제겠지. 흔한 일일세」
0x18000	61	「??? 숭어?」
0x18000	62	「브라우저 기록에는 남아 있어요. 그런데 그 주소를 따라가면 사라지고 없어요」
0x18000	63	「?????? 브라우저?」
0x18000	64	「뉴스 사이트 갱신 실수 아닌가? 회선이 붐볐다든가…」
0x18000	65	「에에이! 너희들, 알아듣게 말하지 못하겠느냐! 사람 말로!」
0x18000	66	「무슨 일이십니까, 아버님?」
0x18000	67	「아버님은 기계치시니까…」
0x18000	68	「가, 간단히 말하면 인터넷 뉴스가 어느새 사라지는 일이 있다는 거예요」
0x18000	69	「…흥, 인터넷인지 뭔지 모르겠다만 그런 걸 믿을 게 못 된다」
0x18000	70	「하지만 아버지, 이번 병원 사건은 마침 그 뉴스를 찾았기에 알게 된 거라…」
0x18000	71	「으, 그, 그럴지도 모르지만… 에잇, 그보다 병원을 조사하는 게 먼저다」
0x18000	72	「그러네요… 저와 아버지가 이야기를 듣고 올게요. 아기울음영감과 할멈은 기다려 주세요」
0x18000	73	「무슨 일 있으면 부르게, 키타로」
0x18000	74	「조심하게」
0x18000	75	「알겠습니다. 그럼… 아버지, 가시죠」
0x18000	76	「좋아, 그럼 우리도 가 볼까」
0x18000	77	「뭐? 어디로 가는 겐가?」
0x18000	78	「뻔하지 않나. 어딘가 다른 입구를 찾아서 안을 살피는 게지」
0x18000	79	「우리 둘이서 말인가?」
0x18000	80	「그렇다네. 자, 가세」
0x18000	81	「이, 이보게, 할멈……」
0x18000	82	「몇 번을 말씀드립니다만… 그 건은 경찰에 맡겼습니다. 돌아가 주십시오」
0x18000	83	「그러니까… 잠깐 안을 보게만 해 주시면 됩니다.@이 사건, 당신들 인간의 손으로 감당할 수 있는 게 아닐지도 모릅니다」
0x18000	84	「인간? 이상한 말씀을 하시는군요. 키타로 씨… 라고 하셨죠.@마치 당신은 인간이 아닌 것처럼」
0x18000	85	「그, 그건…」
0x18000	86	「키타로, 꾸물대지 말고 어서 그것을 보여 주지 못하겠느냐!」
0x18000	87	「무, 무슨 소리죠? 방금 그 목소리는」
0x18000	88	「으악! 뭐, 뭡니까, 이 눈알 요괴는!!」
0x18000	89	「눈알 요괴라니 실례로군!」
0x18000	90	「제 아버지입니다」
0x18000	91	「아버지?」
0x18000	92	「그보다 이 거대한 깃털과 조릿대 잎을 본 적이 없느냐?」
0x18000	93	「…이건 아기가 유괴된 현장에 떨어져 있던 거잖아요? 그게 어쨌다는 거죠?」
0x18000	94	「아니, 이건 우리 동료가 이 근처 공원에서 습격당했을 때 떨어져 있던 것이다」
0x18000	95	「그, 그게 무슨 관계가 있다는 겁니까? 조릿대 잎 따위 뒷산에 얼마든지 있어요.@새 깃털은 어디선가 들어왔겠죠. 딱히 드문 것도 아닙니다.@이제 됐죠! 아무튼 돌아가 주십시오. 다른 환자에게 폐가 됩니다!」
0x18000	96	「아기 유괴와 폭행 사건… 이 둘이 이어져 있다면…」
0x18000	97	「그런 건 나는 모릅니다! 적당히 하지 않으면 경찰을 부르겠어요!」
0x18000	98	(아버지, 어떡하죠)
0x18000	99	(상당히 수상하다만… 이대로는 결말이 나지 않겠구나. 일단 물러나서 상황을 볼까?)
0x18000	100	(그러네요… 고양이소녀의 정보도 아직이고)
0x18000	101	「알겠습니다… 그럼…」
0x18000	102	「앗? 고양이소녀한테서다」
0x18000	103	「아! 여보세요 키타로?@큰일이야! 유괴된 아기의 가족이 모~두 행방불명이 됐어!」
0x18000	104	「엇!?」
0x18000	105	「그것뿐만이 아니야! 이 사건에 관련된 경찰들도 행방불명이 됐어!@아무튼 이 사건 관계자가 차례차례 사라지고 있어!」
0x18000	106	「뭐라고!」
0x18000	107	「이웃 사람 말로는… 사건 후에 그 병원에 간 채로 다들 돌아오지 않았대!@그래서 그 병원은 무서워서 아무도 가까이 안 간대」
0x18000	108	「알았다… 고양이소녀, 너는 바로 할멈 일행과 합류해 줘」
0x18000	109	「알았어… 그럼!」
0x18000	110	「원장님… 이야기 들리셨죠? 이게 대체 어떻게 된 겁니까?」
0x18000	111	「…하아… 어쩔 수 없군요.@모처럼 이대로 돌려보내 드리려 했는데!」
0x18000	112	「!?|정체를 드러냈구나!」
0x18000	113	「키~히히히히히! 샤아아!」
0x18000	114	「으악!」
0x18000	115	「자아, 너희도 우리 동료가 되어 주셔야겠다!」
0x18000	116	「키타로! 조심해라!」
0x18000	117	「키~히히히」
0x18000	118	「위험해!」
0x18000	119	「키타로! 엎드려라!」
0x18000	120	「아기울음영감! 할멈! 언제 오셨어요!?」
0x18000	121	「키샤아앗!」
0x18000	122	「게 섰거라!」
0x18000	123	「하, 할멈! 같이 가자니까!」
0x18000	124	「키타로! 할멈들 뒤를 쫓아라!」
0x18000	125	「네!」
0x18000	126	「미안하군… 놈들에게 들킨 모양이야.@정말이지, 요즘 인간은 질이 나빠서 상대를 가리지 않고 덤벼든다니까.@아아, 알고 있어. 나도 약속을 어기게 되는 건 곤란하다고!@헤, 걱정도 많군. 안심해라, 어떻게 되든 놈들은 거기까지는 알아내지 못해…@게다가 보험은… 들어 놨으니까 말이야」
0x18000	127	「하지만… 적에게 몇 번이나 들키고 말았구나…@다음에 이런 일이 있거든 좀 더 신중히 하거라」
0x18000	128	「네, 알겠습니다」
0x18000	129	「응? 아기울음과 모래뿌리기의 모습이 보이지 않는구나?」
0x18000	130	「설마… 붙잡히신 건…?」
0x18000	131	「키타로 씨… 맞으시죠?」
0x18000	132	「누구냐!?」
0x18000	133	「이 병원 직원입니다. 지금까지 안에 갇혀 있었는데…@여러분이 와 주신 덕분에 간신히 빠져나올 수 있었어요」
0x18000	134	「그러셨군요… 대체 이 병원은 어떻게 된 겁니까?@그리고… 끌려간 아이들과 가족분들은?」
0x18000	135	「아마… 병원 뒷산에 갇혀 있을 거예요」
0x18000	136	「우리 일행이 이 근처까지 왔을 텐데, 보지 못했는가?」
0x18000	137	「할아버지와 할머니 두 분인데요」
0x18000	138	「아, 그분들이라면 뒷산 쪽으로 뭔가를 쫓아가셨어요」
0x18000	139	「아버지, 서두르죠!」
0x18000	140	「제가 안내할게요. 이쪽입니다」
0x18000	141	「어떻게든 아이들을 무사히 되찾았네요」
0x18000	142	「음. 요괴 대나무가 됐던 사람들도 되돌릴 수 있었으니 한시름 놓았구나…」
0x18000	143	「음. 남은 건 요괴 대나무가 된 사람들이 돌아오면 완벽하겠구나.@뭐 만년죽을 쓰러뜨렸으니 곧 전원 인간의 모습으로 돌아올 게다」
0x18000	144	「음. 나중에 부모에게 돌려주도록 하자」
0x18000	145	(이걸로 요괴 대나무들도 구해 줬다면 완벽했을 텐데 말이지…)
0x18000	146	(이상해, 대나무 인간이 된 원장이 어디에도 없어…? 어디로 사라진 거지?)
0x18000	147	「으윽… 이놈… 키타로!」
0x18000	148	「대나무 정령. 사정을 말해 봐. 나쁘게는 하지 않을게」
0x18000	149	「닥쳐라! 아무것도 모르면서! 우리 대나무 정령과 만년죽은 옛날부터 이 산에 살고 있었다!@그것을 인간들이 병원 증축이라며 대숲을 베어 내고 실컷 짓밟았단 말이다!」
0x18000	150	「보금자리를… 빼앗겼구나…」
0x18000	151	「나는 복수를 위해 우부메에게 아이를 납치하게 하고, 죽순병 바이러스를 퍼뜨리게 했다.@그렇게 병원을 내 수하로 삼고, 요괴 대나무가 된 환자와 직원에게 공원에서 인간 사냥을 시켰지!@동료를 늘려 인간들에게 우리의 분노를 뼈저리게 알려 주기 위해!」
0x18000	152	「…아기울음은 우연히 그 일에 휘말린 게로군. 참 민폐로다」
0x18000	153	「…알겠어, 대나무 정령. 나중에 사정을 설명해서 모두 원만히 해결되도록 이야기하자.@너희 보금자리를 부순 인간에게도 잘못은 있지만, 우부메를 시켜 아이를 납치한 건 옳지 않아.@그런데 어떻게 우부메의 봉인을 푼 거지?」
0x18000	154	「그, 그건…」
0x18000	155	「키타로… 병원 지하실에 원장 선생이 붙잡혀 있었다!」
0x18000	156	「네!?」
0x18000	157	「후우… 감사합니다. 덕분에 오랜만에 바깥공기를 마실 수 있었습니다」
0x18000	158	「병원 지하실에 붙잡혀 있었다? 그럼… 아까 내가 원장실에서 만난 원장은 대체…?@대나무 정령! 어떻게 된 거지?」
0x18000	159	「그럴 리가… 원장은 대나무 인간으로 바꿔 놨을 텐데!? 가둬 두다니…」
0x18000	160	「키타로! 큰일이다!@치료해 주고 있던 만년죽을 누군가가 데리고 달아난 모양이다!」
0x18000	161	「키타로! 큰일이다!@치료해 주고 있던 만년죽과 그 요괴 대나무들을 누군가가 데리고 달아난 모양이다!」
0x18000	162	「뭐라고요!」
0x18000	163	「네 이놈… 우리가 방심한 틈을 타!」
0x18000	164	「뭐라고요! 그 아이는 내 말만 듣는데!? 대체 누가…!?」
0x18000	165	"(설마… ""또 한 명의 원장""의 짓인가!? 그렇다면 그자는 대체 누구지!?)@「아직 말하지 않은 게 있는 것 같군.@자세한 이야기는 우리 집에서 하자. 따라와 주겠지?」"
0x18000	166	「네… 네…」
0x18000	167	「그럼 우리도 돌아가서 좀 쉬어야겠네」
0x18000	168	(아, 맞다!)@「키타로, 요전에 찾았다던 인터넷 쇼핑몰 얘기 좀 해 줘!」
0x18000	169	「응? 아아, 요괴 전용 사이트에서 편리한 물건을 파는 가게 말이지」
0x18000	170	「물건이 꽤 잘 갖춰져 있다며?」
0x18000	171	「응, 주문하면 순식간에 배달해 주기도 하고.@컴퓨터를 켜면 바로 볼 수 있으니까… 돌아가는 김에 들러 봐」
0x18000	172	「그래, 그럴까…」
0x18000	173	「너는 나와 함께 남는 게다!」
0x18000	174	「에에~! 왜요!?」
0x18000	175	「구한 아이들과 요괴 대나무에서 돌아온 사람들을 돌봐야지.@아직 다들 의식이 몽롱하니 말이다」
0x18000	176	「가족이 올 때까지 구한 아이들을 돌봐야지. 워낙 많으니 말이다」
0x18000	177	「말도 안 돼~! 절대 싫어요!」
0x18000	178	「저런저런, 큰 소리를 내니까!」
0x18000	179	「아아아아아! 미안! 미안해~? 안 무서워~?」
0x18000	180	「어이구, 뒷정리가 큰일이로다!」
0x18000	181	(고양이소녀한테는 미안하지만 여기는 그녀들에게 맡길까…)
0x18000	182	「키타로 그놈… 모처럼의 계획을 망쳐 놓다니….@뭐 됐어, 놈들이 대나무 정령과 우부메에게 정신이 팔려 있는 동안@어느 정도 수의 인간 생기는 회수했으니까」
0x18000	183	「일부러 원장으로 둔갑해서 죽순병인 척한 보람이 있었군.@보험을 들어 두길 잘했어. 크크크!!」
0x18000	184	「………………………」
0x18000	185	「걱정 마라… 대나무 정령에게는 아무 짓도 안 해. 그놈은 내 일을 아무것도 모르니까.@너와는 당분간 좋은 파트너로 있어 주지.@네가 내 말대로 한다면… 말이지만……」
0x18000	186	「아버지, 여기는… 대체 뭘까요?」
0x18000	187	「흠… 짓다 만 건물 같구나…」
0x18000	188	「이 안쪽에… 끌려간 분들이 붙잡혀 있을 거예요」
0x18000	189	「간호사 말이 사실이라면 할멈들도 아까 그 원장을 쫓아 여기로 왔겠구나」
0x18000	190	「할멈을 찾아서 합류하죠. 간호사님. 당신은 여기 계세요」
0x18000	191	「네… 알겠습니다」
0x18000	192	「음!? 키타로, 숨어라!」
0x18000	193	「네!? 예!」
0x18000	194	「히히히! 다들… 배고프니? 지금 밥을 줄 테니…」
0x18000	195	「아버지!」
0x18000	196	「저건! 우부메다!」
0x18000	197	「우부… 메?」
0x18000	198	「아이를 납치하는 게 취미인 요괴다. 과연, 아기 사건은 저놈의 짓이로군.@하지만 어째서 우부메가… 분명 어느 깊은 산속에 봉인되어 있었을 텐데…」
0x18000	199	「분명 무슨 일로 봉인이 풀린 거겠죠」
0x18000	200	「아니다, 우부메의 봉인이 우연히 풀릴 리는 없다.@누군가가 고의로 했다고밖에…」
0x18000	201	「저 문 너머에 아이들이 있을까요?」
0x18000	202	「아마 그렇겠지. 좋아, 지금이라면 저놈 한 마리뿐인 듯하다.@아기울음 일행을 찾아 합류해서 함께 아이들을 되찾자」
0x18000	203	「어라?… 간호사님, 왜 그러세요?@여기는 위험합니다. 밖에서 기다려 주세…」
0x18000	204	「…오너라 요괴 대나무들!」
0x18000	205	「무, 뭐냐!?」
0x18000	206	「요괴 대나무가 이렇게나!」
0x18000	207	"「저건 요괴 ""만년죽""!? 으으음… 이놈들이 이번 사건의 범인이었구나」"
0x18000	208	「만년죽이라면… 분명 인간을 죽순병에 감염시켜 생기를 빨아들이고 요괴 대나무로 만드는 요괴…@그렇구나, 그럼 아까 그 원장도 죽순병의 희생자인가?」
0x18000	209	「음, 아마 그럴 게다. 하지만… 만년죽 자체는 그리 쉽게 인간에게 해를 끼치는 놈이 아니다.@아마도 저 간호사가 만년죽을 조종하고 있는 게지!」
0x18000	210	「후후… 잘도 알아챘구나! 나는 대나무 정령이다!」
0x18000	211	「대나무 정령!? 너는 어째서 이런 짓을 하는 거지!?」
0x18000	212	「모두 인간이 나쁜 것이다! 인간 편을 들겠다면… 키타로! 너라도 봐주지 않겠다!」
0x18000	213	「아무래도 말이 통할 상대가 아닌 듯하구나…@키타로! 요괴 대나무들은 죽순병으로 모습이 바뀐 인간이다, 손을 대서는 안 된다!@만년죽을 쓰러뜨리면 요괴 대나무는 모두 인간으로 돌아온다. 만년죽을 노려라!」
0x18000	214	「네!」
0x18000	215	「후후후… 혼자서 맞서다니 어리석구나.@나는 느긋하게 구경하도록 하지… 가라! 만년죽! 우부메!」
0x18000	216	「어머나 시끄럽다 했더니… 손님인가?」
0x18000	217	「아기들은 그 안에 있지? 우부메! 아기를 돌려줘!」
0x18000	218	「흥! 나에게서 귀여운 저 아이들을 빼앗겠다는 거냐?@그런 짓… 절대 못 하게 하지!」
0x18000	219	「키타로, 너 혼자서는 이놈들 전부를 상대하기 무리다. 나는 아기울음영감들을 찾아오마!」
0x18000	220	「부탁드려요! 아버지!」
0x18000	221	「키타로!」
0x18000	222	「도우러 왔어!」
0x18000	223	「아버지! 고양이소녀! 와 줬구나! 게다가… 할멈들도!」
0x18000	224	「미안하네, 키타로. 아기울음영감 탓에 길을 잃고 말았지 뭔가」
0x18000	225	「!! 내 탓이라고!? 할멈이…」
0x18000	226	「다, 닥치시게!」
0x18000	227	"「모두! 저 만년죽을 쓰러뜨리면 ""요괴 대나무""는 인간으로 돌아온다!」"
0x18000	228	「알겠네!」
0x18000	229	「어제 내 귀중한 수면 시간을 방해한 원한… 뼈저리게 알려 주마!」
0x18000	230	「큭, 제법 만만치 않군!」
0x18000	231	「어~이 키타로!」
0x18000	232	「너는… 두레박불! 여기는 어떻게!?」
0x18000	233	「고양이소녀한테서 휴대폰으로 연락을 받았지! 나도 최근에야 겨우 샀거든.@뭐, 얘기는 나중에. 아무튼 나머지는 맡겨! 전부 태워 버려 주마!」
0x18000	234	 <두레박불이 동료가 되었다!>
0x18000	235	「끄아악! 타…… 내 날개가… 타… 들어@으갸아아아아아아아아아아아아 아아아아아아아아아아아아아!」
0x18000	236	「우부메가… 돌이 됐어!?」
0x18000	237	「우부메가 두레박불의 불꽃에 의해 다시 봉인된 게다」
0x18000	238	「좋아! 남은 건 만년죽뿐이다! 각오해라!」
0x18000	239	「키타로, 다친 데는 없느냐?」
0x18000	240	「네, 조금 방심했어요. 하지만 괜찮습니다. 아버지, 이 돌… 어떻게 할까요?」
0x18000	241	「어지간해서는 봉인이 풀리지 않겠지만… 일단 게게게의 숲에서 관리할까」
0x18000	242	「끄윽… 키타로 놈들… 잘도 나를 이렇게까지 상처 입혔겠다!」
0x18000	243	「포기해라, 우부메!@다시는 아이들을 습격하지 않겠다고 약속하면 더 이상 해치지 않겠다!」
0x18000	244	「끄으~… 아, 알았다!」
0x18000	245	「좋아, 얌전히 원래 있던 곳으로 돌아가라!」
0x18000	246	「라~고, 진심으로 말할 줄 알았느냐?」
0x18000	247	「엇!?」
0x18000	248	「죽어라! 키타로!」
0x18000	249	「위, 위험해! 키타로!」
0x18000	250	「아, 이런! 으, 으아~~~~~!!」
0x18000	251	「키타로!」
0x18000	252	「키타로!」
0x18000	253	「으갸아아아아아아아!」
0x18000	254	「후우, 위험했다!」
0x18000	255	「두레박불!」
0x18000	256	「방심하지 마라 키타로, 마음 놓고 쉴 수도 없잖아」
0x18000	257	「끄아악! 타…… 내 날개가… 타… 들어@으갸아아아아아아아아아아아아 아아아아아아아아아아아아아!」
0x18000	258	「우부메가… 돌이 됐어!?」
0x18000	259	「우부메가 두레박불의 불꽃에 의해 다시 봉인된 게다」
0x18000	260	「끄윽… 키타로 놈들… 잘도 나를 이렇게까지 상처 입혔겠다!」
0x18000	261	「포기해라, 우부메!@다시는 아이들을 습격하지 않겠다고 약속하면 더 이상 해치지 않겠다!」
0x18000	262	「끄으~… 아, 알았다!」
0x18000	263	「좋아, 얌전히 원래 있던 곳으로 돌아가라!」
0x18000	264	「라~고, 진심으로 말할 줄 알았느냐?」
0x18000	265	「엇!?」
0x18000	266	「죽어라! 키타로!」
0x18000	267	「위, 위험해! 키타로!」
0x18000	268	「아, 이런! 으, 으아~~~~~!!」
0x18000	269	「으갸아아아아아아아!」
0x18000	270	「두레박불!」
0x18000	271	「끄아악! 타…… 내 날개가… 타… 들어@으갸아아아아아아아아아아아아 아아아아아아아아아아아아아!」
0x18000	272	「우부메가… 돌이 됐어!?」
0x18000	273	「우부메가 두레박불의 불꽃에 의해 다시 봉인된 게다」
0x18000	274	「키타로, 위험했군」
0x18000	275	「두레박불! 덕분에 살았어! 그런데 여기는 어떻게!?」
0x18000	276	「고양이소녀한테서 휴대폰으로 연락을 받았지! 나도 최근에야 겨우 샀거든.@뭐, 얘기는 나중에. 아무튼 나머지는 맡겨! 전부 태워 버려 주마!」
0x18000	277	「응! 잘 부탁해!」
0x18000	278	 <두레박불이 동료가 되었다!>
0x18000	279	「좋아! 남은 건 만년죽뿐이다! 각오해라!」
0x18000	280	「키타로, 위험했군」
0x18000	281	「두레박불! 덕분에 살았어! 그런데 여기는 어떻게!?」
0x18000	282	「고양이소녀한테서 휴대폰으로 연락을 받았지! 나도 최근에야 겨우 샀거든.@뭐, 또 이런 일이 있으면 큰일이잖아. 나라도 괜찮다면 같이 가 줄게」
0x18000	283	「그거 든든하군. 잘 부탁해!」
0x18000	284	 <두레박불이 동료가 되었다!>
0x18000	285	「키타로, 다친 데는 없느냐?」
0x18000	286	「네, 조금 방심했어요. 하지만 괜찮습니다. 아버지, 이 돌… 어떻게 할까요?」
0x18000	287	「어지간해서는 봉인이 풀리지 않겠지만… 일단 게게게의 숲에서 관리할까」
0x18000	288	「으갸아아아!」
0x18000	289	「키타로! 봐라!」
0x18000	290	「정말이다! 만년죽에게 빨렸던 생기가 돌아가고 있어!」
0x18000	291	「그와아아아아아!」
0x18000	292	「다행이다… 원래대로 돌아왔군요」
0x18000	293	「좋아, 만년죽을 쓰러뜨렸다! 지금이다 서둘러 아기들을 보호해라!」
0x18000	294	「좋아, 만년죽을 쓰러뜨렸다! 요괴 대나무들은 이제 움직이지 못할 게다.@지금이다 저들과 아기들을 보호해라!」@(싸움이 길어진 탓인지 요괴 대나무들이 아직 인간으로 돌아오지 못한 듯하구나…@뭐, 나중에 간호해 주면 금방 회복할 게다)
0x18000	295	「아아! 잘도 내 만년죽을!! 우부메, 키타로 일행을 반드시 쓰러뜨려라!」
0x18000	296	「모두, 우부메를 쓰러뜨리고 아기들을 되찾자!!」
0x18000	297	「으윽… 이놈… 키타로!」
0x18000	298	「대나무 정령. 사정을 말해 봐. 나쁘게는 하지 않을게」
0x18000	299	「닥쳐라! 아무것도 모르면서! 우리 대나무 정령과 만년죽은 옛날부터 이 산에 살고 있었다!@그것을 인간들이 병원 증축이라며 대숲을 베어 내고 실컷 짓밟았단 말이다!」
0x18000	300	「보금자리를… 빼앗겼구나…」
0x18000	301	「나는 복수를 위해 우부메에게 아이를 납치하게 하고, 죽순병 바이러스를 퍼뜨리게 했다.@그렇게 병원을 내 수하로 삼고, 요괴 대나무가 된 환자와 직원에게 공원에서 인간 사냥을 시켰지!@동료를 늘려 인간들에게 우리의 분노를 뼈저리게 알려 주기 위해!」
0x18000	302	「…나는 우연히 휘말린 게로군. 참 민폐로다」
0x18000	303	「…알겠어, 만년죽. 나중에 사정을 설명해서 모두 원만히 해결되도록 이야기하자.@너희 보금자리를 부순 인간에게도 잘못은 있지만, 우부메를 시켜 아이를 납치한 건 옳지 않아.@그런데 어떻게 우부메의 봉인을 푼 거지?」
0x18000	304	「그, 그건…」
0x18000	305	「키타로… 병원 지하실에 원장 선생이 붙잡혀 있었다!」
0x18000	306	「네!?」
0x18000	307	「후우… 감사합니다. 덕분에 오랜만에 바깥공기를 마실 수 있었습니다」
0x18000	308	「병원 지하실에 붙잡혀 있었다? 그럼… 아까 내가 원장실에서 만난 원장은 대체…?@대나무 정령! 어떻게 된 거지?」
0x18000	309	「그럴 리가… 원장은 대나무 인간으로 바꿔 놨을 텐데!?」
0x18000	310	「음! 웬 놈이냐!」
0x18000	311	「키타로! 만년죽이!」
0x18000	312	「이런! 아직 다른 적이 있었나!」
0x18000	313	「대체 어찌 된 일이냐! 남은 요괴 대나무는!」
0x18000	314	「만년죽과 함께 사라져 버렸네」
0x18000	315	「대나무 정령! 어떻게 된 거지!」
0x18000	316	「그, 그럴 리가! 그 아이는 내 말만 듣는데!? 대체 누가…!?」
0x18000	317	「아직 말하지 않은 게 있는 것 같군.@자세한 이야기는 우리 집에서 하자. 따라와 주겠지?」
0x18000	318	「네…… 네…」
0x18000	319	「으윽… 이놈… 키타로!」
0x18000	320	「대나무 정령. 사정을 말해 봐. 나쁘게는 하지 않을게」
0x18000	321	「닥쳐라! 아무것도 모르면서! 우리 대나무 정령과 만년죽은 옛날부터 이 산에 살고 있었다!@그것을 인간들이 병원 증축이라며 대숲을 베어 내고 실컷 짓밟았단 말이다!」
0x18000	322	「보금자리를… 빼앗겼구나…」
0x18000	323	「나는 복수를 위해 우부메에게 아이를 납치하게 하고, 죽순병 바이러스를 퍼뜨리게 했다.@그렇게 병원을 내 수하로 삼고, 요괴 대나무가 된 환자와 직원에게 공원에서 인간 사냥을 시켰지!@동료를 늘려 인간들에게 우리의 분노를 뼈저리게 알려 주기 위해!」
0x18000	324	「…나는 우연히 휘말린 게로군. 참 민폐로다」
0x18000	325	「…알겠어, 만년죽. 나중에 사정을 설명해서 모두 원만히 해결되도록 이야기하자.@너희 보금자리를 부순 인간에게도 잘못은 있지만, 우부메를 시켜 아이를 납치한 건 옳지 않아.@그런데 어떻게 우부메의 봉인을 푼 거지?」
0x18000	326	「그, 그건…」
0x18000	327	「키타로… 병원 지하실에 원장 선생이 붙잡혀 있었다!」
0x18000	328	「네!?」
0x18000	329	「후우… 감사합니다. 덕분에 오랜만에 바깥공기를 마실 수 있었습니다」
0x18000	330	「병원 지하실에 붙잡혀 있었다? 그럼… 아까 내가 원장실에서 만난 원장은 대체…?@대나무 정령! 어떻게 된 거지?」
0x18000	331	「그럴 리가… 원장은 대나무 인간으로 바꿔 놨을 텐데!?」
0x18000	332	「키타로! 큰일이다! 누군가가 만년죽과 요괴 대나무를 데리고 달아난 모양이다!」
0x18000	333	「뭐라고요!」
0x18000	334	「네 이놈… 우리가 방심한 틈을 타!」
0x18000	335	「그, 그럴 리가! 그 아이는 내 말만 듣는데!? 대체 누가…!?」
0x18000	336	「아직 말하지 않은 게 있는 것 같군.@자세한 이야기는 우리 집에서 하자. 따라와 주겠지?」
0x18000	337	「네…… 네…」
0x18000	338	「그럼 우리도 돌아가서 좀 쉬어야겠네」
0x18000	339	「너는 나와 함께 남는 게다!」
0x18000	340	「에에~! 왜요!?」
0x18000	341	「구한 아이들과 요괴 대나무에서 돌아온 사람들을 돌봐야지.@아직 다들 의식이 몽롱하니 말이다」
0x18000	342	「말도 안 돼~! 절대 싫어요!」
0x18000	343	「저런저런, 큰 소리를 내니까!」
0x18000	344	「아아아아아! 미안! 미안해~? 안 무서워~?」
0x18000	345	「어이구, 뒷정리가 큰일이로다!」
0x18000	346	「자, 갈까」
0x18000	347	「……네」
0x18000	348	「큭…… 제법 하는구나!」
0x18000	349	「두레박불! 무리하지 않아도 돼. 일단 물러나 있어 줘」
0x18000	350	「면목 없군, 그렇게 하지…」
0x18000	351	「키타로, 아무래도 적이 매복해 있는 듯하구나. 들키면 싸워야 한다.@하지만 싸움을 계속하면 요력 낭비다.@가능한 한 들키지 않도록 할멈들 뒤를 쫓아라. 알겠느냐?」
0x18000	352	「그렇게 말씀하셔도……」
0x18000	353	「이걸 쓰거라」
0x18000	354	「…이건?」
0x18000	355	「이런 일도 있을까 해서 한 장 가지고 있었지.@이걸 조끼 안에 넣어 두거라」
0x18000	356	「이렇게… 말인가요?」
0x18000	357	「이건 우리 유령족에게 전해지는 비전의 부적이다.@이걸 몸에 지니면 우리 기척을 적이 알아채기 어려워진다」
0x18000	358	「기척을 지울 수 있다는 건가요?」
0x18000	359	「모습까지 감출 수는 없다만. 게다가 이걸 지니고 있으면@위급할 때 재빨리 요력을 담아 적의 행동을 봉인할 수도 있다!」
0x18000	360	「오호~」
0x18000	361	「영력을 소비하니 함부로 쓰지 말거라!」
0x18000	362	「알겠습니다 아버지」
0x18000	363	「음, 그럼 가 볼까!」
0x18000	364	「저건!」
0x18000	365	「이건… 모래뿌리기 그 사람, 멋진 걸 남기고 갔군」
0x18000	366	「이게 뭐죠?」
0x18000	367	"「이건 ""요괴 퇴치 부적""이다. 이걸 쓰면 일정 거리만큼@빛을 내며 저절로 날아간다.@이걸 쫓아가면 적이 없는 길을 알 수 있지」"
0x18000	368	「그럼 이걸 던져서 그것이 지나간 길을 따라가면 적을 만나지 않고 갈 수 있는 거군요」
0x18000	369	「그렇다 해도 이 부적 수준으로는 그리 멀리 날아가진 못할 게다. 쓸 장소를 잘 생각하거라.@게다가 보이지 않는 적까지는 감지하지 못하는 듯하다.@뭐, 어쨌든 조심해서 나아가야 하겠지」
0x18000	370	「알겠습니다 아버지」
0x18000	371	「키타로, 오랜만의 싸움이다만 요령을 잊지는 않았느냐?」
0x18000	372	「괜찮아요, 아버지!」
0x18000	373	「일단 기본적인 싸움법을 확인해 두마.@위력이 높은 기술은 영력을 소비한다. 그리고 영력을 쓰는 기술은 더 많이 담을수록@그 위력과 명중률을 올릴 수 있다. 이것이 영력 충전이다.@영력을 많이 쓰지만… 단번에 승부를 내고 싶을 때는 이걸 이용하면 좋을 게다.@영력은 시간이 지나면 조금씩 회복되지만… 소모가 심하면 조금밖에 회복되지 않는다.@편리하다고 영력 충전을 너무 써 버리면 오히려 싸움이 힘들어진다.@남은 영력의 양에 주의해서 기술을 잘 가려 쓰거라!」
0x18000	374	「알겠습니다」
0x18000	375	「아! 이런…!」
0x18000	376	"(이 ""요괴 대나무""는 인간이 모습을 바꾼 것이다.@그러니 만년죽만 쓰러뜨리면 원래 모습으로 되돌려 줄 수 있었는데…!)"
0x18000	377	「가능한 한 요괴 대나무와의 싸움을 피하고… 만년죽을 먼저 쓰러뜨려야 해!」
0x18000	378	「이런! 요괴 대나무를 전부 쓰러뜨려 버렸나!?」
0x18000	379	"(이럴 수가… 그들을 막으려 했을 뿐인데…@싸우면서 ""인명구조""를 하는 건 어렵구나…)"
0x18000	380	「후우, 쓰러뜨렸나.@이놈들은 그리 강하지 않지만 독 공격을 가지고 있어서 까다롭군…」
0x18000	381	「아! 해독초! 마침 잘됐다. 챙겨 두자.@시간이 지나면 독은 자연히 사라지니까 무리해서 이 도구를 쓰지 않아도 되지만…@그동안 체력이 줄어드니 주의해야 해.||다른 여러 성가신 효과가 있는 공격을 받을지도 몰라…@만일을 위해 어딘가에서 준비해 두는 게 좋을지도 모르겠군」
0x18000	1024	개발중
0x1e000	0	「그럼… 네가 우부메의 봉인 푸는 법을 알고 있던 건 아니라는 거지?」
0x1e000	1	「네. 보금자리를 부수당하고 분노에 떨던 우리에게 이런 편지가 왔습니다」
0x1e000	2	「호오, 어디 보자…?」
0x1e000	3	" ""어리석은 인간에게 학대받은 동지여, 나는 그대들에게 복수의 힘을 내리는 자이니라@이 글에 적힌 지점으로 향하여 이 깃털을 바칠지어다…"""
0x1e000	4	「그곳에는 우부메가 봉인된 돌이 있었고, 편지의 지시대로 하자 우부메가 되살아났습니다.@나머지는 아시는 대로입니다」
0x1e000	5	「이 편지를 보낸 자에게 짚이는 데는 없다는 게로군?」
0x1e000	6	「네, 없습니다」
0x1e000	7	「그 가짜 원장은 누구지?」
0x1e000	8	「모르겠습니다…… 저도 원장은 진짜라고만 생각했어요」
0x1e000	9	「만년죽들을 데려간 그 수수께끼의 요괴도 모른다는 게지?」
0x1e000	10	「네…… 하지만 만년죽은 제 명령만 들을 텐데…」
0x1e000	11	「만년죽들을 데려간 놈도 모른다는 게지?」
0x1e000	12	「네…… 하지만 만년죽은 제 명령만 들을 텐데…」
0x1e000	13	「좋아, 이야기해 봐야 소용없겠어. 모두를 모아서 만년죽이 있을 만한 곳을 조사하자.@당신은 요괴 아파트에서 쉬고 계세요」
0x1e000	14	「죄송합니다, 키타로 씨. 잘 부탁드립니다」
0x1e000	15	「아버지, 이 사건 아직 뒤에 여러 가지가 있을 것 같네요」
0x1e000	16	「음. 키타로, 무슨 일이 일어나고 있는지 모르겠다만 마음 단단히 먹거라!」
0x1e000	17	「네!」
0x1e000	18	「키타로 니~임!」
0x1e000	19	「이탄모멘!」
0x1e000	20	「키타로 님, 이야기는 고양이소녀에게 들었소이다」
0x1e000	21	「어? 언제 그새」
0x1e000	22	「헤헤헤, 어때, 이 재빠른 대응!」
0x1e000	23	「소인도 이 건에 협력하겠소이다!」
0x1e000	24	「으악!」
0x1e000	25	「누~리~카~베~!」
0x1e000	26	「뭐냐, 누리카베 아니냐! 놀라게 하기는!」
0x1e000	27	「누~리~카~베~!」
0x1e000	28	「오오, 빨랐구나. 벌써 조사해 준 게냐. 그래, 어땠느냐? 흠흠」
0x1e000	29	「? 누리카베에게 뭘 조사시키셨어요?」
0x1e000	30	"「그 후에 들은 ""토목업자 이야기""가 마음에 걸렸거든.@누리카베는 그쪽 방면에 밝으니 말이다」"
0x1e000	31	"「""토목업자 이야기""요? 아, 붙잡혀 있던 진짜 원장 선생님께 들은 이야기 말이군요」"
0x1e000	32	"「대나무 정령들의 보금자리를 부수는 원인이 된 ""병원 증축""을 결심한 것은@병원에 ""원인 불명의 화재""가 났기 때문이라던가…」"
0x1e000	33	「어떤 업자가 수리와 증축을 합쳐도 아주 싼 견적을 내줘서@뒷산 증축을 결정했다고 하셨죠」
0x1e000	34	「그 업자 말이다만, 화재가 나기 전부터 원장에게 싼값에 증축을 권하고 있었던 모양이다」
0x1e000	35	「설마… 그 업자가 일이 탐나서 병원에 불을 질렀다는 건가요? 아무리 그래도…@게다가 그게 달아난 그놈과 무슨 관계가 있다는 거죠?」
0x1e000	36	「뭐… 좀 마음에 걸려서 말이다.@만약을 위해 내일 그 업자라는 자에게 문의해 볼까 한다.@오늘은 이미 늦었다. 나머지는 나중에 하고 일단 쉬지 않겠느냐?」
0x1e000	37	「아, 저는 조금만 더 인터넷으로 알아보고 싶은 게…」
0x1e000	38	「이 바보 녀~~~석!!」
0x1e000	39	「왓!?」
0x1e000	40	「가, 갑자기 호통을 치지 마시게, 아버님. 수명이 줄었네」
0x1e000	41	「키타로! 밤중까지 인터넷 따위 할 것 없다! 내일 하거라, 내일!」
0x1e000	42	「아, 알겠어요」
0x1e000	43	「그럼 나도 돌아가겠네」
0x1e000	44	「그럼 소인들도 실례하겠소이다!」
0x1e000	45	「음, 수고했다」
0x1e000	46	「누~리~카~베~! 안녕히 주무세~요~!」
0x1e000	47	「그래, 잘 자」
0x1e000	48	「저놈들… 이제 잠든 모양이군」
0x1e000	49	「……………………………」
0x1e000	50	「지금이라면 실수할 일은 없어. 그 물건을 빼앗으면 나머지는 네게 맡기지.@부디 잘해 다오. 키타로가… 밉지 않나?」
0x1e000	51	「아아, 물론이지…」
0x1e000	52	「…타로… 키타로」
0x1e000	53	「응…? 누구지? 나를 부르는 건?」
0x1e000	54	「키타로… 많이 컸구나…」
0x1e000	55	「이 목소리는… 어머니! 만나러 와 주셨군요!@어디 계세요, 나와 주세요!」
0x1e000	56	「그건 안 된단다 키타로… 규칙이 있어」
0x1e000	57	「그런… ! 모습을 보여 주실 수도 없나요!?」
0x1e000	58	「미안하구나 키타로… 외로운 건 나도 마찬가지란다…@그리 오래 이야기할 수는 없지만… 어머니는 언제나 너를 지켜보고 있단다.@그것만은 잊지 말아 다오… 알겠지… 내 귀여운 아가…」
0x1e000	59	「어머니! 가지 마세요!」
0x1e000	60	「자… 눈을 뜨렴… 아버지를 부탁한다… 다……」
0x1e000	61	「어머니!! 어머니~~~~~~!!」
0x1e000	62	「어머니…! ……………………………@꿈… 인가…」@(아니… 방금 그건 그냥 꿈이 아닌 것 같아…@어째서 어머니가 내 꿈에 나와 주신 걸까?)
0x1e000	63	「콜록콜록! 이, 이건!?」
0x1e000	64	「으음… 무슨 일이냐 키타로」
0x1e000	65	「아버지! 서둘러 밖으로!」
0x1e000	66	「무, 무슨 일이냐! 우리 집이!?」
0x1e000	67	「서둘러 꺼야 해!」@(어머니는… 이 일을 나에게?)
0x1e000	68	「………크크크!」
0x1e000	69	「누구냐!?」
0x1e000	70	「!!」
0x1e000	71	「달아났다…? 저놈이 범인인가!?」
0x1e000	72	「키타로, 진화는 맡기고 너는 방금 그놈을 쫓아라!@나는 요괴 아파트로 가서 모두를 깨워 오마」
0x1e000	73	「알겠습니다!」
0x1e000	74	「후우, 그럭저럭 인간의 집을 태우지 않고 넘어간 듯하구나」
0x1e000	75	「네, 모두 덕분이에요」
0x1e000	76	「저기…」
0x1e000	77	「네, 네!?」
0x1e000	78	「혹시 여러분이 불을 꺼 주신 건가요?」
0x1e000	79	「네, 네… 뭐… 그렇습니다」
0x1e000	80	「가, 감사합니다! 이 집은 할아버지 대부터 지켜 온 소중한 집이에요.@뭐라고 감사를 드려야 할지…」
0x1e000	81	「괜찮습니다, 감사라니요. 저희 마음대로 한 일인데요.@…소중한 집이 타지 않아서 다행이네요」
0x1e000	82	「집 자체는 타도 다시 지으면 되지만… 추억은 되돌릴 수 없으니까요…@정말로 신세 많았습니다. 그럼 실례하겠습니다!」
0x1e000	83	「여기 말고 다른 곳의 불은 오기 전에 전부 꺼 두었다만…」
0x1e000	84	"「여기는 ""전부""라고는 되지 않았네요…」"
0x1e000	85	「그, 그런… 내 집이…」
0x1e000	86	「아무래도 저분의 집이었던 모양이구나…」
0x1e000	87	「흑흑… 돌아가신 아버지와 어머니의 유품이… 전부 재가 되어 버렸어…」
0x1e000	88	「안됐구나…」
0x1e000	89	「내가… 좀 더 제대로 싸웠더라면…」
0x1e000	90	「키, 키타로 탓이 아니야! 신경 쓸 것 없어!」
0x1e000	91	「………………………」
0x1e000	92	「기운 내시오, 키타로. 소인들은 최선을 다했소이다!」
0x1e000	93	「…………………으, 응……」
0x1e000	94	「……………………………」
0x1e000	95	「이봐, 잠자코 있지 말고 뭐라고 말 좀 해! 너 때문에 모두가 험한 꼴을 당했다고!」
0x1e000	96	「자, 자자, 그리 몰아붙이지 않아도」
0x1e000	97	「자, 사정을 말해 보거라 우산요괴. 뭔가… 어지간한 이유가 있었겠지?」
0x1e000	98	「……………………」
0x1e000	99	「억지로 캐물을 생각은 없어. 하지만 괜찮다면 이야기해 줘」
0x09000	690	가샤도쿠로
0x09000	691	요괴죽
0x09000	692	만년죽
0x09000	693	대나무 정령
0x09000	694	대나무너구리
0x09000	695	타쿠로비
0x09000	696	검은중
0x09000	697	무지나
0x09000	698	무지나(쥐인간판)
0x09000	699	지네
0x09000	700	큰지네
0x09000	701	눈아이
0x09000	702	설녀
0x09000	703	설남
0x09000	704	설국 합체 요괴
0x09000	705	물 병사
0x09000	706	어둠 물 병사
0x09000	707	호우코우
0x09000	708	호우코우(지)
0x09000	709	호우코우(수)
0x09000	710	호우코우(화)
0x09000	711	호우코우(풍)
0x09000	712	움직이는 석상
0x09000	713	눗페라보
0x09000	714	거대 눗페라보
0x09000	715	다이다라봇치교 신자
0x09000	716	다이다라봇치교 교주
0x09000	717	성 쥐인간
0x09000	718	다이다라봇치 눈
0x09000	719	다이다라봇치 입
0x09000	720	다이다라봇치 코
0x09000	721	다이다라봇치
0x09000	722	큰머리
0x09000	723	누라리횬
0x09000	724	마녀
0x09000	725	중급 마녀
0x09000	726	상급 마녀
0x09000	727	마녀 론론
0x09000	728	젊어진 론론
0x09000	729	미라남
0x09000	730	미라 병사
0x09000	731	미라 귀족
0x09000	732	머리 둘 미라요괴
0x09000	733	늑대인간 부하
0x09000	734	늑대인간 아우
0x09000	735	늑대인간 심복
0x09000	736	늑대인간
0x09000	737	요괴수 분신체
0x09000	738	요괴수 강화분신체
0x09000	739	요괴수
0x09000	740	거울사자
0x09000	741	페낭가란
0x09000	742	란스빌
0x09000	743	흡혈화 라그레시아
0x09000	744	밀랍인형
0x09000	745	밀랍인형 나이트
0x09000	746	카리카
0x09000	747	카리카 밀랍인형
0x09000	748	박쥐고양이
0x09000	749	환상의 박쥐고양이
0x09000	750	환상의 박쥐고양이 에이스
0x09000	751	베리알 손
0x09000	752	베리알 발
0x09000	753	베리알 눈
0x09000	754	베리알 입
0x09000	755	악마 베리알
0x09000	756	악마 부엘
0x09000	757	백베어드
0x09000	758	치
0x09000	759	보자이
0x09000	760	고곤
0x09000	761	프랑켄슈타인
0x09000	762	흡혈귀 엘리트
0x09000	763	흡혈귀 라 세느
0x09000	764	흡혈귀 드라큘라
0x09000	765	대요괴 기가
0x09000	766	그렘린
0x09000	767	복제 키타로
0x09000	768	복제 모래뿌리기할멈
0x09000	769	복제 아기울음영감
0x09000	770	복제 고양이소녀
0x09000	771	복제 이탄모멘
0x09000	772	복제 누리카베
0x09000	773	복제 드라큘라
0x09000	774	복제 보자이
0x09000	775	복제 치
0x09000	778	「이건 요괴가 정말로 있다는 걸 모르는 인간들의 게시판이군…||뭔가 참고가 될지도 모르겠어. 가끔 들여다볼까…」
0x09000	779	「사이트가 안 보이네… 도쿄가 괴기상에 뒤덮인 영향인가…」
0x09000	780	「오, 벌써 기사가 났군… 어디 보자…」
0x09000	781	「어라… 이상하네, 내 이름이 없잖아.||분명 예전에 봤을 땐 적혀 있었던 것 같은데…||뭔가 착오인가?」
0x09000	782	「교코지 건설 사건이 벌써 뉴스가 됐으려나? 어디 보자…」
0x09000	783	「이게 뭐야? 교코지 건설이나 검은중 얘기는 실려 있지 않네?||뭐, 아직 뉴스가 되기엔 이른가. 조만간 정보가 가겠지…」
0x09000	784	「어라? 이상한데… 이 뉴스가 안 보이네… 또 서버 고장인가?」
0x09000	785	"「묘한 기사네, 완전히 광고잖아.||그런데 ""라그레시안""이라니 이상한 이름… 어디서 나온 걸까?」"
0x09000	786	「뭐라고…!? 그 카타키라우와들이?||크, 내가 제대로 따라가 주기만 했어도 이런 일은…||그나저나… 세계 요괴들 이야기는 전혀 나오지 않았군.||놈들이 잘 위장하고 있는 건가? …아니면…」
0x09000	787	「이게 뭐야…? 완전히 엉뚱한 내용이 적혀 있잖아!||까마귀텐구도 이번 일은 알고 있을 텐데… 대체 어떻게 된 거지?」
0x09000	788	「아이고, 이렇게 돼 버렸군!||우리 얘기도 안 나왔지만… 세계 요괴 얘기도 언급이 없네.||요괴타임스의 취재력도 의외로 별것 아니라는 건가. 하지만… 뭔가 묘한데…」
0x09000	800	_
0x09000	801	전_
0x09000	802	전략_
0x09000	803	전략 _
0x09000	804	전략 게_
0x09000	805	전략 게게_
0x09000	806	전략 게게게_
0x09000	807	전략 게게게의_
0x09000	808	전략 게게게의 _
0x09000	809	전략 게게게의 키_
0x09000	810	전략 게게게의 키타_
0x09000	811	전략 게게게의 키타로_
0x09000	812	전략 게게게의 키타로 _
0x09000	813	전략 게게게의 키타로 님_
0x09000	814	전략 게게게의 키타로 님_
0x09000	815	전략 게게게의 키타로 님_
0x09000	816	전략 게게게의 키타로 님_
0x09000	817	전략 게게게의 키타로 님_
0x09000	818	전략  게게게의 키타로 님_
0x09000	512	유령족 아버지와 인간 어머니 사이에서 태어난 반요괴 소년. 요괴로서의 높은 능력과 인간의 다정한 마음을 함께 지닌 주인공.||나쁜 요괴를 응징해 인간의 편이라는 인상이 강하지만, 기본적으로 인간에게도 요괴에게도 공평하게 대한다.||보기 드문 생명력의 소유자로, 시간만 지나면 치명상을 입어도 되살아난다.
0x09000	513	너무나도 유명한 키타로의 아버지. 유령족이며 예전에는 미라남 같은 모습이었다. 죽은 뒤 키타로를 지켜보기 위해 눈알만이 되살아나 지금의 모습이 되었다. 오랜 경험에서 나오는 조언은 언제나 키타로를 돕는다.
0x09000	514	키타로의 골치 아픈 파트너 겸 사고뭉치. 어떤 악랄한 돈벌이에 손을 대 인간에게 피해를 주고, 그것을 눈치챈 키타로 일행에게 혼나는 것이 기본 패턴이다. 요괴로서는 그리 강하지 않지만 불결함에서는 누구에게도 지지 않으며, 그것이 최대의 무기다.
0x09000	515	키타로가 신뢰하는 핵심 동료 중 하나. 이름 그대로 모래를 무기로 삼으며, 그중에서도 모래북 항아리는 특히 강력하다. 하지만 그녀가 진정 믿음직한 것은 공격력이 아니라 연장자로서 키타로에게 적확한 조언을 해 주는 부분일 것이다.
0x09000	516	키타로의 오랜 친구로 모래뿌리기할멈과 함께 믿음직한 동료. 남에게 달라붙어 천 관의 무게가 될 수 있다. 이름 그대로 나이 든 요괴지만 설교조가 아니라 조금 능글맞은 데가 있는 익살스러운 요괴다.
0x09000	517	둔갑고양이 요괴로 키타로와는 오랜 사이. 타고난 날렵함과 발톱을 쓴 능란한 공격으로 키타로를 지원한다. 고양이가 쥐에게 강하듯 쥐인간에게도 강하다. 하기야 그뿐 아니라 고양이소녀를 화나게 하는 건 피해야 할 사태다.
0x09000	518	독특한 규슈 사투리가 인상적인 가고시마현 출신의 천 요괴. 얇은 몸이지만 여러 요괴를 태우고 하늘을 날 수 있어, 키타로가 먼 곳으로 이동할 때 요긴하게 쓰인다.
0x09000	519	커다란 벽 요괴. 움직임은 느리지만 여차하면 공격에도 방어에도 아주 믿음직하다. 체내에 많은 물을 저장할 수 있어 공격에 쓸 수 있다.
0x09000	520	키타로의 동료인 불꽃 요괴로, 키타로가 위기에 처하면 곧바로 나타나 도와준다. 하늘을 날 수 있고 다른 요괴보다 기동성이 뛰어나, 불에 약한 요괴를 상대할 때 등 여러모로 믿음직한 존재다.
0x09000	521	우산요괴. 우산 모습을 이용한 최면 공격과 열선 공격 등 다채로운 기술을 지녔다. 대나무너구리에게 꼬드김을 당해 조끼를 훔쳤고, 그 힘을 이용해 여러 모습으로 둔갑해 키타로 일행을 괴롭혔다.
0x09000	522	너구리나 여우와 마찬가지로 변신 능력을 가진 요괴. 키타로 일행 앞에는 처음에 소년의 모습으로 나타났다. 키타로의 동료가 되기도 하고 적이 되기도 하는 미묘한 위치에 있다. 큰 배를 가지고 있어 항해 때 크게 도움이 되는 존재.
0x09000	523	머리와 몸을 분리할 수 있는 불꽃 요괴. 누케쿠비는 상당한 자신가로, 키타로 일행만 유명한 것이 마음에 들지 않아 자신의 실력을 보이려 키타로에게 도전했다. 오랫동안 머리와 몸이 떨어져 있으면 과열되어 대폭발해 버린다.
0x09000	524	남의 아이를 데려가 자기 아이로 키우는 것이 취미인 요괴. 그 밖에 밤에 널어 둔 이불에 발자국을 남기는 취미도 있다. 돌에 봉인되어 있었으나 깃털이 뿌려져 부활했다.
0x09000	525	"인간의 수분을 빨아 힘으로 삼는 요괴. 물을 이용해 맹렬한 속도로 이동할 수도 있다. 본래 붉은혀는 ""적설신""이라 불리는 음양도의 귀신이다."
0x09000	526	특정 기상 조건이 갖춰졌을 때 나타나는 요괴로, 강력한 드라이어 같은 열기를 무기로 삼는다. 이 요괴가 나타나면 가뭄이 이어진다고 한다. 용암의 열을 써서 강해질 수 있다.
0x09000	527	순수한 마음을 지닌 키타로 일행의 동료이자 오키나와의 요괴. 몸을 드릴처럼 회전시켜 땅을 파고 나아갈 수 있는 등 작은 몸에 높은 기동성을 갖췄다. 키타로를 매우 신뢰한다.
0x09000	528	"우차 바퀴의 요괴로 물질을 다이아몬드로 바꾸는 ""탄소화 광선""을 쏠 수 있다. 어떤 의미에서 여성에게 가장 주목받는 요괴. 여러 개체가 존재하는 듯하다."
0x09000	529	"한자로 쓰면 한쪽 귀 돼지, 또는 반쪽 돼지가 된다. 늘 무리로 행동하며 동료가 위험에 처하면 합체해 거대한 카타키라우와인 ""큰 돼지""가 된다."
0x09000	530	카타키라우와들의 집합체이자 그들의 비장의 수. 하나하나가 귀여운 인형 같은 카타키라우와도 커지면… 역시 귀엽다.
0x09000	531	평소에는 바다에 사는, 머리는 소이고 몸은 거미인 요괴. 상당한 힘의 소유자로 아주 옛날 나타났을 때는 그 능력을 봉하기 위해 신의 힘을 빌렸다고 전해지는 강력한 요괴.
0x09000	532	「논을 돌려다오~」라는 대사가 유명한, 몸이 진흙으로 된 외눈 요괴. 농가 조상의 영혼이 논을 팔아 버린 것을 원망해 나타난 모습이라고도 한다. 물과 인연이 깊은 요괴로, 물을 다루는 요괴에게 이용되어 병사로 쓰이고 있다.
0x09000	533	수레 다툼의 원한에서 태어났다는 우차 요괴. 요기 정착 장치로 이용되고 있었다. 수레의 말로 이야기해서 키타로는 그 말을 알아듣지 못하는 듯하다.
0x09000	534	"커다란 머리를 한 요괴. 언뜻 머리만 있는 요괴로 착각하기 쉽지만 실은 작을 뿐 다리가 제대로 있다. 자세한 능력은 불명. 참고로 ""두레박""이란 우물물을 길을 때 쓰는 통을 말한다."
0x09000	535	커다란 앞니가 특징인 외눈의 아이 요괴. 오래전부터 키타로의 동료 중 하나다. 자세한 능력은 불명이지만 그 이름에서는 산을 향해 외친 소리가 되울리는 유명한 현상이 떠오른다.
0x09000	536	두 손이 낫인 요괴. 뾰족하게 만든 입에서 강풍을 일으켜 손을 대지 않고 멀리 있는 물건을 끌어당길 수 있다.
0x09000	537	키타로에게 협력하는 일본 요괴 중 하나. 이름 그대로 천장을 핥는 요괴로 곰팡이를 좋아한다. 위액은 물에 희석하면 곰팡이 제거의 묘약이 된다고 한다.
0x09000	538	오래전부터 키타로의 협력자이며 실은 게게게의 숲 촌장. 드라큘라와의 싸움에 가장 먼저 달려와 준 믿음직한 동료. 그 전투 능력은 높아 온화한 얼굴 아래 상당한 실력을 감추고 있다.
0x09000	539	가루라라고 읽는다. 팔만 년 전에 우귀를 봉인한, 천수관음을 지키는 이십팔부중의 하나. 마을 사람들의 기도에 응해, 우귀를 완전히 쓰러뜨리지 못하던 키타로 일행에게 힘을 빌려주었다. 인지를 넘어선 힘을 지녀 그 실력은 헤아릴 수 없다.
0x09000	540	일본인에게 친숙한 수행자 모습을 한 요괴. 등의 날개로 나무 사이를 자유로이 날아다닐 수 있으며, 산의 수호신이라고도 불도를 방해하는 마성이라고도 한다.
0x09000	541	중국 출신의 선인. 우물 속에 살며 그곳에서 메탄가스를 먹으며 천 년이나 살아왔다고 한다. 같은 중국 요괴 치에게 옷감이 되어 버린 동료들을 되돌리는 방법을 키타로 일행에게 알려 주었다.
0x09000	542	크게 벌린 입으로 무엇이든 빨아들이는 무서운 요괴. 거대한 애벌레 같은 모습을 하고 있으며 평소에는 땅속에서 잠들어 있다. 그 잠을 방해받으면 격렬하게 화를 내 손을 쓸 수 없게 된다.
0x09000	543	평소에는 봉해져 있어 결코 꺼내서는 안 된다는 금기의 요괴. 이차원의 위장을 지녀 온갖 것을 빨아들여 먹어 버린다. 부엘이 불러낸 악마 군단조차 가볍게 한입에 삼켜 버렸다.||다만 쥐인간만은 입에 맞지 않았던 모양이다.
0x09000	544	나쁜 요괴에게 부려지는 동물.
0x09000	545	나쁜 요괴에게 부려지는 동물. 보통 박쥐보다 조금 강하다.
0x09000	546	나쁜 요괴에게 부려지는 동물. 보통 인간을 쉽게 해치울 힘을 지녔다.
0x09000	547	나쁜 요괴에게 부려지는 동물. 최강 최악의 힘을 지닌 박쥐로 상당히 까다롭다.
0x09000	548	나쁜 요괴에게 부려지는 동물. 결계를 만들어 내어 호위에 특화된 특수한 박쥐.
0x09000	549	가장 낮은 지위의 요괴 여우. 전투력은 그리 대단하지 않지만 박쥐 등보다는 까다롭다.
0x09000	550	말단 요괴 여우. 들여우보다 지위가 높은 여우로 당연히 그들보다 강하다.
0x09000	551	기호보다 한 단계 더 위의 여우. 말단 여우 중에서는 다소 강한 축에 든다.
0x09000	552	말단 요괴 여우 중에서도 특히 훈련된 정예 중의 정예 부대원.
0x09000	553	가장 낮은 등급의 요괴 중 하나. 전투력은 그리 대단하지 않다.
0x09000	554	가장 낮은 등급의 요괴 중 하나. 전투력은 그리 대단하지 않다. 보통 해골들보다 약간 등급이 위다.
0x09000	555	경험이 풍부해 다소 까다로워진 해골.
0x09000	556	해골의 엘리트. 전투력은 다른 해골들보다 상당히 높다.
0x09000	557	늘 거물 요괴를 섬기는, 기모노를 입은 여자 뼈 요괴. 부하인 해골들을 턱짓으로 부린다. 성격이 상당히 사납지만 어째선지 쥐인간에게는 예사롭지 않은 감정을 품고 있는 듯하다.
0x09000	558	남몰래 들에서 죽은 사람들의 원한이 모여 태어난 거대한 해골 요괴. 실제로는 흉포한 요괴가 아니지만 엘리트의 최면 음악에 조종당해 키타로 일행에게 이빨을 드러냈다.
0x09000	559	인간이 죽순병에 걸려 대나무가 되어 버린 모습. 지성은 없고 만년죽의 명령대로 움직인다.
0x09000	560	커다란 대나무 요괴. 대나무 정령의 명령으로 죽순병을 퍼뜨렸다. 요괴로서의 능력은 낮지 않지만 그리 호전적이지는 않은 듯해, 지시받지 않는 한 능동적으로 행동하지는 않는 모양이다.
0x09000	576	호우코우가 분열한 모습 중 하나. 보통 호우코우와 달리 땅 속성이며 기술이 늘어난 것이 특징.
0x09000	577	호우코우가 분열한 모습 중 하나. 보통 호우코우와 달리 물 속성이다.
0x09000	578	호우코우가 분열한 모습 중 하나. 보통 호우코우와 달리 불 속성이며 화염 공격을 잘한다.
0x09000	579	호우코우가 분열한 모습 중 하나. 보통 호우코우와 달리 바람 속성이며 기술이 늘어난 것이 특징.
0x09000	580	눗페라보가 석상을 뒤집어쓴 모습. 이 날씬한 석상 안에 교묘하게 몸을 넣고 있다. 기묘한 노래를 부르며 젊음을 빼앗고 다녀 듣는 이를 떨게 했다.
0x09000	581	한국의 요괴. 둔해 보이는 외관이지만 젊음을 빨아들이는 무서운 능력을 지녀 얕볼 수 없다.
0x09000	582	거대한 요괴로 눗페라보들의 동생. 모습을 감추는 능력을 지녔다.
0x09000	583	"다이다라봇치를 신으로 떠받드는 집단 ""다이다라봇치교""의 신자. 다이다라봇치를 믿으면 구원받는다고 여기며 그들의 결속은 단단하다."
0x09000	584	"다이다라봇치를 신으로 떠받드는 집단 ""다이다라봇치교""의 교주. 다이다라봇치를 믿으면 구원받는다고 여긴다. 교리는 부모에서 자식으로, 자식에서 손자로 수백 년에 걸쳐 이어져 온 듯하다."
0x09000	585	"쥐인간이 어떤 인물에게 조종당해 다이다라봇치교 신자가 된 모습. 모습이 바뀐 것 외에 특별한 변화는 없다. 해골여인과 ""알콩달콩""했다."
0x09000	586	각지에 봉인되어 있던 다이다라봇치 몸의 일부. 공중을 날 수 있는 거대한 눈알이다.
0x09000	587	각지에 봉인되어 있던 다이다라봇치 몸의 일부. 단단한 대지를 씹어 부술 수 있는 강인한 입이다.
0x09000	588	각지에 봉인되어 있던 다이다라봇치 몸의 일부. 다른 부위보다 다소 작지만 전투력은 높다.
0x09000	589	초거대 요괴. 한때는 일본을 지배했으나 너무나 큰 힘을 지녔기에 두려움을 사 산산이 나뉘어 봉인되었다. 힘 자체도 굉장하지만 일본 열도 자체를 먹어 치울 수 있다는 그 위장은 더욱 경이롭다.
0x09000	590	"수천 년에 걸쳐 살아온 불로불사의 대요괴. 영혼을 먹고 그것을 활동원으로 삼으며, 그와 함께 불로불사의 힘을 얻고 있다. 그 때문에 영혼을 먹는 ""영식 버섯""에 약해, 이것을 뒤집어쓰면 큰일이 난다."
0x09000	591	악행을 삶의 보람으로 삼는 노인 모습의 요괴. 일본 요괴 중에서도 상당한 실력자로 키타로와도 여러 번 맞붙었다. 거슬리는 키타로를 없애려 콘크리트에 묻거나 마법의 항아리에 봉인하려 꾀한 적도 있다.
0x09000	592	론론의 부하. 겉보기로는 알 수 없지만 아직 경험이 얕은 젊은 마녀.
0x09000	593	론론의 부하. 어느 정도 강해졌지만 아직 론론에게는 한참 못 미친다.
0x09000	594	론론의 부하. 특히 우수한 마녀. 같은 노파로 보이지만 다른 마녀보다 경험을 쌓은 베테랑 마녀다.
0x09000	595	유럽에서 찾아온 대마녀. 완력은 약하지만 높은 마력을 지녀 마법의 번개로 키타로 일행을 괴롭힌다. 어째선지 쥐인간이 무척 신경 쓰이는 모양이다.
0x09000	596	눗페라보가 빨아들인 키타로의 젊음을 마녀 론론이 사용해 젊어진 모습. 기본적인 기술 등에 변화는 없지만 보통 론론보다 화사한 인상을 준다.
0x09000	597	세계 요괴의 첨병. 온몸에 붕대를 감은 하급 요괴.
0x09000	598	훈련을 쌓은 미라남으로 보통 미라남보다 강력한 병사다.
0x09000	599	"미라 병사보다 한층 더 강력한 요괴. 아마도 ""귀족""이라는 계급은 생전의 것이리라."
0x09000	600	머리가 둘인 미라. 보통 미라보다 마물로서의 지위가 높고 체격도 한 둘레 크다. 한쪽 입에서는 불꽃을, 다른 쪽 입에서는 한기를 뿜을 수 있다.
0x09000	601	늑대인간의 부하 중 하나.
0x09000	602	늑대인간의 부하 중 하나. 졸개보다 공을 세워 출세했다.
0x09000	603	늑대인간의 부하 중 하나. 늑대인간과 함께 몇 번이나 사선을 넘어 그를 구한 맹장이다.
0x09000	604	"루마니아의 요괴로 드라큘라를 우두머리로 삼는 ""세계 요괴 군단""의 일원. 약 지식이 조금 있는지 석화 상태를 고치는 특효약 ""벨라도나의 즙""을 가지고 있다. 다이아몬드라면 사족을 못 쓴다."
0x09000	605	"요괴수가 만들어 낸 씨앗에서 태어난 분신. 식물로 치면 ""싹""에 해당하는 존재. 그들 하나하나가 언젠가 자라 요괴수가 된다."
0x09000	606	요괴수 분신체 중 좋은 조건에서 자란 개체. 성능이 약간 올라가 있다.
0x09000	607	"오가사와라에서 수천 년이나 살아온 요괴수. 요괴의 피를 흡수해 씨앗을 만들어 내고 아이들을 낳을 수 있다. 드라큘라 일행의 ""이모""뻘이 된다."
0x09000	608	"무용극 작품이기도 한 ""사자머리를 쓰고 춤추는 소년에게 사자의 정령이 씌어 춤을 추었다""는 에도 시대의 전설에서 유래한 요괴. 실제로 무엇이 씌었는지는 게임 속에서 밝혀진다."
0x09000	609	남방에서 찾아온 흡혈 요괴. 출산 때 숨진 여성이 남의 아이를 괴롭히기 위해 요괴가 된 모습이라 전해지며, 주로 임산부나 아이의 피를 빤다.
0x09000	610	남방에서 찾아온 흡혈 요괴. 자세한 능력은 불명이지만 즐비하게 늘어선 날카로운 이빨과 장식품 같은 혀가 특징인 마녀다.
0x09000	611	남방 출신의 거대한 꽃 요괴. 식물이지만 스스로 뿌리를 뽑아 걸어 다닐 수도 있다. 공격은 꽃가루와 독 수술 등 겉보기와 달리 다채롭고 강력한 기술을 지녔다.
0x09000	612	밀랍으로 만든 인형. 카리카가 만들어 낸 충실한 병사.
0x09000	613	밀랍으로 만든 인형. 카리카가 만들어 낸 충실한 병사. 보통 밀랍인형보다 특히 정성 들인 공정으로 제작되었다.
0x09000	614	인간에게서 영혼을 뽑아내 밀랍인형을 만들기 위해 유괴를 되풀이하는, 중세부터 살아온 요괴. 주문 컴퓨터로 밀랍인형을 마음대로 조종할 수 있다.
0x09000	615	카리카가 만든 밀랍으로 된 가짜.
0x09000	616	박쥐 날개가 난 고양이 요괴. 미국 출신으로 요괴 대통령 선거에 출마했으나 낙선해 일본으로 망명했다. 뉘우치지도 않고 일본에서도 같은 야망을 품는다. 요괴 최면술과 환각을 쓰지만 강하지는 않다.
0x09000	617	박쥐고양이의 환술로 만들어진 환상의 분신체. 영혼을 써서 실체화했으며 진짜와 동등한 공격력을 지녔다.
0x09000	618	박쥐고양이가 특히 정성 들여 만들어 낸 환술 분신체. 보통 환상의 박쥐고양이보다 능력이 높아져 있다.
0x09000	619	악마 베리알이 몸의 일부를 증식시킨 것. 손의 집합체로, 거기서 뻗어 나오는 공격은 키타로를 괴롭힌다.
0x09000	620	악마 베리알이 몸의 일부를 증식시킨 것. 발만 모여 있다.
0x09000	621	악마 베리알이 몸의 일부를 증식시킨 것. 눈만 모여 있다. 다른 베리알과는 조금 다른 기술을 지닌 것이 특징.
0x09000	622	악마 베리알이 몸의 일부를 증식시킨 것. 입이 모여 있어 매우 섬뜩하다.
0x09000	623	메이지 원년에 배로 일본에 건너온 악마. 예전에는 까마귀텐구에게 마력을 봉인당한 적도 있다. 눈이나 입 같은 자기 부위를 100배로 증식시킬 수 있다.
0x09000	624	악마 군단을 통솔하는 거물 악마. 악마를 소환해 키타로 일행과 싸우려 했다. 자세한 데이터는 불명이지만 그 외모에서는 상상할 수 없는 높은 전투력을 지녔다.
0x09000	625	키타로와 수없이 싸워 온 미국의 요괴. 거대한 눈알을 쓴 눈속임 공격과 최면 공격을 잘한다. 한때는 드라큘라를 수하로 거느린 적도 있었으나 지금은 사정이 조금 다른 듯하다. 앞으로도 키타로와 맞설 강적이다.
0x09000	626	중국의 대요괴로 아주 옛날 일본에서 퇴치된 어느 요괴의 동생. 가족이 쓰러진 것을 역으로 원망해 일본에 예사롭지 않은 증오를 품고 있다. 요괴가 옷감이 되는 약을 가지고 있어 그것으로 요괴를 무력화할 수 있다.
0x09000	627	물을 다루고 아이나 노인으로 둔갑할 수 있는 러시아의 요괴. 익사자들의 영혼이 화한 것이라고도 한다. 요괴를 먹는 것을 좋아해 키타로를 고기 양갱으로 만들어 먹으려 꾀했다.
0x09000	628	머리카락이 뱀인 요괴. 그녀에게 보이면 돌이 되어 버린다. 고르곤이라 자칭한 적도 있는 듯하다.
0x09000	629	유명한 서양 요괴. 정확히는 인조인간이다. 지능은 그리 높지 않고 움직임은 느리고 둔하다. 반면 완력이 뛰어나 그 파괴력은 보통 인간에 비할 바가 아니다. 드라큘라를 섬기고 있다.
0x09000	630	서양 요괴 중 하나. 음향 최면술에 능해 기타를 들고 노래하며 공격해 온다. 정치인이나 유명인의 피를 빠는 것을 특히 좋아한다. 늘 미소를 띤 채 도발적인 태도지만 그 실력은 상당히 높다.
0x09000	631	프랑스 출신의 흡혈 요괴로 천 명의 미녀의 피를 빨아 오래 살겠다는 야망을 이루기 위해 일본으로 왔다. 수하인 박쥐와 수수께끼의 기계를 써서 초음파 순간이동을 할 수 있다.
0x09000	632	흡혈귀이자 서양 요괴들의 총대장. 실력은 높을 터이나 마무리가 허술해 지금까지 몇 번이나 키타로에게 도전했다가 그때마다 패했다. 사업에서도 마찬가지로 돈 계산에는 엄한 편인데 결국 손해를 보는 모양이다. 요괴 의사라는 면모도 지녔다.
0x09000	633	거대한 힘을 지닌 이 이야기의 진정한 흑막. 인터넷 정보에 개입하는 능력을 지녀 정보를 조작하고 인간을, 그리고 요괴를 조종해 키타로 일행을 괴롭혔다. 수수께끼에 싸인 요괴로 그의 정체는 이야기 속에서 밝혀진다.
0x09000	634	기가의 정체. 원래는 기계 만지기를 좋아하는 외국 요괴로, 인터넷 단말을 만지던 중 우연히 그 내부에 응어리진 상념에 닿아 자아를 잃고 기가가 되어 버렸다.
0x09000	635	기가가 키타로의 요괴 정보를 바탕으로 만들어 낸 가짜. 기본적으로는 키타로와 다를 바 없는 능력을 지닌다. TV에 등장한 가짜도 아마 이 요괴일 것이다.
0x09000	636	기가가 모래뿌리기할멈의 요괴 정보를 바탕으로 만들어 낸 가짜. 기본적으로는 모래뿌리기할멈과 다를 바 없는 능력을 지닌다.
0x09000	637	기가가 아기울음영감의 요괴 정보를 바탕으로 만들어 낸 가짜. 기본적으로는 아기울음영감과 다를 바 없는 능력을 지닌다. TV에 등장한 가짜도 아마 이 요괴일 것이다.
0x09000	638	기가가 고양이소녀의 요괴 정보를 바탕으로 만들어 낸 가짜. 기본적으로는 고양이소녀와 다를 바 없는 능력을 지닌다. TV에 등장한 가짜도 아마 이 요괴일 것이다.
0x09000	639	기가가 이탄모멘의 요괴 정보를 바탕으로 만들어 낸 가짜. 기본적으로는 이탄모멘과 다를 바 없는 능력을 지닌다.
0x09000	640	기가가 누리카베의 요괴 정보를 바탕으로 만들어 낸 가짜. 기본적으로는 누리카베와 다를 바 없는 능력을 지닌다.
0x09000	641	기가가 드라큘라의 요괴 정보를 바탕으로 만들어 낸 가짜. 기본적으로는 드라큘라와 다를 바 없는 능력을 지닌다.
0x09000	642	기가가 보자이의 요괴 정보를 바탕으로 만들어 낸 가짜. 기본적으로는 보자이와 다를 바 없는 능력을 지닌다.
0x09000	643	기가가 치의 요괴 정보를 바탕으로 만들어 낸 가짜. 기본적으로는 치와 다를 바 없는 능력을 지닌다.
0x09000	644	키타로
0x09000	645	눈알아버지
0x09000	646	쥐인간
0x09000	647	모래뿌리기할멈
0x09000	648	아기울음영감
0x09000	649	고양이소녀
0x09000	650	이탄모멘
0x09000	651	누리카베
0x09000	652	두레박불
0x09000	653	우산요괴
0x09000	654	수달
0x09000	655	누케쿠비
0x09000	656	우부메
0x09000	657	붉은혀
0x09000	658	가뭄신
0x09000	659	시사
0x09000	660	와뉴도
0x09000	661	카타키라우와
0x09000	662	큰 돼지
0x09000	663	우귀
0x09000	664	진흙논귀신
0x09000	665	오보로구루마
0x09000	666	두레박떨구기
0x09000	667	메아리요괴
0x09000	668	카마이타치
0x09000	669	천장핥기
0x09000	670	아부라스마시
0x09000	671	가루라
0x09000	672	까마귀텐구
0x09000	673	우물선인
0x09000	674	노즈치
0x09000	675	야칸즈루
0x09000	676	박쥐
0x09000	677	흡혈박쥐
0x09000	678	살인박쥐
0x09000	679	지옥박쥐
0x09000	680	결계 박쥐
0x09000	681	들여우
0x09000	682	기호
0x09000	683	정예 기호
0x09000	684	근위 기호
0x09000	685	해골
0x09000	686	해골 중사
0x09000	687	해골 상사
0x09000	688	해골 소대장
0x09000	689	해골여인
0x1e000	100	「사, 실은…」
0x1e000	101	「그럼, 살고 있던 집이… 인간에게 헐렸다는 거야?」
0x1e000	102	「그래, 그렇다고. 어느 날 갑자기 굴착기와 불도저가 와서는@내가 살던 오두막과 숲을 순식간에 전부 엉망으로 만들어 버렸어!」
0x1e000	103	「그래서 화가 난 나머지 그렇게 무차별로 불을 질렀다는 게로군?@하지만 어째서 키타로까지 습격한 게냐?」
0x1e000	104	"「대나무너구리에게 꼬드김을 당했어… ""키타로의 조끼를 빼앗으면 무엇으로든 둔갑할 수 있다.@그 힘을 써서 인간들에게 복수해라""라는 말을 듣고…」"
0x1e000	105	「그래서 그놈이 시키는 대로 키타로를 습격했다는 거야!?」
0x1e000	106	"「""키타로는 인간에게 돈을 받고 요괴 동료를 파는 악당이다""라고 들었거든.@그렇다면 나처럼 보금자리를 잃는 슬픔을 알면 된다, 죽어도 상관없다… 그렇게 생각해서…」"
0x1e000	107	「무서운 이야기로군」
0x1e000	108	「그 가짜 조끼를 네게 쥐여 준 것도@타쿠로비와 손잡게 한 것도 대나무너구리 그놈이냐?」
0x1e000	109	「그래, 맞아…」
0x1e000	110	「우산요괴, 우리는 대나무너구리 그놈을 쫓고 있어」
0x1e000	111	「그놈은 다른 요괴를 속여 뭔가 꾸미고 있는 모양이다」
0x1e000	112	「뭐라고? 그게 무슨 소리야?」
0x1e000	113	「실은…」
0x1e000	114	「그랬던 거군… 너는 인간의 앞잡이가 아니었구나」
0x1e000	115	「알아줬구나. 우산요괴!」
0x1e000	116	「그래… 나, 분노에 눈이 멀어 터무니없는 짓을 저질렀어… 미안했다, 키타로」
0x1e000	117	「타쿠로비 놈들도 대나무너구리의 동료인 듯한데, 그놈은 무엇을 꾸미고 있는 게냐?」
0x1e000	118	「흠… 우부메와 만년죽에 이어 이번엔 우산요괴인가…@게다가 이번에도 지난 사건과 마찬가지로, 인간의 개발로 보금자리를 빼앗긴 곳에 대나무너구리가 나타났군」
0x1e000	119	「대나무너구리가 무엇을 꾸미는지는 모르겠지만@일련의 사건의 원흉인 것은 틀림없는 것 같네요. 본격적으로 조사해 보죠」
0x1e000	120	「키타로, 나, 아까 그 사람 이야기를 듣고 정신이 들었어.@인간에게도 집에는 배어든 소중한 추억이 있는 거였어…@나는 그걸 해쳤어. 이래서는… 나도 내 보금자리를 빼앗은 놈들과 다를 게 없어」
0x1e000	121	「우산요괴… 너는 대나무너구리 그놈에게 이용당한 거야」
0x1e000	122	「아니, 나에게도 책임은 있어. 속죄하는 의미도 담아서… 너희를 돕게 해 줘」
0x1e000	123	「알았어… 네가 그렇게 말한다면」
0x1e000	124	「고마워. 키타로. 짐이 되지 않도록 힘낼게」
0x1e000	125	 <우산요괴가 동료가 되었다!>
0x1e000	126	「네네네~! 물론 나도 도울 거야!」
0x1e000	127	「소인도 힘내겠소이다!」
0x1e000	128	「우리도 돕겠네. 그렇지, 모래뿌리기?」
0x1e000	129	「물론이지!」
0x1e000	130	「누~리~카~베~!」
0x1e000	131	「누리카베, 나 불을 지른 집 사람에게 사과하러 가려고 해.@미안하지만 같이 가 줘」
0x1e000	132	「누리카베, 알~~겠~~~다~~~!」
0x1e000	133	「아버지. 우리는 일단 집으로 돌아가죠」
0x1e000	134	「음, 그러자꾸나!」
0x1e000	135	(이런… 돌아가기 전에 그걸 건네줘야겠군)@「키타로, 네게 이걸 주마. 또 불이라도 나서 타 버리면 곤란하니 말이다」
0x1e000	136	「이게 뭔가요 아버지? 부적 같은데요…」
0x1e000	137	"「이건 우리 유령족에게 전해지는 ""소환의 부적""이다!@이 부적을 장착하고 신뢰하는 동료끼리 계약을 맺으면@그 상대를 불러내 대신 싸우게 할 수 있다!」"
0x1e000	138	「네! 정말인가요!?」
0x1e000	139	"「음, 동료를 몸에 지닌 것처럼 행동을 함께할 수 있어서 이를 ""장비 요괴""라고 한다.@동료를 제대로 정해 두면 공격할 때 그 요괴의 기술을 쓸 수 있을 게다.@참고로 한 번에 계약할 수 있는 요괴는 한 명까지다.@불러내 쓰게 하는 기술이 영력을 소비하는 것이라면 영력은 네 것을 소비한다.@그리고 계약을 맺은 요괴는 평범하게 출격시킬 수 없으니 주의하거라」"
0x1e000	140	「그렇군요, 어렵네요…」@(행동이 제한되는구나. 그럼 여러모로 도움을 받아야 하는 요괴에게는@소환 요괴가 되어 달라고 할 수 없겠어…@고양이소녀나 할멈, 아기울음영감에 이탄모멘… 그리고 누리카베는 무리겠군…)
0x1e000	141	「하지만 얻는 경험치는 줄지 않고 둘 모두에게 주어진다.@경험이 얕은 동료를 강화하기에는 안성맞춤이지!」
0x1e000	142	「알겠습니다, 아버지. 시험 삼아 써 볼게요」
0x1e000	143	 <소환의 부적을 입수해 장착했다>
0x1e000	144	 <요괴를 장착할 수 있게 되었다>
0x1e000	145	「하아… 하아… 겨우 따라잡았다… 너는 누구냐!?」
0x1e000	146	「…………」
0x1e000	147	「응? 이건…?」
0x1e000	148	「여기에도 불길이 올랐어… 이것도… 네가 한 짓이냐!?」
0x1e000	149	「크크크!」
0x1e000	150	「뭐가 우습냐! 이쪽을 봐라!」
0x1e000	151	「키타… 로?」
0x1e000	152	「그럴 수가… 너는!?」
0x1e000	153	「후후후… 왜 그래 키타로? 무서운 얼굴을 하고…?」
0x1e000	154	「고, 고양이소녀!? 뭐, 뭐야… 너였구나! 어째서 달아난 거야?@방화범인 줄 착각했잖아」
0x1e000	155	「착각이 아니야」
0x1e000	156	「무, 무슨 소리야!?」
0x1e000	157	「이렇게… 내가 키타로와 인간들의 집에 불을 질렀어!」
0x1e000	158	「무, 무슨 짓을! 고양이소녀, 네가 이런 짓을 할 리가 없어… 무슨 사정이 있는 거지!?」
0x1e000	159	「네가 미워 키타로… 집과 함께 타 버렸으면 좋았을 텐데… 아쉽네!」
0x1e000	160	(그, 그럴 수가… 어째서!?)
0x1e000	161	「어쨌든… 불을 꺼야 해! 고양이소녀를 설득하는 건 그다음이다!」
0x1e000	162	「키타로 니~임!」
0x1e000	163	「이탄모멘!」
0x1e000	164	「키타로! 괜찮은가!?」
0x1e000	165	「모두!」
0x1e000	166	「요괴 아파트 사람들에게 알리고 왔다. 불은 어떻게든 해 주겠지.@그래서 키타로, 범인은 어찌 됐느냐? 놓쳐 버린 게냐?」
0x1e000	167	「그게…」
0x1e000	168	「쳇! 생각보다 빨랐잖아! 이렇게 된 이상… 한꺼번에 처리해 주지!」
0x1e000	169	「오! 자네는 고양이소녀!? 그, 그럴 리가…!」
0x1e000	170	「위험해! 아버지! 아기울음영감!」
0x1e000	171	「죽어라!」
0x1e000	172	「이, 이런!」
0x1e000	173	「뭐… 뭐야!?」
0x1e000	174	「누~리~카~베~!」
0x1e000	175	「누리카베!」
0x1e000	176	「오오… 간발의 차였소이다!」
0x1e000	177	「키타로! 속지 마! 그건 가짜야!」
0x1e000	178	「? 누구냐!?」
0x1e000	179	「고, 고양이소녀! 그, 그럼… 여기 있는 건?」
0x1e000	180	「큭…」
0x1e000	181	「잠깐… 어차피 둔갑할 거면 좀 더 귀엽게 둔갑해! 정말이지… 실례잖아!」
0x1e000	182	「가… 가짜였나?」@(이상해… 평소의 나라면 더 빨리 가짜라는 걸 알아챘을 텐데.@평소 컨디션이 안 나오는 건가? 대체 왜지…@내 영력을 높여 주는 조끼도 제대로 입고 있는데)
0x1e000	183	「음? …설마… 키타로! 조끼를 잘 보여 봐라!」
0x1e000	184	「네? 아, 네」
0x1e000	185	「역시나… 키타로!」
0x1e000	186	「무슨 일이세요? 아버지」
0x1e000	187	「아까는 알아채지 못했다만… 네가 지금 입고 있는 조끼는 가짜다!」
0x1e000	188	「뭐라고요!?」
0x1e000	189	「잘 만든 가짜로군. 늘 입고 있는 키타로마저 속이다니…」
0x1e000	190	「그러고 보니 불을 지르기 전에 훔쳐 갔던 거군」
0x1e000	191	「키타로, 저 가짜 고양이소녀는 네 조끼의 힘으로 저렇게 둔갑한 게다!@그놈이 진짜 조끼를 가지고 있을 게다. 서둘러 되찾아라!」
0x1e000	192	「알겠습니다! 저놈… 이제 용서 못 해!」
0x1e000	193	「후후… 들켰으니 어쩔 수 없지… 어~~이 다들, 와 줘!」
0x1e000	194	「오랜만이군 키타로」
0x1e000	195	「뭐!?」
0x1e000	196	"「이놈들은… 분명 ""타쿠로비""! 어째서 여기에?」"
0x1e000	197	「너는 옛날부터 내 앞길을 막기만 했지? 오늘은 그 답례를 해 주마… 실컷!」
0x1e000	198	「타쿠로비! 너도 이 방화 사건에 가담한 거냐!? 목적이 뭐야!」
0x1e000	199	「지금 더 할 이야기는 없다. 간다 키타로…!」
0x1e000	200	「후후후…」
0x1e000	201	「이 모습으로 할까…」
0x1e000	202	「큭… 이번엔 아기울음영감으로!?」
0x1e000	203	「키타로를 집째로 태우는 건 실패했지만… 조끼는 손에 넣었어.@다음은 너희 모습을 빌려서 인간의 집에 불을 지르고 다녀 주마!」
0x1e000	204	「그만둬! 어째서 이런 짓을 하는 거야!」
0x1e000	205	「닥쳐! 인간의 집 따위 전부 태워 버리겠다!」
0x1e000	206	「인간에게 원한이 있는 모양이군… 내버려 두면 저놈은 계속 불을 지르고 다닐 게다」
0x1e000	207	「어쨌든… 더 이상 불을 번지게 할 수는 없겠네요.@이 여섯 명으로… 어떻게든 저놈이 불을 지르지 못하게 싸우죠!」
0x1e000	208	「키타로… 여섯이 아니다, 일곱이다!」
0x1e000	209	「네!?」
0x1e000	210	「할멈!」
0x1e000	211	"「키타로, 불이 붙은 집은 인접해서 ""소화""하는 게다. 그러면 불을 끌 수 있다.@두레박불과 이탄모멘 말고는 전원 끌 수 있다.@집에 불이 붙으면 다 함께 진화에 나서거라!@그리고 키타로는 저놈을 쓰러뜨리고 조끼를 되찾아야 한다!」"
0x1e000	212	「알았어, 고마워 할멈! 좋아, 간다!」
0x1e000	213	「으으… 소인, 불은 질색이오이다…」
0x1e000	214	「불평 말게, 이탄모멘. 나도 불은 질색이다만 이러쿵저러쿵할 때가 아니야!」
0x1e000	215	「그렇지, 바람 속성 요괴는 불에 약했죠」
0x1e000	216	"「음, 키타로는 무속성이라 그리 걱정하지 않아도 되지만…@바람은 불에, 불은 물에, 물은 땅에, 땅은 바람 속성에 각각 약하다.||그 밖에도 약간이지만… 불에 약하고 물에 강한 ""풀"", 물과 불에 약하고 바람과 흙에 강한 ""짐승"".@불 이외의 땅, 물, 바람 속성 모두에 내성이 있는 ""마"" 같은 것도 있다.@땅물불바람에 한해서는 같은 속성 공격이면 효과가 다소 상쇄된다는 것도 기억해 두거라.@이것들은 싸움에서 그리 큰 변화를 주지는 않는다만…@그래도 영력 충전을 할 때는 작은 차이가 큰 결과의 차이로 이어진다.@신경 써 두는 편이 좋을 게다」"
0x1e000	217	「앗! 집이! 이럴 수가!」
0x1e000	218	「이런, 키타로!」
0x1e000	219	「이런, 진화가 늦었나!」
0x1e000	220	「이럴 수가…」
0x1e000	221	「또, 또인가!?」
0x1e000	222	「흑흑… 한발 늦었나」
0x1e000	223	「후후후… 타라 타라!」
0x1e000	224	「불꽃이여… 타올라라!」
0x1e000	225	「자~ 점화다! 자, 서둘러 끄지 않으면 다 타 버릴걸!」
0x1e000	226	「다음은… 이 모습으로 할까」
0x1e000	227	「그만둬 고양이소녀! 내가 잘못했다면 사과할게! 그러니 이런 짓은 그만둬!」
0x1e000	228	「후후후…」
0x1e000	229	「큭… 내 말을 들을 생각이 전혀 없는 모양이야… 어떻게 해야 하지…!」
0x1e000	230	「대충 이 정도다!」
0x1e000	231	「받아라!」
0x1e000	232	「어~~때~~!」
0x1e000	233	「에~~잇!」
0x1e000	234	「끄윽… 제법이군…」
0x1e000	235	「키타로, 지금이다!」
0x1e000	236	「좋~아!」
0x1e000	237	「그 조끼는 조상 대대로 전해지는 소중한 물건이야, 돌려받겠어!」
0x1e000	238	「그, 그건 내 거다! 그만둬! 빼앗지 마~! 으아아아아!」
0x1e000	239	「이놈… 키타로!」
0x1e000	240	"「너는… ""우산요괴"" 아니냐!」"
0x1e000	241	「젠장… 잘도 조끼를!」
0x1e000	242	「어째서 이런 짓을… 자네는 분명 장난을 좋아하긴 하지만@이런 몹쓸 짓을 할 요괴는 아닐 텐데」
0x1e000	243	「괜찮다면… 내가 상담해 줄게, 이유를 말해 줘」
0x1e000	244	「속지 마라, 우산요괴!」
0x1e000	245	「이번엔 누구냐!?」
0x1e000	246	「어이쿠… 숨어 있으려 했는데… 그만 큰 소리를 내 버렸군! 이거 나중에 혼나겠는걸」
0x1e000	247	「너는… 대나무너구리! 게다가 같이 있는 건 만년죽이냐!?」
0x1e000	248	「우산요괴! 말했을 텐데, 키타로는 돈을 받고 인간 편을 들고 있다고!」
0x1e000	249	「무… 무슨 소리야…!? 무슨 이야기냐!」
0x1e000	250	「저놈은 네 집을 부순 인간들과 똑같아. 나도 험한 꼴을 당했다고!」
0x1e000	251	「그, 그랬지…! 이놈 키타로… 인간의 앞잡이! 내가 쓰러뜨려 주마!」
0x1e000	252	「큭…! 안 되겠어… 말이 통하지 않아」
0x1e000	253	「키타로, 어떻게든 우산요괴를 설득해 보거라!」
0x1e000	254	「네!」
0x1e000	255	「나와라! 이놈들아!」
0x1e000	256	「이건… 요괴 대나무!?」
0x1e000	257	「키타로, 이놈들은 아무래도 완전히 요괴화되어 버린 모양이다.@이렇게 되면 이제 만년죽을 퇴치해도 되돌릴 수 없다.@가엾지만… 쓰러뜨려야 한다!」
0x1e000	258	「아, 알겠습니다…」
0x1e000	259	(이 안에는 지난 싸움에서 상대했던 것과 같은 요괴 대나무도 있을까?@그때 더 빨리 만년죽을 쓰러뜨렸다면 그들만이라도 구할 수 있었는데……)
0x1e000	260	「큭… 장난이 아니군… 물러난다!」
0x1e000	261	「기다려! 네가 만년죽을 데리고 나타났다는 건…@원장으로 둔갑해 대나무 정령을 속인 게 너로군!?」
0x1e000	262	「헤, 이제야 눈치챘냐!」
0x1e000	263	「과연, 만년죽은 대나무너구리의 친척이니 말을 들어도 이상하지 않겠군」
0x1e000	264	「병원 사건도 네가 뒤에서 조종한 거지? 대체 뭘 꾸미고 있는 거야!」
0x1e000	265	「가르쳐 달란다고 가르쳐 주는 바보가 어디 있냐 키타로! 잘 있어라!」
0x1e000	266	「젠장… 놓쳤나…」
0x1e000	267	「큭… 키타로… 이놈…」
0x1e000	268	「우산요괴, 이제 그만둬. 할 말이 있다면 나중에 제대로 들을게. 지금은 얌전히 있어 줘」
0x1e000	269	「으… 아, 알았다…」
0x1e000	270	「우산요괴! 그만둬! 무슨 일이 있었는지는 모르지만… 내가 상담해 줄게. 그러니…」
0x1e000	271	「닥쳐! 인간의 앞잡이 주제에…! 속지 않는다!」
0x1e000	272	「우리는 인간의 앞잡이 따위가 아니야! 내 말을 들어 줘!@너는 나쁜 짓을 하고 있어! 어떤 이유가 있어도 이런 방식은 안 돼!」
0x1e000	273	(…아무래도 이상해… 혹시 대나무너구리 그놈의 말이 틀린 건가?)@「하지만… 여기까지 와서 물러설 수 있겠나!」
0x1e000	274	「큭…… 안 되나… 이렇게 된 이상 힘으로 막을 수밖에 없겠군」
0x1e000	275	「안 돼… 생각보다 불길이 세. 나로는 이 불을 끄는 게 무리인 것 같아…@모래뿌리기할멈이나 누리카베라면 분명 이걸 끌 수 있을 텐데…」
0x1e000	276	(응? 어떻게 된 거지… 조끼에서 평소의 요기가 느껴지지 않아…@이건 대체…?)
0x1e000	277	「후후후… 왜 그래? 키타로…」
0x1e000	278	(지금은… 그럴 때가 아니지)
0x1e000	279	「우가아아아~!」
0x1e000	280	「크, 만년죽, 일단 물러나라!」
0x1e000	281	「끄윽……………」
0x1e000	282	「오, 오늘은 이쯤 해 두마! 잘 있어라!」
0x1e000	283	"「큰일이다, 어서 ""소화""를 해야…」"
0x1e000	284	「좋아, 불이 꺼졌다. 이걸로 안심이야!」
0x1e000	285	「그럭저럭 진화가 제때 됐구나… 그 기세다!」
0x1e000	286	「후우, 위험할 뻔했군」
0x1e000	287	「어이구, 저놈들 대체 몇 채에 불을 질러야 직성이 풀리는 게냐…」
0x1e000	288	「후후후… 이 집을 태워 주마! 자, 어디부터 불을 붙여 줄까…?」
0x1e000	289	「후후후… 타라 타라!」
0x1e000	290	「불꽃이여… 타올라라!」
0x1e000	291	「자~ 점화다! 자, 서둘러 끄지 않으면 다 타 버릴걸!」
0x1e000	292	「좋은 기세다… 더 타올라라!」
0x1e000	293	「이제 불길은 충분하다, 자, 슬슬 다음 집에 불을 붙여 볼까」
0x1e000	294	「쳇, 방해하다니! 여기는 됐다, 다른 곳으로 이동이다!」
0x1e000	295	「우, 움직일 수 없어! 함정에 빠뜨렸구나!」
0x1e000	296	「불을 지르고 다니는 건 이쯤이면 됐겠지. 이번엔 너희를 상대해 주마!」
0x1e000	297	「헤헤헤, 방화라는 건 꽤 즐거워 보이는군. 어디 나도…」
0x1e000	298	「제법 좋은 집이잖아. 불을 지르기 아까울 정도다!」
0x1e000	299	「이쪽 집에도 불을 붙여 주마!」
0x1e000	300	「햐햐햐! 타라 타라!」
0x1e000	301	「증원!? 타쿠로비의 동료가 아직 숨어 있었나!?」
0x1e000	302	「키타로, 아마 저놈들은 아직 동료를 부를 생각이다, 방심하지 마라!」
0x1e000	303	"「그렇지, 키타로. 좋은 소식이 있다.@실은… ""모래북 항아리""를 준비해 왔단다」"
0x1e000	304	「앗! 그건… 할멈의 비장의 기술 아닌가요!」
0x1e000	305	"「음. 사실은 진화에 도움이 될까… 해서였다만, 가져오길 잘했구나.@""모래북 항아리""는 한 번에 여러 적을 공격할 수 있는 ""광역"" 기술이다.@요기가 높아지지 않으면 쓸 수 없고 몇 번이나 쏠 수 있는 것도 아니다만…@상대를 사거리 안에 잘 담으면 방해하는 놈들을 단번에 처리할 수 있다.@아군은 휘말리지 않으니… 쓰기 편할 게다.@네가 좋다고 생각할 때 쓰거라」"
0x1e000	306	「알았어, 할멈!」
0x1e000	1024	개발중
0x23000	0	「아버지, 지금 돌아왔습니다」
0x23000	1	「음, 그래, 어땠느냐?」
0x23000	2	"「아버지가 짚으신 대로였어요.@우산요괴의 보금자리를 개발한 것도 병원에 증축을 권한 것도 양쪽 다 같은 회사…@""교코지 건설 코퍼레이션""이었습니다」"
0x23000	3	「으~음. 역시 그랬군…」
0x23000	4	「그리고 이 회사의 개발로 보금자리를 빼앗긴 요괴가 더 있다는 걸 알았어요.@게다가 어느 곳이나 개발이 도중에 방치돼 있어요.@마치… 개발이 목적이 아니라 요괴들의 보금자리를 부수는 게 목적인 것처럼…」
0x23000	5	「으음… 그런가…」
0x23000	6	「아버지는 어떠셨어요? 이 회사와 직접 연락은 되셨나요?」
0x23000	7	「그게… 누리카베가 알아봐 준 주소도 전화번호도 가짜였다.@연락은커녕 정말로 존재하는지조차 의심스러울 지경이야!」
0x23000	8	「대체… 이건 어떻게 된 걸까요?」
0x23000	9	「모르겠다. 만약을 위해 알아볼 생각이었다만…@이 회사가 이렇게까지 수수께끼라면 뭔가 있다고밖에 볼 수 없다.@그렇다고는 해도… 더 이상은 알아볼 방법이 없구나…」
0x23000	10	「인터넷으로 검색해 볼까요?」
0x23000	11	「키타로, 너 또 그 인터넷 따위를…」
0x23000	12	「그렇게 싫어하지 않으셔도 되잖아요, 아버지. 쓰기에 따라서는 편리하다고요.@어디 보자… 교, 코, 지, 하고…@……………… 어라? 검색 결과…… 0건?」
0x23000	13	「뭐냐? 모르겠느냐?」
0x23000	14	「네, 네에…」
0x23000	15	「그것 보거라. 쓸모가 없지 않으냐」
0x23000	16	「이상하네… 아무리 그래도 한 건도 안 걸리다니…」
0x23000	17	「큰일이다 키타로!」
0x23000	18	「아, 할멈. 무슨 일이세요?」
0x23000	19	「지금 거기를 지나가는데 밖에서 키타로 집을 엿보는 사람 그림자가 보이지 뭐냐.@수상한 놈이라 생각해서 붙잡아 왔다!」
0x23000	20	「뭐라고요!? 대나무너구리의 앞잡이일지도 몰라요! 그자는 어디 있죠?」
0x23000	21	「지금 밖에 있단다. 자, 들어오너라!」
0x23000	22	「저, 저기…」
0x23000	23	「너였구나…! 내 집을 감시하며 대체 뭘 꾸미고 있는…」
0x23000	24	「앗! 저, 죄, 죄송합니다!」
0x23000	25	「꾸미… 꾸미고… 라니, 어라라?」
0x23000	26	「아~하하하하!」
0x23000	27	「짓궂으시네요, 할멈.@요괴 퇴치 의뢰인이면 솔직히 그렇다고 말해 주시면 되잖아요」
0x23000	28	「하하하! 미안하다 미안해!」
0x23000	29	「어이구…」
0x23000	30	"「………」@(눈알이… 걸어 다니고… 말을 해. 진짜… 다. 진짜 ""눈알아버지"" 님이야!)"
0x23000	31	「그래서, 네 이름은?」
0x23000	32	「네? 아! 네에! 교, 교… 교코지 루카라고 합니다」
0x23000	33	「교코지 루카 양인가, 제법 좋은 이름이구나… 응? 교코… 지?」
0x23000	34	「그래서? 나한테 왔다는 건 요괴 관련 의뢰겠지? 무슨 일이 있었니…?」
0x23000	35	「…네. 실은… 아버지를… 아버지를 구해 주세요」
0x23000	36	「아버지가 어찌 되셨느냐?」
0x23000	37	「네, 네! 아무래도… 나쁜 요괴에게, 씌, 씐 것 같아요!」
0x23000	38	「어떻게 된 거니? 서두르지 않아도 되니까 자세히 이야기해 보렴」
0x23000	39	「네, 네…」
0x23000	40	「……………………………」@(언젠가는 여기 올 거라 생각했지만… 생각보다 빨랐군.@틈틈이 상황을 보러 오길 잘했어)
0x23000	41	「좋~아, 그놈에게 알려 줄까」
0x23000	42	「후우, 겨우 도착했다. 여기가 루카 양의 아버지 회사구나?」
0x23000	43	「네, 네! 마, 맞아요!」
0x23000	44	(아직도 긴장한 건가? 별난 아이네…)
0x23000	45	「일단 부름을 받아 따라오긴 했다만… 키타로, 우리한테도 상황을 설명해 주지 않겠나?」
0x23000	46	「맞소이다! 귀여운 여자아이가 급해 보여서 잠자코 있었소만.@하지만… 슬슬 설명해 줘도 될 때가 아니겠소!」
0x23000	47	「아, 알겠습니다. 말씀드릴게요. 실은… 어느 날을 경계로@아버지와 아버지 회사 직원분들이 이상해져 버렸어요」
0x23000	48	「이상해졌다~?」
0x23000	49	「네, 눈빛이 사나워지고… 좀처럼 집에도 돌아오지 않게 됐어요.@저는 어머니를 일찍 여의고 아버지와 둘이 살고 있는데, 늘 다정하시던 아버지가…@마치 사람이 달라진 것처럼… 이런 상태가 벌써 석 달이나 이어지고 있어요」
0x23000	50	「그래서? 키타로에게 의뢰하러 왔다는 건 요괴가 얽혔다고 생각한 게지?@그 이유는 무엇이냐?」
0x23000	51	「모두가 이상해진 건 어떤 그림을 회사에 걸었을 무렵부터예요」
0x23000	52	「어떤 그림?」
0x23000	53	"「네… 수상한 상인에게 산 ""미인화"" 족자인데요…@그 상인도 그 뒤로 아버지 회사에 자주 드나들면서…@뭔가 아버지들에게 좋지 않은 일을 시키고 있는 것 같아요」"
0x23000	54	「과연… 그건 확실히 수상하구먼~!」
0x23000	55	「회사 이름을 잘 보거라!」
0x23000	56	"「""교코지~ 건설~ 코퍼레~이션""?@어~디선가~ 들어 본 이~름~!」"
0x23000	57	「이건… 그 키타로 일행이 찾던 회사 아니냐!? 정말로 있었구나!」
0x23000	58	「과연, 그 아이가 말하는 수상한 상인이라는 자가 대나무너구리의 부하라면@이유는 몰라도 모든 게 이어지는 셈이군」
0x23000	59	「이곳을 놈들이 본거지로 삼고 있을 가능성이 있으니 말이다.@그래서 여러분께 걸음을 부탁드린 것이지」
0x23000	60	「앗! 여, 여러분! 스, 스, 숨어 주세요오!」
0x23000	61	「으악! 무, 무슨 일이야!?」
0x23000	62	「그 상인이… 회사 안에서 나와요!」
0x23000	63	「그건 안 되지, 다들 서둘러!」
0x23000	64	「저 사람이… 그 사람이에요!」
0x23000	65	「저건… 설마!」
0x23000	66	「…………」
0x23000	67	「루카 양, 바, 방금 그 남자가 그 상인이라고!?」
0x23000	68	「네!」
0x23000	69	「저건… 누가 어떻게 봐도…」
0x23000	70	「쥐인간!」
0x23000	71	「대체 저놈, 뭘 꾸미고 있는 게냐?」
0x23000	72	(방금 그 족자는 어쩌면…!)@「이탄모멘! 쥐인간 그놈을 미행하거라」
0x23000	73	「네에? 아, 알겠소이다!」
0x23000	74	「무슨 일이세요, 아버지?」
0x23000	75	「됐으니! 루카 양, 아버지가 계신 곳으로 어서 안내해 주지 않겠니!」
0x23000	76	「네? 아, 네! 여, 여기… 이쪽이에요!」
0x23000	77	「이상하구나… 아무도 없는 것 같은데…?」
0x23000	78	「그럴 리가? 아버지…? 아버지~!」
0x23000	79	「불… 켤게」
0x23000	80	「! 이, 이건!」
0x23000	81	「늦었던 모양이군…」
0x23000	82	「아, 아, 아버지! 정, 정신 차리세요!@여러분도 눈을 뜨세요!」
0x23000	83	"「루카 양, 마음은 알겠다만 너무 흔들지 않는 게 좋다. 여기는 맡기고…@그 ""미인화""라는 게 아직 걸려 있는지 확인해 주지 않겠니」"
0x23000	84	「…아, 알겠습니다」
0x23000	85	「아버지, 이 사람들은 어떻게 된 건가요?」
0x23000	86	「생기를 거의 다 빨려서 쇠약해진 게다. 아직 숨은 있다.@하지만… 이대로면 확실히 목숨을 잃고 말 게다」
0x23000	87	「그림이, 그림이… 없어졌어요!」
0x23000	88	「그렇다는 건… 아까 쥐인간 그놈이 들고 있던 게 그거였구나」
0x23000	89	"「음, 이걸로 알겠다. 이건 요괴 ""검은중""의 짓이다!」"
0x23000	90	「요괴… 검은중?」
0x23000	91	「음, 평소에는 그림 속에 있는 요괴인데, 신묘한 힘으로 그 그림을 보는 자를 홀려@생기를 빨아들여 버린다!」
0x23000	92	「그럼… 이 사람들은 그 검은중인지 뭔지 하는 놈에게 생기를 빼앗긴 건가?」
0x23000	93	「음. 이탄모멘이 돌아오면 쥐인간이 향한 곳을 물어서…」
0x23000	94	「오, 날세, 이탄모멘인가? 지금 어디 있나?」
0x23000	95	「어이구, 모래뿌리기… 자네까지 휴대전화를 쓰게 되었을 줄이야」
0x23000	96	「결국 주모자로 보이는 무지나는 놓쳐 버렸네요」
0x23000	97	「음… 그 무지나라는 놈, 여우들까지 거느리고… 대체 뭐하는 놈이냐?」
0x23000	98	"「여우들의 두목은… 분명 ""천호""라는 분이었죠.@천호는 이 사실을 알고 계실까요?」"
0x23000	99	「모르겠다, 애초에 지상에 사는 우리와는 그리 접촉하지 않는 자들이니 말이다」
0x23000	100	「키타로…」
0x23000	101	「앗! 수달!」
0x23000	102	「미안해, 나, 이렇게 큰일이 되고 있는 줄 몰라서…」
0x23000	103	「알아줬으면 됐어」
0x23000	104	「음, 자네는 아무것도 모르고 놈들이 시키는 대로 일했을 뿐이니 말이다」
0x23000	105	「고마워, 다들. 하지만 나도 부주의했어.@인간이 혼나는 건 상관없지만 죽이는 건 너무 심해.@나, 그놈이 그런 악당인 줄 알았으면 말을 듣지 않았을 거야」
0x23000	106	「수달, 그놈은… 무지나라는 놈은 대체 뭐야?」
0x23000	107	「자세한 건 몰라… 나는 먹을 걸 받는 대신 부하가 됐을 뿐이라…」
0x23000	108	「그렇군…」
0x23000	109	「키타로… 미안해. 나… 친구한테 몹쓸 짓을 했어」
0x23000	110	「그놈에게 고용됐던 거잖아… 어쩔 수 없어.@게다가 우리도 너한테 똑같이 했으니까. 피차일반이야」
0x23000	111	「사죄의 뜻으로… 나도 지금부터 키타로 일행에게 협력할게, 그러면… 용서해 줄래?」
0x23000	112	「그러니까… 사과할 필요 없대도!@하지만 네가 동료가 되어 준다면 대환영이야!」
0x23000	113	 <수달이 동료가 되었다!>
0x23000	114	「키타로, 이거…」
0x23000	115	「이건…?」
0x23000	116	「무지나가 여기저기서 모아 온 인간의 생기 일부야. 내가 관리하고 있었는데…@빼앗긴 인간들에게 돌려주려고 해」
0x23000	117	「그래, 알았어. 그렇게 해 줘」
0x23000	118	「키, 키타로 씨!」
0x23000	119	「앗! 루카 양!」
0x23000	120	「하아, 하아… 아버지들의… 아버지들의 심장 소리가 점점 약해져서…@지금이라도 멈출 것 같아요! 서, 서두르지 않으면…!」
0x23000	121	「뭐라고!? 좋아, 바로 가자! 이탄모멘!」
0x23000	122	「알겠소이다!」
0x23000	123	「날아간다, 꽉 잡아!」
0x23000	124	「네, 네에!」
0x23000	125	「아, 나도 탈래~!」
0x23000	126	(오오! 저게 아리따운 루카 양인가~!
0x23000	127	 크~! 아직 앳된 느낌이지만 장래가 유망하잖아 이거!)@「헤헤… 그럼 나도」
0x23000	128	「뭐 하는 거야! 너는 안 타도 돼!」
0x23000	129	「이봐! 방해하지 마! 위험하잖아!」
0x23000	130	「저놈들은 내버려 두고 한발 먼저 가도록 하자」
0x23000	131	「사람 목숨이 걸려 있으니까요…」
0x23000	132	「출발이오이다!」
0x23000	133	「아아~~ 기다려~!!」
0x23000	134	「기다려 줘~! 키타로 이 녀석~!」
0x23000	135	「당신이 진짜 키타로 씨? …소문은 딸에게 익히 들었습니다…@딸이 당신의 열렬한 팬이라서요… 나중에 사인이라도…… 으윽!」
0x23000	136	「아직 너무 말씀하지 않는 게 좋아요」
0x23000	137	「조종당한 데다 생기까지 뽑혔으니 말이다. 무리하지 않는 게 좋다」
0x23000	138	「아버지! 저예요… 알아보시겠어요!?」
0x23000	139	「몇 번이나 말하잖니 루카.@어쩐지 너를 오랜만에 만난 것 같은 기분이 드는구나…」
0x23000	140	「아버지… 진짜 아버지의 눈이야… 어제까지의 흐린 눈이 아니야. 다행이다… 정말 다행이야…」
0x23000	141	「나머지 분들도 이제 괜찮습니다. 빼앗긴 생기는 전부 원래 몸으로 돌려놨어요」
0x23000	142	「감사합니다. 당신은 직원 전원의 목숨의 은인입니다」
0x23000	143	「감사는 따님께 하세요.@작은데도 모두를 구하려고 혼자서 게게게의 숲까지 찾아왔으니까요」
0x23000	144	「그랬구나, 미안했다, 루카. 아버지가 이상한 상인에게 걸려드는 바람에…」
0x23000	145	「맞다, 아버지! 키타로 씨에게 그 상인 이야기를 해 주세요.@키타로 씨 일행이 지금 곤란해하시는 것 같아요」
0x23000	146	「아니, 지금은 아버님의 몸 상태가…」
0x23000	147	「아닙니다, 저도 뭔가 도움이 될 일이 있다면 돕게 해 주세요.@조종당했다고는 하나 저희가 무슨 악행에 가담했다면 책임을 져야지요!」
0x23000	148	「그렇게까지 말씀하신다면…」
0x23000	149	"(좋아, 이걸로 뭔가 단서를 잡을 수 있으면 좋겠는데…@그나저나… ""대나무너구리""에 ""무지나""… 놈들은 대체 뭘 꾸미는 거지?@그리고… 둘은 한패일까? 아니면…?)"
0x23000	150	「거기까지요!」
0x23000	151	「쳇, 미행당했나…」
0x23000	152	「쥐인간! 너, 무슨 생각이야! 빼앗은 생기를 돌려줘!」
0x23000	153	「후후후… 키타로, 이걸 봐라!」
0x23000	154	「그건… 아까 네가 들고 있던 족자!」
0x23000	155	「안 된다, 키타로! 그 그림을 보면 안 돼!」
0x23000	156	「네?」
0x23000	157	「…이미 늦었다!」
0x23000	158	(우와아… 얼마나 아름다운 여인의 그림인가…)@「아버지… 이건… 훌륭한 그림이네요…」
0x23000	159	「이런… 키타로! 정신 차리거라!」
0x23000	160	「후후후… 자, 네 생기도 빨아 주마!」
0x23000	161	「잠깐, 키타로한테 무슨 짓이야!」
0x23000	162	「뭐?」
0x23000	163	「에잇!」
0x23000	164	「으악!」
0x23000	165	「아야야야… 고, 고마워 고양이소녀. 덕분에 정신이 들었어」
0x23000	166	「정말이지, 야무지지 못하긴… 내가 조금 늦으면 바로 이렇다니까!」
0x23000	167	「쳇, 잘도 방해해 주는군!」
0x23000	168	「아, 이놈 게 서지 못할까!」
0x23000	169	「………나와라, 여우들아」
0x23000	170	「부르셨습니까?」
0x23000	171	「방해꾼이 나타났다… 해치워라」
0x23000	172	「이건…!? 들여우들 아니냐!? 어째서 쥐인간 편을?」
0x23000	173	「이놈들은 평소 지하에 살아서 어지간해서는 지상에 오지 않을 텐데…」
0x23000	174	「케~엥! 키타로냐!?@너에게 원한은 없다만 그분을 따르는 것이 지금 우리의 사명… 네놈을… 쓰러뜨리겠다!」
0x23000	175	「키타로… 과연 행동이 빠르군」
0x23000	176	「그래, 위험할 뻔했지. 교코지의 딸이 의뢰하러 간 걸 바로 알려 주지 않았다면@검은중 회수에 실패했을지도 모른다」
0x23000	177	「너는… 누구냐!?」
0x23000	178	「이 모습으로는… 모르겠나? 그렇다면…」
0x23000	179	「너는… 수달!?」
0x23000	180	「그래… 맞아, 오랜만이네 키타로…」
0x23000	181	「네가… 어째서…?」
0x23000	182	「너는 키타로의 친구였을 텐데! 어째서 이런 짓을 하는 게냐!」
0x23000	183	「…요괴에게도 불황은 온다고. 이렇게라도 하지 않으면… 밥줄이 끊겨.@미안하지만 이분을 방해한다면 내가 상대해 주지!」
0x23000	184	「큭, 대체 어떻게 된 거지?」
0x23000	185	「어쨌든 루카 양의 아버지들이 걱정이다.@서둘러 쥐인간 그놈에게서 족자를 되찾아야 한다. 빼앗긴 생기는 그 안에 있다!」
0x23000	186	「안 되겠다, 이 근처 다리는 낡았구나! 조심하거라!」
0x23000	187	(가느다란 나무다리 부분은 셋 이상 올라가면 부서지는 모양이야… 한 번에 올라갈 수 있는 건 둘까지구나)
0x23000	188	「히익! 무, 물~~!!」
0x23000	189	「으음, 저놈은 물을 싫어하는 모양이다. 누리카베! 더 해 주거라!」
0x23000	190	「누~리~카~베~!!」
0x23000	191	「히익! 그, 그만해 줘~!」
0x23000	192	「무지나 님, 수송 담당 대령했습니다」
0x23000	193	「아아, 너희구나. 모아 둔 인간의 생기를 운반해라.@교코지 직원들의 생기는 족자째로 내가 직접 호송하겠다」
0x23000	194	「분부대로」
0x23000	195	「안 된다! 저것은 지금까지 놈이 모은 인간의 생기다!」
0x23000	196	「젠장! 내가 꾸물거리는 바람에! 기다려!」
0x23000	197	「잘 있어라…」
0x23000	198	「큭… 이럴 수가…」
0x23000	199	「으… 당했다…」
0x23000	200	「수달! 이제 그만둬! 너도 사실은 이런 짓 하고 싶지 않잖아!?」
0x23000	201	「하, 하지만…」
0x23000	202	「우리는 친구야. 친구는… 서로 돕는 거잖아?@네가 곤란하다면 내가 힘이 되어 줄게. 그러니…」
0x23000	203	「키타로… 나를 용서해 주는 거야?」
0x23000	204	「물론이잖아!」
0x23000	205	「고, 고마워 키타로. 나, 이제 난동 안 부릴게. 물러나 있을게…」
0x23000	206	「그래, 그렇게 해 줘!」
0x23000	207	「당신은… 혹시, 형님!」
0x23000	208	「엥?」
0x23000	209	「그 눈, 그 입, 이 냄새…
0x23000	210	 틀림없어, 생이별한 쌍둥이 페케페케 형님 아니십니까!」
0x23000	211	「그, 그렇게 말하니 그런 기억이 있는 것 같기도… 없는 것 같기도…」
0x23000	212	「빈틈이다!」
0x23000	213	「이, 이놈, 속였구나!」
0x23000	214	「크크크! 이 멍청이가!」
0x23000	215	"「이 몸의 잘 속는 ""퓨어한 하트""를 가지고 놀다니!@더는 못 참는다! 아주 박살을 내 주마!」"
0x23000	216	「당해 버렸군… 일단 물러나 있을까…」
0x23000	217	(쳇, 쓸모없는 놈…)
0x23000	218	「샤갸아아아~~!」
0x23000	219	「해냈다! 아버지, 이걸로 이놈에게 빼앗긴 생기는 모두에게 돌아가는 거죠?」
0x23000	220	「아니다, 아무래도 모은 인간의 생기는 어딘가로 옮겨진 모양이다.@아까도 말했잖느냐, 제대로 듣지 못할까!」
0x23000	221	「그, 그랬던가요?」
0x23000	222	「끄윽… 제법… 하는군」
0x23000	223	「포기해라, 무지나!」
0x23000	224	「흥, 내 앞길을 막다니… 다음번엔 이렇게는 안 될 거다!」
0x23000	225	「놓쳤나!」
0x23000	226	「하지만 생기가 든 족자는 무사히 되찾은 모양이다」
0x23000	227	「다행이다…」
0x23000	228	「무지나! 네가 흑막이냐? 대나무너구리는 네 동료냐!? 그놈은 어디 있어!」
0x23000	229	「미안하지만… 아무 말도 못 하겠군. 애초에 여기서 내가 진상을 술술 떠벌리면…@입막음을 위해 죽는 교코지 건설 놈들의 목숨이 헛되지 않겠나?」
0x23000	230	「그들은 아직 죽지 않았어! 아니, 절대로 죽게 두지 않겠다!」
0x23000	231	「입막음으로… 죽인다고? 무지나 씨! 그런 이야기는 못 들었어요!@나, 그런 무서운 일을 위해 당신 부하가 된 게…」
0x23000	232	「흥! 이제 와서 무슨 소리냐! 이미 늦었다… 너도 공범이야」
0x23000	233	「그런…… 젠장!」
0x23000	234	「키타로. 무지나 그놈이 짊어진 등짐틀 말이다만…@내 기억이 확실하다면 저건 접이식 뉴도의 그릇이다」
0x23000	235	「접이식 뉴도라고요!? 그, 그건 어지간한 술자가 다룰 수 있는 요괴가 아니에요…@이놈은… 대체 뭘까요?」
0x23000	236	「모르겠다만… 아무튼 조심하거라!」
0x23000	237	「수달! 나와 너는 친구였잖아! 이런 짓은 그만둬!」
0x23000	238	「요즘… 숲과 연못이 줄어든 탓에 내가 먹을 게 충분히 없어…@이쪽은 먹는 둥 마는 둥 하는 나날인데… 친구고 뭐고 어디 있어!」
0x23000	239	「그렇다고 저런 놈의 악행에 손을 빌려주는 거야? 나한테 맡겨 주면…」
0x23000	240	「시끄러워! 그놈은 나한테 배부르게 밥을 먹여 준다고!」
0x23000	241	(안 되겠어… 내 말은 들어 줄 것 같지 않아. 누군가 다른 사람이 그를 설득할 수 없을까…)
0x23000	242	「이봐 너! 어째서 이런 짓을 하는 거야! 키타로의 친구였잖아?」
0x23000	243	「쳇, 시끄러운 여자군… 너는 상관없잖아!」
0x23000	244	「뭐… 뭐라고~!」
0x23000	245	「아야야야~ 뭐 하는 거야!」
0x23000	246	「너 따위 이제 몰라!」
0x23000	247	「………」
0x23000	248	「이번엔 또 뭐야…」
0x23000	249	「나는 알아… 키타로… 네 걱정을 하고 있어」
0x23000	250	"「흐, 흥! 그게 어쨌다고! ""걱정"" 따위 나한테는 배도 안 부르다고!」"
0x23000	251	「정말로… 그렇게 생각해?」
0x23000	252	「으… 그, 그건… 물론이지!」
0x23000	253	「내가 이런 말을 하는 건, 네 눈이 나쁜 놈의 눈으로 보이지 않아서야.@지금 네 말이 정말 네 본심인지… 스스로 잘 생각해 보면 좋겠어」
0x23000	254	(큭… 나도… 사실은…)@「젠장! 더는 못 해 먹겠다!」
0x23000	255	「어머… 도망쳐 버렸네. 알아줬으려나…」
0x23000	256	「누구 있느냐!」
0x23000	257	「예, 여기…」
0x23000	258	「키타로에게 들켰다. 철수를 개시한다. 남은 들여우들에게 그리 연락해라!@그리고 지금까지 모은 생기를 옮길 인원을 보내라」
0x23000	259	「분부대로. 10분 정도만 기다려 주십시오」
0x23000	260	(10분인가… 그때까지 버텨야겠군…)
0x23000	261	「이제 도망칠 수 없어, 체념해라, 쥐인간!」
0x23000	262	「이 몸을 아직도 정말 쥐인간이라고 생각하는 거냐? 이거 우습군!」
0x23000	263	「뭐!?」
0x23000	264	「어라라? 길… 잘못 들었나? 이상한 데로 나와 버렸네!」
0x23000	265	「! 저, 저건!?」
0x23000	266	「헉! 키타로 아니냐!」@(하필이면 제일 만나기 싫은 놈을 만나 버렸네!)
0x23000	267	「뭐라고? 쥐인간이 하나 더?」
0x23000	268	「후, 진짜가 나타났군…」
0x23000	269	「그럼… 이놈은…?」
0x23000	270	"「저승 갈 때 선물로 알려 주지. 내 이름은 ""무지나""… 키타로… 이번에야말로 각오해라!"
0x23000	271	 오너라, 검은중!」
0x23000	272	「키샤아아아아~~!!」
0x23000	273	「저놈이 검은중 본체인가!?」
0x23000	274	「키타로, 빼앗긴 생기는 여전히 무지나가 가진 족자 안에 있다.@저것을 가져가기 전에 무지나를 쓰러뜨려라!」
0x23000	275	「어, 어험! 뭔가 바쁘신 모양이군, 키타로.@방해하면 미안하니 나는 돌아가겠다」
0x23000	276	「기다려, 쥐인간! 너도 도와!」
0x23000	277	"「키타로, 내가 제일 좋아하는 말은 말이야@""군자는 위태로운 곳에 가까이 가지 않는다""라는 거야. 뜻을 가르쳐 줄까?」"
0x23000	278	「이 녀석…」
0x23000	279	「헤! 이 바쁜 와중에 누가 공짜로 일하겠냐고!」
0x23000	280	「키타로 씨!」
0x23000	281	「아, 루카 양!」
0x23000	282	(뭐뭐! 키타로 저놈한테 여자아이가 전화를!?)
0x23000	283	「아, 아버지들의 상태가 점점 나빠지고 있어요!@부탁드려요! 아버지를… 아버지를 어서 구해 주세요!」
0x23000	284	「알았어, 맡겨 줘. 너는 거기서 가만히 있는 거야, 알겠지!」
0x23000	285	「네, 네!」
0x23000	286	"「키키… 키타로, 바, 방금 그 ""루카 양""이라는 건 누구냐! 소개해라!」"
0x23000	287	「이번 의뢰인이야. 그 무지나라는 놈에게 조종당해 생기를 빼앗긴 어느 회사 사장의 딸이지.@지금 그 생기를 되찾으려는 중이야」
0x23000	288	(우효~! 사장 영애님이잖아! 이건 가까워져야겠는걸!@그놈과의 약속도 있지만… 뭐, 조금은 괜찮겠지!)@「키타로, 이 몸도… 손을 빌려주마」
0x23000	289	"「어? ""뭐시기는 위태로운 곳에 가까이 가지 않는다""라며?」"
0x23000	290	"「키타로 군은 배움이 부족하군… 이런 말도 있잖아?@""의를 보고 행하지 않음은 용기가 없는 것이다""라고!@루~카 양~! 이 쥐인간이 아버님의 목숨을 확실히 구해 드리겠습니다~~!」"
0x23000	291	「어이구… 앞날이 걱정이로다」
0x23000	292	「큭… 이렇게 발판이 좁아서는 좀처럼 나아갈 수가 없군… 급한데!」
0x23000	293	"「키타로 님! 이럴 때야말로 소인의 ""광역"" 기술, ""무명천 베기""가 나설 차례오이다!」"
0x23000	294	「어? 이탄모멘… 그런 기술을 쓸 수 있었나? 지난번엔 못 봤는데…」
0x23000	295	"「전에는 자다 깨서 불에 둘러싸여 컨디션이 안 나왔소이다… 이번부터는 쓸 수 있소이다!@""무명천 베기""는 일직선상에 늘어선 적을 한 번에 공격하는 기술이오이다!@이렇게 적이 한 줄로 늘어서기 쉬운 곳이라면 그야말로 안성맞춤이오!」"
0x23000	296	"「키타로, 나도 요즘 싸움으로 감이 많이 돌아왔다네. 내 ""석화 낙하""도 써 주게.@내 ""광역"" 기술… ""석화 낙하""는 자기 사방에 있는 적에게 공격을 준다네.@할멈이나 이탄모멘의 ""광역"" 기술도 마찬가지지만 아군을 휘말리게 하지는 않아.@예에 따라 요기가 오르지 않으면 쓸 수 없지만… 잘 부탁하네」"
0x23000	297	「알았어. 잘되도록 생각해서 지시할 테니… 그땐 부탁해」
0x23000	298	"「키타로. 언젠가는 가게에서도 ""광역""에 효과가 있는 무기를 살 수 있게 되는 모양이야.@그쪽은 장착만 하면 우리도 ""광역"" 기술을 쓸 수 있게 되지만…@아군도 휘말린다고 하니 혹시 쓸 때는 주의해」"
0x23000	299	「과연… 조심할게」
0x23000	1024	개발중
0x28000	0	「결국… 루카 양의 아버지에게서는 대단한 이야기를 듣지 못했네요, 아버지」
0x28000	1	「음… 그분도 완전히 조종당하고 있었으니. 뭐, 어쩔 수 없지」
0x28000	2	「무지나 그놈이 교코지 건설 직원을 시켜 요괴의 보금자리를 억지로 개발하게 하고…@요괴들에게 인간에 대한 적의를 갖게 하려 한 건 분명한데…」
0x28000	3	「무지나와 대나무너구리의 관계도 분명하지 않고. 놈들이 한패인지 아닌지…」
0x28000	4	「하지만… 둘 다 빼앗은 생기를 어딘가로 옮기고 있고, 행동이 닮았소이다!」
0x28000	5	「음, 적어도 대나무너구리와 무지나가 무관하지는 않을 게다」
0x28000	6	「게다가… 이만한 대사건인데 TV나 인터넷에 뉴스가 되지 않은 것도 이상해요.@교코지 건설의 주소도 어딘가에 기록이 남아 있어도 이상하지 않은데…」
0x28000	7	「으음… 모르는 것투성이로군…」
0x28000	8	「수사는 원점이네요」
0x28000	9	「대나무너구리에 무지나라… 지금쯤 어디서 뭘 하고 있으려나」
0x28000	10	「헤헤헤… 그런데 루카 양은 참 귀여웠지~!」
0x28000	11	「쥐인간… 그러고 보니 너, 뭔가 볼일이 있던 게 아니었나?」
0x28000	12	「어? 아, 아니, 벼, 별거 아니야!」@(이런… 완전히 잊고 있었네!)
0x28000	13	「이런, 헤헤… 미안, 전화다」@(쳇… 호랑이도 제 말 하면 온다더니)@「마침 잘됐으니 나는 이만 실례하지. 그럼 여러분, 잘 있어~!」
0x28000	14	「…뭔가… 수상한데…」
0x28000	15	「응? 저놈… 뭔가 떨어뜨리고 갔는데?」
0x28000	16	"「전단지… 네요. 어디 보자… ""부자인 분은 읽지 마세요!"" …이게 뭐야?@""지금이라면 공짜로 억만장자가 되는 방법을 알려 드립니다""@""고객과 수입을 10배로 늘리는 극비 테크닉 무료 강습회!""라고!?」"
0x28000	17	"「더 있어. ""사실은 알려 주기 싫은? 경이의 슈퍼 기억술 강좌!""@""이것만 있으면 누구나 꿈의 명문대 합격 틀림없다! 우선 무료 설명회에 참가를!""@이래! 뭐야 이거!? 바보 같아!」"
0x28000	18	「쥐인간 그놈… 대체 뭘 하고 있는 게냐!」
0x28000	19	「어쩐지… 강습회인지 뭔지로 많은 사람을 모으려는 모양이군.@어느 전단지나 집합 장소는 이 근처 숲인 듯하다」
0x28000	20	「키타로… 나 왠지 굉장~히 불길한 예감이 드는데…@쥐인간 일… 좀 알아보는 게 좋지 않을까?」
0x28000	21	「뭐, 그놈 일이니 어차피 좋지 않은 돈벌이 부류라고 생각한다만…@늘 있는 일이니 신경 쓰지 않아도 될 것 같구나」
0x28000	22	"「그야 그렇지만… 왠지 나… 걸리네. ""여자의 직감""이라는 거?」"
0x28000	23	「어떻게 할까?」|　<쥐인간의 행동을 알아본다>|　<신경 쓰지 않는다>
0x28000	24	「고양이소녀가 그렇게까지 말한다면… 조금만 알아볼까」
0x28000	25	「해냈다! 역시 키타로! 내 직감… 믿어 주는구나!?」
0x28000	26	「그렇다면 우리도 도울까. 저놈을 내버려 두면 무슨 짓을 저지를지 모르니 말이야」
0x28000	27	「너무 신경 쓴다고는 생각한다만…@뭐 일단 이 강습회인지 설명회인지의 상황을 보러 가 볼까」
0x28000	28	「하지만… 이런 수상쩍은 전단지로 참가 희망자가 모일까…」
0x28000	29	「으~음, 솔직히 나는 조사할 필요가 있다고는 생각되지 않는데」
0x28000	30	「하지만…!」
0x28000	31	「확실히 수상쩍긴 하지만… 이런 전단지로 손님이 모일 것 같지도 않고, 내버려 둬도 괜찮아」
0x28000	32	「그, 그럴지도 모르겠네, 확실히 이 전단지로는, 응」
0x28000	33	「키타로 니~임!」
0x28000	34	「어라, 이탄모멘! 무슨 일이야?」
0x28000	35	「루카 양의 아버지가 단서가 될 물건을 찾아 주셨소이다!」
0x28000	36	「뭐라고!? 그게 정말이냐?」
0x28000	37	「맡아 왔소이다! 이거요!」
0x28000	38	「무슨 메모군… 이것저것 적혀 있는데 뜻을 모르겠어」
0x28000	39	"「어디 보자… ""코레모"" ""HEY YOU"" ""T-본""…?」"
0x28000	40	「…그게 뭐냐? 전혀 뜻을 모르겠구나」
0x28000	41	「신인 개그맨 이름 같은 건가?」
0x28000	42	「그렇군! 무지나는 젊은 예능인을 쫓아다니는… 그런 말도 안 되는 이야기가 어디 있느냐!@하지만 어느 것이나 들어 본 적 있는 이름이다… 어라, 뭐였더라… 깜빡했구나!」
0x28000	43	「이건… 혹시?」
0x28000	44	「뭐냐… 알겠느냐 고양이소녀?」
0x28000	45	「응… 내 생각이 맞다면… 쥐인간 일보다 이쪽이 더 큰일일지도…!」
0x28000	46	「뭐라고!? 자세히 이야기해 줘」
0x28000	47	「응… 알았어」
0x28000	48	「저… 전단지를 보고 왔는데요…」
0x28000	49	「오오! 이거 바쁘신 중에 걸음 하셨군요. 자자, 여러분 기다리고 계십니다」
0x28000	50	(뭐야… 제법 모였잖아.@다들… 나처럼 기억술로 자격을 늘려 수입을 올리려는 사람들인가…?)
0x28000	51	(저런 전단지에 의외로 다들 걸려드는군…@이 불황이다… 지푸라기라도 잡는 심정인 건 나만이 아니라는 건가…)
0x28000	52	(어이구… 이제부터 무슨 일을 당할지도 모르고 이렇게 모여들다니…@하지만 솔직히 이렇게까지 사람이 모일 줄은 몰랐네~. 그것도 다 불황 덕인가?@이거 거품경제 때보다 속이기 쉬울지도… 앞으로 참고해야겠군)
0x28000	53	「슬슬 시간인 것 같은데… 이런 벌레 많은 숲속에서 모임을 하는 건가?」
0x28000	54	「아니요, 당치도 않습니다! 당연히 회장은 따로 있습니다. 지금 모실 차량이 오니…」
0x28000	55	「헤헤… 호랑이도 제 말 하면 온다더니, 왔습니다. 저 버스에 타 주십시오」
0x28000	56	「오… 냉방이 잘돼서 안은 시원하군」
0x28000	57	「예, 그럼요!」@(그야 그렇지, 이놈 엔진은 물로 움직이니까 말이야…)@「저는 여기서 잠시 늦게 도착하실 분이 없는지 기다리겠습니다.@행선지는 운전사가 알고 있으니… 그럼 나중에 뵙겠습니다」
0x28000	58	「다음에 만날 때는 지옥이야. 나쁘게 생각하지 마라… 나도 필사적이라고」
0x28000	59	「지옥…? 그게 무슨 소리냐, 쥐인간」
0x28000	60	「두근~!!@키키키… 키타로! 너, 어째서! 왜! 어어어… 언제부터 거기에!」
0x28000	61	「알기 쉽게 당황하는군…」
0x28000	62	「방금 그 버스… 보통 버스가 아니지? 너… 대체 뭘 꾸미고 있는 거야?」
0x28000	63	「헤! 너희와는 상관없어!」
0x28000	64	「뭐라고~!?」
0x28000	65	「이렇게 수상한 현장을 본 이상 잠자코 돌아갈 수는 없지.@나쁘게는 하지 않을 테니 솔직히 말해 봐」
0x28000	66	「…………………… 알았다, 사정을 말하지. 다들 이리 와서 귀 좀 빌려줘」
0x28000	67	「그래, 좋아. 다들 쥐인간 주위로 모여 줘」
0x28000	68	「알겠네」
0x28000	69	「누~리~카~베~!」
0x28000	70	「준비 됐소이다」
0x28000	71	「헤헤… 그럼 갑니다!」
0x28000	72	「이, 이건! 으악!」
0x28000	73	"「헤헤, 그렇지! 이 몸의 ""리설 웨폰"" 방! 귀! 다!」"
0x28000	74	「크, 구려어~~!! 최, 최악이야~~!!」
0x28000	75	"「키타로, 내 새로운 좌우명을 알려 주지…@""삼십육계 줄행랑""이라고! 잘 있어라~!」"
0x28000	76	「기, 기다려! 쥐인간!」
0x28000	77	「으으… 얼마나 강렬한 악취냐… 눈이 매워!」
0x28000	78	「괜찮으신가, 아버님!?」
0x28000	79	「나, 나는 됐다, 어서 저놈을 쫓거라!」
0x28000	80	「알겠소이다!」
0x28000	81	「누리카베~ 화났다~!」
0x28000	82	「콜록콜록! 게게게의 숲 쪽으로 도망쳤어!」
0x28000	83	「좋아, 쫓아가자!」@(고양이소녀의 직감이 맞았군…)
0x28000	84	「쥐인간, 너한테 할 말은 많지만…@그전에 모은 사람들을 어디로 데려갔는지 행선지를 말해!」
0x28000	85	「그, 그건…」
0x28000	86	「아, 아파~~~~~~~!!」
0x28000	87	「아직 부족한 모양이네…」
0x28000	88	「자자자… 잠깐! 말할게 말할게! 말할 테니까~!」
0x28000	89	「흥, 처음부터 그렇게 말하면 되잖아」
0x28000	90	(쳇, 여기까지인가… 하지만 끝까지 버티는 게 쥐인간 님 스타일이지)@「아~~~~~!! 키타로, 지금 그쪽에 수상한 사람 그림자가 보였어!」
0x28000	91	「………………」
0x28000	92	「………………」
0x28000	93	「…………적당히 하지 못할까, 그런 뻔한 수에 누가 걸려들겠느냐」
0x28000	94	「거, 거짓말 아니라니까!」
0x28000	95	「끈질기네! 아무도 없잖… 응?」
0x28000	96	「무슨 일이야? 고양이소녀」
0x28000	97	「우리 것이 아닌 냄새가 나… 누군가 거기 있어」
0x28000	98	「뭐라고? 좋~아, 리모컨 게타!」
0x28000	99	「으윽!」
0x28000	100	「너는…」
0x28000	101	「큭… 직감만으로 맞히다니… 과연 키타로다!」
0x28000	102	「너는… 무지나! 숨어서 보고 있었나!」
0x28000	103	「누리카베! 붙잡아라!」
0x28000	104	「누~리~카~베~!!」
0x28000	105	「이런… 그렇게는 안 되지, 잘 있어라, 키타로!」
0x28000	106	「쫓아라!」
0x28000	107	(휘유~~~! 굴러 들어온 떡이다~! 좋아, 저놈들이 정신 팔린 지금이 기회…)@「헤헤! 잘 있어라~!」
0x28000	108	「아~~! 너! 게 서!」
0x28000	109	「안 된다, 이대로면 둘 다 놓쳐 버린다!」
0x28000	110	「어느 한쪽을 집중해서 쫓는 게 좋겠구나」
0x28000	111	「큭…」
0x28000	112	(어떻게 할까?)|　<쥐인간을 쫓는다>|　<무지나를 쫓는다>
0x28000	113	「어딘가로 끌려간 사람들이 걱정입니다. 쥐인간 쪽을 쫓죠」
0x28000	114	「그렇구나… 좋아, 출발이다!」
0x28000	115	「끌려간 사람들도 걱정이지만… 해를 입고 있다고 정해진 건 아니에요.@그보다 지금은 무지나를 쫓죠. 그놈이 일련의 사건의 열쇠를 쥐고 있으니까요!」
0x28000	116	「음… 그도 그렇구나. 좋아, 바로 뒤를 쫓자!」
0x28000	117	「여보세요… 나야」
0x28000	118	「하아… 하아, 미안, 키타로 놈한테 들켜 버렸어!」
0x28000	119	「어머어머… 그래서?」
0x28000	120	"「""그래서""가 아니잖아! 도와줘!」"
0x28000	121	「쥐인간!」
0x28000	122	「으윽… 그럴 줄 알았지. 벌써 따라잡혔어!」
0x28000	123	「쥐인간, 도망쳤다는 건 뭔가 좋지 않은 일을 꾸미고 있다고 인정한 거나 마찬가지야!」
0x28000	124	「아까 그 인간들은 대체 어디로 끌려간 게냐!」
0x28000	125	「어이구… 여기까진가」
0x28000	126	「기다리고 있었다! 키타로!」
0x28000	127	「어…?」
0x28000	128	「뭐야… 이 목소리는…?」
0x28000	129	「으악! 무, 뭐냐!」
0x28000	130	「이건… 대체?」
0x28000	131	「어떠냐… 내 불꽃은. 이제 도망칠 수 없다!」
0x28000	132	「너는… 누케쿠비!」
0x28000	133	「그렇다, 나는 누케쿠비다!」
0x28000	134	(이놈은 분명… 머리에서 고열을 내어 불꽃을 일으키는 요괴다.@대체 우리에게 무슨 볼일이지…?)
0x28000	135	「어, 어떻게 된 거야…?」
0x28000	136	「너구리 놈이 미적지근해서 말이야… 내가 손을 써 뒀지.@마침 좋은 타이밍이었던 모양이네」
0x28000	137	「헤에… 과연이군…」
0x28000	138	「자, 쥐인간… 지금 사이에 돌아오렴」
0x28000	139	「징그러운 목소리 내지 마! 하지만… 살았다. 그쪽으로 합류할 테니 기다려 줘」
0x28000	140	「후후후… 알았어. 그럼 나중에 봐…」
0x28000	141	(그렇게 말은 했지만… 이 불로는 꼼짝할 수가 없군. 잠시 상황을 볼까…)
0x28000	142	「키타로… 여기서 나와 너, 어느 쪽이 위인지 분명히 하자!」
0x28000	143	「어째서 그런 일을 해야 하는데? 이유가 없잖아!」
0x28000	144	「뭐라고? 큰소리쳐 놓고… 막상 실제로 싸울 때가 되니 도망치는 거냐?」
0x28000	145	「큰… 소리? 무슨 소리야?」
0x28000	146	「까불지 마! 네가 오지 않는다면 이쪽에서 가겠다!」
0x28000	147	(뭔가 이야기가 어긋나는데…)
0x28000	148	「어쩐지 잔뜩 흥분했구나. 어쨌든 이대로면 숲이 전부 타 버린다!@일단 저놈을 얌전하게 만들어야 한다. 이야기는 그다음이지」
0x28000	149	「그러네요, 끌려간 사람들도 걱정이고… 서두르죠!」
0x28000	150	「오? 저건 뭐야?」
0x28000	151	「누케쿠비 그놈의 몸통인가? 어쩐지 목 부분에서 차가운 바람이 나오는데…」
0x28000	152	(이놈은 에어컨으로 쓸 수 있겠는걸… 비싸게 팔리겠어)@「마침 불길도 약해진 것 같고… 지금이 기회로군.@영차!」
0x28000	153	「응? 쥐인간 저놈… 누케쿠비의 몸통을 어쩔 셈이지?」
0x28000	154	「헤헤… 잘 있어라!」
0x28000	155	「아~! 저놈, 누케쿠비의 몸통을!」
0x28000	156	(내 기억이 확실하다면 저 몸통은…@안 되겠다. 성가신 일이 될 것 같군)
0x28000	157	「아버지, 어쩐지 누케쿠비 저놈 커지고 있지 않나요?」
0x28000	158	(역시나…)@「…들은 적이 있다. 누케쿠비의 몸통은 저놈의 냉각 장치라서…@저놈의 머리가 너무 뜨거워지는 걸 막아 준다더구나」
0x28000	159	「그럼… 이대로 머리가 떨어져 있으면…」
0x28000	160	「음. 최악의 경우… 대폭발도 있을 수 있다!@키타로! 어서 누케쿠비를 얌전히 만들고 쥐인간을 쫓아라!」
0x28000	161	「알겠습니다!」
0x28000	162	「무… 뭐냐? 우오오오오오오~!」
0x28000	163	「안 된다! 늦었나!?」
0x28000	164	「이런! 이제 한계가…」
0x28000	165	「이런… 몸에서 너무 멀어졌다… 으아아아아아아아아아!!」
0x28000	166	「…이럴 수가… 누케쿠비가… 게다가 숲도…」
0x28000	167	「젠장! 누케쿠비 그놈… 가엾구나!@불길도 세다… 이대로면 숲 전체로 번져 버린다! 어쨌든 불을 꺼야 한다!」
0x28000	168	「아, 알겠습니다!」
0x28000	169	「키타로! 나, 쥐인간 그놈을 쫓을게!」
0x28000	170	「아, 그래, 부탁해. 이쪽 뒷정리는 우리가 할 테니」
0x28000	171	「그럼, 갈게」
0x28000	172	「누케쿠비! 지원하러 왔다!」
0x28000	173	「타쿠로비… 좋아, 부디 내 방해만은 하지 마라!」
0x28000	174	「헤헤, 알고 있다니까」
0x28000	175	「…그럼 됐다」
0x28000	176	「타쿠로비! 또 너냐!」
0x28000	177	「헤헤, 키타로. 이번에야말로 너를 쓰러뜨리겠다!」
0x28000	178	「흥, 너로는 몇 번을 와도 마찬가지다!」
0x28000	179	「이놈들을 보고도 그런 말을 할 수 있을까?」
0x28000	180	「뭐냐… 이놈들은!」
0x28000	181	「키타로… 죽인다!」
0x28000	182	「해골…? 그것도 이렇게 많이… 타쿠로비의 동료인가?@어쨌든… 방해한다면 모두 쓰러뜨리겠다!」
0x28000	183	「키타로. 이대로면 놈들에게 협공당한다!@전력을 둘로 나눠 응전해라!」
0x28000	184	「알겠습니다!」
0x28000	185	「아야야, 과연 제법이군」
0x28000	186	「이렇게 된 이상…」
0x28000	187	「무… 뭐야? 머리와 몸통이… 갈라졌다!」
0x28000	188	「이걸로 가벼워졌다… 간다, 키타로!」
0x28000	189	「일단은 어떻게든 된 모양이구나…」
0x28000	190	「성가신 놈들이었네요…」
0x28000	191	「키타로! 나, 쥐인간 그놈을 쫓을게!」
0x28000	192	「아, 그래, 부탁해. 이쪽 뒷정리는 우리가 할 테니」
0x28000	193	「그럼, 갈게」
0x28000	194	「아야야… 이거 안 되겠군. 불길이 잦아들 때까지 일단 숨어 있을까」
0x28000	195	「쳇, 또 당해 버렸군… 키타로… 또 보자!」
0x28000	196	「기다려! 너희는 대나무너구리와 무슨 관계야!?」
0x28000	197	「후후후… 키타로. 내 이상을 이해해 주는 놈이 나타났다!@나는 그놈의 말을 듣기로 했다. 그뿐이다!」
0x28000	198	「뭐라고…? 그건 누구 이야기야!?」
0x28000	199	「곧 알게 될 거다. 잘 있어라, 키타로…」
0x28000	200	「큭…」
0x28000	201	「우오오오오오오~~! 지, 졌다~~!」
0x28000	202	「누케쿠비, 승부는 났다! 더 다치기 싫으면 옆에서 얌전히 있어!」
0x28000	203	「젠장…」
0x28000	204	「말해 줘, 누케쿠비! 우리와 네가 싸워야 할 이유가 어디에 있는 거야!?」
0x28000	205	"「무슨 ""요괴계의 프린스""냐! 무슨 ""천하무적""이냐!@나는 너를 쓰러뜨려서 사실 네가 대단한 놈이 아니라는 걸 세상에 알려 주겠다!@요괴계에서 제일가는 인기인이 되는 건… 바로 나다!」"
0x28000	206	「…? 무슨 소리를 하는 거야?」
0x28000	207	「내 힘… 뼈저리게 알려 주마! 간다!」
0x28000	208	「쥐인간! 아까는 잘도 해 줬겠다!」
0x28000	209	「나쁘게 생각 마라 키타로, 나한테도 여러 사정이 있다고!」
0x28000	210	「모은 인간들을 어디로 데려간 거야!?」
0x28000	211	「헤, 말할 리가 없잖아! 이쪽도 필사적이라고!」
0x28000	212	(필사적…? 무슨 소리지…)
0x28000	213	(후우, 그럭저럭 불은 껐군…)@「괜찮으냐, 누케쿠비… 곧 치료해 주마」
0x28000	214	「젠장! 그런 무례한 발언을 한 놈에게 진 데다 동정까지 받다니…!」
0x28000	215	「무례한… 발언?」
0x28000	216	「아까도 비슷한 말을 했다만… 무슨 이야기냐?」
0x28000	217	「시치미 떼지 마! 이걸 봐라!」
0x28000	218	「뭐냐, 요괴 타임스 아니냐」
0x28000	219	「…어디 보자…?
0x28000	220	" ""젊은 여성에게 대인기… 요괴계의 프린스 게게게의 키타로""」"
0x28000	221	「네? 그게 뭔가요?」
0x28000	222	"「굉장히 치켜세워 놨구나…@""천하무적"" ""데뷔 싱글 CD도 폭발적 히트""」"
0x28000	223	"「인터뷰도 실려 있다.@""저는 무적입니다. 거짓말이라고 생각하면 누구든 좋으니 도전해 오면 됩니다.@저는 어떤 요괴의 도전이든 받겠습니다!""」"
0x28000	224	「이 낯 두껍고 오만불손한 기사! 얼굴이야… 내가 너한테 조금 질지도 모르지…@하지만 주먹에 관해서 얕보이는 건 사양이다! 나는 참을 수 없었다!@어떠냐! 이걸 보고도 아직 시치미를 뗄 셈이냐?」
0x28000	225	「이건… 가짜 기사야」
0x28000	226	「그렇겠지, 가짜…@라니, 뭐어어어어!?」
0x28000	227	「같은 날짜 신문이라면 나도 봤다만 이런 건 하나도 적혀 있지 않았다」
0x28000	228	「그, 그럴 리가! 속지 않는다!」
0x28000	229	「그렇게까지 말한다면…」
0x28000	230	「없어! 내 신문과 같은 기사가 어디에도 실려 있지 않아!」
0x28000	231	「우리도 신문을 가져왔다만… 아버님 신문과 같은데?」
0x28000	232	(나는… 속고 있었던 건가?)
0x28000	233	「흠, 아무래도 누군가가 누케쿠비의 자존심을 건드려 우리를 습격하게 하려고@가짜 신문을 보낸 모양이구나」
0x28000	234	「타쿠로비나 그 해골들은 어째서 네 편을?」
0x28000	235	"「아아… 어느 날 모르는 놈이 나한테 와서@""나도 신문을 봤다, 키타로를 쓰러뜨린다면 손을 빌려주지""라며@놈들의 협력을 얻어다 줬어」"
0x28000	236	「그놈은 어떤 놈이었느냐?」
0x28000	237	「어떻긴… 마르고 뻐드렁니에 검은 바탕에 노란 문양 같은 옷을 입고 있었지…」
0x28000	238	「무지나 그놈이다… 틀림없어」
0x28000	239	「무지나? 그게 뭐야?」
0x28000	240	「요괴들에게 오해를 심어 인간이나 동료 요괴와 다투게 하는 정체 모를 놈이다」
0x28000	241	「뭐라고!? 그럼… 나도 그놈에게 이용당했다는 거냐?」
0x28000	242	「뭐, 그런 셈이지」
0x28000	243	「이럴 수가… 이 몸이 그런 놈에게 이용당했다니…」
0x28000	244	「으윽!」
0x28000	245	「아버지!」
0x28000	246	「안 된다! 몸통과 너무 오래 떨어져 있었다! 어서 식히지 않으면 큰일 난다!」
0x28000	247	「우오오오오오오오」
0x28000	248	「어, 어떡하지! 이대로면!」
0x28000	249	「키타로~~! 쥐인간을 붙잡았어~!」
0x28000	250	「어이구…」
0x28000	251	「쥐인간! 훔친 누케쿠비의 몸통을 돌려줘!」
0x28000	252	「자 여기, 마음대로 해라!」
0x28000	253	 <누케쿠비의 몸통을 손에 넣었다>
0x28000	254	「으으… 내… 몸통…」
0x28000	255	「좋아, 서둘러 이어 붙여라!」
0x28000	256	「도와주겠다~~」
0x28000	257	「자, 이걸로 폭발 위험은 없어졌어」
0x28000	258	「으으… 뭔가 폐를 끼쳤군…」
0x28000	259	「신경 쓰지 마」
0x28000	260	「…키타로. 나, 속아서 너를 오해하고 있었나 봐.@이번 일은 미안했다. 무례를 사과하는 뜻으로 나를 네 부하로 삼아 줘!」
0x28000	261	「부, 부하!? 그런… 곤란해!」
0x28000	262	「뭐라고! 더 이상 나에게 창피를 줄 셈이냐?」
0x28000	263	"「아, 알았어. 하지만 부하는 봐줘. ""동료""라는 걸로 어때?」"
0x28000	264	「오, 뭐든 좋다! 좋아, 결정이다!」
0x28000	265	 <누케쿠비가 동료가 되었다!>
0x28000	266	「쳇, 오늘은 액운의 날이군!」
0x28000	267	「젠장… 젠장 젠장! 속은 데다 쓰러뜨리려던 상대에게 도움을 받다니…@이 몸은 부끄럽다! 여기엔 더 있을 수 없어… 잘 있어라!」
0x28000	268	「앗! …가 버렸네」
0x28000	269	"「호호호… ""사내아이""로구나!」"
0x28000	270	「쳇, 오늘은 액운의 날이군!」
0x28000	271	(후우, 그럭저럭 불은 껐군…)
0x28000	272	「누케쿠비 그놈… 대체 어째서 나를 습격한 걸까요?」
0x28000	273	「모르겠구나… 하지만 타쿠로비가 얽혀 있었던 이상@오늘까지의 일련의 사건과 무언가 관계가 있을지도 모르지」
0x28000	274	(누케쿠비… 미안해, 하지만 요괴는 몸이 스러져도 죽는 건 아니야. 다음에 만날 때는… 사이좋게 지내자)
0x28000	275	「키타로~~! 쥐인간을 붙잡았어~!」
0x28000	276	「어이구……」
0x28000	277	「이깟 불꽃 따위…!」
0x28000	278	「누~리~카~베~!」
0x28000	279	「누케쿠비! 이대로면 네가 위험해. 부탁이니 내 말을 들어 줘!」
0x28000	280	「닥쳐 닥쳐 닥쳐~! 이야기가 하고 싶으면 이 몸을 쓰러뜨리고 나서 해라!」
0x28000	281	(역시 한 번 쓰러뜨릴 수밖에 없는 건가…)
0x28000	1024	개발중
0x2c800	0	「어이구… 겨우 붙잡았구먼」
0x2c800	1	"「엉덩이에도 마개를 해 뒀으니 이제 ""리설 웨폰""인지 뭔지도 못 쓸 게다!」"
0x2c800	2	「젠장! 이 몸의 부끄러~운 부분에 무슨 짓이야!@장가 못 가게 되면 책임져 줄 거지! 어이?」
0x2c800	3	「…고양이소녀」
0x2c800	4	「알겠어! 자~!」
0x2c800	5	「으갸아아아아아~~!」
0x2c800	6	「자, 쥐인간. 네가 뭘 꾸미고 있는지 낱낱이 말하거라」
0x2c800	7	「헤! 누가 말할까 보냐!」
0x2c800	8	「…호오, 배짱 좋네!」
0x2c800	9	「와~ 잠깐 잠깐!」
0x2c800	10	「적어도… 이유만이라도 말해. 어째서 인간을 모은 거야?」
0x2c800	11	「……………………… 쳇, 어쩔 수 없군, 말해 주지」
0x2c800	12	「보스, 쥐인간 놈이 붙잡힌 듯합니다」
0x2c800	13	「그래, 그럼 머지않아 키타로 일행이 여기로 오겠군. 쥐인간은 입이 가벼우니…@하지만 뭐, 인간들을 모으는 데는 꽤 도움이 되어 줬지. 과연 내가 점찍은 남자야…」
0x2c800	14	「손을 쓰지 않아도 되겠습니까?」
0x2c800	15	"「저쪽에서 일부러 와 준다는데… 이쪽이 부산 떨 일이 아니지…@마침 잘됐으니 맛보게 해 주자꾸나, ""그놈""의 무서움을…」"
0x2c800	16	「그럼… 직접 그놈을?」
0x2c800	17	「그래, 그놈도 드러누워 진수성찬만 먹어서는 몸이 둔해지겠지?@물 구동 버스를 움직이는 정도로는 그리 운동이 안 될 테고.@슬슬… 다이어트 시간이야. 알겠지, 늘 하던 대로 간다?」
0x2c800	18	「하핫, 분부대로!」
0x2c800	19	(후후후… 자, 키타로를 데리고 돌아오렴… 내 귀여운 쥐인간…)
0x2c800	20	「뭐라고? 회사 돈을 횡령했다고~!?」
0x2c800	21	「쉿! 남 듣기 나쁘게 말하지 마, 잠깐 무이자로 빌렸을 뿐이야!」
0x2c800	22	「성실히 일하는가 했더니… 역시 이런 일이었군!」
0x2c800	23	"「그러니까 아니라니까! 내가 나쁜 게 아니야.@이게 다 ""인터넷 경매"", 그게 문제라고!」"
0x2c800	24	"「""인터넷 경매""? 그게 뭐냐?」"
0x2c800	25	"「인터넷상에서 이루어지는 상품 매매 방식으로… 일종의 ""경매""예요」"
0x2c800	26	「경매… 그렇다면 손님이 자기가 갖고 싶은 상품에 값을 매기고…@최고가를 매긴 자가 그걸 살 수 있다는 게로군?」
0x2c800	27	「그게… 횡령과 무슨 관계인데」
0x2c800	28	「꼭 갖고 싶은 게 있어서 입찰에 참가했지. 최고가를 매기고 안심하고 있었더니…@이걸 입찰 종료 직전에 끌어올리는 괘씸한 놈이 있지 뭐야! 남은 시간 10분일 때 말이다!@내가 만 엔을 매겼는데 그놈은 만오천 엔을 매겼어!@이런 비겁한 놈에게 질 수는 없지! 거기서부터는 보이지 않는 상대와의 싸움이야!@놈이 값을 이만으로 올리면 내가 삼만으로 따돌리고, 그러면 그놈은 사만오천!」
0x2c800	29	「알았어, 알았어. 그래서? 그때 승부는 얼마로 결판이 났는데?」
0x2c800	30	「이만큼이다」
0x2c800	31	「손 하나면 오만 엔? 다섯 배나 됐다는 거야?」
0x2c800	32	「…오백만이다」
0x2c800	33	「오… 오백만!」
0x2c800	34	「뭐뭐뭐… 뭐라고? 그래서 그… 오백만에 낙찰받은 게 뭔데!」
0x2c800	35	「이거다…」
0x2c800	36	「이건~ 과자 사은품~ 생쥐 피규어~」
0x2c800	37	"「후훗… ""생쥐""는 ""레어""라고…」"
0x2c800	38	「………………… 어째서, 어째서… 자랑스러운 얼굴을 하고 있는 거야…」
0x2c800	39	「…그런 일이 몇 번 있어서 빚을 졌다는 거야?」
0x2c800	40	「다행히 이 몸에게는 조~금 컴퓨터 지식이 있으니까 말이야.@뭐랄까, 슬쩍 회사 고객 입금 데이터를 손질해 버렸다고나 할까?@내가 다니는 건 지점이지만 본사는 대기업이야. 천만 엔쯤 구멍… 흔한 일이지」
0x2c800	41	「모래뿌리기, 경찰에 전화하게」
0x2c800	42	「자자자… 자, 잠깐만!」
0x2c800	43	「집안에서 범죄자를 내는 건 안타깝다만… 이것도 세상과 사람을 위한 일이지」
0x2c800	44	「아니라니까, 그 빚은 전~부 어떤 스폰서가 대신 갚아 주기로 했다고!」
0x2c800	45	「그런 기특한 사람이 있을 리가 없잖아」
0x2c800	46	「그게 있었단 말이지~. 그야말로 버리는 신이 있으면 줍는 신도 있는 법」
0x2c800	47	「설마… 그게 인간을 모은 것과 무슨 관계가 있는 거야?」
0x2c800	48	「딩동~! 내 재능으로 인간을 모으면 빚을 대신 갚아 준다더군」
0x2c800	49	「그래서? 그 스폰서라는 자가 인간을 모아 무료 세미나를 열고 있다는 거냐?」
0x2c800	50	「그, 글쎄. 나는 모으기만 할 뿐이야. 그 뒤로 어떻게 되는지 따위… 몰라!」
0x2c800	51	「쥐인간, 자네 사실은 모은 인간이 어떻게 되는지 알고 있는 것 아닌가?」
0x2c800	52	「…………………………」
0x2c800	53	「어떤 거야! 그 스폰서라는 자의 이름을 대!」
0x2c800	54	「키타로, 상의할 게 있는데… 이 몸을 풀어 주지 않겠나?」
0x2c800	55	「무슨 소리를 하는 게냐? 겨우 붙잡았는데 그럴 수 있을 리가 없잖느냐!」
0x2c800	56	「키타로, 나를 믿어 줘, 실은 무서운 여자한테 시달리고 있어.@그놈을 쓰러뜨려 준다면 거기로 안내해 주지. 어때, 나쁜 이야기는 아니잖아?」
0x2c800	57	「………………………………」
0x2c800	58	「키타로, 믿으면 안 돼!」
0x2c800	59	「키타로, 내가 모은 인간의 목숨에 관련된 일이라고~?」
0x2c800	60	「…………………… 알았어」
0x2c800	61	「키타로 님!」
0x2c800	62	「이놈의 눈은 늘 거짓말을 하는 눈이야.@하지만 이번엔 조금 평소와 다른 것 같아」
0x2c800	63	「헤헤… 역시 키타로! 그래야 내 절친… 마음의 벗이지!」
0x2c800	64	「흠, 키타로가 그렇게 말한다면…」
0x2c800	65	「이봐, 안 들렸냐? 어서 길을 비켜라, 고양이소녀!」
0x2c800	66	(이놈… 두고 보자!)
0x2c800	67	「모두, 무사한가?」
0x2c800	68	「그래, 그럭저럭」
0x2c800	69	「어이구… 설마 그 집이 붉은혀가 둔갑한 것이었을 줄이야!」
0x2c800	70	「모두… 미안해. 내가 경솔했던 탓에…」
0x2c800	71	「신경 쓰지 마, 키타로! 다들 무사했잖아, 응?」
0x2c800	72	「저… 저기…」
0x2c800	73	「네? 아, 아! 붉은혀 안에 계시던 분이군요?」
0x2c800	74	「저는… 대체 무엇을?」
0x2c800	75	「나쁜 요괴에게 속아서 하마터면 죽을 뻔했어요!@하지만 키타로가 구해 줬으니까! 운이 좋았네요, 아저씨!」
0x2c800	76	"「요… 요괴!? 게다가… 키타로라면 그, 그 ""게게게""의!?」"
0x2c800	77	「다른 붉은혀 피해자들도 있을 겁니다. 죄송하지만 구급차를 불러 주시겠어요?」
0x2c800	78	「아, 그… 아, 알겠습니다! 정말… 신세 많았습니다!」
0x2c800	79	「으으… 소용없다… 키타로…」
0x2c800	80	「붉은혀냐…? 방금 뭐라고 했지?」
0x2c800	81	「붉은혀, 쥐인간을 시켜 여기로 데려온 인간들은 어떻게 됐어? 지금 어떻게 되어 있는 거야?」
0x2c800	82	「수분도 생기도 뽑혀서 미라처럼 됐지만… 아직 죽지는 않았다.@저쪽 덤불 속에 던져 뒀어」
0x2c800	83	「게다가… 네 안에도 인간이 있었을 텐데…」
0x2c800	84	「아아… 지금 꺼내 주지…」
0x2c800	85	「좋아. 고양이소녀, 미안하지만…」
0x2c800	86	「알고 있어. 응급처치를 하고 구급차를 부를게!」
0x2c800	87	「소용없다… 생기를 되돌리지 않는 한 어차피 다들 죽어 버려…」
0x2c800	88	「걱정 없어, 내가 아는 병원에 데려가면 친구인 대나무 정령이 치료해 줄 거야.@그녀라면 어떻게든 잘해 줄 거야」
0x2c800	89	「………너는 어째서 그렇게 인간 편을 드는 거지? 네가 반은 인간이라서인가?」
0x2c800	90	「아니야. 나쁜 짓을 하는 놈을 용서할 수 없을 뿐이야. 인간이든 요괴든 상관없어」
0x2c800	91	「…………」
0x2c800	92	「…사건의 주모자를 또 놓쳐 버렸구나」
0x2c800	93	「하지만… 해골여인과 대나무너구리가 통하고 있다는 건 알았군」
0x2c800	94	「그래서 어떻게 하겠느냐? 모처럼 알아낸 사실도 지금 이대로는…」
0x2c800	95	「……이봐」
0x2c800	96	「쥐인간도 끌려가 버렸고…」
0x2c800	97	「인간의 생기도~ 가능하면 되찾아야~~!」
0x2c800	98	「……이보라니까!」
0x2c800	99	「그렇군… 곤란하네」
0x2c800	100	「이봐~~~~!!」
0x2c800	101	「으악! 깜짝이야! 뭐야 이놈!」
0x2c800	102	「너희들… 어째서 나에게 놈들의 행방을 묻지 않는 거냐?」
0x2c800	103	「어? 가르쳐 주는 거야?」
0x2c800	104	「………뭐, 그러니까, 정 그렇다면, 뭐」
0x2c800	105	「하지만 자네는 놈들에게 이용당한 것 아닌가? 그런 걸 알고 있나?」
0x2c800	106	「게다가… 그게 함정이 아니라고 어떻게 단언할 수 있느냐? 믿기 어렵구나…」
0x2c800	107	「나는 너희에게 졌다… 나는 나보다 강한 놈에게는 거짓말을 하지 않아…@해골여인들은 나보다 약한 주제에 나를 속여서 이용했다. 용서할 수 없어… 그러니 함정이 아니다.@있는 곳 정도밖에 말할 수 없지만… 단서를 원하잖아?」
0x2c800	108	「붉은혀… 고마워. 도움이 되겠어!」
0x2c800	109	「헤, 관두라고」
0x2c800	110	(좋아… 해골여인에 대나무너구리… 너희 음모, 이번에야말로 밝혀 주마… 기다려라!)
0x2c800	111	「!? 아버지… 어쩐지 힘이 빠져나가는 것 같아요…」
0x2c800	112	「으음… 이유는 모르겠다만… 이 안에 있으면 점점 체력을 빨리는 모양이다!」
0x2c800	113	「줄어드는 건 아주 조금인 것 같으니… 당장 큰 피해가 되지는 않겠지만…@이 싸움, 빨리 끝내는 게 좋겠네요」
0x2c800	114	「음, 이런 정체 모를 곳에서 어서 빠져나가자!」
0x2c800	115	「이놈들 요리조리… 내 진짜 힘을 보여 주마!」
0x2c800	116	「! 무, 뭐야 방금 그 공격은? 붉은혀가 순식간에 이동했다?」
0x2c800	117	「푸하하하! 놀랐느냐! 나는 물을 다뤄 고속으로 이동할 수 있다!」
0x2c800	118	「좋아, 이걸로 전부다」
0x2c800	119	「키타로, 주변을 살펴라! 아직 무사한 인간이 있을지도 모른다!」
0x2c800	120	「그러네요… 알겠습니다!」
0x2c800	121	「왜 그래… 그 정도인 거야?」
0x2c800	122	「해골여인… 이라고 했나? 여기는 어디지? 마치…」
0x2c800	123	「마치 생물의 몸속… 이지? 그렇고말고, 여기는 요괴의 체내야!」
0x2c800	124	「뭐라고? 요괴의?」
0x2c800	125	「후후후… 너희는 여기서 몸의 수분을 흡수당해 바싹 말라 죽는 거야!」
0x2c800	126	「젠장! 네 뜻대로는 되지 않게 하겠어!」
0x2c800	127	「나에게 이만큼 깊은 상처를 입히다니, 건방지구나!@이렇게 된 이상… 지원이 필요하겠어… 어쩔 수 없지, 일단 다들 밖으로 나가 줘야겠다!」
0x2c800	128	「뭐!?」
0x2c800	129	「붉은혀 님~!」
0x2c800	130	「으악! 이, 이건!」
0x2c800	131	「무, 뭐냐~!? 무슨 일이 벌어지는 게냐~?」
0x2c800	132	「쳇! 또 당해 버렸군… 여기는 일단 물러날까…」
0x2c800	133	「고오오오오! 이 몸이… 어째서… 냐!」
0x2c800	134	「잘도 해 줬구나!」
0x2c800	135	「오오… 해골여인… 도, 도와줘!」
0x2c800	136	「쳇, 덩치만 컸지 쓸모없는 놈이군…」
0x2c800	137	「뭐… 뭐라고?」
0x2c800	138	「오너라! 대나무너구리!」
0x2c800	139	「너는… 대나무너구리!」
0x2c800	140	「헤헤, 간다, 붉은혀 씨!」
0x2c800	141	「으아아아아아아아아! 무, 무슨 짓이냐~~!!」
0x2c800	142	「이건… 대체?」
0x2c800	143	「아무래도… 저건 인간의 생기인 듯하구나」
0x2c800	144	「인간의 생기? 어째서 붉은혀 안에?」
0x2c800	145	「음, 붉은혀는 인간에게서 수분은 흡수하지만 생기는 필요로 하지 않는다.@놈들은 붉은혀에게 인간의 수분과 생기를 계속 주어 거대화시키고…@그 몸을 인간 생기의 저장고로 이용한 게 아니겠느냐?」
0x2c800	146	「우오오오! 나, 나를 이용한 거냐~?」
0x2c800	147	"「당연하잖아… 이 세상 것들은 모두 서로를 이용하며 이루어져 있어.@이제 당신은 볼일이 끝났어, 잘 가… 붉은혀… ""님""」"
0x2c800	148	「헤헤… 나도 물러날까…」
0x2c800	149	「기다려! 그 생기는 인간에게서 빼앗은 거지? 어서 돌려줘!」
0x2c800	150	「요괴 대나무들아!」
0x2c800	151	「이놈들을 붙잡아 둬라! 그리고…」
0x2c800	152	「무, 무슨 짓이야! 이제 나는 볼일 끝났잖아! 그만 좀 자유롭게 해 줘!」
0x2c800	153	「쥐인간!」
0x2c800	154	「바보 같은 소리 마라, 예상은 했다만… 나를 배신하고 무사할 줄 알았느냐?」
0x2c800	155	「키타로를 제대로 데려왔잖아!@인간을 데려오는 계약도 마쳤다! 이, 이제 좀 봐줘~!」
0x2c800	156	「매정하기도 하지… 내 마음… 알면서…」
0x2c800	157	「히! 히~~!! 오지 마!」
0x2c800	158	(정말이지… 여자에게 창피를 주는 남자로군…)@「데려가라」
0x2c800	159	「키… 키타로! 사, 살려 줘~!」
0x2c800	160	「아, 쥐인간!」
0x2c800	161	「헤헤… 잘 있어라!」
0x2c800	162	「너희들… 인간의 생기를 모아서 뭘 할 셈이냐!」
0x2c800	163	「뻔뻔하기도 하지, 알고 싶으면 직접 알아봐. 그럼 안녕, 꼬마야…」
0x2c800	164	「큭, 일단 요괴 대나무를 어떻게든 해야겠군…」
0x2c800	165	「으으으… 젠… 장…」
0x2c800	166	「아버지, 붉은혀 저놈, 아직 숨이 있는 것 같아요!」
0x2c800	167	「음… 물을 주면 아직 살 수 있을지도 모른다. 누리카베!」
0x2c800	168	「물을 주면 되는 거지~? 자~~~~!」
0x2c800	169	「사………살았나…? 키타로… 어째서 나를 돕지?」
0x2c800	170	「이유 같은 게 어디 있어. 덤벼든다면 적이지만 지금 너는 그렇지 않아.@그러니까 돕는 거야」
0x2c800	171	「끄윽… 이, 일단 물러나겠다…」
0x2c800	172	「으… 으아아아아~~!」
0x2c800	173	「이런!」
0x2c800	174	「한발 늦었나… 가엾구나」
0x2c800	175	「갸아아아아~~!!」
0x2c800	176	「안 된다!」
0x2c800	177	「아아… 이럴 수가!」
0x2c800	178	「히익! 죽고 싶지 않아! 으갸아아아아아아~~~!」
0x2c800	179	「큭… 구하지 못했나!」
0x2c800	180	「참혹한 짓을… 아무리 그래도 너무하구나!」
0x2c800	181	「응… 뭐냐? 나에게 무슨 볼일이냐?」
0x2c800	182	「너는… 혼자서도 충분히 강한데 무엇 때문에 해골여인에게 협력하는 거야?」
0x2c800	183	「흥! 요즘은 깊은 산에 오는 인간도 줄었으니 말이다…@그놈은 인간을 공급해 준다. 그래서 부하로 삼아 준 거야!」
0x2c800	184	「인간을… 먹는 거야?」
0x2c800	185	"「먹는 게 아니다, ""수분""을 ""흡수""하는 거야. 인간의 수분은 맛있으니까」"
0x2c800	186	「같은 얘기잖아… 그런 짓은 그만둬!」
0x2c800	187	「헤, 싫다! 보통 물보다 인간의 수분이 내 혀에 맞아.@내 즐거움에 이러쿵저러쿵하지 마라!」
0x2c800	188	「어떻게 된 거냐? 아직 할 말이 있느냐?」
0x2c800	189	「붉은혀, 네가 인간의 수분을 좋아한다면 정기적으로 내 수분을 빨게 해 줄게.@그러니 인간을 습격하는 건 그만둬!」
0x2c800	190	「뭐라고? 너 제정신이냐?」
0x2c800	191	「나는 반은 인간이야, 네 입에는 안 맞을지도 모르지만…@대신 기운은 난다고 보장할게!」
0x2c800	192	「푸하하하하하하! 너… 재미있는 놈이군!@하지만 나는 남을 따르는 걸 싫어한다. 나를 따르게 하고 싶으면@해골여인처럼 선물을 계속 갖다 바치든가… 힘으로 굴복시켜 보시지!」
0x2c800	193	「교섭… 결렬인가… 그렇다면… 힘으로라도 말을 듣게 하겠다!」
0x2c800	194	「헤, 처음부터 그렇게 말하면 좋았을 것을!」
0x2c800	195	「키타로! 저기다 저기! 저기에 그 여자가 있어!」
0x2c800	196	「보기에도 수상하구나…」
0x2c800	197	「좋~아, 여기는 내가 살펴보러…」
0x2c800	198	「그럴 필요 없어」
0x2c800	199	「누구냐!?」
0x2c800	200	「어머어머, 큰 소리 내지 마렴 꼬마야…@쥐인간에게 못 들었니? 나는 그놈의 고용주야…」
0x2c800	201	「뭐냐, 우리를 여기로 안내할 것을 완전히 꿰뚫어 보고 있었잖느냐!」
0x2c800	202	「쥐인간이 모은 사람들이 이미 여럿 여기 와 있을 거다! 그 사람들의 무사를 확인하고 싶어!」
0x2c800	203	「그래, 좋아 꼬마야. 이 안에 들어와서 네 눈으로 확인하면 되지」
0x2c800	204	「뭐라고?」
0x2c800	205	「키타로, 이건 함정이다!」
0x2c800	206	「함정? 무슨 소리야? 확인하고 싶다기에 그러라고 하는 것뿐인데」
0x2c800	207	「…………… 알았어, 그쪽으로 가지」
0x2c800	208	「키, 키타로!」
0x2c800	209	「나쁜 짓을 하고 있다는 증거도 없는데 처음부터 의심해서는 안 된다고 생각해요.@여기는 그녀의 말을 순순히 믿읍시다. 아무 일 없다면 그게 최선이니까요」
0x2c800	210	「후후후, 순진한 꼬마로구나. 얼마든지 살펴보렴. 자, 어서」
0x2c800	211	「그래, 지금 갈게」
0x2c800	212	(괜찮으려나…?)
0x2c800	213	「뭐야… 새까맣잖아?」
0x2c800	214	「게다가 뭔가… 역한 냄새 안 나?」
0x2c800	215	「으악!」
0x2c800	216	「무슨 일인가, 모래뿌리기!」
0x2c800	217	「뭐냐!? …땅이 물렁한데?」
0x2c800	218	「이봐, 여자! 불은 안 켜지나?」
0x2c800	219	「후후후… 켜도 될까? 노인의 심장에는 좋지 않을지도 모르는데?」
0x2c800	220	「무, 뭐라고!」
0x2c800	221	「기다리세요, 아버지. 두레박불에게 불을 켜 달라고 하죠」
0x2c800	222	「됐지? 켠다?」
0x2c800	223	「이, 이 바보들! 다들 너무 붙어 있잖느냐!」
0x2c800	224	「아~ 깜짝이야… 할멈이잖아!」
0x2c800	225	「뭐냐! 내 얼굴에 놀랐다는 게냐? 실례로구나!」
0x2c800	226	「음… 여기는…?」
0x2c800	227	「무, 뭐야 이거! 어떻게 된 거야, 쥐인간!」
0x2c800	228	「라니… 쥐인간 그놈이 없잖아!」
0x2c800	229	「키타로라고 해도 아이로구나… 금방 남을 믿다니…@좀 더 의심이 많아야… 좋은 남자가 될 텐데」
0x2c800	230	「네가 목소리의 주인이군… 누구냐!」
0x2c800	231	「내 이름은 해골여인… 너만큼은 아니지만 조금은 알려진 이름이지」
0x2c800	232	「역시 함정이었구나? 네 이놈, 목적이 무엇이냐!」
0x2c800	233	"「""위""에서 네 말살 명령이 내려왔거든. 여기라면 나도 너희와 호각으로 싸울 수 있지…@평범한 말이지만, 키타로… 여기가 네 무덤이야…」"
0x2c800	234	「큭… 뻔히 알면서 속아 넘어가다니… 아버지… 죄송합니다」
0x2c800	235	「사죄 따위는 나중이다! 저놈들을 쓰러뜨리고 어서 여기서 탈출해라!」
0x2c800	236	「네… 네!」
0x2c800	237	「키타로! 저것을 봐라!」
0x2c800	238	「!? 저건…」
0x2c800	239	「히익! 사, 살려 줘~!」
0x2c800	240	「인간이다… 아마 쥐인간 그놈에게 꾀여 나온 사람들일 게다」
0x2c800	241	「여러분, 우리는 아군입니다! 여기는 위험해요, 어서 이쪽으로!」
0x2c800	242	「아, 알겠소~!」
0x2c800	243	「키타로, 싸우면서 그들이 해골들에게 당하지 않도록 호위해라!」
0x2c800	244	「알겠습니다!」
0x2c800	245	「아야야야… 정말이지, 험한 대접이로군!」
0x2c800	246	「끄윽… 키타로!
0x2c800	247	 운 좋은 놈이군, 내 체내에서 바싹 말라 버렸으면 좋았을 것을!」
0x2c800	248	「네가 붉은혀냐!」@(우리가 들어갔던 건 집이 아니라 이놈이었나!)
0x2c800	249	「붉은혀… 붉은혀… 그렇지! 생각났다 키타로!@붉은혀라면 물을 다루는 요괴로 인간의 수분을 아주 좋아한다!@놈은 모은 인간을 삼켜서 수분을 흡수하고 있었던 게 틀림없다!」
0x2c800	250	「그렇고말고! 나는 인간들을 삼켜서 점점 강력해진다!@그리고 언젠가는 최강의 요괴가 되는 것이다!」
0x2c800	251	"(""인간을 삼켜 강력해진다""고?@혹시… 대나무너구리나 무지나가 모으던 인간의 생기도 이놈을 위한 건가?)"
0x2c800	252	「자, 붉은혀 님! 잘 부탁드립니다!」
0x2c800	253	「아아, 맡겨 둬라, 키타로… 너를 쓰러뜨리고 그 수분을 받아 주마!」
0x2c800	254	「나오너라, 너희들!」
0x2c800	255	「해골 군단에… 타쿠로비…! 또 너냐!」
0x2c800	256	「그렇고말고 키타로… 우리는 어디까지나 너희 앞길을 막아 주겠다!」
0x2c800	257	「네가 대나무너구리나 무지나를 조종하던 두목이냐!?」
0x2c800	258	「어어? 너구리? 무지나? 네놈… 무슨 소리를 하는 거냐!?」
0x2c800	259	(이놈이 보스는 아닌 모양이야… 그렇다면… 대체 누가?)
0x2c800	1024	개발중
0x30800	0	「죄송합니다… 키타로에게 눈치채여 돌아오는 것이 늦었습니다」
0x30800	1	「그래서… 붉은혀를 시켜 인간들에게서 모은 생기는 어찌 되었느냐?」
0x30800	2	「하하! 여기에…」
0x30800	3	「음, 수고했다. 덕분에 상당한 양이 모였느니라.@이것으로 그분의 소집이 언제 있더라도… 준비는 만전이니라!」
0x30800	4	「키타로는… 어찌하오리까?」
0x30800	5	「제아무리 키타로라 해도 이곳은 쉽게 찾아내지 못한다…@두려워할 것 없다… 내버려 두거라」
0x30800	6	「그렇습죠! 하물며 이 최심부까지 다다르는 일 따위 될 리가 없지요!@하하, 하하하하하!」
0x30800	7	"「너구리여… 뻔히 들여다보이는 아첨은 그만두거라.@""어서 불로불사의 비법을 알려 달라""고 얼굴에 쓰여 있느니라」"
0x30800	8	「헤, 나으리한테는 못 당하겠구먼… 그럼 단도직입으로 가겠수다?@나는 이미 충분히 당신 몫을 해냈을 텐데.@슬슬… 약속대로 당신 같은 불로불사가 되는 비법을 알려 주었으면 하는구먼!」
0x30800	9	「확실히… 나는 수천 년을 살아왔다.@그 비술… 슬슬 알려 주어도 좋겠구나…」
0x30800	10	「헤헤! 그래야지…!」
0x30800	11	「좋다… 가까이 오너라, 대나무너구리…」
0x30800	12	「보고 드립니다! 키타로 일행이 이쪽으로 향하고 있다고 합니다!」
0x30800	13	「뭐라!?」
0x30800	14	「저, 저 붉은혀 녀석이 입을 놀린 거군…? 끝까지 쓸모없는 놈이야…@애교라도 있는 만큼 쥐인간 쪽이 그나마 낫지…」
0x30800	15	(헤… 둘 다 도긴개긴이라고 생각하는데…)
0x30800	16	「어찌하오리까?」
0x30800	17	「지금은 좋은 느낌으로 영력이 높아져 있어. 이 안에서 싸우는 건 피하고 싶군…」
0x30800	18	「너구리여… 비술 전수는 나중이다… 키타로의 도래를 저지하도록 경계에 임하라」
0x30800	19	「쳇…! 조금만 더 하면 됐는데! 키타로 녀석!」
0x30800	20	(후후… 목숨을 건진 줄도 모르고…)
0x30800	21	「이봐, 대답은 어쨌어!」
0x30800	22	「아, 알았다고!」@(이렇게 된 이상… 지금까지처럼 도망다니는 건 그만두고, 키타로를 얼른 처리하는 게 낫겠어…)@「크크… 기다려라 키타로. 내 진짜 무서움을… 보여 주마!」
0x30800	23	「붉은혀, 해골여인들의 본거지는 정말 이 근처인 거냐?」
0x30800	24	「아아, 틀림없어」
0x30800	25	「키타로! 이쪽에 동굴이 있어!」
0x30800	26	「곧바로 찾아낸 모양이군」
0x30800	27	「후움… 후지산의 이런 곳에 동굴이 있다니 금시초문이로다!」
0x30800	28	「저놈들, 요술로 발견하기 어렵게 해 놨거든.@여기 있다는 걸 모르면 쉽게는 못 찾지」
0x30800	29	「과연, 듣고 보니 그런 기운이 느껴지는구나!」
0x30800	30	"「나도 잘 아는 건 아니지만…@이 안쪽은 ""태내동굴""이라는 곳으로 통해 있는 모양이야」"
0x30800	31	「태내… 동굴?」
0x30800	32	「아아, 거기가 놈들의 본거지다」
0x30800	33	「알았어. 어쨌든 가 보자.@우선 해골여인들의 계략을 밝혀내야 해」
0x30800	34	「좋다. 자, 놈들의 본거지로!」
0x30800	35	「…키타로」
0x30800	36	「아! 붉은혀, 안내 고마워. 여기까지 따라오게 해서 미안했어.@해골여인들과 싸울 때 거칠게 굴어서 미안했다. 이제 쉬어도 돼」
0x30800	37	「그게 아니야… 나도, 너희 동료로 해 줘!」
0x30800	38	「어?」
0x30800	39	「이거 또… 대단한 변덕이로구나…?」
0x30800	40	「어째서지…? 해골여인에게 이용당한 원한을 풀고 싶은 거야?」
0x30800	41	「원한을 풀고 싶지 않다면 거짓말이 되겠지만… 그보다 너한테 흥미가 있어」
0x30800	42	「나한테?」
0x30800	43	「아아, 너를 따라가면 나는 다시 태어날 수 있을 것 같은… 그런 기분이 들어.@부탁이야, 이제 인간의 수분은 탐내지 않겠어! 약속할게! 나를 데려가 줘!」
0x30800	44	「…알았어, 붉은혀」
0x30800	45	「헤헤, 고마워 키타로. 은혜는 잊지 않을게!@너구리 녀석이 인간의 생기와 함께 내 힘도 빨아 버린 모양이라…@예전보다 몸은 작아지지만 능력은 그대로야. 잘 부탁해!」
0x30800	46	 |<붉은혀가 동료가 되었다!>
0x30800	47	「그럼, 나는 여기서 돌아가겠어…」
0x30800	48	「아아, 일부러 안내하게 해서 미안했다, 푹 쉬어.@그리고… 이제 인간에게서 수분을 빼앗는 짓은 하면 안 돼, 알았지?」
0x30800	49	「노력해 볼게… 그럼 이만…」
0x30800	50	「어어~이, 키타로~!」
0x30800	51	「쥐인간! 너 붉은혀 때는 잘도 속여 줬겠다! 각오해라!」
0x30800	52	"「잠깐 잠깐! 그건 ""불가항력""이라는 거다, 응」"
0x30800	53	「설득력이…」
0x30800	54	「아, 아파~~~~!」
0x30800	55	「완전히 제로라니까 너는!」
0x30800	56	「이런이런, 이 녀석은 여난의 상이 나온 것 같구나…@…부러운 이야기로다」
0x30800	57	「뭐냐? 뭐라고 했느냐?」
0x30800	58	「아, 아~무 말도 안 했다니까!」
0x30800	59	「쳇, 뭐야 뭐야!@모처럼 도둑맞은 인간의 생기가 대량으로 보관된 장소를 찾아냈는데 말이야~!」
0x30800	60	「뭐라고? 그게 정말이냐?」
0x30800	61	「쥐인간, 어디야?」
0x30800	62	「알려 줘도 좋~긴 한데…」
0x30800	63	「뭐야… 이 손은?」
0x30800	64	"「시~치미 떼기는! 알면서!@자! ""가는 정이 있어야 오는 정이 있다""! 인생은 전부 기브 앤 테이크라고~!@뭘, 키타로가 자비롭다는 건 절친인 내가 제~일 잘 알지!@어때, 오천 엔쯤에서 손을…」"
0x30800	65	「으갸갸아~~~~!」
0x30800	66	「정말 너란 놈은 못 말리겠구나! 그래서, 그거 어디야?@안내해!」
0x30800	67	「하, 하~겠습니다요. 이~~~~쪽입니다…」
0x30800	68	「뭐, 뭐 덕분에 어떻게든 자력으로 탈출했다…@고마워. 역시 내 파트너야!」
0x30800	69	(에휴… 이 녀석이랑 있으면 성실하게 사는 게 싫어진다니까…)
0x30800	70	「키타로…」
0x30800	71	「대나무너구리…」
0x30800	72	「약속이다, 남김없이 털어놓지」
0x30800	73	「…그런가, 깨끗하군」
0x30800	74	「그럼… 결국 너도 대단한 건 모르는 거냐?」
0x30800	75	「아아, 큰머리 일당의 관여를 숨기려고 원장으로 둔갑해 만년죽들을 뒤에서 조종하거나,@우산요괴를 부추긴 건 아는 대로 나임에 틀림없다.@하지만 나도 큰머리처럼 불사신이 되고 싶어서 놈에게 협력했을 뿐이고,@계획의 대부분은 명령받아 실행했을 뿐이니까…」
0x30800	76	「그런가…@아무튼… 고맙다고 해 두지. 네 덕분에 큰머리를 쓰러뜨렸어, 고마워」
0x30800	77	「신경 쓰지 마.@영식버섯은 만일의 때를 위한 거래 재료로 삼을 생각이었는데… 얼떨결에 전부 쏟아 버렸어.@덕분에 속이 시~원하다」
0x30800	78	「그런가… 그거 참 상쾌했겠구나」
0x30800	79	「어어? 너구리여…」
0x30800	80	「크… 큰머리!」
0x30800	81	「그럴 수가! 영식버섯을 심어 놓았는데도 아직 살아 있다니!」
0x30800	82	「평소라면 치명적이었을 터이나… 공교롭게도 나는 대량의 생기를 얻은 참이니라!@카~하하하하! 하늘이 나의 편이로다!!」
0x30800	83	「젠장! 이럴 줄 알았으면 영식버섯을 더 준비해 둘걸!」
0x30800	84	「하지만… 과연 상당히 버거웠다… 지금의 나는 완전한 불사라 부를 수 없구나…@더 이상의 싸움은 피하도록 하지」
0x30800	85	「기다려! 도망칠 셈이냐!」
0x30800	86	「우와! 이 박쥐들은 뭐냐!」
0x30800	87	「위대한 계획이 진행되고 있다, 여기서 발이 묶일 수는 없느니라!@오늘은 이만 물러가겠으나… 언젠가 다시 맞붙게 되리라!@그날은 머지않았다…… 일본에 멸망의 노래가 울려 퍼지는 날은 말이다! 아~하하하하하!」
0x30800	88	「젠장! 박쥐가 방해다!」
0x30800	89	「누구냐!? 이 바쁜 때에!」
0x30800	90	「누구야!? 지금 큰일이라고… 나중에 해 줘!」
0x30800	91	「키… 타로… 들리느냐?」
0x30800	92	「!? 너는 누구냐…?」
0x30800	93	「후후후… 목소리만으로는 모르겠느냐…?」
0x30800	94	「누구냐고 묻고 있잖아!」
0x30800	95	「나다… 누라리횬이다!」
0x30800	96	「뭐라고…? 누라리횬이라고!?」
0x30800	97	「무, 무엇이라?」
0x30800	98	「큰머리 놈들이 신세를 진 모양이더군…」
0x30800	99	「일련의 사건은… 네가 뒤에서 조종한 것이냐?」
0x30800	100	「그렇고말고… 잘도 내 계획을 방해해 주었구나…」
0x30800	101	「과연… 저놈이 흑막이었구나!」
0x30800	102	「듣고 보니… 이보다 딱 들어맞는 놈은 없구나!」
0x30800	103	「이렇게 빨리 내 계획을 알아차리다니… 과연 키타로다…!」
0x30800	104	「너는 뭐가 목적이냐!@요괴를 속여 조종하고, 큰머리 일당을 부하로 삼아 무엇을 꾸미는 거냐!?」
0x30800	105	「뻔한 일이지…@온 일본의 요괴를 부하로 삼아 인간을 멸하고, 내가 일본의 왕이 되는 것이다!」
0x30800	106	「또 엄청난 소리를…」
0x30800	107	「그런 일… 할 수 있다고 생각하는 거냐!」
0x30800	108	"「할 수 있고말고… ""다이다라봇치""가 있다면 말이다!」"
0x30800	109	「다이다라봇치라고! 설마!」
0x30800	110	「안 된다… 그만두거라 누라리횬!」
0x30800	111	(뭐라고? 이거… 큰일 나게 생겼구먼…)
0x30800	112	「너는… 지금 어디에 있는 거냐!」
0x30800	113	「흥, 다이다라봇치라면 집결할 장소는 하나다. 네가 모를 리 없겠지!」
0x30800	114	「뭐!」
0x30800	115	「나는… 너와 그 장소에서 최후의 결착을 낼 생각이다.@네놈을 쓰러뜨리고 오랜 원한을 풀고…@상쾌한 기분으로 일본의 왕이 되기 위해서 말이다!」
0x30800	116	「그런 짓… 하게 두지 않겠어!」
0x30800	117	「그렇다면 여기까지 오는 것이다. 다이다라봇치가 완전히 부활하기 전에 말이다…@그럼 잘 있거라… 또 보자 키타로…」
0x30800	118	「기다려!」
0x30800	119	(…………젠장!)
0x30800	120	「…큰머리를 쫓을 필요는 없어졌네」
0x30800	121	「이럴 수가… 누라리횬이 움직이기 시작했다니…」
0x30800	122	「모든 계획은 놈의 지시에 의한 것인가…」
0x30800	123	「우리에게 결전을 걸 셈인 모양이구나…」
0x30800	124	「다이다라봇치의 부활 따위… 절대로 하게 두지 않아! 기다려라, 누라리횬!」
0x30800	125	「후우, 이것이 태내동굴인가, 꽤 오래 걸렸구나」
0x30800	126	「여기가… 놈들의 본거지… 여기서 해골여인들은 무엇을 꾸미고 있는 거지?」
0x30800	127	「아~~! 키타로, 저거!」
0x30800	128	「아~~ 키타로! 구하러 와 준 거구나~?
0x30800	129	 크~ 역시 가져야 할 건 돈과 우정이지~~!」
0x30800	130	「이런… 고생해서 도달한 성취감이 다 망가지는구나」
0x30800	131	「이런이런, 저런 녀석이지만 일단 구해 줄까」
0x30800	132	「그렇게는 안 되지!」
0x30800	133	「이 목소리는…」
0x30800	134	「그놈은 내 소중한 애완동물… 마음대로 가져가지 마라!@나중에 듬~뿍 예뻐해 줄 거니까!」
0x30800	135	「으으으으으으으으!! 키, 키타로~! 뭐, 뭐든지 시키는 대로 할 테니까!@사, 사, 살려 줘~~~!!」
0x30800	136	「여성에게 저렇게 사랑받고 있는데… 아까운 녀석이로구나」
0x30800	137	「이 태내동굴까지 오다니… 꽤나 끈질기구나 키타로!」
0x30800	138	「너는… 대나무너구리!」
0x30800	139	「뭔가… 이것저것 나한테 묻고 싶은 얼굴이군… 키타로?」
0x30800	140	「아아, 너한테도 해골여인한테도 물어보고 싶은 게 산더미야!」
0x30800	141	「나도… 너를 어떻게 하지 않으면 내 목적을 이룰 수 없어!@도망다니는 건 그만이다, 결착을 내자, 키타로!」
0x30800	142	「…이긴 쪽이 원하는 것을 손에 넣는다는 거냐? 재미있군… 바라던 바다!」
0x30800	143	「해골여인, 너도 내가 이기면 너희가 무엇을 꾸미는지 낱낱이 말해! 알겠지!」
0x30800	144	「흥, 알았다 꼬마야… 그럼, 간다!」
0x30800	145	「아아, 와라!」
0x30800	146	「오오~ 기다리다 지쳤다고~~!」
0x30800	147	「너는 방해다, 물러나 있어」
0x30800	148	「당연하지~! 더 이상 얼쩡거리다 또 잡히면 볼 낯이 없지!@그럼 나중에 봐, 잘 있어!」
0x30800	149	「아! 기다려! 크~ 무슨 짓을 하는 거야! 이제 용서 안 해!」
0x30800	150	「으흑! 여… 여기까진가!?」
0x30800	151	「자, 말해 주겠지… 모은 인간의 생기는 어디에 있지! 너희 두목은 누구냐!」
0x30800	152	「젠장… 큰머리… 그놈이 조금만 더 빨리 나에게 불사신의 힘을 나눠 주었더라면…」
0x30800	153	"「뭐? ""큰머리""라고!?」"
0x30800	154	「아시는 겁니까, 아버지!」
0x30800	155	「!? 키타로! 저것을!」
0x30800	156	「어?」
0x30800	157	「해골여인들이 실컷 신세를 진 모양이더군… 키타로!」
0x30800	158	「우… 굉장한… 요기다! 네가… 큰머리냐!?」
0x30800	159	"「그렇다… 내 이름은 ""큰머리""! 조몬의 옛날부터 이곳에 살아온 대요괴니라… 삼가거라!」"
0x30800	160	「으윽… 큰머리… 분명 인간의 혼을 이용해 수천 년을 살아온 요괴다!@하지만… 이 정도로 요력이 강하다는 이야기는 들어 본 적이 없다!@그렇다면… 빼앗긴 인간의 생기를 이놈이 흡수하고 있는 것이구나!」
0x30800	161	(그럼… 이놈이 대나무너구리와 무지나를 부려 암약하던 장본인인가?)
0x30800	162	「오오… 작아서 보이지 않았구나… 네가 소문의 눈알아버지냐?@그렇다… 나는 강대한 힘을 축적하였느니라!@이 힘으로 인간 세계에 침공할 속셈이니라!」
0x30800	163	「뭐라고?@너 혼자와 이런 해골들만으로 정말 그런 일이 가능하다고 생각하는 거냐?」
0x30800	164	「어리석도다 키타로… 나에게는 승산이 있다, 나… 계약을 맺었느니라!」
0x30800	165	「계약…? 누구와… 무슨 계약이냐!」
0x30800	166	「그것은 하늘을 나는 밤의 주민…」
0x30800	167	「뭐라고? 확실하게 말해!」
0x30800	168	「크하하하하! 언젠가 알게 되리라! 그때는… 이미 늦었을지도 모르지만 말이다」
0x30800	169	「크…」
0x30800	170	「큰머리 나으리…! 나에게… 나에게 불사신의 힘을!」
0x30800	171	「어리석도다, 너구리여! 너에게 내려 줄 불사의 술법 따위 있지 않느니라」
0x30800	172	「뭐… 뭐라고!?」
0x30800	173	"「나는 영혼을 먹는 것 외에는 본래부터 불사.@목숨을 연장하는 데 술법 따위 필요 없다. 너와는 근본적으로 ""격""이 다른 것이다, 안됐구나!」"
0x30800	174	「뭐라고… 그럼, 나를 속인 거냐?@그 붉은혀처럼… 나도 이용당하기만 한 거냐?」
0x30800	175	「하하하하! 어리석도다… 어리석도다 너구리여!」
0x30800	176	「제기랄… 제~기랄! 이, 이렇게 된 이상…!」
0x30800	177	「아! 대나무너구리가 도망친다! 저 녀석… 약속을 지킬 생각이 없는 건가!?」
0x30800	178	"「뭘, 여기는 동굴 안이다, 어차피 금방 붙잡을 수 있느니라!@그보다… 큰머리 놈을 어떻게든 해야 한다!@소문으로는… 놈은 ""불사""라고 하니 말이다」"
0x30800	179	「뭐라고요?」
0x30800	180	「뭐, 소문이지만… 방심하지 말거라!」
0x30800	181	「아, 알겠습니다!」
0x30800	182	「으윽… 잘도 해 주었구나…! 하지만 나는 이런 곳에서 죽을 수는 없지!」
0x30800	183	「도망쳤나…」
0x30800	184	「자… 내가 일으키는 바람에 취하거라…!」
0x30800	185	「우와아! 이… 이건!?」
0x30800	186	「어… 엄청난 바람이다!」
0x30800	187	「자, 한 번 더 받거라!」
0x30800	188	「우오오… 내가… 쓰러지다니…」
0x30800	189	「자, 너희 흉계는 여기까지다, 각오해라!」
0x30800	190	「하하하! 서두르지 말거라 키타로, 보아라!」
0x30800	191	「그럴 수가…!?」
0x30800	192	「이런 놈이 다 있나… 순식간에 체력을 회복했구나!@이래서는 끝이 없다, 어쩌겠느냐 키타로!?」
0x30800	193	「한 번 더, 놈을 쓰러뜨립시다」
0x30800	194	「하, 하지만…!」
0x30800	195	「여기까지 몰아붙였습니다. 물러날 수는 없어요!@아버지, 저는 포기하는 것은 싫습니다. 한 번 더… 한 번만 더 놈을 쓰러뜨립시다!」
0x30800	196	「알았다, 그렇게까지 말한다면, 한 번 더 해 보거라!」
0x30800	197	「네!」
0x30800	198	「크크크… 이만한 상처 따위…!」
0x30800	199	「놈이 데미지를 회복하고 있어!?」
0x30800	200	「으음… 불사신이라는 것이 아주 거짓말은 아닌 모양이구나.@하지만, 쓰러뜨릴 수 없을 리 없다. 키타로, 공격의 손을 늦추지 마라!」
0x30800	201	「네!」
0x30800	202	「이걸로… 어떠냐!」
0x30800	203	「하하하! 카~하하하하! 소용없다 키타로!@나에게 아무리 상처를 입힌들 전부 즉시 낫게 해 보이겠노라!」
0x30800	204	「안 되는 건가…」
0x30800	205	「젠장… 내 힘으로는… 여기까지가 한계인가…」
0x30800	206	「거기까지다! 큰머리 나으리!」
0x30800	207	「뭐!?」
0x30800	208	「대나무너구리! 어째서 돌아온 것이냐?」
0x30800	209	「이거나 먹어라!」
0x30800	210	「으갸아아아~~! 이건… 설마!?」
0x30800	211	"「그렇고말고, 이런 일도 있을까 해서 숨겨 두었던 가루 상태의 ""영식버섯 균""이다!」"
0x30800	212	「그렇구나! 그 방법이 있었구나!」
0x30800	213	「영식… 버섯?」
0x30800	214	「음, 영혼을 먹는 버섯이다. 대부분의 활동을 영력으로 하는 큰머리가,@이 버섯에 침식되면 견뎌 낼 재간이 없지! 대나무너구리 녀석… 잘 생각했구나!」
0x30800	215	「헤, 이 몸을 속인 벌이다, 실컷 맛봐라!」
0x30800	216	「우오오오오오오오오오!」
0x30800	217	「큰머리는… 이제 끝이다」
0x30800	218	「대나무너구리 덕분… 이군요」
0x30800	219	「마… 말도… 안 돼~~!」
0x30800	220	「큰머리 님!」@(쳇… 일단 물러나야겠다)
0x30800	221	「자…… 약속대로 내 진짜 힘을 보여 주지!」
0x30800	222	「뭐!? 대나무너구리가 안 보여!」
0x30800	223	「놀랐느냐… 이것이 너구리의 술법이다! 이제 내가 어디서 공격해 올지 모를 거다.@보이지 않는 상대와 네가 어떻게 싸우는지 구경 좀 하지… 자, 간다 키타로!」
0x30800	224	「으음음… 상대가 보이지 않아서는 평범하게 공격을 걸 수 없구나!」
0x30800	225	「대체 어떻게 싸워야 할까요?」
0x30800	226	「음. 조급하게 돌아다녀도 보이지 않는 상대와 부딪쳐 빈틈을 만들게 될 뿐이다.@눈에는 보이지 않아도, 가까이 가면 기척을 느끼는 정도는 할 수 있을 것이다…@그것을 의지해서 대나무너구리가 숨어 있다고 여겨지는 곳에 요괴 안테나를 쓰는 것이다」
0x30800	227	「그렇군요, 안테나가 있었죠! 모습은 감춰도 요기까지는 지울 수 없을 테니까요」
0x30800	228	「기합을 넣어야 하니, 공격이나 도구를 쓰는 것은 한 번 쉬어야 하지만,@안테나를 썼을 때 탐지 범위에 상대가 숨어 있었다면 그것으로 있는 곳을 알 수 있을 것이다.@나도 영력을 빌려주마. 그곳에 리모컨 게타를 박아 넣는 것이다.@그러면 상대는 모습을 드러낼 것이다!」
0x30800	229	「과연… 알겠습니다!」
0x30800	230	「거기 있었구나!!」
0x30800	231	「쳇, 이 몸이 이런 실수를…」
0x30800	232	「제기랄, 또야!」
0x30800	233	「아! 또 놈의 모습이…!」
0x30800	234	「음, 하지만 있는 곳은 짐작이 간다. 키타로, 침착하게 안테나를 쓰거라!」
0x30800	235	「아이고… 부딪치지 좀 마!」
0x30800	236	「아프잖아… 벌을 주마!」
0x30800	1024	개발중
0x34800	0	「모두, 준비는 됐지?」
0x34800	1	"「응… ""까마귀 헬리콥터""로 이동할 준비는 됐는데…」"
0x34800	2	「좋다, 곧바로 출발이다!」
0x34800	3	"「키타로… ""다이다라봇치""라는 건 그 일본을 먹어 치운다는… 전설의 거인 요괴 맞지?」"
0x34800	4	「아아, 그래」
0x34800	5	「정말로 있었구나… 완전히 옛날이야기 속 요괴인 줄만 알았는데…」
0x34800	6	「나도 이야기만은 들어 본 적이 있다」
0x34800	7	「눈이 아찔할 정도의 거인이고, 한번 부활하면 오로지 먹는 것밖에 생각하지 않는다.@그 힘은 강대해서… 지금의 자위대 전차나 전투기 따위로는 전혀 상대가 되지 않을 것이다.@그리고… 아마도 놈은… 하루면 이 일본을 전부 먹어 치울 것이다!」
0x34800	8	「전부라니… 건물 같은 것도?」
0x34800	9	「땅도 흙째로 전부다. 일본이라는 나라가 지도에서 사라져 버릴 것이야!」
0x34800	10	「그… 그 정도로 대단할 줄은 몰랐어…」
0x34800	11	「음, 너무나 강대하고 위험한 요괴라서 말이다…@그 존재나 봉인 장소는 그다지 널리 알려져 있지 않느니라」
0x34800	12	「그런 놈을 되살리면 큰일 나잖아! 누라리횬 녀석… 무슨 생각인 거야!」
0x34800	13	「그래서~? 지금부터 향하는 곳은~ 어디야~~?」
0x34800	14	"「""아키요시 동굴""이다」"
0x34800	15	「아키요시… 동굴…?」
0x34800	16	"「나와 아버지가 예전에 조사한 적이 있어.@아키요시 동굴에는 ""다이다라봇치의 중추""가 봉인되어 있을 터…」"
0x34800	17	"「""중추""? 그게 뭔데…?」"
0x34800	18	"「…………다이다라봇치의 ""뇌""다」"
0x34800	19	「뇌…? 그게 아키요시 동굴에?」
0x34800	20	"「아아, 다이다라봇치의 몸은 몇 개의 부위로 나뉘어 일본 각지에 봉인되어 있어.@그리고 그 중심이 되는 것이 ""뇌""…… 뇌는 움직일 수 없으니 다른 부위가 모여드는 수밖에 없지」"
0x34800	21	「그래서 아키요시 동굴로 가는 거구나… 서둘러야겠어!」
0x34800	22	「좋다, 사정은 알았다. 곧바로 출발하도록 하자」
0x34800	23	「어라? 쥐인간 녀석이 안 보이는구나?」
0x34800	24	「그 녀석! 이 큰일 난 때에 겁을 집어먹은 거네!」
0x34800	25	「이런이런…」
0x34800	26	"「제기랄… ""다이다라봇치""라고~? 농담이 아니야!@저 녀석들이랑 어울리다간 목숨이 몇 개라도 부족하다고!@나는 슬쩍 빠져나가야겠어…」"
0x34800	27	「………쥐인간…」
0x34800	28	「뭐!? 쫓아온 거야? 나는 절대 안 갈 거라고!」
0x34800	29	「후후후… 네 의지는 상관없다!@저 여자가 꼭 너를 원한다고 해서 와 준 것이지…」
0x34800	30	「뭐… 누구야 네놈은!?」
0x34800	31	「후후후후…」
0x34800	32	「뭐… 뭐야, 이 음악은…? 머, 머리가 아파~! 그, 그만해!」
0x34800	33	「아~하하하하하!」
0x34800	34	「으… 으으…!@으갸아아아아아아~~!!」
0x34800	35	「어쩔 수 없군… 쥐인간 녀석은 두고 갈까」
0x34800	36	「애초에 전력으로는 기대하지도 않았느니라」
0x34800	37	「시간이 없어. 그 녀석은 내버려 두고 출발하자!@큰머리 일당도 거기에 있을지 모르니까」
0x34800	38	「…키타로」
0x34800	39	「대나무너구리, 너는 이제부터 어떡할 거야?」
0x34800	40	「영원한 목숨에 눈이 멀어 대나무 정령까지 속이고… 나는 지금, 솔직히 후회하고 있어.@대나무 정령에게 사과하고 만년죽 녀석을 내 지배에서 풀어 주겠어」
0x34800	41	「그런가… 그게 좋겠군」
0x34800	42	「이래저래 폐를 끼쳤군. 그럼 잘 있어, 힘내라고!」
0x34800	43	「아아, 대나무 정령에게 안부 전해 줘」
0x34800	44	「좋다, 출발이다!」
0x34800	45	「시간이 없어. 그 녀석은 내버려 두고 출발하자!@무지나 녀석도 거기에 있을지 모르니까」
0x34800	46	「좋다, 출발이다!」
0x34800	47	「시간이 없어. 그 녀석은 내버려 두고 출발하자!@눗페라보에 페낭가란 녀석도 거기에 있을지 모르니까」
0x34800	48	「키타로」
0x34800	49	「아, 호우코우. 머리는 개운해졌어? 너는 이제부터 어떡할 거야?」
0x34800	50	「나는 여기 남겠어. 이상한 약이 안 들어간 김치를 배불리 먹어 두지 않으면 성에 안 차거든!」
0x34800	51	「알았어. 그럼 잘 있어」
0x34800	52	「좋다, 출발이다!」
0x34800	53	"「여기가 그 ""아키요시 동굴""이지?」"
0x34800	54	「쉽게 도착했구나…」
0x34800	55	「싱겁기 그지없구나. 방해나 뭔가 있을 줄 알았는데…」
0x34800	56	「정말로… 여기서 다이다라봇치가 부활하려 하고 있는 거야? 뭔가… 김이 빠져 버렸어」
0x34800	57	「우리를… 이렇게 쉽게 들여보낼 셈인가? 상당히 여유롭군」
0x34800	58	「무언가 함정이 있을지 모른다… 신중하게 나아가는 것이다!」
0x34800	59	「…역시, 놈들의 본거지는 여기가 틀림없었구나. 과연 아버님과 키타로다」
0x34800	60	「그건 그렇고… 다이다라봇치의 눈이 벌써 여기 와 있었다니!
0x34800	61	 그 눈알… 징그러웠어~!」
0x34800	62	「음… 크다고 좋은 것만은 아니로구나…」
0x34800	63	「어? 아, 그런 뜻이 아니야! 눈알아버지는 징그럽지 않아요!」
0x34800	64	「아, 아니, 나는 딱히…」
0x34800	65	「다이다라봇치의 부위는 몇 개나 있는 것이오?」
0x34800	66	「내 기억이 맞다면 눈, 입, 코, 손, 발… 그리고 뇌… 인가」
0x34800	67	「그중 몇 개는… 이미 이 동굴에 도착해 있을 것이다」
0x34800	68	「윽! 아직 저런 게 잔뜩 있는 건가…」
0x34800	69	「그건 그렇고, 쥐인간 걔는 정말 못 말리겠어.@뭐야, 그런 뼈다귀 여자랑 알콩달콩하기나 하고…」
0x34800	70	「쥐인간이 배신하는 건 늘 있는 일이지만… 아까 두 사람의 모습은 좀 걸리는군」
0x34800	71	「그러게… 쥐인간은 전에는 그렇게 해골여인을 싫어했는데…」
0x34800	72	"「아까 모습은 ""그림으로 그린 듯한 알콩달콩""이었지?」"
0x34800	73	「으~음, 확실히」
0x34800	74	「아까 쥐인간은… 눈이 정상이 아니었다.@마치 최면술이라도 걸린 듯한 눈동자를 하고 있었느니라」
0x34800	75	"「뭐 이러쿵저러쿵 말해 봐야 시작되지 않는다!@이 앞에도 다이다라봇치의 각 부위가 앞길을 막아설 테지만…@상대는 일본을 멸망시킬 힘을 지닌 다이다라봇치의 일부, 하나만으로도 충분히 벅찰 터.@쓰러뜨리지 못해도 격퇴하기만 하면 된다. 깊이 쫓지 말거라.@지금은 다이다라봇치의 부활을 저지하는 것이 먼저다… ""뇌""가 있는 곳까지 단숨에 쳐들어간다!」"
0x34800	76	「네!」
0x34800	77	「꽤 안쪽까지 왔네…」
0x34800	78	「…기분 탓인가 좀 추워진 건가?」
0x34800	79	「확실히, 동굴 안이라고는 해도 조금 지나치게 춥구나」
0x34800	80	「!? 드디어 나타났나!」
0x34800	81	「안 되겠다! 포위당하고 말았느니라!」
0x34800	82	「후후후… 어서 오너라… 과연 키타로다… 빨랐구나!」
0x34800	83	「이 목소리는… 너로구나, 누라리횬!」
0x34800	84	「그렇다… 오랜만이군 키타로」
0x34800	85	「나타났구나!」
0x34800	86	「누라리횬… 또다시 네 얼굴을 보게 되다니!@너는 어지간히 나에게 쓰러지는 게 좋은 모양이군!」
0x34800	87	「크크크! 건방진 소리를 지껄이는구나…!」
0x34800	88	「다이다라봇치의 부활 따위… 어리석은 짓은 그만두거라! 누라리횬!」
0x34800	89	「이런 이런 아버님… 그렇게 소리치시면 혈압이 오릅니다?」
0x34800	90	「흥… 직접 마중을 나오다니… 상당히 여유롭구나」
0x34800	91	「뭘… 모처럼 와 주셨는데, 내 부하에게 허무하게 죽기라도 하면@만날 수 없게 되어 버리니 말이지. 지금 중에… 얼굴이라도 봐 두려고 생각했느니라」
0x34800	92	「뭐라고!?」
0x34800	93	(누라리횬…@지금껏 몇 번이나 키타로와 싸우고, 그리고 패배해 온 일본의 그림자 수령…@이놈에게 흉계는 삶의 보람 그 자체다.@하지만… 다이다라봇치의 부활이라니 또 엄청난 짓을!)
0x34800	94	「누라리횬. 다이다라봇치는 간단히 조종할 수 있는 놈이 아니다!@아마도 일본을 정복하기 이전에 엉망진창으로 만들어 버릴 것이다!@나쁜 말은 하지 않겠다. 이런 방식은 그만두어라. 다시 생각하거라!」
0x34800	95	「네놈들이 나쁜 것이다… 네놈들이 일을 서두르게 하니 이런 일이 되는 것이다. 보아라!」
0x34800	96	「저… 저건…?」
0x34800	97	"「다다다… 다이다라봇치의 ""눈알""이다~~!」"
0x34800	98	「벌써 여기까지 도달해 있었던 건가?」
0x34800	99	"「후후후… 머지않아 ""입""과 ""코""도 도착한다.@""손""과 ""발""은 커서 도착이 좀 더 늦어지는 모양이지만… 그것들이 오면 전부 갖춰진다!」"
0x34800	100	「크… 진심으로 비극을 일으킬 셈이냐?」
0x34800	101	「후후… 일어나는 것은 비극 따위가 아니다.@다이다라봇치의 부활에 의해 나의 영광의 미래가 세워지는 것이다!」
0x34800	102	「헛된 망상이다…! 그런 짓 하게 두지 않겠어!」
0x34800	103	"「흥, 뭐라고든 지껄여라. 자… 나는 다이다라봇치의 ""뇌"" 상태를 보러 가겠다.@잘 있거라 키타로…」"
0x34800	104	「기… 기다려!」
0x34800	105	「…나는 최하층에서 기다리고 있겠다. 막고 싶다면 오는 것이 좋다. 결착을 내 주마!@그럼… 운이 좋으면 다시 보자」
0x34800	106	「크…… 어쨌든 이놈들을 쓰러뜨리고 누라리횬을 쫓아가야 해!」
0x34800	107	「키타로… 누라리횬 님의 여흥은 마음에 들었나?」
0x34800	108	「해골여인… 또 너냐!」
0x34800	109	「키타로… 누라리횬 님의 여흥은 마음에 들었나?」
0x34800	110	「음… 누구냐!?」
0x34800	111	"「내 이름은 ""해골여인"". 잘 부탁하지」"
0x34800	112	「해골여인… 이라고?」
0x34800	113	「자, 이쪽은 공을 세우지 않으면 뒷일이 없어서 말이야… 후딱 해치우겠어」
0x34800	114	「이쪽도, 다이다라봇치의 완전 부활을 허락할 수는 없어!@미안하지만… 얼른 쓰러뜨리겠다!」
0x34800	115	「죽어라! 다이다라봇치 님께 해를 끼치는 놈들아!」
0x34800	116	「이놈들은 요괴가 아니야. 인간이지? 아버지… 저들은 대체 누구입니까?」
0x34800	117	「음… 다이다라봇치교의 신자다!」
0x34800	118	「다이다라봇치… 교?」
0x34800	119	「음. 다이다라봇치는 전설의 대요괴다. 일본 각지에 놈을 숭배하는 신앙이 남아 있느니라.@이놈들은 현대에까지 그것을 전해 온 신자의 후예일 것이다」
0x34800	120	「그럼… 다이다라봇치의 각 부위의 봉인을 푼 것도…?」
0x34800	121	「누라리횬의 도움이 있었다 해도, 이놈들이 실행범일 것이다.@모아 두었던 인간의 생기 일부는 그 부활에 쓰였겠지」
0x34800	122	「이럴 수가…!」
0x34800	123	(혼내 주지 않으면 안 되겠지만… 상대는 인간이다.@가능하면 싸우지 않고 끝내고 싶구나…)
0x34800	124	「키타로 놈들! 뻔뻔하게도 우리를 방해하다니! 오늘이야말로 뼈저리게 알려 주마!」
0x34800	125	「너도 누라리횬의 부하였던 거냐!」
0x34800	126	「너희들… 제법이잖아!」
0x34800	127	「각오해라, 해골여인!」
0x34800	128	「그렇게는 안 되지. 일단 퇴각하겠어」
0x34800	129	「놓치지 않겠다!」
0x34800	130	「후후후… 달링~~! 도와줘~!」
0x34800	131	「헤헤헤! 예~이 예~ 해골여인 씨~!」
0x34800	132	「쥐, 쥐인간!?」
0x34800	133	「뭐야 이거… 어떻게 된 거야?」
0x34800	134	「이상한 차림을 하고 있다만… 진짜 쥐인간이 틀림없는 것 같구나」
0x34800	135	"「쥐인간? 쯧쯧쯧! 지금의 나는 ""성 쥐인간""이라고 한다!@이후로 착각 없으시길 부탁하지!」"
0x34800	136	「성… 쥐인간이라고? 게다가 그 차림… 대체 무슨 일이 있었던 거야?」
0x34800	137	「키타로… 다이다라봇치가 부활하면 다들 먹혀 버린다고?@하지만 말이야, 다이다라봇치교에 들어가서 누라리횬 님 편에 서 있으면 안심이다…@이 몸은 그런 말을 듣고 생각을 고쳐먹었다는 거지!」
0x34800	138	「저 녀석… 붙잡혀서 교단에 세뇌당한 것이로구나!」
0x34800	139	「이런 일이. 이 복잡한 때에…」
0x34800	140	「이렇게 짧은 시간에 세뇌당해 버리다니… 과연 쥐인간…」
0x34800	141	「후후후… 그리고 지금은 내 애완동물 겸 친밀한 파트너라는 거지」
0x34800	142	(무슨 겸임이야… 그거…)
0x34800	143	「어때… 부럽지?」
0x34800	144	「……전~~~~혀!」
0x34800	145	「뭐… 뭐라고!? 흥… 이래서 애들은 싫다니까」
0x34800	146	「어쨌든… 지금은 물러나겠어. 또 나중에 보자… 키타로…」
0x34800	147	「싸워라~! 다이다라봇치 님께 이 몸을 바칠 각오가 있는 자들이여~!」
0x34800	148	「오오~~~~~~!!」
0x34800	149	"「키타로, 이놈들은 저 ""교주""라는 자를 따르고 있는 것이다.@저놈을 쓰러뜨리면 사기를 잃고 신자들은 모두 퇴각하지 않겠느냐?」"
0x34800	150	「과연… 해 봅시다! 인간과 싸우는 건 그다지 기분이 좋지 않으니까요」
0x34800	151	「으억! 하, 항복이다. 죽이지 말아 줘!」
0x34800	152	「나는 더 이상 아무것도 할 생각이 없어. 도망치고 싶으면 도망쳐」
0x34800	153	「히… 히이익! 처, 철수~」
0x34800	154	「아! 기다려 주십시오 교주님~!」
0x34800	155	「그가아아아아아아~~!!」
0x34800	156	「아, 기다려!」
0x34800	157	「크… 도망쳐 버렸나…」
0x34800	158	「고고… 가가가!?」
0x34800	159	「아, 이놈!」
0x34800	160	「크… 결국 두 마리 다 놓쳐 버렸나…」
0x34800	161	「이건… 놈들을 붙잡는 건 생각보다 힘들어질 것 같군요」
0x34800	162	「이걸로 전부구나」
0x34800	163	「네, 기습이라 조금 놀랐지만 어떻게든 됐네요」
0x34800	1024	개발중
0x37800	0	「아까부터 꽤 내려왔는데 놈들, 좀처럼 모습을 보이지 않는구나…」
0x37800	1	「그렇네요…」
0x37800	2	「우리… 왠지 유인당하고 있는 것 같아…」
0x37800	3	(우리를 막을 생각이 있는 걸까? 누라리횬은… 무슨 생각인 거지?)@「…다이다라봇치의 부위가 부활하고 있다면, 밖은 큰 소동이 나 있을 터.@일단 루카 양에게 바깥 상황을 물어보자. 뭔가 정보를 얻을 수 있을지도 몰라」
0x37800	4	「어라…? 이상한데?」
0x37800	5	「무슨 일이냐? 키타로」
0x37800	6	「휴대폰을 쓸 수 없게 돼 버렸어…」
0x37800	7	「그야 그렇지요, 키타로 님. 이런 동굴 깊은 곳에서는 전파도 닿지 않는 법이오」
0x37800	8	「…요괴 휴대폰은 보통 휴대폰과는 달라… 이 정도 환경이라면 어떻게든 닿을 텐데…@다이다라봇치의 요기가 전파를 교란하고 있는 걸까?」
0x37800	9	「내 것으로도 시험해 볼까」
0x37800	10	「나도 봐 보겠소이다!」
0x37800	11	「………………에잇! 괘씸하기 짝이 없구나~~~~~!」
0x37800	12	「꺅!」
0x37800	13	「뭐, 뭡니까!?」
0x37800	14	「이놈이고 저놈이고… 적진 안에서, 게다가 전투 중이라는데 휴대전화나 들여다보다니!」
0x37800	15	「아… 죄, 죄송합니다 아버지」
0x37800	16	「연결되지 않으면 얼른 집어넣지 못할까!」
0x37800	17	「그렇게… 휴대전화를 질색하지 않으셔도… 편리한 물건이랍니다?」
0x37800	18	「편리하고 뭐고 간에 예의의 문제다!」
0x37800	19	「아, 알겠소이다…」
0x37800	20	(에휴… 내 동료들이 이 모양이니…@세상 젊은이들의 매너는 어찌 되어 있을지 알 만한 일이 아닌가!)
0x37800	21	「으… 뭔가… 점점 추워지지 않아?」
0x37800	22	「확실히… 몸이 차가워지는구나. 조금 이상한 추위로다」
0x37800	23	「키타로, 저쪽에 불빛이 보이는구나」
0x37800	24	"「정말입니까, 할멈!?@다이다라봇치의 ""뇌""가 있는 곳일지도 모르겠네요. 서두릅시다, 아버지」"
0x37800	25	「응?」
0x37800	26	「무슨 일이냐? 키타로」
0x37800	27	「아뇨… 방금 전까지 싸우던 쪽에서, 뭔가 비명 같은 소리가 들린 것 같아서…」
0x37800	28	「그래? 아무것도 안 들렸는데…」
0x37800	29	「기분 탓인가…」
0x37800	30	「걱정되면 내가 상황을 보고 와도 좋다만…」
0x37800	31	「아, 아뇨, 괜찮습니다. 그보다 지금은 앞을 서둘러야…」
0x37800	32	「그러고 보니… 쥐인간은 어떻게 된 거야?」
0x37800	33	「그 녀석… 정말로 혼자만 어딘가로 도망쳐 버린 건가? 매정한 놈이로다!」
0x37800	34	「우와아아아!」
0x37800	35	「뭐, 뭐냐?」
0x37800	36	「누~리~카~베~! 지~진~인~가~?」
0x37800	37	"「안 되겠다, 아마도 이건 다이다라봇치의 ""발소리""다!」"
0x37800	38	「발소리…? 그렇다는 건?」
0x37800	39	"「음, 다이다라봇치의 ""발""이… 이미 가까이까지 와 있다는 뜻이다!@아마도 ""손""도 함께 오고 있을지 모른다!」"
0x37800	40	「큰일이야… 앞을 서두릅시다!」
0x37800	41	"「다이다라봇치의 ""뇌""가 있는 곳은 아마 이제 곧이다!@손과 발이 도착하기 전에 그것을 봉인해야 한다.@드디어 고비다… 조심해서 나아가는 것이다!」"
0x37800	42	「네!」@(기다려라… 누라리횬!)
0x37800	43	「이… 이건…?」
0x37800	44	「추추추추… 추워~~! 뭐야 이거… 온통 얼음이잖아!」
0x37800	45	「나타났구나!」
0x37800	46	「!? 너희들은?」
0x37800	47	「또 만났군…」
0x37800	48	「이번에는 지난번처럼은 안 될걸…」
0x37800	49	「키타로… 너를 고드름으로 만들어 산산조각 내 주겠어!」
0x37800	50	「설국 요괴 연합인가!?」
0x37800	51	「역시 이놈들도 누라리횬의 부하였구나」
0x37800	52	「이 추위는 너희들 짓이구나… 동상 걸리면 책임져 줄 거지?」
0x37800	53	「흥, 괜찮아. 동상 걸리기 전에 꽁꽁 얼려 줄 테니까!」
0x37800	54	「끼~! 하나도 안 귀여~~워!!」
0x37800	55	「미안하지만 상대해 줄 시간이 별로 없어. 힘으로 지나가겠다!」
0x37800	56	「이전에는 불찰을 범했지만, 같은 실수는 두 번 다시 하지 않는다」
0x37800	57	「얼음 세계 요괴의 긍지를 걸고…」
0x37800	58	「키타로… 너희들을 쓰러뜨리고 말겠어!」
0x37800	59	「네가 키타로렷다?」
0x37800	60	「명령을 받았거든. 미안하지만… 여기를 지나가게 할 수는 없어!」
0x37800	61	「꼭 가야겠다면… 우리를 쓰러뜨리고 가!」
0x37800	62	「키타로… 이놈들은 설국 요괴다!」
0x37800	63	"「설남에 설녀에 눈아이까지 총출동인가… …그야말로 ""설국 요괴 연합""이라는 거군!@무슨 사정이 있는지는 모르겠지만… 이쪽도 놀고 있을 틈은 없어.@무리해서라도 지나가겠다!」"
0x37800	64	「이쪽도 놀 생각은 없어!」
0x37800	65	「우리가 받은 사명은 네놈의 말살… 오로지 그것뿐!」
0x37800	66	「극한의 빙설에 단련된 우리의 실력…」
0x37800	67	「똑똑히 알게 되리라~~!」
0x37800	68	「의욕은 충분한 모양이구나…」
0x37800	69	「그런데… 이놈들은 왜 동굴을 얼리고 있는 것이냐?」
0x37800	70	「보아라… 아기울음영감…」
0x37800	71	「길이… 얼음으로 막혀 있다고? 저래서는 지나갈 수 없잖아!」
0x37800	72	「과연… 이놈들은 이렇게 얼음으로 길을 막고 있는 것이로군」
0x37800	73	「하지만… 이러면 아군도 못 지나가는 거 아니야?」
0x37800	74	「아니, 이놈들은 얼음을 자유롭게 조종할 수 있느니라.@동료가 지나갈 때만 입구를 열 수 있는 것이겠지」
0x37800	75	「후후후… 그 말대로야」
0x37800	76	「꺅! 증원!?」
0x37800	77	「우리 일은 완벽해… 알겠어? 추위 타는 고양이 씨」
0x37800	78	(부아가~~ 치밀어! 뭐야 이 꼬맹이!? 사사건건 열 받게 하네~!!)
0x37800	79	「헤헤헤… 어이, 키타로!」
0x37800	80	「쥐인간이냐!? …너 대체 어떻게 된 거야?」
0x37800	81	"「쯧쯧쯧! 못쓰겠구먼 키타로!@지금의 나는 ""성"" 쥐인간 님이라고 말했잖아~! 기억력 나쁜 꼬맹이구먼…@그런 식이니까 다이다라봇치 님께 대들겠다는@무의미한 짓을 생각하는 거야! 아이고 싫어라 싫어!」"
0x37800	82	「키타로, 나는 더 이상 이놈과 이야기하는 쪽이 무의미하다고 생각한다」
0x37800	83	「…그렇네요. 동감입니다 아버지」
0x37800	84	「냐… 냐라고~~!
0x37800	85	 헤, 이걸 보고도 그런 소리가 나올까~?」
0x37800	86	「저건!?」
0x37800	87	"「크… 다이다라봇치의… ""입""이다!」"
0x37800	88	"「그렇고말고… 일본을 씹어 부술 만큼 강인한 이빨을 지닌 ""입""이다!」"
0x37800	89	「키타로… 씹혀서 먹혀 버리는 게 좋겠구나!」
0x37800	90	「저 입… 엄청난 요기를 뿜고 있어…」
0x37800	91	「헤헤헤! 봤냐!」
0x37800	92	「크, 서둘러 쓰러뜨려야 해!」
0x37800	93	「자… 간다!」
0x37800	94	「바라던 바야…!」
0x37800	95	「이놈… 일단 물러난다!」
0x37800	96	「제법이잖아! 쳇, 이걸로 끝이라고 생각하지 마!」
0x37800	97	「아야야야… 잠시 퇴각이네…」
0x37800	98	「으윽… 이놈…」
0x37800	99	「크! 그, 그럴 수가…!?」
0x37800	100	「당하고… 말았어…」
0x37800	101	「해치웠나…?」
0x37800	102	「아니… 아직이다!」
0x37800	103	「역시… 또 합체할 셈인가?」
0x37800	104	「재주 없는 놈들이로다…」
0x37800	105	「뭐라고든 지껄여라!」
0x37800	106	「간다…」
0x37800	107	「우리의 힘을… 하나로!」
0x37800	108	「우오오오오오오오오오~~!!」
0x37800	109	「아버지… 이놈들 예전보다 요력이 올라가 있네요」
0x37800	110	「음… 하지만 어차피 이미 쓰러뜨린 요괴… 두려워할 것 없다!」
0x37800	111	「크… 아직 할 셈이냐!」
0x37800	112	「재미있는 것을 보여 주지…」
0x37800	113	「무엇이라?」
0x37800	114	「간다…」
0x37800	115	「무엇을… 할 셈이냐?」
0x37800	116	「우리의 힘을… 하나로!」
0x37800	117	「우오오오오오오~~!」
0x37800	118	「이… 이건!?」
0x37800	119	「무슨 엉터리 같은 놈들이냐… 합체해 버렸구나!」
0x37800	120	「보~았~느~냐~? 이것이야말로 우리 힘의 결정체… 진정한 힘이다~~~!!」
0x37800	121	「흥… 힘의 결정체고 뭐고 모르겠지만… 그 정도로 우리를 막을 수는 없어!」
0x37800	122	「여기서부터 너희의 상대는… 우리만이 아니다…」
0x37800	123	「뭐라고?」
0x37800	124	「이놈… 아직 증원이 숨어 있었던 것이냐?」
0x37800	125	「큰머리!? 너로구나」
0x37800	126	「그렇고말고 키타로. 나니라!」
0x37800	127	「후후후… 키타로. 어때…? 설국 요괴들은 재미있지?」
0x37800	128	「아아, 물리도록 본 너희 얼굴보다는 훨씬 낫군!」
0x37800	129	「하하하! 지난 싸움에서는 불찰을 범했으나, 이번에는 그렇게 되지 않는다!@불사신의 힘은 아직 되살아나지 않았으나… 지금의 너희에게 그런 능력은 필요 없다!@가볍게 쓰러뜨려 주마! 각오하거라!」
0x37800	130	「너는… 누구냐」
0x37800	131	"「나는 ""큰머리"". 태고의 옛날부터 이 일본을 아는 자니라…」"
0x37800	132	「뭐라고?」
0x37800	133	「큰머리… 들어 본 적이 있다. 인간의 영혼을 먹어 불사신의 힘을 얻었다는 요괴다!」
0x37800	134	「인간의… 영혼을?@그렇군… 그렇다면 대나무너구리와 무지나가 모으던 인간의 생기는 네가?」
0x37800	135	「대나무너구리는 처치했다…」
0x37800	136	「뭐라고!? 어떻게 된 거냐!」
0x37800	137	「하하하하! 옛날이야기와 똑같지!@욕심을 부리는 너구리에게는 비극적인 결말밖에 준비되어 있지 않은 것이다!」
0x37800	138	「뭔가 사정이 복잡한 모양이구나…」
0x37800	139	「후후… 꼬마들이 알 필요는 없어」
0x37800	140	「그건 그렇고… 달링의 모습이 보이지 않는데…?」
0x37800	141	「아아, 그 녀석이라면 내가 제정신으로 돌려놨어」
0x37800	142	「뭐, 뭐라고~!? 이, 이놈 키타로~~ 무슨 짓을 저지른 거야!!@이제 용서 안 해, 각오해라!」
0x37800	143	「이런이런… 어쨌든, 다 같이 한꺼번에 상대해 주지! 덤벼라!」
0x37800	144	「흥… 말하지 않아도…」
0x37800	145	「이놈아, 저놈들은 인간이라고? 인간에게 손을 대다니, 너 그러고도 정의의 히어로냐!?」
0x37800	146	「설령 인간이라도 나쁜 짓을 한다면 혼내 줘야지.@게다가, 제대로 봐주고 있어. 죽지는 않아」
0x37800	147	「과연… 역시 키타로.@…가 아니지, 에잇, 너희들, 동료가 당했다! 나와라!」
0x37800	148	「크… 뒤에서 뒤에서 줄줄이!」
0x37800	149	「우리에게 혼쭐이 나는 게 싫어지지도 않는 것이냐?」
0x37800	150	「헤헤… 이놈들은 조상 대대로 내려온 다이다라봇치교 신자다!@수백 년 동안, 다이다라봇치 님의 부활을 꿈꿔 왔으니까 말이야…@끈기 하나는 최고라고!」
0x37800	151	「성 쥐인간 님! 지시를!」
0x37800	152	「오오, 너희들. 키타로 놈들을 해치워라」
0x37800	153	「하하! 성 쥐인간 님!」
0x37800	154	「나중에 굴러온 신참 주제에 신자들이 잘도 따르는군…」
0x37800	155	「저놈에게는 때때로 기묘한 카리스마가 느껴진다.@종교 조직의 간부 따위 그야말로 안성맞춤인 직업이겠지!」
0x37800	156	「어라라? 벌써 그렇게 당해 버린 거야? 증원 씨~ 어서 오세요~!」
0x37800	157	「성 쥐인간 님! 지시를!」
0x37800	158	「헤헤… 왔구나 왔어! 자, 키타로를 해치워라!」
0x37800	159	「하하! 성 쥐인간 님!」
0x37800	160	「크… 끝이 없어…」
0x37800	161	「키타로, 쥐인간을 쓰러뜨리는 것이다! 신자들은 교주와 마찬가지로 쥐인간의 지시를 따르고 있느니라」
0x37800	162	「그렇군, 저놈을 쓰러뜨리면…!」
0x37800	163	「으갸아아아~! 다-, 당-했-다~~!」
0x37800	164	「성 쥐인간 님이 당하셨다! 우, 우리도 철수하라~~!」
0x37800	165	"「""끈기 하나는 최고""라더니… 의외로 간단히 퇴각하네요…」"
0x37800	166	「지시를 내려 줄 리더가 없으면 아무것도 못 하고 도망칠 수밖에 없다니… 딱한 일이로다」
0x37800	167	「어라… 키타로? 아야야… 여기 어디야?」
0x37800	168	「쥐인간! 제정신으로 돌아왔냐?」
0x37800	169	「어라라라~? 이 몸은 대체 지금까지 뭘 하고 있었던 거야~?」
0x37800	170	「지금까지의 일을 아무것도 기억 못 하는 모양이네요」
0x37800	171	「역시 최면술 같은 것에 조종당하고 있었던 모양이구나」
0x37800	172	「쥐인간, 설명은 나중이야. 일단 물러나 있어!」
0x37800	173	「? 오, 오냐… 상황은 모르겠지만… 사양 않고 튀도록 하지」
0x37800	174	「아~~ 달링~!」
0x37800	175	「으악! 또, 또 너냐~! 이쪽으로 오지 마, 괴물아!」
0x37800	176	 |<가~~~~~앙!>
0x37800	177	(괴… 괴물…)
0x37800	178	「키타로~ 나머지는 부탁한다~!」
0x37800	179	「……아아… 쥐… 인간」
0x37800	180	「방금 그 한마디가 충격이었던 모양이구나」
0x37800	181	「좀… 불쌍하네요」
0x37800	182	「이놈… 이놈 이놈 키타로~~!! 잘도 나에게서 달링을 빼앗아 주었겠다!@이제… 용서 안 해!」
0x37800	183	「크… 키타로… 달링을… 돌려줘…」
0x37800	184	「어지간히 쥐인간에게 마음을 두고 있는 모양이구나…」
0x37800	185	(정말… 어디가 그렇게 마음에 든 건지 전혀 모르겠는걸)@「최면술로 조종해서 반하게 만들고… 그걸로 만족하는 거야?」
0x37800	186	「어리군… 아주 어려 키타로… 남자와 여자의 맹세 따위 어차피 다 거짓말인 거야…@그렇다면… 어떤 수단을 써서라도 상대를 붙잡아 둬야만 해! 힘으로라도 말이지!」
0x37800	187	「힘으로… 붙잡아 둔다? 진짜 마음 따위는 상관없다는 거냐?」
0x37800	188	「후… 꼬마도… 언젠가 알게 될 거야 윽…! 커헉!」
0x37800	189	(이제… 여기까지인가?)@「큰머리… 님…!」
0x37800	190	「음」
0x37800	191	「이 몸을… 바치겠습니다. 부디… 제 원한을 풀어 주십시오!」
0x37800	192	「알겠느니라!」
0x37800	193	「뭐… 그럴 수가!」
0x37800	194	「해골여인을… 먹어 버렸다!」
0x37800	195	「해골여인… 여태껏 나를 잘도 섬겼다. 그 유지… 확실히 이어받았노라!」
0x37800	196	「크… 이럴 수가!」
0x37800	197	「으… 잘도 해 주었구나…」
0x37800	198	「이번에야말로 각오해라, 해골여인!」
0x37800	199	(이제… 여기까지인가?)@「큰머리… 님…!」
0x37800	200	「음」
0x37800	201	(잘 있어… 쥐인간…)@「이 몸을… 바치겠습니다. 부디… 제 원한을 풀어 주십시오!」
0x37800	202	「알겠느니라!」
0x37800	203	「해, 해골여인 씨!」
0x37800	204	「뭐… 그럴 수가!」
0x37800	205	「해골여인을… 먹어 버렸다!」
0x37800	206	「해골여인… 여태껏 나를 잘도 섬겼다. 그 유지… 확실히 이어받았노라!」
0x37800	207	「크… 무슨 놈들이야」
0x37800	208	「우오오오오오~!」
0x37800	209	「큰머리 님!」@(제기랄… 대나무너구리가 쓸데없는 짓을 한 탓에, 큰머리 님의 재생 능력이 작동하지 않는 거야!)
0x37800	210	「큰머리 님… 이 몸을… 바치겠습니다. 제 몸을 쓰십시오!」
0x37800	211	「으… 알았… 느니라…」
0x37800	212	「뭐… 그럴 수가!」
0x37800	213	「해골여인을… 먹어 버렸다!」
0x37800	214	「해골여인… 여태껏 나를 잘도 섬겼다. 너의 그 힘… 확실히 이어받았노라!」
0x37800	215	「크… 무슨 놈들이야」
0x37800	216	「그오오오오오오~! 여기까진가…!」
0x37800	217	「아! 기다려!」
0x37800	218	"「나는 아직 죽을 수 없다… ""위대한 계획""을 위하여…」"
0x37800	219	「뭐!?」
0x37800	220	「잘 있거라…」
0x37800	221	「윽…!」@(위대한 계획을 위해서라고…? 그건 이 다이다라봇치 부활 계획을 말하는 게 아닌가…?@아직 다른… 뭔가가 있는 건가?)
0x37800	222	「후오오오오오오~~!」
0x37800	223	「크… 젠장!」
0x37800	224	「우리의 완패… 인가」
0x37800	225	「부, 분하다… 처, 철수야!」
0x37800	226	「후우, 이런이런」
0x37800	227	「바람이여… 몰아쳐라~!!」
0x37800	228	「우와! 바람이!」
0x37800	229	「크… 몸의 방향을 유지할 수 없다! 조심해라, 키타로!」
0x37800	230	「자… 내가 일으키는 바람을 맛보아라…… 받아라!」
0x37800	231	「기기… 그가가가가~!!」
0x37800	232	「무슨… 섬뜩한 모습이야!」
0x37800	233	「그그고… 가가아~~!!」
0x37800	234	「아! 기다려!」
0x37800	235	「크… 또 놓쳤어!」
0x37800	236	「입뿐인 주제에… 어찌나 재빠른 놈이냐!」
0x37800	237	「이걸로 전부 처리했지만… 자, 이제부터 어떡할까@일단, 저 얼음벽을 어떻게든 해서 안쪽으로 나아가야…」
0x37800	238	「보, 보아라, 키타로!」
0x37800	239	「얼음벽이… 사라진다? 설국 요괴들을 쓰러뜨렸기 때문인가?」
0x37800	240	「좋아, 이걸로 앞으로 나아갈 수 있겠어!」
0x37800	241	「크… 키타로 일행을 통과시켜 버리다니…」
0x37800	242	「어쩔 거야… 놈을 쓰러뜨리라는 말을 들었잖아? 그분께 혼난다고!」
0x37800	243	「이놈… 키타로! 어째서… 어째서 이길 수 없는 거야…!?
0x37800	244	 나… 무서워…! 그분께… 그분께 들키기 전에 도망치자!」
0x37800	245	「도망친다? 꽤나 재미있는 발상이군, 눈아이…」
0x37800	246	「앗! 다, 당신은!」
0x37800	247	「여, 여기에 와 계셨습니까?」
0x37800	248	「물론이다. 그런데… 키타로 일행을 의외로 빨리 통과시킨 모양이더군?」
0x37800	249	「예… 소, 송구합니다! 놈들… 그… 꽤나 벅차서…」
0x37800	250	「후후… 변명은 필요 없다.@애초에… 너희가 키타로의 상대를 제대로 해내리라고는 생각하지 않았다」
0x37800	251	「무… 무엇이라고요?」
0x37800	252	「너희들… 나는 예전에 너희에게 충분한 나날의 양식을 얻기 위한 술법을 가르쳐 주었지…?」
0x37800	253	「영혼 아이스캔디의 대량 생성법 말씀이시군요? 감사드리고 있습니다」
0x37800	254	「그렇다. 어떠냐? 다음은 더 새로운 힘을 원하지 않느냐?」
0x37800	255	「새로운… 힘?」
0x37800	256	「그렇다, 키타로 따위 간단히 쓰러뜨릴 힘이다!」
0x37800	257	「………………원해요…」
0x37800	258	「방금 뭐라고 했느냐 눈아이… 한 번 더 말해 보아라」
0x37800	259	「원해요… 원합니다! 저 키타로를… 쓰러뜨릴 힘이!」
0x37800	260	「저도입니다. 이대로는 저희 설국 요괴의 체면이 서지 않습니다!」
0x37800	261	「너는… 어떠냐?」
0x37800	262	「예… 물론입니다」
0x37800	263	「좋다… 그렇다면, 내려 주마!」
0x37800	264	「어?」
0x37800	265	「꺄아아아아~~!」
0x37800	266	「으와아! 이, 이건 대체!?」
0x37800	267	「뜨, 뜨거워!!」
0x37800	268	「꺄아아아아아아! 사, 살려 줘~~!@싫어어어어어어~~!」
0x37800	269	「자, 설국 요괴들이여, 나의 새로운 종이 되어 되살아나라!@후후후… 하~하하하하!」
0x37800	1024	개발중
0x3b000	0	「아버지… 요기가 점점 강해지고 있네요」
0x3b000	1	「음… 이번에야말로 틀림없이 다이다라봇치의 뇌가 있는 곳에 도달할 수 있을 것 같구나」
0x3b000	2	(그리고 거기서 누라리횬과 다이다라봇치를 쓰러뜨리면 모든 게 끝날 텐데…
0x3b000	3	 그럴 텐데… 뭔가 걸린다… 뭘까… 이 개운치 않은 느낌은…)
0x3b000	4	「? 무슨 일 있어 키타로, 무서운 얼굴을 하고…」
0x3b000	5	「아니… 아무것도 아니야」
0x3b000	6	「꺅!」
0x3b000	7	「괜찮으냐? 고양이소녀」
0x3b000	8	「아야야야… 고마워, 키타로」
0x3b000	9	"「다이다라봇치의 ""손발""이 꽤 가까이까지 다가온 모양이구나…」"
0x3b000	10	"「하지만… 그렇게 큰 ""손발""이 이 동굴에 들어올 수 있는 것이오?@걸려 버리는 것 아니오…」"
0x3b000	11	「…그 이전에, 이 동굴이 무너질지도 모른다. 어쨌든…」
0x3b000	12	「히이이이이이~~!」
0x3b000	13	「…이 진동이니 말이다」
0x3b000	14	「그렇게 따지면, 누라리횬 일당도 마찬가지 아니냐?@파묻혀 버리면 아무 소용도 없을 텐데」
0x3b000	15	「하하하! 확실히!@이대로라면 우리가 손을 쓰지 않아도 놈들 자멸해 버릴 것 같구나!@만약 그렇게 되면 걸작이겠어!」
0x3b000	16	「………………………」
0x3b000	17	「무슨 일이냐, 키타로 뭔가 마음에 걸리느냐?」
0x3b000	18	「아버지. 이번 저들의 계획에는 어딘가 납득이 가지 않는 데가 있지 않습니까…?@진심으로 우리를 저지하고, 다이다라봇치를 부활시킬 생각이 있는 걸까요?」
0x3b000	19	「음… 그렇구나…」
0x3b000	20	「우리가 놈의 계획 핵심에 다가서고 있었으니 조급했겠지.@그래서 제대로 된 준비를 갖추지 못한 것이겠지」
0x3b000	21	「…준비 부족이었다면, 이 장소에서 주의를 돌리려 하지 않을까요?@그런데 누라리횬은 오히려 우리를 도발하고, 여기로 오라고 말해 왔습니다.@뭔가… 앞뒤가 안 맞아요…」
0x3b000	22	「그놈도 이제 나이를 먹은 게지. 노망이 나기 시작한 게야!」
0x3b000	23	"「""노망""이라…」"
0x3b000	24	「그렇고말고!」
0x3b000	25	"「…""아기울음영감""이라고, 이름에 처음부터 ""영감""이 들어가 있는 놈에게@그다지 듣고 싶지 않은 대사로군…」"
0x3b000	26	「무엇이라 모래뿌리기! 그렇게 따지면, 자네도 마찬가지 아닌가!」
0x3b000	27	「나는 괜찮아!」
0x3b000	28	「자~자~!」
0x3b000	29	「확실히 키타로가 느끼는 것도 이해가 안 가는 건 아니다… 하지만…」
0x3b000	30	「…현실에 큰일이 벌어지려 하고 있다. 그것은 사실이다.@우리는 놈이 아니다. 진짜 속셈이 어디에 있는지 모르는 것이 당연하다.@지금은 눈앞의 일에 집중하는 것이다」
0x3b000	31	「……그렇네요. 제가 너무 깊이 생각하고 있는 것뿐일지도 모르겠네요」
0x3b000	32	「음」
0x3b000	33	「키타로! 저쪽이 밝소이다!」
0x3b000	34	「뭐라고!? 드디어 누라리횬 일당의 본거지에 도착한 건가?」
0x3b000	35	「또 추운 곳이면 싫은데…」
0x3b000	36	「어쨌든, 서둘러 확인하는 것이다 키타로!」
0x3b000	37	「모두, 어서 탈출하는 거야!」
0x3b000	38	「신자들의 모습이 보이지 않는구나…?」
0x3b000	39	「다이다라봇치가 당했으니… 충격으로 도망친 것이겠지」
0x3b000	40	「그렇구나… 그렇다면 다행이지만… 어쨌든 서두르자!」
0x3b000	41	「………으윽…………」
0x3b000	42	「누라리횬, 괜찮아? 손을 잡아 주지!」
0x3b000	43	「조종당하고 있었다고는 해도… 우리는 서로 적이다. 그런 나를… 어째서 도우려 하는 것이냐…!」
0x3b000	44	「그런 말 할 때가 아니야! 자, 나를 붙잡아!」
0x3b000	45	「흥, 마, 마음대로 해라! 어차피… 우리는 이대로 생매장이다!」
0x3b000	46	「………생매… 장~?」
0x3b000	47	「으와~~~!! 생매장은 싫소이다~!」
0x3b000	48	「바, 바보! 포기하면 안 돼!」
0x3b000	49	「그래! 전원 여기서 살아서 탈출하는 거야!」
0x3b000	50	「으와!」
0x3b000	51	「안 되겠다… 본격적으로 동굴이 무너지기 시작했다!」
0x3b000	52	「길이 막혀 버렸다… 이럴 수가…!」
0x3b000	53	「에휴… 여기까진가」
0x3b000	54	「크…」
0x3b000	55	「그러니까 말했지 않느냐… 현실은 그리 만만하지 않다.@적인 나를 돕겠다는 짓만 하지 않았다면, 너희는 모두 살아남았을지도 모르는데…@쓸데없는 인정을 베푸니 다 함께 이런 곳에서 목숨을 잃는 처지가 되는 것이다…」
0x3b000	56	「그렇지 않아! 설령 적이라도, 구할 수 있는 목숨은 구하는 거야!@게다가, 아직 끝난 게 아니야! 뭔가 탈출할 방법이 있을 거다!」
0x3b000	57	「흥… 미련이 많군. 이 지경에 이르러서는 이제 기적이라도 일어나지 않는 한…」
0x3b000	58	「………………뭔가… 들려~!」
0x3b000	59	「…어?」
0x3b000	60	「부오오오오오오오오오!」
0x3b000	61	「으… 으와아아아!」
0x3b000	62	「저건… 노즈치 아니냐!」
0x3b000	63	「이 아키요시 동굴 근처까지 와 있었던 거냐!?」
0x3b000	64	「부오오오오오오오오오!」
0x3b000	65	「으… 으와아아아! 뭐, 뭐야 이놈은!?」
0x3b000	66	"「이건… ""노즈치""다!」"
0x3b000	67	「노즈치? 노즈치라면… 그 청소기처럼 뭐든지 빨아들여 버린다는@무시무시한 위장을 지닌 요괴 말이야?」
0x3b000	68	"「음, 아마도 이 근처에서 동면 상태에 들어가 있었겠지만…@""영기 폭탄""의 폭발음에 잠이 깬 것이겠지!」"
0x3b000	69	「그오오오오오~! 내 잠을 방해하는 자가 누구냐~~~!!」
0x3b000	70	「으와아아!」
0x3b000	71	「엄청나게 날뛰는구나…!」
0x3b000	72	「이, 이번에야말로… 우리는 끝장이오!」
0x3b000	73	「키타로! 봐!」
0x3b000	74	「저건… 방금 노즈치가 지나온 구멍이군…」
0x3b000	75	「그래! 저기를 지나면 파묻혀 버린 곳을 우회할 수 있을지도 모른다」
0x3b000	76	「그, 그렇군! 좋아, 모두, 날뛰는 노즈치를 조심해서 저 구멍으로 뛰어드는 거다!」
0x3b000	77	「누라리횬, 간다!」
0x3b000	78	「흥… 알았다…」
0x3b000	79	(키타로… 과연 그렇군, 이놈은 운이 따르고 있다. 벅찰 만도 하지…)
0x3b000	80	「서두르는 것이다!」
0x3b000	81	(어머니… 저에게 힘을 빌려주세요!)
0x3b000	82	「여기가 아무래도 최심부인 모양이네요, 아버지」
0x3b000	83	「음…!? 키타로… 저것을 보아라!」
0x3b000	84	「어?」
0x3b000	85	「저건…!」
0x3b000	86	「저것이 다이다라봇치의 뇌인가!」
0x3b000	87	「으윽~! 다른 것보다도 더 크고 징그러~워!」
0x3b000	88	「확실히 크구나…」
0x3b000	89	「그건 그렇고… 여기에는 아무도 없는 건가?」
0x3b000	90	「묘하구나… 뇌를 파괴해 달라는 것이나 다름없지 않느냐!」
0x3b000	91	「좋~아! 이러면 낙승이오! 내가 한달음에 가서 저놈을 부숴 주겠소이다!」
0x3b000	92	「안 된다! 이탄모멘… 그만두거라!」
0x3b000	93	「괜찮다니까요~~!」
0x3b000	94	「우오오오오오오~~!?」
0x3b000	95	「이탄모멘!?」
0x3b000	96	「뭐!? 뭐야…?」
0x3b000	97	「므, 뭔가… 보이지 않는 벽 같은 것이 있었소이다…!」
0x3b000	98	「키, 키타로! 저것을!」
0x3b000	99	「저게 뭐야…? 결계라는 거?」
0x3b000	100	「역시… 아무것도 없을 리 없다고 생각했지만…」
0x3b000	101	「하하하하하!」
0x3b000	102	「드디어 왔느냐 키타로… 기다리고 있었다!」
0x3b000	103	「나타났구나!」
0x3b000	104	「네놈의 음모도 여기까지다. 각오하거라!」
0x3b000	105	「다이다라봇치의 부활 전에 어떻게든 시간을 맞춘 모양이군. 약속대로… 결착을 낼까!」
0x3b000	106	「…………」
0x3b000	107	「어찌 된 거냐 키타로…? 내가 무서워서 목소리도 안 나오는 것이냐?」
0x3b000	108	「누라리횬… 네 진짜 목적은 뭐냐?」
0x3b000	109	「뭐? 무슨 소리를 하는 것이냐 키타로?@뻔한 일이 아니냐! 다이다라봇치를 부활시켜… 일본을 지배하는 것이다!」
0x3b000	110	「정말로… 그것만이 목적이냐?」
0x3b000	111	「물론이다!」
0x3b000	112	「키, 키타로. 이야기는 나중이다! 어서 저 뇌를 어떻게든 하지 않으면 우리도 위험하다!」
0x3b000	113	「그, 그렇네요. 알겠습니다!」
0x3b000	114	「후후후…」
0x3b000	115	「아~~!? 뭐야 뭐야!@결착을 내겠다더니… 자기만 안전한 곳에 숨겠다는 거야?」
0x3b000	116	「이 결계가 깨지면 나 자신이 상대해 주마.@그 대신… 너희에게는 다른 상대를 준비해 두었다」
0x3b000	117	「크… 또 이놈들이냐…!」
0x3b000	118	「아니… 아버님, 낯선 놈이 섞여 있습니다!」
0x3b000	119	"「저건… 다이다라봇치의 ""코""다!」"
0x3b000	120	「코…? 뭔가 약해 보이는걸」
0x3b000	121	「방심하지 마라… 코뿐이라 해도 적은 그 다이다라봇치다! 마음을 다잡고 덤비거라!」
0x3b000	122	「나는 여기서 한동안 강 건너 불구경을 하도록 하지」
0x3b000	123	「젠장…… 어, 어쨌든 전투 준비다!」
0x3b000	124	「…이런 곳에서 쓰러지지 말아 다오.@나와의 결착이라는 메인 디시가 기다리고 있으니 말이다!」
0x3b000	125	「기다려라 누라리횬! 곧바로 그 결계를 깨 주마!」
0x3b000	126	「증원인가!?」
0x3b000	127	「조심해라 키타로. 아마도 놈들의 동료는 아직 더 나타날 것이다!」
0x3b000	128	「그건 그렇고 큰 코네요…」
0x3b000	129	「음, 코라 해도 저 다이다라봇치의 일부. 방심해서는 안 된다!」
0x3b000	130	「그가가가가가아~!」
0x3b000	131	「해치웠나!?」
0x3b000	132	「또 놓쳤나…」
0x3b000	133	「그갸아아오오오~~!」
0x3b000	134	「쓰러뜨렸나?」
0x3b000	135	「아! 이런!」
0x3b000	136	(……발로 걷는 나와 달리 공중에 떠 있는 눈알은 재빠르구나…)
0x3b000	137	「우오오오오오오~~~~!!」
0x3b000	138	「지금이야! 마무리를!」
0x3b000	139	「음! 안 되겠다, 놓쳐 버렸구나!」
0x3b000	140	「크… 조금만 더 하면 됐는데…」
0x3b000	141	「부흡!? 부후~~!!」
0x3b000	142	「놓쳤나…」
0x3b000	143	「놈들의 힘은 강력하다. 물리친 것만으로도 다행이라 해야지」
0x3b000	144	「결국… 다이다라봇치의 부위를 전부 놓쳐 버렸네요…」
0x3b000	145	「신경 쓰지 마라 키타로. 어차피 놈들은 뇌만 파괴하면 움직일 수 없게 된다.@어쨌든 다이다라봇치의 뇌를 파괴하는 것이다!」
0x3b000	146	「그렇네요… 알겠습니다!」
0x3b000	147	「어이쿠 안 되겠네! 이쪽은 출구가 아니잖아!」
0x3b000	148	「쥐, 쥐인간!」
0x3b000	149	「귀찮은 일이 될 것 같아서 서둘러 빠져나가려 했는데 말이야.@…역시 운이 안 따르는군. 아무래도 요즘, 하는 일마다 역효과가 나는 것 같아…」
0x3b000	150	「제대로 제정신으로 돌아온 모양이구나…」
0x3b000	151	「오, 오냐. 조금이지만 조종당하기 전후의 일도 기억나기 시작했다고!
0x3b000	152	 그 입 큰 놈… 이상한 음악으로 나를 조종하다니! 다음에 만나면 혼쭐을 내 주겠어!」
0x3b000	153	(입 큰…? 누라리횬에게 최면술이 걸린 게 아니란 말인가?)
0x3b000	154	(이런이런… 제정신으로 돌아와 버린 마당에, 이제 와서 저놈들 편으로 돌아갈 수도 없지…@어쩔 수 없군, 지금은 키타로 쪽에 붙을까. 형세가 나빠지면 그때 다시 생각하면 되지)
0x3b000	155	「헤헤, 키타로 그때는 신세 졌구나! 이 몸도… 도와주지」
0x3b000	156	「아… 아아…」
0x3b000	157	"(키타로 편에 서기로 한 이상, 제대로 ""이기기 위한 방정식""을 가르쳐 줘야지)"
0x3b000	158	「키타로. 그 결계를 깨는 방법을 가르쳐 주지」
0x3b000	159	「뭐라고? 어디서 그런 정보를 구해 온 거야?」
0x3b000	160	「말했잖아? 조종당하던 동안의 일을 조금씩 기억해 냈다고!@내 기억에 따르면, 그 결계를 깨려면 네 군데의 박쥐를 전부 쓰러뜨려야 해」
0x3b000	161	「흠… 확실히 결계의 네 모퉁이에 박쥐가 있구나… 놈들을 쓰러뜨리면 되는 것이냐?」
0x3b000	162	「뭐야, 그 정도면 되는 거야? 그럼, 당장…」
0x3b000	163	「잠깐 잠깐! 서두르지 마라 키타로!@저놈들은 쓰러뜨려도 쓰러뜨려도 계속 솟아난다고! 되도록 한꺼번에 네 마리를 모두 쓰러뜨려야 해」
0x3b000	164	「그, 그런 거야? 과연… 알았다」
0x3b000	165	「뭐, 나머지는 네게 달렸어. 힘내라고, 키타로!」
0x3b000	166	「너도 가끔은 도움이 되는구나, 다시 봤다!」
0x3b000	167	「아니~ 뭐 그 정도까지야…@있-지-만-말-이-야~!@뭐, 정보료 청구서는 나중에 네 집으로 보내 둘 테니, 감사의 마음은 거기서 표시해 줘」
0x3b000	168	「아버지… 이 녀석, 여기 두고 갈까요?」
0x3b000	169	「음, 나도 방금 그렇게 생각하던 참이다」
0x3b000	170	「뭐, 뭐야! 부자가 함께 협박이냐~?」
0x3b000	171	「무슨 소리야. 우리가 너를 제정신으로 돌려놨잖아. 이걸로 상쇄다!」
0x3b000	172	「에휴… 아, 알았다고!」@(참나… 이놈들은 여전히 쩨쩨하구먼… 역시 관계를 다시 생각해 볼까…)
0x3b000	173	「좋아!」
0x3b000	174	「나머지 세 마리도 이 기세로 쓰러뜨리는 것이다!」
0x3b000	175	「아버지, 저것을!」
0x3b000	176	「음?」
0x3b000	177	「에휴… 증원인가…」
0x3b000	178	「쥐인간 말대로 단숨에 결계를 무너뜨리지 않으면 끝이 없겠네요」
0x3b000	179	「음, 그렇구나. 키타로. 되도록 짧은 간격으로 결계를 지키는 네 마리를 쓰러뜨리는 것이다!」
0x3b000	180	「네!」
0x3b000	181	(요는 저 자리에 박쥐들을 부활시키지 않으면 되는 거지?@그렇다면 박쥐를 쓰러뜨린 뒤, 자리를 막아 버리면…)
0x3b000	182	「결계가…」
0x3b000	183	「호오… 드디어 내 차례인가…」
0x3b000	184	「누라리횬! 자, 우리와 싸워라!」
0x3b000	185	「…좋다. 나를 끌어낸 것, 후회하게 해 주마!」
0x3b000	186	「누라리횬! 다이다라봇치를 대체 어떻게 조종할 셈이었느냐!」
0x3b000	187	「어떻게… 라고? 모르겠군…」
0x3b000	188	「뭐, 뭐라고!? 무슨 소리냐!?」
0x3b000	189	「후후후… 키타로. 자, 그런 것보다 마음껏 싸워 보지 않겠느냐…@잔치는… 이제 막 시작되었을 뿐이다. 후하하하하하하!」
0x3b000	190	(이상해… 역시 뭔가 이상해…?)
0x3b000	191	「자… 거기까지다 누라리횬! 얌전히 있어!」
0x3b000	192	「그 다이다라봇치의 뇌는 봉인하겠다!」
0x3b000	193	「그, 그만둬… 으윽… 으가가가… 으가아아아아아아아아아~~!」
0x3b000	194	「뭐, 뭐지…?」
0x3b000	195	「으와아! 다이다라봇치의 손발이… 이제 코앞까지 온 건가…?」
0x3b000	196	「키, 키타로! 누라리횬은 나중이다. 뇌 쪽을 어떻게든 해야 해!」
0x3b000	197	「네, 네!」
0x3b000	198	「이렇게 된 이상 봉인할 시간은 없다! 직접 다이다라봇치의 뇌를 파괴하는 것이다!」
0x3b000	199	「저, 정말로 파괴하는 겁니까? 뭔가 좀… 불쌍하지만…」
0x3b000	200	「괜찮다, 다이다라봇치의 뇌가 파괴된다 해도 놈은 소멸하지 않는다.@그저 몇백 년쯤 움직이지 못하게 될 뿐이다. 어쨌든 서두르는 것이다!」
0x3b000	201	「그, 그렇습니까…? 그럼… 갑니다!」
0x3b000	202	「다이다라봇치의… 최후인가…」
0x3b000	203	「발소리가…… 멎었다」
0x3b000	204	「뇌가 파괴되면 나머지 부위는 활동할 수 없다.@이쪽으로 향하던 발도 손도 아마… 지금쯤 지상에 쓰러져 있을 것이다」
0x3b000	205	「그렇습니까… 큰 피해가 나지 않았으면 좋겠는데요…」
0x3b000	206	「일단… 끝났구나, 키타로」
0x3b000	207	「네… 아버지…」
0x3b000	208	「으으으…」
0x3b000	209	「키타로~! 누라리횬 녀석, 정신을 차렸어!」
0x3b000	210	「으… 키타… 로?」
0x3b000	211	「누라리횬… 네 흉계는 이걸로 전부 헛수고로 끝났다… 각오해라!」
0x3b000	212	「으으… 나는… 여기서 무엇을 하고 있는 것이냐?」
0x3b000	213	「무엇이라고!?」
0x3b000	214	「어라, 뭐야, 혹시 당신도 나처럼 조종당하고 있었단 말이야?」
0x3b000	215	「말도 안 된다, 누라리횬 정도의 요괴가 조종당하다니…」
0x3b000	216	「으윽… 아무래도… 나는 너와 싸우게 되었던 모양이군… 불찰이다…」
0x3b000	217	「최면술… 정말로 그런가? 너 정도의 실력자를… 대체 누가!」
0x3b000	218	「으와! 뭐냐? 전화 소리냐?」
0x3b000	219	「이건… 울리는 건 내 휴대폰인가…?」
0x3b000	220	「어라? 아까까지 안 됐는데… 이상하네?」
0x3b000	221	「어느새 전파가 닿게 된 걸까?」
0x3b000	222	「여여여… 여보세요?」
0x3b000	223	「루카 양이니?」
0x3b000	224	「앗! 키타로 씨! 드디어 연결됐다! 지금 어디에 계세요?」
0x3b000	225	「아, 아키요시 동굴이야. 그쪽은 다이다라봇치의 손이랑 발이 나타나서 큰일이었지?」
0x3b000	226	「다, 다이다라봇치의 손발요? 그게 무슨 말씀이세요?」
0x3b000	227	「어? 그렇게 큰 게 출현했는데, 뉴스에 안 나왔단 말이야?」
0x3b000	228	「그보다, 대나무 정령님이 키타로 씨에게 하실 이야기가 있다고 해서…」
0x3b000	229	「키타로니? 너, 어디 가 있는 거야! 큰일 났어!」
0x3b000	230	「혹시… 다이다라봇치 일이야? 그거라면 걱정할 필요 없어」
0x3b000	231	「다이다라봇치? 그게… 무슨 얘기야?」
0x3b000	232	(대나무 정령도 모르다니…)@「그럼… 뭐가 큰일인데?」
0x3b000	233	「너희가 자주 쓰는 오소레잔의 병원… 알고 있지?」
0x3b000	234	"「아, ""땅속 오소레잔"" 말이야? 물론이지,@우리 몸에 이상이 있을 때 유일하게 진찰받을 수 있는 병원이니까」"
0x3b000	235	「그… 땅속 오소레잔이 누군가에게 습격당한 모양이야!」
0x3b000	236	「뭐라고…!? 그래서!?」
0x3b000	237	「병원 안에 비축해 두었던 대량의 요괴 혈액이 전부 도난당한 모양이야… 범인이나 목적은 불명이고」
0x3b000	238	「이거 큰일이구나…!」
0x3b000	239	「누~리~카~베~! 대체~ 누~가~!」
0x3b000	240	「어쨌든… 일단 게게게의 숲으로 돌아와. …그럼」
0x3b000	241	「어떻게 된 거야? 모든 흑막은… 누라리횬이 아니었다는 거야?」
0x3b000	242	「모르겠지만… 대체 누가…?」
0x3b000	243	「뭐, 이번엔 또 뭐냐?」
0x3b000	244	「하~이, 키타로!」
0x3b000	245	「뭐! 너는… 누구냐!」
0x3b000	246	(아니… 잠깐? 이 녀석, 어디선가 만난 적이 있어!?)
0x3b000	247	「아~~! 저놈은 나에게 최면술을 걸었던 놈이야!」
0x3b000	248	「뭐라고?」
0x3b000	249	「누라리횬… 혹시 너도 이놈에게…?」
0x3b000	250	「이, 애송이… 네놈, 잘도 이 몸을 조종해 주었겠다!」
0x3b000	251	「어이쿠… 그렇게 노려보지 말아 줬으면 하는데…@당신에게 최적인 최면 음악을 작곡하는 것도 꽤나 힘들었다고.@…원망하려면 내가 아니라 키타로를 원망해 줘」
0x3b000	252	「무슨 소리냐…!」
0x3b000	253	「우리 계획을, 그는 생각보다 빨리 눈치채기 시작했지.@이렇게 되면 키타로 일행을 함정에 빠뜨려 말살하는 수밖에 없어.@너와 다이다라봇치는… 이름 높은 키타로의 주의를 끌 미끼로 뽑힌 거야!」
0x3b000	254	「내가… 미끼라고?」
0x3b000	255	「믿을 수 없어…!」
0x3b000	256	「그런… 그럼 설마 진짜 흑막은…!?」
0x3b000	257	「너희는 우리 계획에 완벽하게 걸려들어 주었지.@이번에는 그 답례를 하려고 말이야… 인사하러 왔다는 거야!」
0x3b000	258	「뭐라고!?」
0x3b000	259	「뭐냐!?」
0x3b000	260	「저, 저건…!」
0x3b000	261	「너, 너희들은…」
0x3b000	262	「헤, 오랜만이군 키타로. 여전히 시원찮은 상판이구먼…」
0x3b000	263	「헤헤… 그런가? 전에 봤을 때보다 미남이 된 것 같지 않아?」
0x3b000	264	「…………………」
0x3b000	265	「엘리트… 수고했다」
0x3b000	266	「뭘… 간단했어. 지루한 임무였지…」
0x3b000	267	(그래… 저놈의 이름은 흡혈귀 엘리트!@저놈만이 아니야. 모두 내가 싸운 적이 있는 서양 요괴들이다!)@「…엘리트에 라 세느… 서양 요괴 대집합이란 거군…」
0x3b000	268	「헤헤헤! 꽤나 장관이지?」
0x3b000	269	「엘리트 님, 죄송합니다 불찰을 범했습니다…」
0x3b000	270	「아니, 충분해! 덕분에 완벽한 결과를 낼 수 있었어…」
0x3b000	271	「큰머리도 이놈들의 동료였나!」
0x3b000	272	「크크크… 오랜만이군, 키타로. 건강해 보여 다행이다!」
0x3b000	273	「그런가… 모든 것은 네 짓이었구나?
0x3b000	274	 흡혈귀… 드라큘라!」
0x3b000	275	「후후후… 생각지도 못했던 모양이군」
0x3b000	276	「아아, 하지만… 납득이 갔어. 네가 진짜 흑막이었구나!」
0x3b000	277	「드라큘라 님, 작업은 완료했습니다. 저희는 먼저 돌아가 있겠습니다」
0x3b000	278	「아아, 그렇게 해 다오」
0x3b000	279	「또 보자, 키타로!」
0x3b000	280	「네놈들은 무엇을 꾸미고 있는 것이냐? 그렇다면… 일본의 정복이냐?」
0x3b000	281	「일본의 정복? 하하하! 이거 우습군!」
0x3b000	282	「뭐가 우습냐!?」
0x3b000	283	「확실히… 그것은 과정의 일부이기는 하다.
0x3b000	284	 그렇고말고, 이 일본은 제압한다…
0x3b000	285	" ""세계 정복""으로 가는 첫걸음으로서 말이지!」"
0x3b000	286	「세계… 정복이라고!?」
0x3b000	287	「제정신이야…?」
0x3b000	288	「또 엄청난 소리를 지껄이기 시작하는구나… 상대할 가치도 없다!」
0x3b000	289	"「네놈들처럼 이 좁은 섬나라에 사는 요괴의 잣대로는 이해할 수 없을지도 모르지…@하지만, 그것이야말로 유서 깊은 마의 혈통을 현대에 이어받은 이 몸…@""흡혈귀 드라큘라""의 사명이자, 비원인 것이다!」"
0x3b000	290	「비원이든 백중이든 모르겠다만… 그런 헛소리… 정말로 가능하다고 생각하는 것이냐?」
0x3b000	291	「나는 마침내 그것을 이룰 힘의 일단을 손에 넣었다.@밤의 세계로 봉인당한 우리가, 인간을 지배할 그 힘을… 말이다.@그것은 가능하다…! 어떤 조건을 채운다면!」
0x3b000	292	「어떤… 조건?」
0x3b000	293	(저건… 눗페라보 놈들 아니냐!?)
0x3b000	294	「그렇다… 그 조건을 채우기 위해서는 거점이 될 장소가 필요했다.@우리가 야망을 키우고… 목적을 달성하기 위해 뿌리내릴 모판이 말이다!」
0x3b000	295	「일곱 개의 바다를 건너, 우리가 도달한 결론 그것은…@수많은 영지를 지니고, 영적 요소가 강하며, 요력을 기르고 키우기에 최적인 장소…@극동에 존재하는 섬나라. 그래, 바로 이곳 일본이다!」
0x3b000	296	「너희들은… 누구냐!」
0x3b000	297	"「내 이름은 ""치"". 중국을 다스리는 요괴다」"
0x3b000	298	「치?」
0x3b000	299	"「부하 중에는 나를 ""제""라고 떠받드는 자도 있다만」"
0x3b000	300	「제라고요!?@그럼… 눗페라보 놈들에게 젊음의 엑기스를 헌상하게 한 것은… 이놈?」
0x3b000	301	「흥… 이놈들을 방해해 주었다지…?」
0x3b000	302	「중국 요괴… 치라고? 네가… 여우들을 조종하던 장본인이냐!」
0x3b000	303	「천호 님은 이 사실을 알고 계신가?」
0x3b000	304	「후후… 그 굼뜬 천호는 내가 쓰러뜨려 주었지…」
0x3b000	305	「무엇이라!? 천호가 쓰러졌다고!?」
0x3b000	306	「후후후… 놀랐느냐! 우리 제께 불가능은 없다」
0x3b000	307	「너는 누구냐!?」
0x3b000	308	「후후후…」
0x3b000	309	「저건 눗페라보다!」
0x3b000	310	「눗페라… 보?」
0x3b000	311	「치 님, 예정대로 모든 준비가 끝났습니다」
0x3b000	312	「음… 수고했다!」
0x3b000	313	「아~ 저 녀석!」
0x3b000	314	「후후후…」
0x3b000	315	「무지나! 네놈, 이 치라는 놈의 부하였던 것이냐?」
0x3b000	316	「뭐… 그런 셈이지. 일본 요괴들을 혼란시켜서…@세계의 요괴 여러분이 일을 진행하기 쉽게 하는 것이 내 주된 일이야…」
0x3b000	317	「일본 요괴인 주제에… 부끄럽지도 않으냐!?」
0x3b000	318	「흥… 약자의 넋두리는 볼썽사납군…」
0x3b000	319	「페낭가란! 너도 역시 이놈들의 한패냐!」
0x3b000	320	「새삼 자기소개를 하지 내 이름은 페낭가란. 남국의 요괴다!」
0x3b000	321	「남국… 이라고!?」
0x3b000	322	「후후후…」
0x3b000	323	(저놈은 누구지? 낯선 요괴로군…)
0x3b000	324	「내 이름은 페낭가란! 남국의 요괴다!」
0x3b000	325	「페낭가란이라고!?」
0x3b000	326	「후후후…」
0x3b000	327	(저놈은 분명… 거울사자 안에 들어가 있던 요괴 아닌가!)
0x3b000	328	「내 이름은 페낭가란! 남국의 요괴다!」
0x3b000	329	「페낭가란… 너도 역시 이놈들의 한패로군」
0x3b000	330	「드라큘라 님, 그럼 나중에…」
0x3b000	331	「음」
0x3b000	332	「키타로, 겨우 만났지만… 잘 있거라!」
0x3b000	333	「그리고 나는 보자이! 유빙이 떠도는 북쪽 바다의 주인이라면 바로 나다!」
0x3b000	334	「북쪽 바다의 주인…? 네가 눈아이 일행을…?」
0x3b000	335	"「아아, 이놈들은 내 부하다. 앗차… ""부하였다""고 해야 하나?」"
0x3b000	336	「무슨 소리냐!?」
0x3b000	337	「………」
0x3b000	338	「………」
0x3b000	339	「………」
0x3b000	340	(뭐지…? 전에 싸웠을 때와 상태가 다르군…)
0x3b000	341	「후후후…」
0x3b000	342	「보자이! 생각났다! 저놈은 러시아의 대요괴다!」
0x3b000	343	「서양에 남방에 중국에 러시아…? 그렇다는 건…@이 일본으로 전 세계의 요괴가 쳐들어왔다는 얘기가 되는 건가!? 이거 대특종이다!!」
0x3b000	344	(헤헤헤… 이 몸에게도 운이 돌아왔구나~!)
0x3b000	345	「네놈들이 죽어 버리기 전에 이놈들로 즐길까 했다만… 시간이 맞지 않았구나!」
0x3b000	346	「뭐!?」
0x3b000	347	「뭐 좋다. 시간은 있다… 너희가 사라진 뒤에 천천히 즐기도록 하지.@그럼 잘 있거라… 봉 보야주!」
0x3b000	348	「키타로… 지금이라도 늦지 않았다. 내 동료가 될 생각은 없나?@그리고… 함께 세계를 정복하지 않겠나」
0x3b000	349	「세계를 정복해서… 어쩌겠다는 거냐?」
0x3b000	350	「요괴가 인간을 지배하는 이상적인 사회를 만드는 것이다!」
0x3b000	351	「…거절하겠다」
0x3b000	352	「호오…?」
0x3b000	353	「정복이니… 지배니… 요괴와 인간이 관계 맺는 방식은 그런 게 아닐 거다.@어느 한쪽이 다른 한쪽을 지배한다니 잘못됐어!」
0x3b000	354	「너라면 그렇게 말할 줄 알았다…@그럼, 너는 우리가 이제부터 벌일 일본 제압 작전을 보지 못하고 죽는 게 좋겠군!」
0x3b000	355	「드라큘라… 요괴 혈액을 훔쳐서 무엇을 할 셈이냐!」
0x3b000	356	「후, 저승길 선물로 알려 주지… 그 요괴수를 부활시키는 것이다…」
0x3b000	357	「무엇이라? 제정신이냐!?」
0x3b000	358	「그것만이 아니야.@이 일본에 베리알을 불러 악마 군단을 소환해 버리자는 계획도 있다고!」
0x3b000	359	「뭐… 악마 군단을…?」
0x3b000	360	「후후후… 수다가 지나쳤군.@지금까지 함께 사투를 벌여 온 그대에게 경의를 표하여@마지막 기회를 주려고 왔다만… 아무래도 헛수고로 끝난 모양이군」
0x3b000	361	「으와!」
0x3b000	362	「뭐, 뭐야?」
0x3b000	363	「우리가 설치한 영기 폭탄이 작동한 모양이군…」
0x3b000	364	「이 동굴은… 머지않아 무너져 내린다…!」
0x3b000	365	「무엇이라, 정말이냐!?」
0x3b000	366	「일본 제압의 장애가 될 수 있는 키타로 일행과 다이다라봇치가 가장 큰 걱정거리였다만…@그것도 방금 해소되었다… 다이다라봇치는 훌륭하게도 키타로가 처리해 주었지.@그리고… 다이다라봇치를 상대로 싸운 지금의 너희에게는, 여기서 탈출할 힘 따위 남아 있지 않을 것이다.@다이다라봇치도 네놈들도, 두 번 다시 되살아나지 못하도록 생매장시켜 주마!」
0x3b000	367	「크… 아직 안에는 누라리횬이랑 신자인 인간들이 남아 있다고! 그들도 죽일 셈이냐!?」
0x3b000	368	「흥! 알 바 아니다… 어차피 방해꾼이지」
0x3b000	369	「드라큘라… 네놈!」
0x3b000	370	「안 되겠다, 이건 대규모 함정이다! 어서 도망치는 것이다 키타로!」
0x3b000	371	「하지만…!」
0x3b000	372	「키타로! 다이다라봇치교 신자분들… 구해야 해!」
0x3b000	373	「…………크…」
0x3b000	374	「으윽…」
0x3b000	375	(누라리횬도 혼자 힘으로는 이제 움직이지 못하는 것 같다… 그도 구해야 해…)@「아, 알겠습니다…」
0x3b000	376	「드라큘라 님, 철수하시겠습니까?」
0x3b000	377	「아아, 초음파 순간이동을 부탁한다」
0x3b000	378	그것도… 잊지 말고… 말이다
0x3b000	379	하하… 알고 있고말고요!
0x3b000	380	「잘 있거라 키타로… 실컷 발버둥이나 쳐 보는 것이다,@자신의 무능을 곱씹으면서 말이지! 아~하하하하하하!」
0x3b000	381	「아~ 자, 잠깐 잠깐 기다려 줘~!」
0x3b000	382	「뭐, 뭐냐 네놈은!」
0x3b000	383	「뭐, 뭐야 이거? 전송이라는 거야? 아~니~!」
0x3b000	384	「가 버렸구나…」
0x3b000	385	「저 녀석 일은 이제 내버려 둬!」
0x3b000	386	「어서 탈출하지 않으면~!」
0x3b000	387	「그렇다! 서둘러라 키타로!」
0x3b000	388	「네, 네!」
0x3b000	389	(하지만… 시간을 맞출 수 있을까?)
0x3b000	1024	개발중
0x40800	0	「후후후… 이걸로 우리 계획을 느긋하게 진행할 수 있겠군…」
0x40800	1	「이럴 줄 알았으면… 처음부터 그놈을 처치해 두었으면 좋았을 것을…!」
0x40800	2	「아니요, 보자이 님, 키타로는 만만찮은 놈입니다.@우리의 꾸준한 계략이 있었기에, 놈을 우왕좌왕하게 만들어 소모시킬 수 있었던 겁니다.@그렇지 않았다면… 아무리 다이다라봇치나 누라리횬을 보냈다 한들@그렇게 간단히 쓰러뜨리지는 못했을 겁니다…」
0x40800	3	「흥! 자기 공이라고 말하고 싶은 모양이군?@키타로에게 쫓겨서 내게 울며 매달려 왔던 주제에!」
0x40800	4	「이거 신랄하시군요… 하지만, 결과를 낸 것은 인정해 주셨으면 합니다」
0x40800	5	「어이쿠, 이 엘리트 님이 누라리횬을 조종했다는 것도, 잊어 주시면 곤란한데.@뭐, 보람이 있어서 즐거웠지만 말이야」
0x40800	6	(내 손으로 원수를 갚고 싶었다만… 뭐, 어쩔 수 없지)
0x40800	7	「저의 초음파 순간이동의 효과도 잊지 마시길」
0x40800	8	「아아, 알고 있어 형제…」
0x40800	9	「여기까지 왔으면 일본의 점거는 시간문제다! 그리고 거기서부터…@지금까지 학대받아 온 우리 요괴가 인간을 지배하는 새로운 시대가 시작되는 것이다!」
0x40800	10	「그렇게… 잘 될까?」
0x40800	11	「드라큘라 님!」
0x40800	12	「형제…」
0x40800	13	「드라큘라 형님…」
0x40800	14	「…무슨 뜻이지?」
0x40800	15	「순찰을 나갔던 론론의 부하에게서 연락이 들어왔다.@키타로 일행은… 아키요시 동굴 붕괴에서 전원 탈출한 모양이다」
0x40800	16	「뭐라고!」
0x40800	17	「그것이 사실인가!?」
0x40800	18	「아아, 역시 그놈은 강적이다…@엘리트! 그것의 발동은 아직 안 되는 건가?」
0x40800	19	「아아… 그분 말씀으로는 아직 그때가 아니라는군.@발동 준비는 되어 있는데 말이야…」
0x40800	20	「쳇, 어쩔 수 없지.@키타로 일행이 곧 움직이기 시작할 거다. 라 세느, 요괴수 아주머니와 악마들에게 준비를 서두르게 해라!」
0x40800	21	「알겠습니다…」
0x40800	22	「드라큘라 님… 이놈의 처분은 어떻게 할까요?」
0x40800	23	「아야야, 노, 놔줘!」
0x40800	24	「흠… 탈출할 때 섞여 들어온 키타로의 동료로군… 분명… 쥐인간이라고 했던가?」
0x40800	25	「드라큘라 나으리, 저… 저를 나으리 일행의 말석에 끼워 주실 수 없겠습니까요?」
0x40800	26	「배신하겠다는 것이냐?」
0x40800	27	「동족을 돕겠다는 마음은 없는 것이냐?」
0x40800	28	「농담 마십쇼. 그런 앞이 안 보이는 바보들과 저를 한데 묶지 말아 주십쇼.@그 점에서, 저는 다릅니다. 앞으로는 나으리들의 시대입니다. 힘껏 섬기겠습니다요」
0x40800	29	「제법 재미있는 놈이군… 좋다. 안쪽으로 안내해 주어라」
0x40800	30	「드라큘라 님!? 괜찮으시겠습니까?」
0x40800	31	「동료로 받아 주시는 겁니까? 이야, 역시 보는 눈이 높으십니다! 좋았어, 대통령!」
0x40800	32	「식사 담당이 부족했지, 주방에서 감자 껍질이라도 벗기게 해라…」
0x40800	33	「과연… 알겠습니다」
0x40800	34	「…예? 감자 껍질 벗기기…? 자, 자, 잠깐만요!」
0x40800	35	「…불만인가?」
0x40800	36	「아니, 그, 불만이라고 할까, 뭐랄까요…@적재적소라는 말도 있고, 이래 봬도 저는 재무 관리는 제법 하는 편입니다요?@가능하면 그, 회계 담당 같은 거로…」
0x40800	37	「자! 얼른 걸어라!」
0x40800	38	「자… 잠깐만 기다려 줘! 어~이! 어~이 좀!」
0x40800	39	「좋아, 그럼 우리는 계획을 진행하도록 하지」
0x40800	40	(키타로가 살아 있다… 후후, 즐거움이 늘었군)
0x40800	41	「드라큘라 님, 그럼 저도 출발하겠습니다」
0x40800	42	「음」@(키타로… 역시 네놈은 그 정도로 죽지는 않는군…@하지만, 이제 와서 우리 계획을 뒤엎지는 못할 것이다.@우리에게… 그분이 아군으로 계신 이상은!)
0x40800	43	「그래서… 어떻게든 노즈치가 뚫은 구멍을 지나 탈출한 거야」
0x40800	44	「그러셨군요… 힘드셨겠네요」
0x40800	45	「그건 그렇고 다이다라봇치의 손발 일이, 전혀 뉴스에 나오지 않았다니 말이야…」
0x40800	46	「…인터넷에도, 그런 뉴스는 올라오지 않았어요」
0x40800	47	(TV나 인터넷 정보를 지우다니… 저놈들, 어떻게 그렇게 대규모의 일을…)
0x40800	48	「어쨌든, 놈들은 오소레잔에서 훔친 요괴 혈액으로 요괴수를 되살릴 셈이다. 어떻게든 해야 해…」
0x40800	49	"「아버지… 그 ""요괴수""라는 게 뭡니까?」"
0x40800	50	「일본 어딘가에 있는 거대 흡혈 식물 요괴다.@놈에게 요괴 혈액을 주면 종자를 만들어, 자신의 분신을 낳을 것이다.@오소레잔의 대량의 요괴 혈액을 쓰면, 그야말로 온 일본을 흡혈 식물투성이로 만들어 버릴 수 있다…」
0x40800	51	"「""베리알""이라고 하던 것은 누구입니까?」"
0x40800	52	「……악마다」
0x40800	53	「아… 악마라고!? 그놈들 그런 것까지 동료로 끌어들인 것이냐?」
0x40800	54	「…나도 선뜻 믿기는 어렵다만…」
0x40800	55	「그럼… 악마 군단이라는 건…?」
0x40800	56	「아마도… 그 베리알이라는 놈이 요괴 혈액을 써서,@악마 동료를 대량으로 이 일본에 소환할 셈이겠지」
0x40800	57	「만약… 그것들이 사실이라면」
0x40800	58	「놈들의 계획이 성공하면, 일본은 순식간에 지배당하고 말 것이다」
0x40800	59	「이럴 수가…」
0x40800	60	「서둘러 놈들을 막아야 해!」
0x40800	61	「하지만… 놈들이 어디서 그 계획을 진행하고 있는지 모른다…@움직이고 싶어도 움직일 방법이 없다!」
0x40800	62	「…어떻게 안 되는 것이냐…」
0x40800	63	「키타로 니~임!」
0x40800	64	「아! 어서 와 이탄모멘!」
0x40800	65	「어땠어, 모두의 상황은?」
0x40800	66	"「글렀소이다… 모두에게 협력을 요청하러 뛰어다녔소만…@다들 상대가 그 ""드라큘라""가 이끄는 세계 요괴 군단이라는 말을 들으면…@겁을 먹어 버려서, 함께 싸워 줄 놈은 없었소이다!」"
0x40800	67	「그런가… 뭐 무리도 아닌 이야기구나」
0x40800	68	「연락이 닿지 않는 요괴나,@키타로의 이름을 꺼내는 것만으로 쫓겨난 요괴의 집도 있었소이다」
0x40800	69	「그게 뭐야? 어떻게 된 거지?」
0x40800	70	「분명 오해를 심어 놓은 채인 요괴분들이 있는 거예요.@저희 아버지 회사처럼 조종당한 인간의 손에 의해, 험한 꼴을 당해서…」
0x40800	71	「이럴 수가… 놈들이 이렇게까지 주도면밀한 작전으로 일본을 공격해 오다니…@아무래도… 우리끼리 어떻게든 하는 수밖에 없는 모양이네요…」
0x40800	72	「……저… 이만 실례할게요」
0x40800	73	「어? 갑자기 왜 그래?」
0x40800	74	「이탄모멘 씨. 협력을 거절한 요괴분들의 집을 가르쳐 주세요」
0x40800	75	「어쩌실 셈이오?」
0x40800	76	「제가 직접 사정을 말해서 오해를 풀고 오겠어요!」
0x40800	77	「무엇이라!?」
0x40800	78	「그만두는 게 좋아! 요괴라고 해도 말이 통하는 놈들만 있는 게 아니라고!」
0x40800	79	「하지만… 분하잖아요! 키타로 씨가 이렇게 애쓰고 있는데 오해받은 채라니!」
0x40800	80	「루카 양…」
0x40800	81	「마음은 알겠소만… 다시 생각해 보시오.@게다가… 모든 요괴에게 거절당한 것은 아니오이다」
0x40800	82	「그런 거야?」
0x40800	83	「호호호! 귀여운 팬도 다 있구나.@키타로는 인기가 많아서 좋겠구나」
0x40800	84	「이 목소리는…」
0x40800	85	「어이쿠… 실례하네」
0x40800	86	「아부라스마시!」
0x40800	87	「이야기는 들었다… 나도 협력하지」
0x40800	88	「오오… 자네였구먼!」
0x40800	89	「내가 친하게 지내는 놈들에게도 말을 걸어 두었다. 머지않아 여기로 모여 줄 것이다」
0x40800	90	「오오! 과연… 든든하구먼!」
0x40800	91	「하지만… 정작 중요한 앞으로의 작전이 정해지지 않았다…」
0x40800	92	「놈들의 동향을 도무지 파악할 수 없어서…」
0x40800	93	「오가사와라와… 교토다」
0x40800	94	「누라리횬! 정신이 들었느냐?」
0x40800	95	「자네는!? …여기서 뭘 하고 있는 것이냐!」
0x40800	96	「자세한 설명은 나중에 하겠다만… 이놈도 드라큘라 녀석에게 이용당했었다.@지금은 집에서 치료해 주던 참이다」
0x40800	97	「오가사와라에… 교토? 그건 무슨 얘기냐?」
0x40800	98	「한숨 자고 나니… 조종당하던 동안 들은 것을 어렴풋이 떠올렸다…@놈들은… 오가사와라와 교토에서 뭔가를 꾸미고 있다… 아마도… 한쪽이 요괴수…@다른 한쪽이 베리알이라는 놈의 계획을 진행하는 땅이 아닌가 싶다만…」
0x40800	99	「누라리횬… 그 기억은… 확실한 거냐?」
0x40800	100	「아아… 단편적이라 핵심 부분까지는 떠오르지 않지만… 지명에 관해서는 확실하다」
0x40800	101	「흥! 당신 말 따위 못 믿겠어!」
0x40800	102	「어쩌겠느냐… 키타로?」
0x40800	103	「…그 장소로 향합시다」
0x40800	104	「키타로!?」
0x40800	105	「이놈은 우리의 오랜 적이다!@이 기회를 틈타 우리를 함정에 빠뜨려, 없애 버릴 속셈일지도 모른다. 믿어도 되겠느냐?」
0x40800	106	「지금은… 일각을 다투는 사태입니다. 설령 그것이 100% 확실한 정보가 아니더라도,@우리가 곧바로 행동을 개시하지 않으면 때를 놓치고 맙니다…」
0x40800	107	「음, 나도 이견 없다」
0x40800	108	「오가사와라에 교토… 확실히 놈들이 작전을 벌이기에 어울리는 땅으로 여겨지는군.@그 말을 믿는다면, 아마도 요괴수는 아직 많은 자연림이 남아 있는 오가사와라…@그리고 악마 군단의 소환은 영력이 모이는 고도 교토에서 행한다고 봐야 할 것이다.@그렇게 생각하면 앞뒤가 맞는다. 나도 그 이야기를 믿겠다」
0x40800	109	「여기서 가만히 있어 봐야 소용없고…」
0x40800	110	「한번 그리로 향해 볼까!」
0x40800	111	「결정이구나」
0x40800	112	「누리카~베~!」
0x40800	113	「그럼… 나는 이만 실례하겠다」
0x40800	114	「그 부상으로… 괜찮은 거냐?」
0x40800	115	「언제까지고 적의 신세를 지고 있을 수는 없으니 말이다…@키타로… 방금 그 정보로 이 치료의 빚은 갚았다… 다음에 만날 때는 적이다. 그것을 잊지 마라」
0x40800	116	「이제부터 어떡할 거냐?」
0x40800	117	「놈들은… 아직 뭔가 비밀을 감추고 있다. 나는 그것을 조사하겠다」
0x40800	118	「그런가… 그럼, 뭔가 알아내면 알려 줘, 협력할 테니」
0x40800	119	「키타로… 그것은 안 된다. 정보는 스스로 붙잡는 것이다…@이번에 내가 너에게 정보를 알려 준 것은 특별한 일이다. 두 번은 없다」
0x40800	120	「그런가…」
0x40800	121	「잘 있어라…」
0x40800	122	「뭐~야 저 녀석, 재수 없어!」
0x40800	123	「너희들… 진심으로 저놈들과 맞붙을 셈이냐?」
0x40800	124	「아아, 정보는 적지만… 일본이 위험한데 가만히 있을 수는 없어!」
0x40800	125	「그런가… 그렇겠지」
0x40800	126	「누라리횬… 너는 어떻게 할 거냐?」
0x40800	127	「키타로… 나도 너에게 협력해 주마… 라고 하면 어쩌겠느냐?」
0x40800	128	「무, 무엇이라고?」
0x40800	129	「어, 어떻게 된 거야!」
0x40800	130	「부끄러운 이야기다만… 내 부하들은 거의 세계 요괴들의 손에 넘어가 있다.@이제 와서 나 혼자로는 움직일 수가 없다」
0x40800	131	「그래서… 우리와 손을 잡겠다는 것이냐?」
0x40800	132	「네놈들의 작전이나 방침에 참견할 생각은 없다… 단순히 전력이 되어 주겠다는 것이다. 불만이냐?」
0x40800	133	「어쩌겠느냐… 키타로?」
0x40800	134	(……지금은 한 명이라도 전력이 필요한 때다…)
0x40800	135	「아아, 좋아. 누라리횬」
0x40800	136	「괜찮겠느냐…? 무엇을 꾸미고 있는지 모른다?」
0x40800	137	「지금은 일본 요괴끼리 반목하고 있을 때가 아니고,@협력해 준다면 그만큼 든든한 아군은 없을 겁니다」
0x40800	138	「뭐… 확실히… 그렇구나」
0x40800	139	「결정됐군… 잘 부탁한다. 필요해지면 불러라」
0x40800	140	「아아, 이쪽이야말로!」
0x40800	141	 |<누라리횬이 동료가 되었다!>
0x40800	142	「하지만… 착각하지 마라 키타로. 어디까지나 이 공동 전선은 일시적인 것이다…@이번 싸움이 끝나면 나와 너는 다시 적이 된다는 것을 잊지 마라!」
0x40800	143	「…그렇지. 알았어」
0x40800	144	「아부라스마시 님~~!!」
0x40800	145	「뭐, 뭐냐?」
0x40800	146	「음… 내 호소에 모여 준 놈들이 도착한 모양이군」
0x40800	147	「오오, 모두들, 와 주었구먼」
0x40800	148	「오오, 물론이지!」
0x40800	149	「키타로뿐 아니라 일본의 위기다. 드라큘라 놈들이 무섭다고 하고 있을 때가 아니지!」
0x40800	150	「뭐, 그런 거지」
0x40800	151	「힘이 될 수 있는 일이라면 뭐든 협력하겠다!」
0x40800	152	「모두… 잘 모여 주었어. 고마워!」
0x40800	153	(대대대대단해~…! 책에서 본 요괴분들이 이렇게 한꺼번에 모이다니!)
0x40800	154	「무슨 일이냐 저 아이는…」
0x40800	155	"「요괴 팬이야. 요즘 말로 하면 ""요괴 모에""라는 거려나…?」"
0x40800	156	"「""모에""…? 자, 잘 모르겠다만… 행복해 보이는구나…」"
0x40800	157	「아아… 감-격이야~」
0x40800	158	「좋아, 그렇게 정해졌으면 서두르는 게 상책이다! 당장 다 함께 출발하자!」
0x40800	159	「잠깐…!」
0x40800	160	「뭐, 뭐냐 모래뿌리기!」
0x40800	161	「전원이 순서대로 오가사와라와 교토를 돌아서는 때를 놓칠지도 모른다」
0x40800	162	「확실히… 악마 군단이든 요괴수든… 한쪽이라도 막지 못하면@큰일이 나 버린다…」
0x40800	163	「그럼… 어떻게 하자는 것이냐?」
0x40800	164	「좋아, 전력을 둘로 나누자. 키타로 일행은 오가사와라나 교토 중 한쪽으로 향해 다오.@나와 방금 온 이놈들은 따로 행동해서, 키타로 일행이 고르지 않은 쪽을 맡겠다」
0x40800	165	「하지만… 그 정도 인원으로는…」
0x40800	166	「걱정 마라, 아직 여기 도착하지 않은 놈도 있다」
0x40800	167	「맞아 맞아! 그놈들과 합류하면서 갈 테니까!」
0x40800	168	「그렇다면 키타로. 우리가 향할 곳을 고르도록 할까!」
0x40800	169	「알겠습니다」
0x40800	170	(어떻게 할까…?)|　<요괴수가 있을 오가사와라로>|　<악마 소환이 예상되는 교토로>
0x40800	171	「좋아, 이쪽으로 정했다!」
0x40800	172	「좋아, 그럼 우리는 다른 한쪽이구나」
0x40800	173	「곧바로 출발하자」
0x40800	174	「서로… 조심하자고!」
0x40800	175	「저저저… 저기! 잠깐만요!」
0x40800	176	「뭐냐, 아가씨. 아직 무슨 볼일이 있느냐?」
0x40800	177	「저, 저기… 저는… 방해가 될 테니 여기 남지만…@여러분, 조심해서 다녀오세요!」
0x40800	178	「후후후… 뭐야 그런 거였나. 아아, 알고 있다고!」
0x40800	179	「괜찮아, 루카 양! 키타로에게는 내~가 확실히 붙어 있으니까!」
0x40800	180	「…정말로 조심하세요…」
0x40800	181	「어쨌든 출발이다!」
0x40800	182	「오오-!」
0x40800	183	「이건 몇 번을 타도 좋구나」
0x40800	184	「기계 탈것과 달리 운치가 있으니까요…」
0x40800	185	(그건 그렇고… 드라큘라 일행의 작전은 주도면밀해… 우리는 완전히 뒷북만 치고 있어…@적은, 한 수도 두 수도 우리보다 위다…)
0x40800	186	「으와아! 뭐, 뭐요!?」
0x40800	187	「누, 눈부셔!」
0x40800	188	「으! 이, 이건 못 견디겠다!」
0x40800	189	「까… 까~~~~!!」
0x40800	190	「안 돼… 방금 그걸로 까마귀들의 눈이 멀어 버린 모양이야!」
0x40800	191	「이대로는 추락이다, 지금 서둘러 어딘가에 착륙하는 것이다!」
0x40800	192	「네, 네… 어떻게든 해 보겠습니다!」
0x40800	193	「좋아, 까마귀들아, 준비는 됐지?」
0x40800	194	「까~~~~~~~!!」
0x40800	195	「후후후… 대답 좋네!」
0x40800	196	「미안해, 모두 한 번 더 부탁해」
0x40800	197	「까~~~~~~~!!」
0x40800	198	「역시, 누라리횬의 정보는 옳았던 모양이구나」
0x40800	199	「네, 백베어드가 방해하러 온 것이 무엇보다 확실한 증거입니다」
0x40800	200	「하지만… 백베어드 정도의 요괴까지 일본 안을 돌아다니고 있다면…@이미 상당수의 요괴가 이 일본에 들어와 있을 가능성이 있구나」
0x40800	201	「으윽~! 저런 놈들이 아직도 잔뜩 돌아다니고 있다는 거야?」
0x40800	202	「아아… 그렇게 생각해서 틀림없겠지」
0x40800	203	「자, 더 이상 방해가 들어오기 전에 앞을 서두르자」
0x40800	204	"「영차… 하고. 헤… 저놈들… 방심하고 있구먼.@이대로 너를 통과시켜서는… 드라큘라 일행을 볼 낯이 없단 말이지…@내 남은 힘을… 전부 이 ""눈""에 건다… 옜다! 받아라!」"
0x40800	205	「으와! 이건… 베어드의 안력인가!? 저 녀석… 아직 이런 힘이 남아 있었나!?」
0x40800	206	「까… 까~~~~!!」
0x40800	207	「으와!」
0x40800	208	「안 되겠다! 방금 그걸로 요괴 까마귀들이 본격적으로 지쳐 버렸다」
0x40800	209	「미안하오… 나도 한계요! 더는 날 수 없을 것 같소이다~!」
0x40800	210	「노, 농담이지」
0x40800	211	「어, 어떻게 안 되는 거냐~!?」
0x40800	212	「안 되겠다… 까마귀도 이탄모멘도 완전히 지쳐 있다! 떨어지는 수밖에 없어!」
0x40800	213	「아니, 포기하지 마라! 어떻게든 안전한 곳에 착륙하는 것이다!」
0x40800	214	「그, 그렇네요… 해 봅시다!」@(여기서는… 언덕과 숲이 보인다. 불시착한다면 어느 쪽이 좋을까…?)
0x40800	215	|　<언덕에 착륙>|　<숲에 착륙>
0x40800	216	「망설일 틈은 없어… 되든 안 되든, 이쪽으로 까마귀들을 유도해 보자…@아기울음영감! 돌이 되어 무게를 조절해 줘!@할멈! 착륙할 때 모래를 뿌려서 충격을 완화해 줘!」
0x40800	217	「알았느니라!」
0x40800	218	「알겠다!」
0x40800	219	「고양이소녀!」
0x40800	220	「네네네! 뭐!? 나는 뭘 하면 돼?」
0x40800	221	「…너는… 무사히 불시착할 수 있도록 빌어 줘」
0x40800	222	「엥?」
0x40800	223	「미안하오… 나머지는 부탁하오…」
0x40800	224	「히이이이이이이이~! 떠~~러~~진~~다~~!!
0x40800	225	 하……하…… 하하하…… 하~느~님~~~!!」
0x40800	226	「후우… 어떻게든 착륙했네요…」
0x40800	227	「모두 괜찮아? 잘도 추락하지 않고 버텼구나… 조금 쉬어 줘」
0x40800	228	「하지만… 방금 그건 대체 뭐냐?@우리 전원의 눈이 상할 정도의 엄청난 빛이었다…」
0x40800	229	「세계 요괴의 짓일까…」
0x40800	230	「세계의 요괴 중에서… 눈을 멀게 하는 요괴…? 앗! 서, 설마!」
0x40800	231	「으와… 또, 또다!!」
0x40800	232	「이건… 강렬하다!」
0x40800	233	「후우… 겨우 눈이 돌아왔어…」
0x40800	234	「그런데, 어라라? 까마귀들이 없잖아!」
0x40800	235	「후하하하…! 요괴 까마귀들을 써서 어디로 갈 셈이냐 키타로?」
0x40800	236	「이 목소리는…!?」
0x40800	237	「저… 저놈은!?」
0x40800	238	「오랜만이군 키타로!」
0x40800	239	「역시 백베어드…! 너도 이 일본에 와 있었던 거냐!?」
0x40800	240	「그렇고말고… 드라큘라 같은 잘난 척하는 놈이 시키는 대로 하는 건 싫지만… 우리 나라도 불황이라서 말이야!」
0x40800	241	「까마귀들을 어쩔 셈이냐!?」
0x40800	242	「아무래도… 너희는 우리 계획을 눈치챈 모양이더군.@이렇게 된 이상 어쩔 수 없지… 여기서 앞으로는 가게 두지 않겠다, 키타로!」
0x40800	243	「몇 번이나… 같은 수에 당하지는 않아!」
0x40800	244	「헤, 그러시겠지!」
0x40800	245	「앗! 까마귀들을 어디로 보냈어!?」
0x40800	246	「서두르지 마라 키타로. 까마귀들을 돌려받고 싶으면 여기까지 와라…@오랜만에 상대해 주지! 다만…」
0x40800	247	「이놈들도 함께다만…」
0x40800	248	「히히히! 키타로… 네 목을 론론 님께 드릴 선물로 삼아 주지!」
0x40800	249	「저건 마녀 군단이다! 론론의 부하인가!?」
0x40800	250	「이거 조금 성가시구나…」
0x40800	251	「…까마귀들을 빼앗겨서는 교토까지 며칠이 걸릴지 모른다」
0x40800	252	「물론, 요괴 까마귀들을 버릴 수는 없어… 간다! 베어드!」
0x40800	253	「후후후… 자, 시작해 볼까!」
0x40800	254	「베어드의 안력… 오랜만에 봤지만 굉장한 위력이야…」
0x40800	255	「아아… 저놈, 저렇게 높은 곳에서 우리를 내려다보는 것으로@자신의 안력 효과를 마음껏 발휘할 수 있다는 것을 계산에 넣고 있는 것이다!」
0x40800	256	「그렇군… 까마귀들을 빼앗아 간 것도 우리 쪽에서 다가오게 해서 저격할 셈인가…」
0x40800	257	「드디어 왔느냐. 가볍게 비틀어 주마!」
0x40800	258	「쳇, 거울이냐!? 건방진… …내 안력으로 쳐부숴 주마!」
0x40800	259	「소용없다! 네 안력은 거울에는 통하지 않아!」
0x40800	260	「닥쳐라! 건방진 소리 하지 마라!」
0x40800	261	「소용없다고 했…」
0x40800	262	「무, 키타로, 보아라!」
0x40800	263	「이럴 수가… 신체인 거울에 금이…!?」
0x40800	264	「보았느냐… 키타로! 내 안력은 그 누구도 막을 수 없다!」
0x40800	265	「크…」@(과연 베어드다, 이런 임시변통 전법은 통하지 않는다는 건가…)@「봉납되어 있었으니 소중한 거울이었을 텐데… 나쁜 짓을 했구나…」
0x40800	266	「크… 과연 키타로다…! 당했어…」
0x40800	267	「백베어드 님이 당하시다니… 제기랄! 키타로… 기억해 둬!」
0x40800	268	「승부는 났군 베어드」
0x40800	269	「마무리를… 하지 않는 것이냐?」
0x40800	270	「……아아, 이미 결착은 났어. 그런 짓을 할 필요는 없다」
0x40800	271	(쳇, 여전히 열 받는 놈이야…)@「키타로… 이놈들은 돌려주지…」
0x40800	272	「네가 방해하러 왔다는 건, 역시 교토에서 뭔가를 꾸미고 있는 거군?」
0x40800	273	「아아, 자세한 건 모르지만, 교토에는 악마 베리알과 악마 부엘이라는 놈이 있다」
0x40800	274	「뭐라고… 악마를 둘이나 불러냈다고!?」
0x40800	275	「대체… 어떻게? 어지간한 지식으로는 해낼 수 있는 일이 아니다!」
0x40800	276	「헤, 어떻게 했는지 따위 알 게 뭐냐. 나는 드라큘라에게 신용받지 못하니까 말이다.@뭐, 부지런히 서둘러 교토로 가는 게 좋을 거다. 안 그러면… 악마 군단이 소환되고 말 테니」
0x40800	277	「역시 그런가… 이놈에게 신경 쓰고 있을 시간이 없다. 서두르는 것이다, 키타로!」
0x40800	278	「네! 베어드, 너는 이제 움직이지 못할 거다. 여기서 얌전히 있어라!@그럼 잘 있어!」
0x40800	279	「흥… 얕보인 셈이군… 마음에 안 들어!」
0x40800	280	「응? 저건?」
0x40800	281	「방금 뭔가 빛나는 것이 보였구나…」
0x40800	282	(쳇! 저 사당… 설마 그걸 모셔 두고 있는 건 아니겠지…)
0x40800	283	「마녀들아! 저 안에 있는 것을 빼앗아 와라!」
0x40800	284	「엥? 무, 무엇이 있다는 겁니까?」
0x40800	285	「됐으니 어서 해라!」
0x40800	286	「뭐지? 베어드 녀석 대체 뭘 그리 조급해하는 거지?」
0x40800	287	「어쩌면… 뭔가 백베어드가 꺼리는 것이 모셔져 있는지도 모른다.@마녀들보다 먼저 저 사당에 도달하면, 그것을 손에 넣을 수 있을 것이다!」
0x40800	288	「잘 될지 어떨지 모르겠지만… 시험해 봅시다」
0x40800	289	「히히히, 도착했다!」
0x40800	290	「그렇군… 저 사당에는 거울이 봉납되어 있었던 것이다! 아뿔싸, 그것만 있었다면@베어드의 안력을 되받아칠 수 있었을지도 모르는데… 뭐, 포기할 수밖에 없구나」
0x40800	291	「아뿔싸! 키타로 놈들에게 선수를 빼앗겼나!」
0x40800	292	「안에 있던 것은 거울이구나. 사당에 봉납되어 있는 신체라는 것이겠지?」
0x40800	293	「아버지, 거울이라면 베어드의 안력을 되받아칠 수 있을지도 모르겠네요…」
0x40800	294	「그건 명안이다! 확실히, 보통 거울이라면 몰라도 이 거울이라면 가능할지도 모른다!@아마 베어드도 그것을 두려워했던 것이다. 시험해 볼 가치는 있구나!」
0x40800	1024	개발중
0x45000	0	「으… 응…」
0x45000	1	「아야야야야… 여기는…? 분명… 까마귀 헬리콥터가 추락해서…」
0x45000	2	「정신이 들었느냐 키타로…」
0x45000	3	「아… 아버지! 여기는… 대체?」
0x45000	4	「모르겠다… 동굴인 것 같다만…」
0x45000	5	「어쩐지 이상한 곳에 내려앉은 모양이구나… 위를 보아라」
0x45000	6	「위쪽이… 밝다… 혹시 우리는 저기서 떨어진 건가?」
0x45000	7	「언덕 위에 착지하려다… 거기에 뚫려 있던 구멍에 빠져서…@이 동굴까지 떨어져 버렸다는 것이냐…?」
0x45000	8	「아야야야… 허, 허리 부딪혔어~~!!」
0x45000	9	「아! 고양이소녀! 괜찮아?」
0x45000	10	「아! 키, 키타로! 으… 응! 괜찮아! 그런데… 여기 어디야?」
0x45000	11	「나도 잘 모르겠지만…」
0x45000	12	「누~리~카~베~~!」
0x45000	13	「오오! 누리카베! 무사했구나!」
0x45000	14	「이탄모멘과 까마귀들을 찾아왔다~!」
0x45000	15	「아야야… 이런이런, 험한 꼴을 당했소이다!」
0x45000	16	「까마귀들도 목숨에는 지장 없다~! 하지만 많이 지쳤으니 내가 태우고 가겠다~!」
0x45000	17	「미안해, 그렇게 해 줘」
0x45000	18	「자 그럼, 언제까지고 이런 곳에 있어 봐야 소용없구나…」
0x45000	19	「일단 출구를 찾아볼까…」
0x45000	20	「…그렇게 말해도, 어느 쪽이 출구냐?」
0x45000	21	「잠깐…」@<킁킁…>@「이쪽에서 뭔가 냄새가 나…」
0x45000	22	「공기를 타고 바깥 냄새가 흘러들어 오는 것인지도 모른다. 고양이소녀의 코를 믿고 나아가 볼까」
0x45000	23	「그렇네요… 달리 단서도 없고요… 고양이소녀, 안내를 부탁해!」
0x45000	24	「맡겨 줘, 키타로!」
0x45000	25	「아야야야…」
0x45000	26	「거칠게 굴어서 미안했어… 카타키라우와」
0x45000	27	「너희들은 애초에 어째서 이런 곳에 있었던 것이냐?」
0x45000	28	「우리는 옛날부터 지하에서 살고 있는데… 어느 날 갑자기 그놈에게 습격당했다」
0x45000	29	「그놈? 누구냐, 그게?」
0x45000	30	"「강한 요괴다… 그놈의 이름은 ""고르곤"". 우리는 그놈과 싸웠지만…@강한 동료를 거느린 고르곤을 당해 낼 리도 없어서, 우리는 패배…@게다가 동료를 인질로 잡히고 말았다…」"
0x45000	31	「과연… 그 이후로 그놈이 시키는 대로 하고 있다는 것이냐!」
0x45000	32	「아아… 지금은 늑대인간이라는 놈 밑에서 잔심부름 같은 일을 하게 되었다」
0x45000	33	"「아버지… ""고르곤""이라고 들어 본 적 있으세요?」"
0x45000	34	「글쎄? 그와 비슷한 이름이라면 알고 있다만… 모르겠구나」
0x45000	35	「어쨌든, 그놈도 세계 요괴의 한패겠지」
0x45000	36	「그래서… 이 장소는 대체 뭐지?」
0x45000	37	「여기는… 늑대인간의 약품 공장이다」
0x45000	38	「약품 공장이라고?」
0x45000	39	「아아… 늑대인간 녀석, 독이나 약을 조합하는 게 특기인 모양이야.@이 시설에서, 일본의 약초를 써서 뭔가 새로운 약을 연구할 셈인 것 같다」
0x45000	40	「크~일 났네! 서둘러 부숴 버려야 해!」
0x45000	41	「아니, 그건 곤란해」
0x45000	42	「어? 왜?」
0x45000	43	「여기가 파괴되면, 인질이 된 저들 동료의 목숨이 위험해.@여기를 부수는 건 우리가 그의 동료를 구해 낸 뒤라도 늦지 않아」
0x45000	44	「키타로… 너, 내 동료를 구해 주겠다는 거냐!?」
0x45000	45	「당장은 어려울지도 모르지만… 우리는 세계 요괴들의 야망을 저지하고, 일본에서 쫓아낼 거야.@너희 동료도 반드시 해방시켜 보이겠어. 약속할게!」
0x45000	46	「키타로…」
0x45000	47	「그렇소, 우리에게 맡기시오!」
0x45000	48	「좋다, 그렇게 정해졌으면 서둘러 출발이다!」
0x45000	49	「우리는 지금부터 교토로 향한다. 미안하지만 지름길을 알려 줄 수 없겠나?」
0x45000	50	「쉬운 일이지. 하지만…」
0x45000	51	"「""하지만""… 뭐지?」"
0x45000	52	「내가 아는 지름길을 쓰면 어떤 숲으로 빠져나오는데…@지금 그곳은 세계 요괴들의 소굴이 된 장소야. 오히려 위험할지도 몰라?」
0x45000	53	「그런가… 하지만, 우리도 꾸물거릴 시간이 없어. 위험해도 상관없다. 안내해 줘」
0x45000	54	「알았다. 들키면 곤란하니 도중까지밖에 배웅할 수 없지만, 서둘러 안내하지」
0x45000	55	「그게 끝나면 너희는 여기서 지금까지처럼 행동하는 것이다.@놈들이 시키는 대로 하는 것은 괴롭겠지만… 나머지는 우리에게 맡겨 다오!」
0x45000	56	「아니, 희망이 있으면, 괴로운 나날도 견딜 수 있어.@우리 걱정은 말고 힘내 줘.@그럼 간다, 따라와 줘!」
0x45000	57	(세계 요괴들은 이런 곳까지 손을 뻗치고 있었던 건가… 어서… 어떻게든 해야 해!)
0x45000	58	「후우, 어떻게든 동굴을 빠져나왔네요 아버지」
0x45000	59	「음, 생각보다 잘 풀렸구나」
0x45000	60	「그런데… 이제부터 어떡할 거야?」
0x45000	61	「까마귀들은 아직 날 수 있을 것 같지 않다~」
0x45000	62	「곤란하구나, 이렇게 급한 때에…」
0x45000	63	「어쨌든 가만히 있어 봐야 시작되지 않는다… 걸어서라도 교토 쪽으로 나아가자!」
0x45000	64	「그래… 까마귀들이 회복할 때까지는 걸어서 가자」
0x45000	65	「에~~! 정말~?」
0x45000	66	「아아… 지쳤으면 나에게 타고 가면 되지 않겠소?」
0x45000	67	「…………됐어! 나 걸을래! 키타로랑 할멈도 걷는데 나만 편할 수는 없잖아!」
0x45000	68	「미안하구나… 나만 편해서…」
0x45000	69	「아! 아니… 그, 그런 뜻이…!」
0x45000	70	「하하하! 어쨌든 가자! 조금이라도 교토에 가까워져 있어야지」
0x45000	71	「네, 갑시다」
0x45000	72	(젠장… 백베어드 때문에 교토에 가는 게 많이 늦어지겠어.@우리 도착이 늦지 않으면 좋겠는데…)
0x45000	73	「뭐냐… 여기는?」
0x45000	74	「기묘한 장소로구나…」
0x45000	75	「저건 뭘까?」
0x45000	76	「단지… 랄까, 커다란 항아리로 보이는데…」
0x45000	77	「무엇에 쓰는 물건이냐?」
0x45000	78	「늦었군… 재료가 도착하지 않아서 납품이 늦어지나 했다!」
0x45000	79	「누구냐!」
0x45000	80	「뭐냐… 너희들은!? …늑대인간 님의 동료가 아니로군?」
0x45000	81	「저게 뭐야… 인형?」
0x45000	82	「누, 누가 인형이냐! 나는 카타키라우와! 이래 봬도 어엿한 요괴다!」
0x45000	83	「카타키… 라우와…?」
0x45000	84	「나는 알고 있소이다! 나와 같은 가고시마의 요괴올시다!」
0x45000	85	「뭐냐… 일본 요괴 아니냐」
0x45000	86	「그다지 들어 본 적은 없다만」
0x45000	87	「뭐라고! 카타키라우와를 무시할 셈이냐!?」
0x45000	88	"「""늑대인간 님""이라고… 했겠다? 네놈들, 세계 요괴의 앞잡이냐!?」"
0x45000	89	「…그런가, 너희가 키타로라는 요괴의 일당이로군?」
0x45000	90	「그렇고말고, 내가 키타로다」
0x45000	91	「그런가…」@(이놈들이라면… 어쩌면 우리를 해방시켜 줄지도 몰라…)
0x45000	92	「너희는 여기서 무엇을 하고 있는 거냐!@만약 세계 요괴의 흉계에 관여하고 있는 거라면… 못 본 척할 수는 없다!」
0x45000	93	"「!?」@(아니… 안 돼… 우리 동료를 버릴 수는 없어… 게다가…@게다가… 그의 말대로 우리는 이미 세계 요괴들의 ""공범자""다.@이제 와서 돌아가는 건… 할 수 없어!)@「여기를 본 이상… 전원 죽어 줘야겠다 키타로!」"
0x45000	94	「문답무용이라는 건가…」
0x45000	95	「그만두시오! 같은 고향의 요괴와는 싸우고 싶지 않소이다!」
0x45000	96	「닥쳐! 그런 정이 있으니 이용당하는 거다… 너도… 우리도!」
0x45000	97	「…뭔가 사정이 있는 모양이구나」
0x45000	98	「모두들, 나와라!」
0x45000	99	「으와! 뭐야 이놈들!」
0x45000	100	「인형이 잔뜩…」
0x45000	101	「크, 아직도 그런 소리냐!?@형제들! 이놈들은 우리를 방해하러 온 침입자다! 흠씬 두들겨 줘라!」
0x45000	102	「이놈들 키타로 일행 아니야? 정말로… 하는 거냐」
0x45000	103	「그것이… 우리에게 남겨진 유일한 길이다… 망설이지 마라!」
0x45000	104	「역시… 뭔가 사정이 있는 모양이구나. 가능하면 싸우지 않고 끝내고 싶다만…」
0x45000	105	「그렇네요…@저들을 설득해서 제대로 사정을 들어 주는 편이 근본적인 해결이 될지도…」
0x45000	106	「무슨 이야기를 하는 거냐! 간다!」
0x45000	107	(또… 싸움인가, 이런이런…)
0x45000	108	「이놈 카타키라우와… 라고 했지. 상당히 특이한 요괴네요」
0x45000	109	「음. 이놈들은 이런 지하에서 무엇을 하고 있었던 것이냐?」
0x45000	110	「여기는… 무언가의 제조소일까요?」
0x45000	111	「그럴지도 모른다. 우연이라고는 해도… 대단한 곳에 흘러들었구나」
0x45000	112	「쳇, 꽤나 끈질기군!」@(따로따로 싸워서는 끝이 안 난다… 이렇게 된 이상!)
0x45000	113	「무엇을 할 셈이냐?」
0x45000	114	「합체… 했다?」
0x45000	115	"「이를테면… ""큰 돼지""라는 것이겠구나」"
0x45000	116	「봤느냐 키타로! 이것이야말로 우리의 비장의 수다! 이번에야말로 네놈을 쓰러뜨려 주마!」
0x45000	117	(이건 조심해서 싸우지 않으면 위험할지도 모르겠는데…)
0x45000	118	「혹시 너희는 억지로 세계 요괴에게 복종당하고 있는 게 아니야?」
0x45000	119	「…어째서 그렇게 생각하지!」
0x45000	120	「너희가… 싸움을 좋아하는 요괴로는 보이지 않으니까…」
0x45000	121	「너희는 평소에 이유도 없이 싸우는 것이냐?」
0x45000	122	「어?」
0x45000	123	「싸우는 자에게는… 누구에게나 이유가 있다. 좋아하든 좋아하지 않든 말이다…@그래, 너희에게도 그것이 있을 터. 당연한 소리를 하지 마라!@게다가… 그건 너와는 상관없는 일이다… 내버려 둬 주지 않겠나!」
0x45000	124	(안 돼… 나로는 이야기를 나눌 수조차 없어… 누군가… 더 적임자가 있으면…)
0x45000	125	「그만두시오! 어째서 같은 고향인 우리가 싸워야 한단 말이오!」
0x45000	126	「너… 가고시마 태생이냐?」
0x45000	127	「그렇소이다!」
0x45000	128	「거짓말 마라… 요즘 가고시마에도 그런 말투를 쓰는 놈은 없다고…?」
0x45000	129	「그, 그런 건 아무래도 좋소! 어째서 너희는 우리를 습격하는 것이오?」
0x45000	130	「흥! 그 이유를 너희에게 알린들 무엇이 되겠나! 도와주기라도 하겠다는 거냐?」
0x45000	131	「물론이오! 나와 키타로가 힘을 빌려주겠소이다!」
0x45000	132	「……믿어도… 되는 거냐?」
0x45000	133	「물론이오!」
0x45000	134	(어차피 이대로 있어 봐야 사태가 나아질 가망은 없다. 이놈에게 걸고… 믿어 볼까)@「알았다. 이제… 싸움은 그만이다」
0x45000	135	「알아주셨소?」
0x45000	136	「후우, 해냈구나 이탄모멘」
0x45000	137	「역시 규슈의 요괴는 말이 통하는구려!」
0x45000	138	「하하… 그, 그렇네…」
0x45000	139	(좀 더 일찍 설득할 수 있었다면 말이 통한다고 생각할 수 있었겠다만… 말이다)
0x45000	140	「으그오오오오오오~!!」
0x45000	141	「어떻게든… 쓰러뜨렸나」
0x45000	142	「제기랄… 키타… 로… 놈…」
0x45000	143	(조금… 지나쳤나…)
0x45000	144	「아버지. 시간은 없지만… 응급 처치 정도는 해 줍시다」
0x45000	145	「그렇구나, 확실히 급하기는 하다만, 이놈들에게서 지름길을 알아내면 될 일이지」
0x45000	146	「결정이네요」
0x45000	147	「우오오! 잘도 동료를!」
0x45000	1024	개발중
0x47800	0	「이제 곧 출구다. 미안하지만… 나는 여기서 돌아가겠다」
0x47800	1	「충분해, 고마워」
0x47800	2	「……키타로. 이것을… 가져가라」
0x47800	3	「이건…?」
0x47800	4	「무언가… 약인 것 같구나?」
0x47800	5	「이건… 일시적으로 고르곤의 공격 효과를 약화시키는 약이다」
0x47800	6	「고르곤의… 공격?」
0x47800	7	「아아, 우리가 아직 우리 손으로 동료를 구할 생각이었을 때 만든 것이다.@만약 너희가 고르곤을 만나서, 놈의 공격을 뒤집어쓰게 되면… 이걸 써 줘.@감시의 눈을 피해 만든 미완성품이라, 효과는 그리 대단하지 않지만…」
0x47800	8	「알았어… 쓸 기회가 있을지 어떨지 모르겠지만, 약속의 증표로 받아 갈게」
0x47800	9	「자, 너는 돌아가서 시치미 뗀 얼굴로 놈들이 시키는 대로 하는 척하고 있으면 된다」
0x47800	10	「우리가 반드시 드라큘라를 쓰러뜨리고 세계 요괴들을 물리쳐 보이겠어. 그러니, 참고 견뎌 줘」
0x47800	11	(젠장… 어째서 이놈들은 생판 모르는 우리를 이렇게 신경 써 주는 거지…?@그에 비해 우리는…)
0x47800	12	「? 무슨 일이야?」
0x47800	13	「아, 아니, 아무것도 아니다. 미안하지만… 부탁한다!」
0x47800	14	「아아!」
0x47800	15	「으와~~! 뭔가… 이상한 곳에 와 버렸어!」
0x47800	16	「나무며 풀이… 돌이 되어 있구나」
0x47800	17	「이게 뭐야… 숲속의 전부가 돌이야!」
0x47800	18	「보아라… 새도 돌이 되어 굴러다니고 있다!?」
0x47800	19	「이건 아마도 요괴의 짓이구나」
0x47800	20	「이게…? 믿을 수 없어!」
0x47800	21	「들은 적이 있다. 서양에는 눈으로 본 것을 전부 돌로 바꾸는 힘을 가진 요괴가 있다고 한다.@아마도 이것은… 그놈의 짓이다!」
0x47800	22	「하지만… 어째서 그놈이 이 숲을 돌로?」
0x47800	23	「숲을 돌로 만드는 것이 목적이 아니오!@우리가 만약 아무것도 모르고 이 숲 위를 날고 있었다면…@그놈에게 노려보여 돌이 되었을지도 모르오이다!」
0x47800	24	「그렇군… 매복인가!」
0x47800	25	「이곳은 게게게의 숲과 교토를 잇는 최단 루트 위에 있으니 말이다…」
0x47800	26	「어떡할까요 아버지?@이대로 나아가면 우리는 이 숲을 만들어 낸 주인과 마주치게 됩니다…@지금이라도 이 숲을 빠져나가 우회할까요…?」
0x47800	27	「아니… 이대로 나아가는 것이다」
0x47800	28	「위험하지 않아!? …괜찮은 거야?」
0x47800	29	「몇 번이나 말하지만 시간이 없다. 돌아갈 여유는 없어.@다행히… 놈들은 우리가 이 숲의 상공을 지나갈 것이라 믿고 있을 터.@설마 정면으로 이 수상한 숲에 들어오리라고는 꿈에도 생각하지 않을 것이다!」
0x47800	30	「과연… 몰래 잠입해서 적에게 기습을 가하는 거군요」
0x47800	31	「그렇군… 확실히 지금 와서 돌아가는 것보다 그쪽이 확실하겠구나」
0x47800	32	「이대로는 이 숲도, 숲에 사는 동물들의 생활도… 엉망진창이다.@어차피 할 거라면, 이 현상의 원인인 요괴를 치고 가야지…」
0x47800	33	「알겠습니다. 모두, 가자!」
0x47800	34	「자, 이 숲을 어서 원래대로 되돌려!」
0x47800	35	「몇 번이나 말하지 않아도 알고 있어! 조금은 못 기다리는 거야?@…옛다」
0x47800	36	「오오… 돌아온 모양이구나」
0x47800	37	「와~! 역시 평범한 숲이 최고네」
0x47800	38	「흥, 이런 시끄러운 숲이 뭐가 좋다고…」
0x47800	39	「고곤… 네 취향을 이러쿵저러쿵할 생각은 없어.@하지만, 나는 돌의 숲보다도 식물과 벌레와 새가 살아 있는 숲이 올바른 모습이라고 생각해.@요괴는… 자연의 일부야 나도 너도… 자연 속에서 태어나 여기 있는 거니까」
0x47800	40	「어머나…! 이 나에게 훈계를 늘어놓겠다는 거야? 마음에 안 드는군…@내가 자연의 일부라면 내가 욕망을 채우려는 것도 역시 자연의 일부지!」
0x47800	41	「아니야, 내가 말하고 싶은 건…」
0x47800	42	「흥! 한 번쯤 나에게 이겼다고 해서… 잘난 척하지 말아 줬으면 좋겠는데」
0x47800	43	「으와!」
0x47800	44	「꺅! 뭐, 뭐야!?」
0x47800	45	「방금 그것 때문에 눈이 부셔서… 아무것도 안 보이오!」
0x47800	46	「후후후…」
0x47800	47	「!? 이 목소리는!」
0x47800	48	「고곤… 도우러 왔다」
0x47800	49	「오오, 베어드냐!? 마침 잘 왔군!」
0x47800	50	「배, 백베어드! 또 너냐!?」
0x47800	51	「베어드, 도와줘! 이놈들을 쓰러뜨리는 거야!」
0x47800	52	「무리한 소리 마라… 지금은 도망칠 생각만 해」
0x47800	53	「쳇, 뭐야 뭐야! 이놈이고 저놈이고 쓸모없구먼!@알았어, 물러날 테니 태워 줘!」
0x47800	54	(쳇, 졌으면서도 기세 좋은 여자로군!)@「알았다…」
0x47800	55	「기, 기다려!」
0x47800	56	「키타로, 승부는 다음번이다…@너희도 고곤과 싸웠으니, 무사하지는 않을 거다. 여기선 잠자코 보내 주는 게 현명해」
0x47800	57	「꺅!」
0x47800	58	「크…」
0x47800	59	「잘 있어라… 키타로」
0x47800	60	「바이바~~이!」
0x47800	61	「젠장, 가 버렸구나…」
0x47800	62	(인질이 되었다던 카타키라우와의 동료들은 어디에 있는 걸까?@석화되었었다면… 지금쯤 어딘가에서 돌아와 있을 텐데…)
0x47800	63	「키타로! 방금 전투에서 고곤의 석화 공격을 받은 사람이 위독하오!!」
0x47800	64	「안 되겠다, 역시 인간의 몸에 그 공격은 가혹했나! 어서 구급차를 부르는 것이다!」
0x47800	65	「응, 내가 전화로 부를게!」
0x47800	66	(이럴 때는 휴대폰이라는 것도 편리한 물건이구나…)
0x47800	67	「……………」
0x47800	68	「목숨에 지장은 없을 것 같다만… 걱정이구나」
0x47800	69	「크… 피할 수 있었을 텐데… 내 싸우는 방식이 서툴러서 이런 일이…」
0x47800	70	「뭐, 그렇게 자신을 탓하지 마라」
0x47800	71	「그렇다, 따지고 보면 고곤 녀석이 전부 나쁜 것이니까!」
0x47800	72	「이렇게 된 이상 어떻게든 드라큘라 일당의 계획을 저지해야 해요…@그러지 않으면 저분들을 다치게 한 일에 면목이 서지 않으니까요」
0x47800	73	「음, 그 말대로다」
0x47800	74	「키타로, 구급차, 금방 와 준대!」
0x47800	75	「사, 살았다…」
0x47800	76	「이제 괜찮습니다」
0x47800	77	「무슨 일이 있었나?」
0x47800	78	「갑작스러운 일이라 잘 기억나지 않지만… 오토바이로 숲속을 달리고 있었는데@갑자기 아까 그 머리카락이 뱀인 여자가 노려봐서… 붙잡혀 버렸어.@어쨌든, 살았어 고마워!」
0x47800	79	「전원 큰 부상은 없는 것 같아 다행이구나」
0x47800	80	「하지만서도… 일단 한 번은 의사 선생에게 보이는 편이 좋겠소」
0x47800	81	「내가 전화로 부를게!」
0x47800	82	(이럴 때는 휴대폰이라는 것도 편리한 물건이구나…)
0x47800	83	「키타로, 구급차, 금방 와 준대!」
0x47800	84	「좋아, 저분들을 배웅하면 곧바로 출발하자.@시간을 빼앗겨 버렸지만… 아직, 시간을 맞출 수 있을 거야!」@(…아니… 맞춰야만 해… 반드시!)
0x47800	85	「드디어… 숲의 중심까지 왔네요」
0x47800	86	「조심해라 키타로. 어딘가에 이 숲을 돌로 바꾼 요괴가 숨어 있을 것이다」
0x47800	87	「응…? 저건…?」
0x47800	88	「키타로… 저 석상」
0x47800	89	「으와! 깜짝이야!」
0x47800	90	「우~라~」
0x47800	91	「라라라라~」
0x47800	92	「우~라라~」
0x47800	93	「이놈들은!?」
0x47800	94	「눗페라보들이다! 또 그 석상을 뒤집어쓰고 있는 모양이구나」
0x47800	95	「뭐야 이놈들은… 움직이는 석상인가!?」
0x47800	96	「기다리세요 아버지. 아무래도… 안에 누군가 들어 있는 것 같습니다」
0x47800	97	「호오… 과연 키타로… 감이 좋군」
0x47800	98	「너는… 누구냐!」
0x47800	99	「후후후… 지금 얼굴을 보여 주지」
0x47800	100	「너는… 눗페라보!?」
0x47800	101	"「그렇고말고… 우리 이름은 ""눗페라보"" 치 님을 섬기는 요괴다」"
0x47800	102	(어이쿠… 이 상태로 있는 건 위험하군…)
0x47800	103	「영차… 이걸로 됐다!」
0x47800	104	(저놈들은… 어째서 석상 안에 들어가 있는 거지?)
0x47800	105	「이 숲은 너희들 짓이냐? 당장 원래대로 되돌려!」
0x47800	106	「그렇게는 안 된다. 네놈들을 매복하는 것은 실패했다만…@이 숲을 고곤 님께서 아주 마음에 들어 하시니까!」
0x47800	107	"「""고곤""이라고…? 역시 그런가!」"
0x47800	108	「뭐냐 시끄럽구나…」
0x47800	109	「오오… 고곤 님!」
0x47800	110	「네가 고곤이냐!」
0x47800	111	「너… 키타로 아니냐!?@이 쓸모없는 것들! 키타로에게 이 숲에서의 매복을 들킨 것이냐?」
0x47800	112	「아, 아뇨, 저희는 딱히…」
0x47800	113	「흥, 변명이냐? 한심하군…」
0x47800	114	「이 숲이 돌이 된 것은 네놈 짓이렷다? 당장 되돌리지 못할까!」
0x47800	115	"「어머나… 앙칼진 목소리로 시끄러운 영감이군…@내 ""정적의 숲""이 마음에 안 든다니…」"
0x47800	116	「정적의… 숲이라고요…?」
0x47800	117	「그래, 요즘 세상, 인간이 만들어 낸 기계 탓에 세계 어디를 가도@소음으로 넘쳐 나… 조용하고 차분한 장소 따위 어디에도 없잖아…」
0x47800	118	"「여기가… 그 ""조용하고 차분한 장소""라는 것이냐?」"
0x47800	119	「그래… 드라큘라의 권유로 일본 공략에 힘을 빌려주러 왔지만…@일본이라면 시골이니까 좀 더 조용한 나라일 줄 알았어. 하지만 정반대야.@이 나라는 특히 심해. 좁은 국토에 인간이 이렇게 빽빽이 모여서 용케 숨이 막히지 않는군?@적어도 동굴 안이라면 조용할까 싶어 시험해 봤지만… 거기엔 이상한 요괴가 살고 있고…」
0x47800	120	「이상한… 요괴?」
0x47800	121	"(혹시… 카타키라우와 일행 이야기인가?)@「너는… 혹시 ""고르곤""이라고 이름을 댄 적이 없나?」"
0x47800	122	"「어머… 잘도 아는군? ""고르곤""은 내 필명이야」"
0x47800	123	「피, 필명이라고?」
0x47800	124	「그래, 기분 전환이라고 할까? 가끔 다른 이름을 쓰면 즐겁잖아? …취미야.@그 돼지들 말이야… 인질을 잡았더니 간단히 항복해 버려서…@보람이라곤 없더라니까… 귀찮아서 늑대인간에게 떠넘기고 왔지!」
0x47800	125	「인질은 어떻게 했나!」
0x47800	126	「뭐야… 아직 이야기 도중이야! 나중에 알려 줄게」
0x47800	127	「크… 사람을 우습게 아는 놈이구나…」
0x47800	128	"「그러던 참에 너희를 매복하라는 말을 들었는데…@그냥 기다리기만 하는 것도 재미없으니, 내 취향에 맞게 바꿔 준 거야.@그것이 이 ""정적의 숲""이지」"
0x47800	129	"「스치는 잎사귀 소리도… 작은 새가 지저귀는 소리 하나 없는 죽음의 숲…@확실히 이곳은 ""정적"" 그 자체로구나…」"
0x47800	130	「그래… 정적은 실은 사치스러운 거야. 이해해 주셨을까?」
0x47800	131	「미안하지만… 나는 전혀 이해할 수 없어. 이런 고요함, 사치도 뭐도 아니야!」
0x47800	132	「어머나… 유감이네!@…진짜 정적을 몸소 체험해 보지 않으면… 모르는 모양이군」
0x47800	133	「키타로! 저기!」
0x47800	134	「사! 살려 줘~!」
0x47800	135	「!? 인간이 붙잡혀 있어! 고곤, 무슨 짓을 할 셈이냐!」
0x47800	136	「시끄럽기 짝이 없구나! 이놈들은 내 조용한 숲에 잘못 들어온 괘씸한 놈들이야!@마침 잘됐어, 너희 앞에서 이놈들을 멋진 석상으로 바꿔 주지!」
0x47800	137	「뭐라고!? 그만둬!」
0x47800	138	「명령할 셈이야!? 그럼 힘으로 막아 보시지!」
0x47800	139	「또 이놈들인가… 시끄러운 건 어느 쪽이지. 뭐 좋아, 상대해 주지!」
0x47800	140	「키타로, 그러고 보니 카타키라우와에게서 뭔가 받아 두었지」
0x47800	141	「그래! 분명 고르곤의… 그러니까 고곤의 공격에 효과가 있는 약이라던…」
0x47800	142	「아마도… 석화 공격을 완화하는 약품이겠지. 전원에게 나눠 두는 것이다」
0x47800	143	「그렇네요… 알겠습니다」
0x47800	144	「흥… 석화 공격은 무섭지만… 지금부터는 맨몸으로 상대해 주마!」
0x47800	145	(그렇군… 이놈들은 고곤의 석화 공격을 받지 않으려고 석상을 뒤집어쓰고 있었구나)
0x47800	146	「와라! 키타로 놈들!」
0x47800	147	「흥! 아직 겉껍질이 당했을 뿐이다!」
0x47800	148	「제법이군…」
0x47800	149	「하지만…… 진짜는 지금부터다!」
0x47800	150	「젠장… 철수한다!」
0x47800	151	「이놈 키타로…!」
0x47800	152	「당했다…! 어째서 내가 이런 꼴을!@고곤 놈… 그년이 제대로 키타로를 상대했다면@무엇이 정적의 숲이냐… 그 여자가 생각하는 건 도무지 모르겠다!」
0x47800	153	「어라어라… 한심하군. 너희 실력은 이 정도야?」
0x47800	154	「고곤 님! 소, 송구합니다!」
0x47800	155	「치 녀석의 부하라고 하길래 좀 더 쓸모가 있을 줄 알았는데…@별거 아니군, 진심을 내지 않은 거 아니야…?」
0x47800	156	「아, 아뇨, 그런 일은…」
0x47800	157	「그리고… 여자가 시키는 말을 듣는 게 그렇게 불만이야?」
0x47800	158	「그, 그럴 리가!? 당치도 않습니다!」
0x47800	159	「으와아아아아아아아!!」
0x47800	160	「똑똑히… 들리거든! 이 온몸이 못난이인 놈아!」
0x47800	161	「뭐야…? 동료를 돌로!?」
0x47800	162	「변덕스러운 데다 비정한 놈인 모양이구나…」
0x47800	163	「자, 데려가!」
0x47800	164	「하하!」
0x47800	165	「자, 드디어 즐거운 시간이야. 상대해 주지, 키타로!」
0x47800	166	「아아, 너를 쓰러뜨리면 이 숲은 원래대로 돌아오는 거지? …미안하지만 진심으로 싸우겠다!」
0x47800	167	「키타로, 놈은 석화 공격을 써 올 것이다. 조심해라!!」
0x47800	168	「방금 그 눗페라보처럼 되어 버리는 겁니까?」
0x47800	169	「석화 공격을 받은 직후에는 한동안 행동에 지장이 생길 것이다.@그사이에 적에게 포위라도 당하면 위험하다.@되도록 고곤에 대해서는 등 뒤에서 공격하는 것이다!」
0x47800	170	「알겠습니다!」
0x47800	171	「고곤, 너는 무엇을 위해 드라큘라를 따르고 있는 거냐?」
0x47800	172	「무엇을 위해서라고…? 글쎄,@그자는 인간을 지배해서 요괴가 편하게 사는 세상을 만들 셈인 모양이니까…@한몫 끼어 두면, 여러모로 이득이 있겠다 싶어서…」
0x47800	173	「놈이 정말로 세계 정복 따위를 할 수 있다고 믿고 있는 것이냐?」
0x47800	174	「나도 반신반의였지… 하지만 말이야, 그분이 계시면… 그것도 가능해」
0x47800	175	「그분…?」
0x47800	176	「어이쿠, 너무 떠들면 늑대인간 녀석에게 혼나겠어, 이야기는 여기까지야」
0x47800	177	"(""그분""이라고? 드라큘라 일행 말고 아직 누군가 협력자가 있는 건가?)"
0x47800	178	「안 된다! 석화 공격이다!」
0x47800	179	「내 앞에 서다니… 배짱 좋군… 자, 다음은 누가 돌이 되고 싶지!」
0x47800	180	「크… 이놈은 강적이구나…」
0x47800	181	「히히히, 계속해서 석상으로 만들어 주지!」
0x47800	182	「뭐? 석화가 풀렸다!」
0x47800	183	「아버지… 이건 대체…?」
0x47800	184	「석화 공격을 되받아쳤다… 그렇구나… 카타키라우와의 약 덕분이다!」
0x47800	185	「크 건방지군… 하지만 그런 약이 몇 번이나 들을까 보냐. 다음엔 이렇게 안 될걸!」
0x47800	186	「흠, 아무래도 약의 효력은 한 사람당 한 번밖에 듣지 않는 모양이구나.@다음엔 정말로 돌이 되어 버린다. 조심하는 것이다!」
0x47800	187	「또냐!? 젠장, 짜증 나!」
0x47800	188	「크… 잘도 해 주었군… 이 나를 여기까지 괴롭히다니 대단하군…」
0x47800	189	「목숨까지 빼앗겠다고는 하지 않는다. 이 숲을 원래대로 되돌려라!」
0x47800	190	「쳇…… 아, 알았어!」
0x47800	191	「쳇, 고곤 님이 당하신 건가? 철수다!」
0x47800	192	「쳇, 고곤 님이 당하신 건가? 철수다!」
0x47800	193	「헤헤헤, 어느 쪽부터 돌로 만들어 줄까?」
0x47800	194	「그만둬!」
0x47800	195	「이쪽으로 할까!」
0x47800	196	「으, 으와~~~!!」
0x47800	197	「히히히! 조용해졌어!」
0x47800	198	「이럴 수가…」
0x47800	199	「슬슬 이쪽 놈도 돌로 만들어 줄까!」
0x47800	200	「히!」
0x47800	201	「으와아아아~~~!!」
0x47800	202	「으~음! 또 한층 조용해졌어!」
0x47800	203	「젠장… 두 사람 다 구하지 못했나…」
0x47800	204	「키타로, 기다려도 안 온다면… 슬슬 진짜로 인간을 돌로 만들어 버리겠어!」
0x47800	205	「크… 서둘러야 해!」
0x47800	206	「후아~~~~암! 지루하군… 기다리는 것도 질렸어…@슬슬 진심으로 인간을 돌로 만들어 줄까」
0x47800	207	「안 되겠다! 키타로, 서두르는 것이다!」
0x47800	1024	개발중
0x4b000	0	「하지만… 걸어서는 좀처럼 교토에 도착하지 못하겠구나」
0x4b000	1	「까마귀들의 상태는 어떠냐?」
0x4b000	2	「까~~!」
0x4b000	3	「많이 기운을 차렸다~!」
0x4b000	4	「이탄모멘… 자네는 어떠냐?」
0x4b000	5	「나라면 이제 괜찮소이다! 언제든 다시 모두를 태우고 날 수 있소!」
0x4b000	6	「그럼… 슬슬 까마귀 헬리콥터를 탈 수 있는 거야?」
0x4b000	7	「그렇겠네… 급하기도 하고, 까마귀들만 괜찮다면 그편이 좋겠지」
0x4b000	8	「까~~!」
0x4b000	9	"「""OK""라고 하고 있다~」"
0x4b000	10	「그럼… 갈까요, 아버지」
0x4b000	11	「…………………」
0x4b000	12	「아버지…?」
0x4b000	13	「키타… 로…」
0x4b000	14	「어, 어떻게 된 거예요 아버지!?」
0x4b000	15	「모르겠다… 갑자기… 어지러워… 지는구나… 으… 으와아아아!」
0x4b000	16	「꺅! 뭐, 뭐야!? 무슨 일이야!?」
0x4b000	17	「아, 아버지!?」
0x4b000	18	「이럴 수가… 아버님이…」
0x4b000	19	「아버님이… 돌로!?」
0x4b000	20	「으와아아! 아버지!? 아버지… 정신 차리세요!」
0x4b000	21	「안 된다! 거칠게 다루다가… 깨지기라도 하면 큰일이다!」
0x4b000	22	「누~리~카~베~ 키타로… 진~정~해~라~!」
0x4b000	23	「노, 놔 줘! 아버지가… 돌이 됐다고? 그, 그럴 수가!」
0x4b000	24	「하지만… 어째서…? 눈알아버지는 직접 공격당하지 않았고, 무엇보다 이제 와서…」
0x4b000	25	「후움… 이건 추측이다만…@눈알아버지는 보다시피 원래 눈이었던 것에서 몸을 만들어 냈다.@온몸이… 우리의 그것보다 빛을 받아들이기 쉬운 요괴 세포로 되어 있는지도 모른다.@그 아버님 가까이에서 몇 번이나 그 고곤이 석화 공격을 했다.@놈의 강한 시선이 서서히 온몸에 새겨져서… 이제 와서 효과가 나타난 것이 아니겠느냐」
0x4b000	26	「그런 일이… 있을 수 있어?」
0x4b000	27	「그렇다면… 대체 어떻게 아버지를 원래대로 되돌리면 되는 거지…!?」
0x4b000	28	「한 번 더… 카타키라우와들이 있는 곳으로 돌아가 보면 어떻겠느냐?」
0x4b000	29	「어…?」
0x4b000	30	「오오… 그렇구나! 그게 좋겠다!@고곤의 공격을 막는 약을 준 놈들이라면, 아버님을 고칠 수 있을지도 모른다!」
0x4b000	31	「하지만… 그들에게 받은 약은 아버지도 쓰고 있었는데 이렇게 되어 버린 거야.@그들이 아버지를 고칠 수 있을까…」
0x4b000	32	「키타로, 어쨌든 가 보자!」
0x4b000	33	「그렇다, 여기서 이러고 있어 봐야 소용이 없느니라!」
0x4b000	34	「……알았어… 카타키라우와들에게 걸어 보자」
0x4b000	35	「좋아, 카타키라우와들이 있던 동굴까지 돌아간다!」
0x4b000	36	「까마귀들~! 일이다~~!」
0x4b000	37	「까~~~~~~~!」
0x4b000	38	(아버지… 곧 구해 드릴게요. 조금만 더 견뎌 주세요!)
0x4b000	39	<바스락바스락>
0x4b000	40	「응?」
0x4b000	41	<바스락바스락>
0x4b000	42	「누구? …거기 누구 있어?」
0x4b000	43	「무슨 일이야? 고양이소녀」
0x4b000	44	「방금… 저 덤불에서 무슨 소리가 났어…」
0x4b000	45	「…………………」
0x4b000	46	「누구냐! 고곤의 동료냐!?」
0x4b000	47	「히! 아, 아니, 아니야! 지금 그쪽으로 나갈 테니까… 아무것도 하지 말아 줘!」
0x4b000	48	"「우리 이름은 ""카타키라우와"".@아까 너희가 쓰러뜨려 준 고르… 아니, 고곤에게 붙잡혀 돌이 되어 있었다」"
0x4b000	49	「카타키… 라우와? 혹시 아까 동굴에서 싸운 게 너희 동료인가?」
0x4b000	50	「우리 동료를 만났나?」
0x4b000	51	「아아… 실은…」
0x4b000	52	「무엇이라? 자네들이 인질이었다는 것이냐?」
0x4b000	53	「아아, 고곤 녀석이 우리 동료를 부하로 삼기 위해, 인질로 잡고 있었다」
0x4b000	54	「그런가… 놈들, 그런 짓을 하고 있었나」
0x4b000	55	「하지만, 너희 덕분에 자유로워졌다. 고맙다는 말을 하지」
0x4b000	56	「그런가… 그거 다행이군…」
0x4b000	57	「무슨 일이지…? 기운이 없어 보이는데?」
0x4b000	58	「…아아, 실은…」
0x4b000	59	「그렇군… 네 아버지가 그런 일을 당한 건가…」
0x4b000	60	「아아… 서둘러 교토에도 가야 하는데… 대체 어떻게 하면 좋을지」
0x4b000	61	「원래대로 되돌릴 방법이… 없는 건 아니다」
0x4b000	62	「저, 정말인가?」
0x4b000	63	"「아아. 돌이 되기 전에 고곤 녀석에게 들었는데…@우리 거처는 늑대인간이라는 놈의 ""비밀 약품 공장""이 되어 있는 모양이야」"
0x4b000	64	「비밀… 약품 공장?」
0x4b000	65	「너희가 우리 동료를 만난 것은 아마 거기다… 거기서는 여러 가지 약품 연구를 한다더군.@거기라면 네 아버지의 증상을 고칠 약을 찾을 수 있을지도 몰라!」
0x4b000	66	「과연… 분하지만, 우리 지식으로는 아버지를 고칠 수 없을 것 같아.@여기서는… 세계 요괴의 지혜를 빌릴까!」
0x4b000	67	「좋아, 까마귀들에게 태워 달라고 해서 서둘러 그리로 향하도록 하자」
0x4b000	68	「너희도 같이 와 주는 거지?」
0x4b000	69	「아아, 쉬운 일이지」
0x4b000	70	(아버지… 곧 구해 드릴게요. 조금만 더 견뎌 주세요!)
0x4b000	71	<바스락바스락>
0x4b000	72	「응?」
0x4b000	73	<바스락바스락>
0x4b000	74	「누구? …거기 누구 있어?」
0x4b000	75	「무슨 일이야? 고양이소녀」
0x4b000	76	「방금… 저 덤불에서 무슨 소리가 났어…」
0x4b000	77	「…………………」
0x4b000	78	「누구냐! 고곤의 동료냐!?」
0x4b000	79	「히! 아, 아니야! 지금 나갈 테니까… 아무것도 하지 말아 줘!」
0x4b000	80	「너는…?」
0x4b000	81	「뭐냐… 이렇게 많이 숨어 있었던 것이냐?」
0x4b000	82	"「우리 이름은 ""카타키라우와""」"
0x4b000	83	「카타키… 라우와?」
0x4b000	84	「카타키라우와!? 나와 같은 가고시마의 요괴올시다!」
0x4b000	85	「아까 너희가 쓰러뜨려 준 고르… 아니, 고곤에게 붙잡혀 돌이 되어 있었다」
0x4b000	86	「어째서 붙잡혀 있었던 것이냐?」
0x4b000	87	「우리에게는 동료가 많이 있는데…@고곤 녀석이 그 동료를 부하로 삼기 위해, 우리를 인질로 잡았다」
0x4b000	88	「그런가… 놈들, 그런 짓을 하고 있었나」
0x4b000	89	「하지만, 너희 덕분에 자유로워졌다. 고맙다는 말을 하지」
0x4b000	90	「그런가… 그거 다행이군…」
0x4b000	91	「무슨 일이지…? 기운이 없어 보이는데?」
0x4b000	92	「…아아, 실은…」
0x4b000	93	「그렇군… 네 아버지가 그런 일을 당한 건가…」
0x4b000	94	「아아… 서둘러 교토에 가야 하는데… 대체 어떻게 하면 좋을지」
0x4b000	95	「……원래대로 되돌릴 방법이… 없는 건 아니다」
0x4b000	96	「저, 정말인가!?」
0x4b000	97	"「아아. 돌이 되기 전에 고곤 녀석에게 들었는데…@우리 동료는 늑대인간이라는 놈의 ""비밀 약품 공장""에서 일하고 있다」"
0x4b000	98	「비밀… 약품 공장?」
0x4b000	99	「거기서는 여러 가지 약품 연구를 하고 있는 모양이다.@거기 가면, 네 아버지의 증상을 고칠 약을 찾을 수 있을지도 몰라!」
0x4b000	100	「과연… 분하지만, 우리 지식으로는 아버지를 고칠 수 없을 것 같아.@여기서는… 세계 요괴의 지혜를 빌릴까!」
0x4b000	101	「좋아, 까마귀들에게 태워 달라고 해서 서둘러 그리로 향하도록 하자」
0x4b000	102	「카타키라우와, 그 공장이라는 데… 멀어?」
0x4b000	103	「좀 떨어져 있지만, 대단한 거리는 아니야」
0x4b000	104	「좋아, 안내해 줘」
0x4b000	105	「아아, 쉬운 일이지」
0x4b000	106	(아버지… 곧 구해 드릴게요. 조금만 더 견뎌 주세요!)
0x4b000	107	「음, 그렇구나. 서두르는 편이 좋겠다」
0x4b000	108	「까마귀들! 부탁해!」
0x4b000	109	「까~~~~~~~!」
0x4b000	110	「분명… 여기였지?」
0x4b000	111	「아아, 틀림없을 것이다」
0x4b000	112	「어~이, 카타키라우와~!」
0x4b000	113	「안 돼, 고양이소녀. 지금쯤 늑대인간의 부하들이 돌아와 있을지도 몰라」
0x4b000	114	「아, 그렇구나… 놈들에게 들키면 안 되는 거였지…」
0x4b000	115	「………………………」
0x4b000	116	「음… 모래뿌리기…」
0x4b000	117	「…아아, 늦은 모양이구나」
0x4b000	118	「어?」
0x4b000	119	「키타로, 우리는 들킨 모양이다」
0x4b000	120	「어딘가에서 우리를 감시하는 요괴가 있다」
0x4b000	121	「그런가… 어쩌면 예전에 우리가 여기 온 것이 들통났는지도 몰라…」
0x4b000	122	「어, 어떡하지, 키타로?」
0x4b000	123	「이곳은 좁아서 싸우기 어려워. 좋아! 과감하게…@단숨에 그 항아리가 놓여 있던 넓은 곳까지 달려가자!」
0x4b000	124	「적이 더 많이 기다리고 있을지도 모르오? 위험하오이다!」
0x4b000	125	「아버지를 구하려면 어차피 여기서 되돌아갈 수는 없어.@오히려, 이쪽에서 쳐들어가는 편이 적의 의표를 찌를 수 있을지도 몰라!」
0x4b000	126	「좋아, 달린다! 누리카베, 뒤처지지 마!」
0x4b000	127	「알았다~~!」
0x4b000	128	「돌아왔구나」
0x4b000	129	「여기는 원래 우리 거처였다.@그곳을 그 고곤 녀석에게 습격당해서… 놈들에게 빼앗겨 버린 거지」
0x4b000	130	「으으… 고생하셨구려…@같은 고향 요괴의 위기를 못 본 척했다니… 나는 부끄럽소이다!」
0x4b000	131	「자, 자자, 신경 쓰지 마. 이런 곳에서 일어난 일 따위 모르는 게 당연하지」
0x4b000	132	「하지만… 이런 곳에서 대체 무슨 약품을 연구하고 있는 것이냐?」
0x4b000	133	「공교롭게도 자세한 것까지는 모르지만…」
0x4b000	134	「………………………」
0x4b000	135	「음… 모래뿌리기…」
0x4b000	136	「…아아, 들킨 모양이구나」
0x4b000	137	「어?」
0x4b000	138	「어딘가에서 우리를 감시하는 요괴가 있다」
0x4b000	139	「어, 어떡하지, 키타로?」
0x4b000	140	「이곳은 좁아서 싸우기 어려워. 과감하게, 카타키라우와가 있던 곳까지 단숨에 달려가자!」
0x4b000	141	「적이 잔뜩 기다리고 있을지도 모르오? 위험하오이다!」
0x4b000	142	「아버지를 구하려면 어차피 여기서 되돌아갈 수는 없어.@어차피 들통났다면, 이쪽에서 쳐들어가서 적의 의표를 찌르자!」
0x4b000	143	「좋아, 달린다! 누리카베, 뒤처지지 마!」
0x4b000	144	「알았다~~!」
0x4b000	145	「여기가, 너희 동료가 일하게 된 약품 공장인가?」
0x4b000	146	「뭐야… 공장이라길래 어떤 건물인가 했더니… 그냥 동굴이잖아」
0x4b000	147	「여기는 원래 우리 거처였다.@그곳을 그 고곤 녀석에게 습격당해서… 놈들에게 빼앗겨 버렸다」
0x4b000	148	「으으… 고생하셨구려…@같은 고향 요괴의 위기를 못 본 척했다니… 나는 부끄럽소이다!」
0x4b000	149	「자, 자자, 신경 쓰지 마. 이런 곳에서 일어난 일 따위 모르는 게 당연하지」
0x4b000	150	「하지만… 이런 곳에서 대체 무슨 약품을 연구하고 있는 것이냐?」
0x4b000	151	「공교롭게도 자세한 것까지는 모르지만…」
0x4b000	152	「………………………」
0x4b000	153	「음… 모래뿌리기…」
0x4b000	154	「…아아, 들킨 모양이구나」
0x4b000	155	「어?」
0x4b000	156	「어딘가에서 우리를 감시하는 요괴가 있다」
0x4b000	157	「조금만 더 가면 목적지에 나오는데…」
0x4b000	158	「어, 어떡하지, 키타로?」
0x4b000	159	「이곳은 좁아서 싸우기 어려워. 과감하게, 카타키라우와가 말한 공장까지 단숨에 달려가자!」
0x4b000	160	「적이 잔뜩 기다리고 있을지도 모르오? 위험하오이다!」
0x4b000	161	「아버지를 구하려면 어차피 여기서 되돌아갈 수는 없어.@어차피 들통났다면, 이쪽에서 쳐들어가서 적의 의표를 찌르자!」
0x4b000	162	「좋아, 달린다! 누리카베, 뒤처지지 마!」
0x4b000	163	「알았다~~!」
0x4b000	164	"「이것이 ""벨라도나의 즙""이라는 것인가…」"
0x4b000	165	「일단, 아버님께 뿌려 봅시다」
0x4b000	166	(이걸로… 정말 나으면 좋겠는데)
0x4b000	167	「…아버지……!」
0x4b000	168	「으… 응…」
0x4b000	169	「아버… 지…?」
0x4b000	170	「음… 무슨 일이냐, 키타로?」
0x4b000	171	「오오… 원래대로 돌아왔구나!」
0x4b000	172	「해냈다~!」
0x4b000	173	「별일 없으십니까, 아버님」
0x4b000	174	「무, 무슨 일이냐…? 어찌 된 것이냐 다들」
0x4b000	175	「아버지… 몸 상태는 어떠세요? 아픈 데는 없으세요?」
0x4b000	176	「후아아아아~~! 어쩐지 푹 잔 것 같은 기분이구나」
0x4b000	177	「그, 그러세요」
0x4b000	178	「후후후… 전혀 걱정 없어 보이네!」
0x4b000	179	「어쩐지 이야기를 모르겠다만… 무슨 일이 있었느냐?」
0x4b000	180	「실은…」
0x4b000	181	「그런가… 그런 일이 있었느냐. 폐를 끼쳤구나, 키타로」
0x4b000	182	「걱정했어요… 그래도, 무사히 돌아오셔서 다행입니다」
0x4b000	183	「키타로…」
0x4b000	184	「누구냐!」
0x4b000	185	「!? 너희들은…」
0x4b000	186	「아까는 미안했다」
0x4b000	187	「와뉴도…!」
0x4b000	188	「원래대로 돌아왔구나, 다행이군」
0x4b000	189	「???」@(뭐가 뭔지 모르겠다만… 내가 돌이 되어 있는 동안 여러 일이 있었던 모양이구나)
0x4b000	190	「다행이다. 모두 괜찮은 것 같네」
0x4b000	191	「키타로… 혹시… 우리를 그다지 다치게 하지 않으려고 애써 준 것 아닌가?」
0x4b000	192	「그런 것이냐?」
0x4b000	193	「…네, 저들은 조종당하고 있는 것이 분명했으니까요…」
0x4b000	194	「어쨌든. 너희가 놈들을 쓰러뜨려 준 덕분에, 자유로워졌다.@새삼 고맙다는 말을 하게 해 다오」
0x4b000	195	「괜찮아. 그런 건」
0x4b000	196	「이제부터 어디로 가는 것이냐?」
0x4b000	197	「교토에서 세계의 나쁜 요괴들이 뭔가를 꾸미고 있는 모양이야. …그걸 저지하러 간다」
0x4b000	198	「괜찮다면… 동료들을 대표해서 나를 데려가 주지 않겠나?」
0x4b000	199	「너를?」
0x4b000	200	「신세만 지고 있어서는 우리 마음이 편치 않다.@방해가 되지 않도록, 너희 행동에는 참견하지 않게 조심하겠다.@…어떤가?」
0x4b000	201	「어떠냐고 물어도…」
0x4b000	202	「데려가 주지 그래?」
0x4b000	203	「어떻게 할까요… 아버지」
0x4b000	204	「와뉴도 정도의 요괴가 고개를 숙이고 부탁하고 있느니라.@그 마음을 헤아려 주지 않으면 실례라는 것이지」
0x4b000	205	「그렇네요… 호의를 받아들일까요」
0x4b000	206	「그럼…」
0x4b000	207	「아아, 오늘부터 너는 우리 동료야」
0x4b000	208	「그런가! 잘 부탁한다!」
0x4b000	209	 |<와뉴도가 동료가 되었다!>
0x4b000	210	「이야기도 정리된 참에… 슬슬 출발할까」
0x4b000	211	「오오, 그렇구나. 나 때문에 진행이 꽤 늦어져 버린 모양이구나」
0x4b000	212	「신경 쓰지 마시라… 고 말하고 싶지만, 조금 걱정이구나」
0x4b000	213	「네, 서둘러 교토로 갑시다」
0x4b000	214	「까~~~~~~~!」
0x4b000	215	「까마귀 헬기는 언제든 날 수 있다~~!!」
0x4b000	216	「이렇게 된 거 단숨에 교토까지 가자!」
0x4b000	217	「좋았어! 힘차게 가겠소이다!」
0x4b000	218	「모두, 다음은 교토야. 그렇게 알고 있어 줘」
0x4b000	219	「오~!」
0x4b000	220	(내가 없어도 키타로는 충분히 모두를 이끌고 있구나… 여보, 키타로는 훌륭하게 성장했소.@지옥에서… 당신도 이번 싸움의 성공을 빌어 주시오…)
0x4b000	221	「크, 과연 키타로다. 이 정도 병력으로는 상대가 안 되나…@프랑켄!」
0x4b000	222	「뭐!?」
0x4b000	223	「불렀나~」
0x4b000	224	「슬슬 완성되었을 테지, 그놈들을 내보내라…!」
0x4b000	225	「아아… 알았다. 나와라, 너희들~~!」
0x4b000	226	「……………………」
0x4b000	227	"「이건… ""와뉴도"" 아니냐!?」"
0x4b000	228	「그렇고말고, 너희 동료인 일본 요괴다」
0x4b000	229	「너희가… 어째서 늑대인간 일당의 편을 드는 거야!?」
0x4b000	230	「…………………」
0x4b000	231	「무슨 말을 해도 소용없어… 이놈들에게는 아까 말한 약의 실험대가 되어 주었지」
0x4b000	232	「뭐라고!?」
0x4b000	233	"「나는 보석을 좋아해서 말이야…@어떻게든 이놈들의 특수 능력인 ""탄소화 광선""의 비밀을 알고 싶었지」"
0x4b000	234	"(아아, 와뉴도는 ""탄소화 광선""으로 여러 가지를 다이아몬드로 만들어 버릴 수 있었지)"
0x4b000	235	「프랑켄, 나는 일단 물러나겠다. 너는 이놈들과 한동안 버티고 있어라」
0x4b000	236	「알았다~!」
0x4b000	237	「기다려! 도망칠 셈이냐!?」
0x4b000	238	「후후… 서두르지 마라, 어디로도 가지 않는다. 나중에 또 보자…」
0x4b000	239	「네 상대는 나다~!」
0x4b000	240	「프랑켄인가… 상대해 주지!」
0x4b000	241	「어떻게든 공장에 도착한 모양이네」
0x4b000	242	「어라… 저건…?」
0x4b000	243	「전에 왔을 때는… 저런 색깔의 액체는 저기 들어 있지 않았다」
0x4b000	244	「아마도… 우리가 여기를 떠난 뒤에 만들어진 무언가의 약품이겠지」
0x4b000	245	「뭔가… 기분 나쁜 색이네」
0x4b000	246	「카타키라우와들은 없는 건가?」
0x4b000	247	「어라어라… 누군가 했더니 키타로 일행 아니냐!」
0x4b000	248	「누구냐!?」
0x4b000	249	「늑대인간!」
0x4b000	250	「여기서 내가 약품 연구를 하고 있다는 걸 어떻게 알았지…?」
0x4b000	251	(카타키라우와들은 이미 어딘가 다른 곳으로 파견되어 버린 건가?@…다행히, 그들과 우리의 관계는 들키지 않은 모양이다)
0x4b000	252	「늑대인간… 하나 묻고 싶은 게 있다.@돌이 되어 버린 요괴를 원래대로 되돌리는 약을 너는 가지고 있지 않나?」
0x4b000	253	「돌이 되어 버린 몸을 원래대로 되돌린다고? 그렇군, 그렇다면 고곤과 한판 벌인 건가?@놈을 쓰러뜨렸는데도 석화가 풀리지 않는 동료가 있는 건가… 그놈은 어지간히 중증이로군?」
0x4b000	254	「네 추측 따위 듣고 있을 틈이 없어. 대답해라! 여기에 그것이 있는 거냐?」
0x4b000	255	「흥, 있지」
0x4b000	256	「오오… 정말이냐?」
0x4b000	257	「그것을 이쪽에 넘겨줘야겠다!」
0x4b000	258	「흥… 그런 말을 듣고 순순히 넘겨줄 바보가 어디 있나!」
0x4b000	259	「나타났구나~!?」
0x4b000	260	「어차피, 이 공장 일이 들통난 이상, 살려 보낼 수는 없다.@드라큘라 님을 대신해서… 이 몸이 네놈을 쓰러뜨려 주마!」
0x4b000	261	「아버지를 구하기 위해서다… 늑대인간. 각오해라!」
0x4b000	262	「흥! 바라던 바다!」
0x4b000	263	「여기가 거기인가… 네 동료는 어디 있지?」
0x4b000	264	「이상하다… 동료들이… 없어?」
0x4b000	265	「이거 이거… 누군가 했더니 키타로 아니냐!?」
0x4b000	266	「너는… 늑대인간!」
0x4b000	267	「그렇고말고. 그런데… 여기가 내 약품 공장이라는 걸 어떻게 알았지?」
0x4b000	268	「……………………」
0x4b000	269	「…응? 그렇군… 고곤을 쓰러뜨리고, 그놈들에게 안내시켰다는 건가…」
0x4b000	270	「동료들을… 어디로 보냈나!」
0x4b000	271	「놈들은 조금 전에 론론에게 넘겼다」
0x4b000	272	「뭐라고!?」
0x4b000	273	「약품 제조에 가닥이 잡혔으니, 놈들은 이제 볼일이 끝났다. 나머지는 론론이 마음대로 쓰겠지.@놈은 나와 달리, 제물이나 의식에 그놈들을 쓸 셈일 테니까…@구하고 싶다면, 서둘러 쫓아가는 편이 좋을걸?」
0x4b000	274	「무엇이라!?」
0x4b000	275	「키타로… 어쩌겠느냐?」
0x4b000	276	「크…」@(어떡하지… 늑대인간의 말이 사실이라면 카타키라우와들이 큰일이다.@하지만, 아버지도 구해야 하고…)
0x4b000	277	「우리는… 동료를 구하러 가겠다. 키타로 일행은, 여기서 아버지를 구할 약을 손에 넣어 줘!@여기라면… 분명 석화를 고치는 약도 만들고 있을 거야!」
0x4b000	278	「너희만으로 동료를 구하겠다는 거냐? 위험해!?」
0x4b000	279	「그렇다… 나도 가겠다」
0x4b000	280	「아니, 우리가 무사한 모습을 보이면 놈들과 싸워서… 쓰러뜨리지 못해도 도망칠 정도는 할 수 있어」
0x4b000	281	「그런가… 과연」
0x4b000	282	「놈의 말투로는, 옮겨진 지 아직 그리 시간이 지나지 않았을 터.@냄새를 의지해서 쫓아가 보겠어」
0x4b000	283	「그편이 좋겠군. 알았어. …건투를 빈다」
0x4b000	284	「키타로 일행도… 그럼!」
0x4b000	285	「가 버렸네…」
0x4b000	286	「흥, 그렇게 잘 될까?」
0x4b000	287	「늑대인간… 하나 묻고 싶은 게 있다.@돌이 되어 버린 요괴를 원래대로 되돌리는 약을 너는 가지고 있지 않나?」
0x4b000	288	「흥, 아까 이야기로 대충 알았다. 네 아비가 돌이 된 거로군?」
0x4b000	289	「대답해라! 여기에 그것이 있는 거냐?」
0x4b000	290	「흥, 있지」
0x4b000	291	「오오… 정말이냐?」
0x4b000	292	「그것을 이쪽에 넘겨줘야겠다!」
0x4b000	293	「흥… 그런 말을 듣고 순순히 넘겨줄 바보가 어디 있나!」
0x4b000	294	「나타났구나~!?」
0x4b000	295	「어차피, 이 공장 일이 들통난 이상, 살려 보낼 수는 없다.@드라큘라 님을 대신해서… 이 몸이 네놈을 쓰러뜨려 주마!」
0x4b000	296	「아버지를 구하기 위해서다… 늑대인간. 각오해라!」
0x4b000	297	「흥! 바라던 바다!」
0x4b000	298	「간다! 늑대인간!」
0x4b000	299	「늑대인간! 너는 여기서 무슨 약을 만들고 있는 거냐!?」
0x4b000	300	「후후… 여러 가지 약품이다. 하지만… 가장 힘을 쏟고 있는 것은… 요괴나 인간을 조종하는 약이다」
0x4b000	301	「뭐라고!?」
0x4b000	302	「라그레시아에게 만들게 하고 있는 포자가 도착하면… 더 강력한 약품을 만들 수 있다…」
0x4b000	303	"(""라그레시아""…? 누구지?)"
0x4b000	304	「하기야… 그분이 진정한 힘을 해방하시는 날에는,@이 정도 약품 따위 필요 없어져 있을지도 모르지만 말이다…」
0x4b000	305	「뭐!? 그렇군, 라그레시아에게 뭔가 수상한 버섯을 만들게 한 것은… 네 짓이었구나!?」
0x4b000	306	「아아… 여기며, 라그레시아의 숲이며, 용케도 장소를 알아냈군…@과연 키타로라고 해야 하나?」
0x4b000	307	(둘 다 찾아낸 건 우연이었지만…)
0x4b000	308	「네놈이 라그레시아의 계획을 방해해 준 탓에 계획 진행이 늦어졌다만…@지금 다시 놈에게 그 버섯을 재배시키고 있다. 그것이 완성되면, 더 강력한 약품을 만들 수 있지…@하기야… 그분이 진정한 힘을 해방하시는 날에는,@이 정도 약품 따위 필요 없어져 있을지도 모르지만 말이다…」
0x4b000	309	「그자는 누구냐?」
0x4b000	310	「어이쿠, 말이 많았군. 이야기는 나중이다. 간다 키타로 놈들!」
0x4b000	311	"(""여러 가지 약품""이라… 만약 그게 위험한 약품이라면 내용물을 쏟으면 큰일이겠는데.@잠깐? 저 항아리를 부수고 잘 적을 휘말리게 하면 데미지를 줄 수 있지 않을까?@반대로 안에는 우리를 회복시켜 주는 약도 있을지 몰라.@시험 삼아 항아리를 파괴하고 내용물을 쏟아 주면 유리하게 싸울 수 있을지도 모르겠군…)"
0x4b000	312	「와뉴도! 그만해!」
0x4b000	313	「……죽어라… 키타로…!」
0x4b000	314	「안 되겠어… 완전히 조종당하고 있어. 이 상태로는 설득이 통할 것 같지 않아…@가능하면 싸우고 싶지 않지만… 그럴 수도 없나」
0x4b000	315	「으… 와뉴도의 탄소화 광선인가!?@고곤의 석화 공격과 비슷한 느낌이군.@한동안은 움직임이 부자유스러워지지만… 시간을 들이면 떨쳐 낼 수 있을 것 같다…!」
0x4b000	316	「으와아아아~~!」
0x4b000	317	「뭐야! 덩치 큰 것치고는 별거 아니잖아!」
0x4b000	318	「흥, 프랑켄을 쓰러뜨렸나…」
0x4b000	319	「늑대인간! 석화를 고치는 약을 내놔!」
0x4b000	320	"「좋다… 네가 나에게 이기면, 어떤 석화 상태도 원래대로 되돌리는 특효약,@""벨라도나의 즙""을 주도록 하지!」"
0x4b000	321	「……………」
0x4b000	322	「프랑켄, 너는 이제 물러나 있어라. 나머지는 내가 끝을 내겠다」
0x4b000	323	「…알았다」
0x4b000	324	「자, 여기서부터가 진짜다. 상대해 주마!」
0x4b000	325	「후후… 아까와는 다르다!」
0x4b000	326	"「으… 굉장한 ""기""가 놈의 몸에 넘치고 있다…@그렇다면, 일단 퇴각해 있는 동안 뭔가 특별한 약이라도 마시고 온 것인가?」"
0x4b000	327	「크… 이, 이길 수 없는 건가…?」
0x4b000	328	"「늑대인간, 더 이상 싸워 봐야 소용없다! ""벨라도나의 즙""이라는 것을 내놔라!」"
0x4b000	329	「쳇! 아, 알았다!」
0x4b000	330	 |<벨라도나의 즙을 손에 넣었다>
0x4b000	331	「이렇게 된 이상… 철수다!」
0x4b000	332	「알~았~다~!」
0x4b000	333	「도망칠 셈이냐!」
0x4b000	334	「그분이 계신 이상, 머지않아 볼일이 끝날 시설이다.@네놈들에게 주마! 또 보자 키타로… 잘 있어라!」
0x4b000	335	"(""그분""이라… 정말… 누구일까?)"
0x4b000	336	「일단… 이걸로 아버지를 고칠 수 있을 거야. 서둘러 시험해 보자」
0x4b000	1024	개발중
0x4f800	0	「그런가… 고곤 녀석이 쓰러졌나…」
0x4f800	1	「아아… 죽을 만한 부상은 아니지만 석화 공격은 한동안 못 쓸 거야」
0x4f800	2	「이놈 키타로… 놈들… 슬슬 교토에 도착해 버리겠구나!」
0x4f800	3	"「뭐… 괜찮지 않나. 거기에는 ""악마""가 있잖아?@키타로에게는, 기껏해야 힘내 달라고 하면… 되지」"
0x4f800	4	「어라어라… 엘리트 님씩이나 되시는 분이,@키타로의 피에는 흥미가 없어 보이시는데… 그건 어째서입니까?」
0x4f800	5	「확실히… 나는 유명인이나 지위 높은 인간의 생피를 빠는 걸 아주 좋아하지.@하지만, 지금은 그럴 때가 아니거든」
0x4f800	6	「호오…? 그럼, 드디어 소문의 그것이…」
0x4f800	7	「엘리트! …쓸데없는 소리는 하지 마라!」
0x4f800	8	「아, 아아…」
0x4f800	9	(쳇, 시끄러운 놈이군!)
0x4f800	10	「베어드, 예전까지의 너라면 몰라도, 지금의 너는 내 부하에 지나지 않는다.@모든 계획을 알 수 있는 입장이 아니다. 분수를 알아 주지 않겠나?」
0x4f800	11	"「알았다고, 드라큘라… ""님"". …그럼 이만」"
0x4f800	12	「기다려, 어디로 가느냐!」
0x4f800	13	「나는 그 뱀 머리를 교토로 보낸 발로 여기까지 왔다고.@이미 녹초야, 좀 쉬겠어… 그럼… 또 보자고」
0x4f800	14	(쳇, 아직 자기 입장을 모르는 모양이군…)
0x4f800	15	「드라큘라 형님, 저놈을 저렇게 방치해도 되는 거야?@저놈이 키타로를 격추한 걸 제대로 연락했으면 고곤도 지금쯤…」
0x4f800	16	「저놈에게는 아직 이용 가치가 있다. 죽이는 것 따위 언제든 할 수 있어. 지금은 일본을 제압하는 것이 먼저다」
0x4f800	17	「지금쯤 교토 혈전인가… 후후, 확실히 구경하러 가지 못하는 게 아쉽군.@그럼, 나는 슬슬 출발하겠다. 뒤를 부탁한다, 형제」
0x4f800	18	「아아, 맡겨라」
0x4f800	19	「그러고 보니 형님, 새로 들어온 그 밥 담당이 안 보이는데… 어디 간 거야?」
0x4f800	20	「밥 담당? 아아, 쥐인간 말이냐? 아까 론론이 데려갔다」
0x4f800	21	「론론이? 왜?」
0x4f800	22	「글쎄… 여자가 생각하는 건 모르겠군…」
0x4f800	23	「그분의 생각도… 그렇지?」
0x4f800	24	「라 세느! 말투를 조심해라. 지금, 그분을 적으로 돌릴 수는 없다」
0x4f800	25	「아아… 알고 있어」
0x4f800	26	「…………………………」
0x4f800	27	「요괴 까마귀들! 목적지는 슬슬 나올 거야.@요기가 가장 짙은 곳을 찾아서 그리로 서둘러 줘!」
0x4f800	28	「까~~~!!」
0x4f800	29	「아버지… 드디어군요」
0x4f800	30	「음. 그렇구나」
0x4f800	31	"「하지만… 상대는 ""악마""인 거지? 분명 엄청나게 강할 거야!@무슨 작전이라도 있어?」"
0x4f800	32	「어… 어어…」@(작전? 그러고 보니… 그런 건 생각 안 했는데…)
0x4f800	33	「음, 실은 조금 손을 써 두었다」
0x4f800	34	「어… 금시초문인데요 아버지!?」
0x4f800	35	「나도 그렇다!」
0x4f800	36	「그런 얘기… 못 들었다!」
0x4f800	37	「미안하구나 미안해. 실은 출발하기 전에 아부라스마시와 내가 몰래 머리를 짜 두었다」
0x4f800	38	「그래도… 저한테 정도는 말해 주셔도 되잖아요!」
0x4f800	39	「미안하구나, 잘 될지 어떨지 확증이 없어서 말이다…@실은… 지금도 그 준비가 제대로 되어 있는지 모르는 상태다」
0x4f800	40	"「그 ""준비""의 성사 여부는 언제 분명해지느냐?」"
0x4f800	41	「교토에 가 보지 않으면… 모른다」
0x4f800	42	「도박이올시다…」
0x4f800	43	"「뭐, 뭐, 만약 아버지의 작전이 안 되더라도, 지금까지처럼@""힘껏 부딪쳐서 저놈들을 쓰러뜨린다"" 그것뿐이야!」"
0x4f800	44	「그렇다, 미덥지 못한 소리를 해서 미안하다만…@어디까지나 내 작전은 보험 정도로 생각해 주면 된다」
0x4f800	45	「이제 곧 교토다~!」
0x4f800	46	「드디어네!」
0x4f800	47	「키타로, 저기에 뭔가 보이오!」
0x4f800	48	「음… 아마도 저기가 악마의 소환 장소임에 틀림없을 것이다!」
0x4f800	49	「시간을 맞춘 모양이네요… 서둘러 내려갑시다!」
0x4f800	50	「어… 엄청나. 악마 군단을 전부 빨아들여 버렸어…!」
0x4f800	51	「음. 야칸즈루라면 당연하지」
0x4f800	52	「야칸… 즈루?」
0x4f800	53	"「음, 이것이 금단의 요괴 ""야칸즈루""다!@이 세상의 온갖 것을 얼마든지 흡수하는 이차원의 위장을 지닌 요괴로 말이다.@어떤 의미에서, 다이다라봇치 이상으로 위험한 요괴 중 하나다!@이놈이라면 설령 악마 군단이라 해도 보다시피다!」"
0x4f800	54	「하나… 질문이 있다만…」
0x4f800	55	「무엇이냐?」
0x4f800	56	「저놈은… 야칸즈루는 배가 부를 때가 있느냐?」
0x4f800	57	「아마도… 없겠지」
0x4f800	58	「그럼… 저놈을 어떻게 멈추느냐?」
0x4f800	59	(음… 아뿔싸!)
0x4f800	60	「아버지… 무슨 일이세요」
0x4f800	61	「……놈을 말릴 방법을 생각해 두지 않았구나」
0x4f800	62	「무엇이라!? 그럼 저놈은 이대로 교토의 모든 것을 빨아들여 버리지 않느냐!」
0x4f800	63	"「잘못하면… ""온 일본의 것을""이겠지」"
0x4f800	64	「어어어… 어쩔 거야! 악마 군단보다 더 고약하잖아!」
0x4f800	65	「으음… 독으로써 독을 제압할 셈이었는데… 조금 독이 너무 강했던 모양이구나!」
0x4f800	66	「……………!」
0x4f800	67	「아버지! 야칸즈루가!」
0x4f800	68	「안 되겠다! 우리를 노리는 것이냐?」
0x4f800	69	「꺄아~~~! 대-위-기~!!」
0x4f800	70	「도, 도망칩시다!」
0x4f800	71	「아니, 그럴 필요는 없다」
0x4f800	72	「!? 누구냐!」
0x4f800	73	「나다, 키타로」
0x4f800	74	「아… 아부라스마시! 오가사와라 쪽은 무사히 해결했나?」
0x4f800	75	「아아, 꽤나 고생했다만,@키타로 일행이 이쪽 방면에서 날뛰어 준 덕분에, 어떻게든 됐다」
0x4f800	76	「그보다 아부라스마시, 도망칠 필요가 없다는 건 무슨 소리야?」
0x4f800	77	「야칸즈루 이야기를 아버님께 제안했을 때부터, 이런 사태도 예상했다.@멈추는 방법도 조사해 두었지. 저놈을 멈추려면, 제물이 필요하다」
0x4f800	78	「무엇이라!? 그건 몰랐다, 정말이냐!?」
0x4f800	79	「아아, 조금 부족하긴 하지만, 부엘과 베리알을 삼킨 뒤이니, 나에게 맡겨 두어라」
0x4f800	80	「안 돼! 그런 짓을 하게 둘 수는 없어! 내가 가겠어!」
0x4f800	81	「착각하지 마라, 내가 그 역할을 자처하겠다는 게 아니다.@…방금 저기서 제물에 최적인 인재를 잡아 왔지」
0x4f800	82	「어?」
0x4f800	83	「노, 놔라! 제기랄~!」
0x4f800	84	「아~~! 너!」
0x4f800	85	「……!!」
0x4f800	86	「자~ 야칸즈루야! 제물을 받으~시게!」
0x4f800	87	「그, 그만둬! 내가 뭘 했다고!」
0x4f800	88	「괜찮아, 죽지는 않아. …백 년쯤 못 나올지도 모르지만」
0x4f800	89	「그, 그럴 거면 네놈이 하면 되잖아~! 이 인간도 아닌! 요괴도 아닌!」
0x4f800	90	「하지만… 저놈으로 괜찮은 것이냐?」
0x4f800	91	「아아. 저놈이니까 괜찮은 거다. 고양이소녀, 해 다오!」
0x4f800	92	「네~! 얍!」
0x4f800	93	「!!!!」
0x4f800	94	「으갸아아아아아~~!」
0x4f800	95	「…먹혀 버렸네요」
0x4f800	96	「…음」
0x4f800	97	「!!?!!?」
0x4f800	98	「!?!?!!!!!~」
0x4f800	99	「!?!?!?~~!?」
0x4f800	100	「뭐, 뭐냐?」
0x4f800	101	「……………」
0x4f800	102	「얌전해졌어…」
0x4f800	103	「사, 살았다~!」
0x4f800	104	「오오, 쥐인간!」
0x4f800	105	(이, 이 냄새는!?)
0x4f800	106	「꺅~ 너, 야칸즈루 속에서 방귀 뀐 거지!?」
0x4f800	107	「헤헤헤! 꼴좋다 이거야!」
0x4f800	108	「…………………」
0x4f800	109	"「제아무리 ""이차원의 위장""도 쥐인간의 최종 방귀 병기에는 당하지 못한 모양이구나」"
0x4f800	110	「아부라스마시… 자네, 이걸 계산하고…?」
0x4f800	111	「음. 생각보다 잘 풀렸군」
0x4f800	112	「뭐… 뭐라고? 해도 되는 일과 안 되는 일이 있다고!」
0x4f800	113	「자자, 덕분에 살았어」
0x4f800	114	「일단, 드라큘라 일당, 세계 요괴의 계획은 저지한 모양이구나」
0x4f800	115	「좀 긴 싸움이었네」
0x4f800	116	「일단 게게게의 숲으로 돌아가자~~~~!」
0x4f800	117	「그렇구나」
0x4f800	118	「야칸즈루는 어떻게 하느냐?」
0x4f800	119	「야, 잘 된 모양이네」
0x4f800	120	「오오, 까마귀텐구!」
0x4f800	121	「사정은 알고 있어. 나머지 일은 나에게 맡겨 주면 돼」
0x4f800	122	「미안하군」
0x4f800	123	「쥐인간, 너는 어떻게 할 거냐?」
0x4f800	124	(쳇, 드라큘라한테 돌아가 봐야, 어차피 감자 껍질 벗기기다)@「어, 어쩔 수 없구먼~! 그렇게까지 말한다면 이 몸도 게게게의 숲으로 돌아가 줄까!」
0x4f800	125	(딱히… 부탁하지 않았는데…)
0x4f800	126	「좋아, 오랜만에 우리 집으로 돌아갈까!」
0x4f800	127	「네!」
0x4f800	128	「자… 야칸즈루를 데리고 돌아갈까…」
0x4f800	129	「으와! 뭐, 뭐야…!?」
0x4f800	130	「으으… 험한 꼴을 당했군…」
0x4f800	131	「너, 너는!」
0x4f800	132	「부엘 님! 무사하셨습니까!」
0x4f800	133	「뭐!?」
0x4f800	134	「으와아!」
0x4f800	135	「헤헤헤! 뒤도 조심해야지!」
0x4f800	136	「설마 키타로 놈들이 야칸즈루를 쓸 줄이야… 험한 꼴을 당했다.@너희가 마지막에 나누어 준 에너지 덕분에 어떻게든 탈출했지만@없었다면 위험할 뻔했다」
0x4f800	137	「히히히, 키타로 일행이 우리를 제대로 쓰러뜨리지 않은 덕분에,@이쪽도 힘이 남아 있어서, 그래서 잘 된 모양이야」
0x4f800	138	「설마 악마 군단이 다들 빨려 들어가 버릴 줄이야」
0x4f800	139	「부엘 님, 베리알 님은요?」
0x4f800	140	「아직 야칸즈루 안이다 구해 내 다오」
0x4f800	141	「내가 덩굴을 뻗어 어떻게든 해 볼게. 악마 군단은 어쩌죠?」
0x4f800	142	「아마도 손을 쓸 수 없겠지」
0x4f800	143	「부엘 님은 이제부터 어떻게 하시겠습니까?」
0x4f800	144	「영력을 꽤 썼다. 베리알과 함께 인근 도시에서 인간의 생피라도 얻어서@다시 힘을 길러야겠지」
0x4f800	145	「그렇습니까, 그럼 그렇게 보고드리겠습니다」
0x4f800	146	「이놈 키타로… 너희를 언제까지고 내버려 두지는 않겠다…」
0x4f800	147	「교토의 깊은 산속에 이런 곳이 만들어져 있었나…」
0x4f800	148	「보아라 키타로…」
0x4f800	149	「무서운 양의 요괴 혈액이다…@이것만 있으면, 확실히 악마 정도는 얼마든지 불러낼 수 있겠구나!」
0x4f800	150	「용케 여기까지 도달했군 키타로… 칭찬해 주지!」
0x4f800	151	「네가… 악마 베리알이냐?」
0x4f800	152	"「유~감! 나는 ""악마 부엘""!」"
0x4f800	153	「부엘… 이라고?」
0x4f800	154	「일본에서는 베리알만큼 유명하지 않지만… 이래 봬도 악마 업계에서는 제법 두려움을 사고 있다고」
0x4f800	155	「키타로… 처음 만나는군」
0x4f800	156	「그렇다면… 네가…?」
0x4f800	157	「그렇고말고… 내가 악마 베리알이다!」
0x4f800	158	「………………………저기, 할멈」
0x4f800	159	「무엇이냐, 고양이소녀」
0x4f800	160	「이런 말 하기 뭣하지만… 뭔가, 내가 상상하던 악마의 모습과… 다른데」
0x4f800	161	"「으음… 그렇구나.@악마라기에, 좀 더 뾰족뾰족하고 사납고 강해 보이는 놈일 줄 알았다만…@저놈들은 아무리 봐도 ""그냥 촌스러운 아저씨""로구나」"
0x4f800	162	 |<가~~앙!>
0x4f800	163	「무, 무엇이라~~!」
0x4f800	164	「음, 동감이다」
0x4f800	165	 |<가~~앙!>
0x4f800	166	「네, 네가 동의하지 마라~!」
0x4f800	167	「이놈… 재팬의 요괴는 우리의 무서움을 모르는 모양이군」
0x4f800	168	「베리알이여… 이건 우리의 무서움을 뼈저리게 알려 주어야겠구나…」
0x4f800	169	「음… 그걸 해 볼까」
0x4f800	170	"「마침 잘됐다, 나는 마지막 마무리에 들어가겠다. 너는 그 ""그것""으로 방어를 굳혀 다오」"
0x4f800	171	「알았다…」
0x4f800	172	「무엇을 할 셈이냐…?」
0x4f800	173	「음… 키타로, 저것을 보아라!」
0x4f800	174	「어!?」
0x4f800	175	「으윽! 뭐, 뭐야 저거!」
0x4f800	176	「후후후… 놀랐느냐!@나는 자기 몸의 일부를 백 배로 증식시킬 수 있다!」
0x4f800	177	「백 배… 라고!?」
0x4f800	178	「으음음… 무슨 엉터리 같은 놈이냐!」
0x4f800	179	「자… 간다 부엘!」
0x4f800	180	「아아, 시간이 걸렸지만… 준비는 모두 갖추어졌으니까!」
0x4f800	181	「!? 저건?」
0x4f800	182	「마, 마법진이다…! 놈들 드디어 악마를 불러들일 셈이다!」
0x4f800	183	「그, 그건 큰일이다!」
0x4f800	184	"(아부라스마시의 ""준비""는 아직 안 된 모양이구나… 에잇, 어쩔 수 없다)"
0x4f800	185	「키타로, 이렇게 된 이상 힘으로 놈들을 막는 것이다!@마법진을 전개했다는 것은 아마도 앞으로 10분만 있으면 악마 소환을 실행할 수 있을 것이다.@그때까지 어떻게든 증식한 베리알들을 전원 쓰러뜨리고, 소환을 저지하는 것이다!」
0x4f800	186	「알겠습니다, 아버지!」
0x4f800	187	「일단… 마법진을 만들어 내고 있는 베리알을 쓰러뜨려서,@악마 소환 의식을 멈추지 않으면……」
0x4f800	188	「그렇게… 잘 될까?」
0x4f800	189	「누구냐?」
0x4f800	190	「나다… 키타로」
0x4f800	191	「너는… 분명 드라큘라의 부하인…」
0x4f800	192	"「내 이름은 ""머리 둘 미라요괴""… 베리알 님들을 방해하게 두지는 않는다」"
0x4f800	193	「우리도… 악마 따위에게 일본을 멋대로 짓밟게 둘 수는 없어…@자, 간다!」
0x4f800	194	「자기 몸을 백 배로 만들어 따로따로 조종하다니… 얼마나 대단한 영력의 소유자인 거야」
0x4f800	195	「음, 겉모습은 다들 비슷비슷하다만…@백 배가 되어 있는 몸의 부위에 따라, 이놈들의 싸우는 방식은 조금씩 다른 모양이다.@조심하는 것이다, 키타로」
0x4f800	196	"「쳇… 방해하다니!@조금만 더 있으면 내 부하인 ""악마 군단""을 불러낼 수 있는데!」"
0x4f800	197	「부엘! 너희 악마는 어째서 세계 요괴 편을 드는 거냐!」
0x4f800	198	「그렇다, 자네들 입장에서는 드라큘라 따위 하등한 마물일 터.@그런데도… 어째서 놈들 편을 드는 것이냐?」
0x4f800	199	「흥, 어쩔 수 없지 않느냐. 우리를 소환한 그자가 그것을 명했으니 말이다」
0x4f800	200	「그자…? 누구를 말하는 거냐!」
0x4f800	201	「흥, 누구든 어떠냐!@어쨌든, 나와 베리알은 정식 절차로 이 지상에 불려 나왔다.@그렇다면 불러낸 그자의 말은 들어야만 한다… 그것이 규칙이다.@그때까지 자유를 얻을 수 없으니까 말이다!」
0x4f800	202	(악마를 둘이나 불러낸 인물… 대체 누구지?)
0x4f800	203	(젠장… 얼른 이런 계약은 끝내고 싶다고!)
0x4f800	204	「해냈다!」
0x4f800	205	「으… 우오오오오오~! 자, 잘도 해 주었구나!?」
0x4f800	206	「베리알… 이제 마법진은 만들어 내지 못하겠지. 각오해라!」
0x4f800	207	「그렇다, 이걸로 악마 소환도 글렀으니 말이다!」
0x4f800	208	「흥… 어리군」
0x4f800	209	「뭐!?」
0x4f800	210	「소환에 필요한 절차는 끝났다. 에너지는 전부 모였다…@나머지는 시간만 들이면 나 혼자서 악마를 불러낼 수 있다!」
0x4f800	211	「무엇이라!」
0x4f800	212	「부엘, 그것에는 얼마나 걸리느냐?」
0x4f800	213	「글쎄… 5분만 더 있으면 되겠군」
0x4f800	214	「그렇다면… 부엘! 그때까지 너를 멈춰 보이겠다!」
0x4f800	215	「흥, 좋다. 덤벼라 키타로! 다만, 서두르는 게 좋을 거다」
0x4f800	216	「또 증원인가!」
0x4f800	217	(뭐지 저놈… 본 적 없는 놈인데…?)
0x4f800	218	「오오, 라그레시아냐」
0x4f800	219	「라그레시아…? 남방의 요괴인가?」
0x4f800	220	「나도 가세하러 왔어!」
0x4f800	221	「마법진을 해제했나 싶었더니… 이래서는 끝이 없어!」
0x4f800	222	「키타로, 어쨌든 지금은 부엘을 쓰러뜨리는 데 집중하는 것이다!」
0x4f800	223	「네, 네!」
0x4f800	224	「너희들은!」
0x4f800	225	「베리알 님! 부엘 님! 우리도 가세하겠습니다!」
0x4f800	226	「너희를 이번에야말로 쓰러뜨려 주겠어!」
0x4f800	227	「히히히! 또 만났군 키타로!」
0x4f800	228	「론론!」
0x4f800	229	"「예비 지팡이를 가져왔지… 이제 ""무명천 베기"" 따위 통하지 않으니까!」"
0x4f800	230	「또 이놈인가…」
0x4f800	231	「거들어 주지. 뭐, 다 같이 즐겁게 해 보자고!」
0x4f800	232	「헤헤… 키, 키타로!」
0x4f800	233	「너… 쥐인간 아니냐!」
0x4f800	234	「살아 있었던 모양이구나」
0x4f800	235	「이 아이는 귀엽다니까~! 너무 귀여워서 드라큘라한테서 받아 왔지」
0x4f800	236	(에휴~~!! 감자 껍질 벗기기 다음은 할멈이랑 같이 키타로 상대냐…@더 이상 이놈들이랑 어울려 봐야 좋을 게 없겠군… 이렇게 된 이상… 튈까!)
0x4f800	237	「미, 미안하다 론론. 나는 이만 실례하겠어!」
0x4f800	238	「어! 무슨 소리야!」
0x4f800	239	「신세 졌구먼, 잘 있어~!」
0x4f800	240	「어라, 도망쳐 버렸는데요?」
0x4f800	241	「나는 이제 모른다. 내버려 두어라」
0x4f800	242	「젠장… 일시 퇴각이다」
0x4f800	243	「아야야야! 일단 물러나겠어!」
0x4f800	244	「어머나… 내가 당한 거야?@어쩔 수 없군… 조금 물러나서 쉬도록 하지」
0x4f800	245	「으와!! 뭔가… 잘못된 거야!」
0x4f800	246	「말도 안 된다… 내가 재팬의 요괴 따위에게 이렇게까지 당하다니!@에잇, 일시 철수다!」
0x4f800	247	「당했다! 퇴, 퇴각이다~!」
0x4f800	248	「아야야야… 좀 봐주면서 해!」
0x4f800	249	(더 이상 세계 요괴들과 어울려 봐야 좋을 게 없겠군… 튈까!)
0x4f800	250	「앗! 어디 가는 거야!」
0x4f800	251	「신세 졌구먼, 잘 있어~!」
0x4f800	252	「후후후… 악마 소환까지 앞으로 3분쯤이다…」
0x4f800	253	「이제 곧이다… 앞으로 1분만 있으면 악마 군단을 불러낼 수 있다!」
0x4f800	254	「앞으로 5분이다…」
0x4f800	255	「앞으로 1분이면 소환 준비가 완료된다 후후… 끝이군!」
0x4f800	256	「후후후… 유감이었군 키타로」
0x4f800	257	「이런! 시간을 맞추지 못했나!」
0x4f800	258	「부엘! 우리의 힘도 쓰는 것이다!」
0x4f800	259	「알았다!」
0x4f800	260	「으와~~~!」
0x4f800	261	「악마 부엘의 이름으로 명하노라…@나오라! 악마 군단~~!」
0x4f800	262	「이, 이런!」
0x4f800	263	「키, 키타로! 위, 위를 보아라!」
0x4f800	264	「그럴 수가… 저것이… 악마 군단!?」
0x4f800	265	「후하하… 해냈다! 마침내 이 지상에 악마 군단을 불러들였다!」
0x4f800	266	「에휴… 여기까지 와서…」
0x4f800	267	「이럴 수가, 조금만 더 하면 됐는데!」
0x4f800	268	「으학! 그, 그럴 수가! 여기까지 내가 몰리다니!」
0x4f800	269	「이제 놈에게는 악마 군단인지 뭔지를 불러낼 힘은 남아 있지 않을 것이다!」
0x4f800	270	「이제 끝이다, 부엘. 얼른 악마의 나라로 돌아가라!」
0x4f800	271	「젠장… 이놈 키타로!」
0x4f800	272	「부엘!」
0x4f800	273	「베리알… 이대로는 그자와의 계약을 이행할 수 없다.@그렇게 되면 우리는 계속 이 지상에 묶인 채다!」
0x4f800	274	「음, 이렇게 되면 이러니저러니 할 것 없다. 우리 몸에 남은 힘을 전부 너에게 쏟아 넣겠다.@너는 그것으로 악마 군단을 불러내는 것이다!」
0x4f800	275	「알았다…!」
0x4f800	276	「뭐라고! 그만둬!」
0x4f800	277	「이미… 늦었다!」
0x4f800	278	「으와!」
0x4f800	279	「지금이다 부엘… 하는 것이다…!」
0x4f800	280	「악마 부엘의 이름으로 명하노라…@나오라! 악마 군단~~!」
0x4f800	281	「이, 이런!」
0x4f800	282	「키, 키타로! 위, 위를 보아라!」
0x4f800	283	「그럴 수가… 저것이… 악마 군단!?」
0x4f800	284	「후하하… 해냈다! 마침내 이 지상에 악마 군단을 불러들였다!」
0x4f800	285	「에휴… 여기까지 와서…」
0x4f800	286	「이럴 수가, 조금만 더 하면 됐는데!」
0x4f800	287	「…작전은 성공이다」
0x4f800	288	「이제 우리는 볼일이 끝났네」
0x4f800	289	「그럼, 이런 시끄러운 곳에 언제까지고 있을 필요는 없지」
0x4f800	290	「이런이런… 한시름 놓았군. 돌아가도록 하지. 철수다」
0x4f800	291	「헤, 잘 있어라 키타로」
0x4f800	292	「임무 완료로군… 귀환한다」
0x4f800	293	「해, 해냈구나 부엘!」
0x4f800	294	「후후… 이걸로 일본도 끝장이다!」
0x4f800	295	「윽… 어떻게 하면 좋지? 이만한 수의 악마를 상대로 이길 수 있을까…?」
0x4f800	296	(크… 하다못해, 내가 생각해 둔 계획의 준비가 되어 있었다면…)
0x4f800	297	「어…?」
0x4f800	298	「에잇! 이런 때에 또 전화냐!」
0x4f800	299	「여보세요…? 키타로니?」
0x4f800	300	「너는… 누구지?」
0x4f800	301	"「나는 ""까마귀텐구""」"
0x4f800	302	「무엇이라? 키, 키타로! 나에게 바꾸어라」
0x4f800	303	「여보세요, 아버님입니까?@늦어져서 미안합니다. 아부라스마시가 부탁한 물건이 머지않아 그쪽에 도착합니다.@조심해서 다루어 주세요. 어쨌든 위험하니까요」
0x4f800	304	「으, 음. 알았다!」
0x4f800	305	「아버지! 뭔가 오고 있어요!」
0x4f800	306	「무, 무엇이냐?」
0x4f800	307	「까마귀예요. 뭔가… 통을 매달고 있네요」
0x4f800	308	「저것이, 아부라스마시와 내가 준비해 두었던 것이다!」
0x4f800	309	「뭐냐… 저건」
0x4f800	310	「앗! 아버지, 놈들에게 빼앗기고 말겠어요!」
0x4f800	311	「괜찮다, 아무것도 하지 마라」
0x4f800	312	「어?」
0x4f800	313	「이, 이건!? 설마…!」
0x4f800	314	「으와아! 그, 그만둬!」
0x4f800	315	「으와아아아아아아~!」
0x4f800	316	「베리알을… 삼켰다!?」
0x4f800	317	「이, 이놈! 이런 수를 쓰다니…」
0x4f800	318	「키타로, 서둘러 피하는 것이다! 휘말린다… 서둘러라!」
0x4f800	319	「네, 네!」
0x4f800	320	「으와아아아아아~~!」
0x4f800	1024	개발중
0x53800	0	「후후후… 도쿄인가… 이 몸의 쇼에는 안성맞춤인 빅한 스테이지로군!」
0x53800	1	「드디어 하는 건가?」
0x53800	2	「아아, 머지않아 막이 오른다.@일본의 멸망의 노래를 연주하는… 파이널 콘서트의 막이 말이지!」
0x53800	3	「이 계획의 소문은 듣고 있었지만… 사실일 줄은 몰랐어.@오가사와라와 교토의 계획이 일본 정복 작전의 본진인 줄로만 알았는데…」
0x53800	4	「흥, 그렇겠지」
0x53800	5	「뭐!?」
0x53800	6	「이번 도쿄에서의 계획은, 간부 중에서도 상층 요괴에게만 알려졌을 터.@어쨌든, 실은 이것이야말로 일본 공략을 위해…@아니, 세계 정복을 위해 진정 필요한 계획이니까 말이다!」
0x53800	7	「드라큘라는 알고 있는 건가? 미끼치고는… 피가 너무 흘렀다고!」
0x53800	8	「이런 계획을 그자에게 받아들이게 한 것. 그것이야말로… 그분의 무서움을 말해 준다. 그렇게… 생각하는 것이다.@비판 섞인 언동은, 그분 밑에서 일하고 싶다면 삼가라.@어디서 듣고 있을지 모른다? …대통령」
0x53800	9	"「대… ""대통령""은 그만둬! 아, 알고 있다고, 그런 건」"
0x53800	10	「예정 개연 시간이야… 시작할까?」
0x53800	11	「아아…」
0x53800	12	「언제든 좋다고」
0x53800	13	(후후…)
0x53800	14	「잇츠…」
0x53800	15	「쇼~~ 타~~임!」
0x53800	16	「그런가… 그쪽에서는 그런 일이 있었나」
0x53800	17	「아아, 아부라스마시 쪽도 힘들었던 모양이네…」
0x53800	18	「음, 오가사와라로 향하는 도중에 보자이라는 놈이 방해를 해서, 애를 먹었지.@게다가 요괴수도 역시 꽤나 벅찬 상대였다. 어떻게든 쓰러뜨렸지만 말이다!」
0x53800	19	「오오, 놈들은 교토의 깊은 산속에 악마 소환용 마법진을 깔아 두었더군.@그것을 깨는 건 꽤나 힘들었어!」
0x53800	20	「고마워, 덕분에 살았어. …다른 모두는?」
0x53800	21	「역시 그놈들은 다운되어 있다. 아슬아슬한 승리였으니까」
0x53800	22	「그런가…」
0x53800	23	「후~~~! 한 일 끝낸 뒤의 목욕은 각별하구나!」
0x53800	24	「아버지! 지금 아부라스마시 이야기를 듣고 있는 중인데요!」
0x53800	25	「아니, 신경 쓰지 않아도 된다. 그쪽도 힘들었을 테니까」
0x53800	26	「하지만, 드라큘라 일당이 그 정도로 물러날 것 같지는 않구나…@여기에도 언젠가 쳐들어오지 않겠느냐?」
0x53800	27	「그럴 가능성은 있습니다. 하지만, 아무리 강한 요괴가 쳐들어온다 해도,@제가 있는 한 이 숲을 놈들 마음대로 하게 두지는 않겠습니다!」
0x53800	28	「하지만… 드라큘라를 쓰러뜨린 건 아니고… 개운치가 않소이다!」
0x53800	29	「누~리~카~베~! 분명 놈들~ 또 뭔가 꾸미고 있다~~!」
0x53800	30	「괜찮아 누리카베.@오가사와라와 교토의… 그런 대규모 작전도, 우리에게는 통하지 않았잖아!@이제 와서 어설픈 계획 따위 놈들이 세워 온들… 분명 낙승이야!」
0x53800	31	「음. 키타로 없는 전력으로도 어떻게든 되는 정도의 놈들이다.@전원의 힘을 합치면 넘어서지 못할 위기 따위 없다!」
0x53800	32	「오오오! 무, 무엇이냐 이건!」
0x53800	33	"「헤헤헤… 어떠슈 영감! 이게 ""자쿠지""라는 거요」"
0x53800	34	「호호! 제법 좋은 물건이구나?」
0x53800	35	"「…뭐가 ""자쿠지""야, 열대어용 펌프를 밥공기 목욕통에 꽂아 놓은 것뿐이잖아!」"
0x53800	36	"「모르시는구먼~! 이름이 중요한 거야?@커피 우유는 ""카페오레""! 삼겹살은 ""갈비""!@자~ 봐, 바꿔 말했을 뿐인데 확 좋은 느낌이 되잖아~」"
0x53800	37	「이런이런… 세계 요괴의 동료가 되어 놓고선@아무런 정보도 가지고 돌아오지 못한 놈이 그 정도로 잘난 척은…」
0x53800	38	「어쩔 수 없잖~아! 그놈들 지독한 구두쇠라서, 돈도 정보도 가지고 있으면서 돌아오지를 않아!@정나미가 떨어졌다고!」
0x53800	39	「흥. 우리 형세가 좋아지니 냉큼 돌아와서는… 뻔뻔하기도 하지!」
0x53800	40	「자자, 쥐인간도 우리 일을 딱히 떠들고 다니지는 않은 모양이고,@지금까지처럼, 사이좋게 지내자」
0x53800	41	「그래그래… 사이좋게!」
0x53800	42	(이런이런… 또 여기로 돌아와 버렸지만…@이놈들이랑 있으면 뼛속까지 자비심이 배어 버린다… 어떻게든 해야 하는데…@세계 요괴 놈들도 아직 돈벌이 거리를 쥐고 있을 터.@어쨌든, 놈들은 내 빚을 없던 것으로 만들 힘이 있으니까 말이다.@돈에는 곤란해 보이지 않았는데… 그건 왜일까? 헤헤… 캐 봐야겠군)
0x53800	43	「응? 누가 온 모양이구나?」
0x53800	44	「키, 키키… 키타로 씨!」
0x53800	45	「야, 루카 양. 무슨 일이야?」
0x53800	46	(뭔가… 저 아이는 저 등장 방식이 평범해져서 익숙해져 버렸네…)
0x53800	47	「꺅! 죄, 죄송해요! 목욕 중이셨어요!?」
0x53800	48	「아니… 딱히 보여서 곤란한 것도 아니다만…」
0x53800	49	「무슨 일이냐? 그렇게 허둥대면서…」
0x53800	50	「교코지 건설의 직원분들은 그 후로 어떠냐?」
0x53800	51	「네, 네! 덕분에 모두 꽤 건강하게…
0x53800	52	 가 아니라요! 큰일이에요~!」
0x53800	53	(오늘은 급하구먼…)
0x53800	54	「좋다, 진지하게 이야기를 듣자」
0x53800	55	「TV를… 켜 주세요!」
0x53800	56	「TV?」
0x53800	57	「아, 내가 켤게!」
0x53800	58	「이, 이건…!?」
0x53800	59	「이건… 도쿄인가?」
0x53800	60	「…도쿄 상공을 돌연 덮친 수수께끼의 안개는 세력을 천천히… 그러나 확실하게 넓히고 있습니다.@저 안개가 전파 장애를 일으켜, 현재, 서서히 안쪽과 연락도 되지 않는 상태입니다.@조금 전 전면적으로 영업을 중지한 각종 교통기관도 운행 복구의 전망이 서지 않아,@자위대의 출동이 결정될 때까지는 도쿄는 완전히 육지의 외딴섬이 되어 버릴 것으로 보입니다」
0x53800	61	「뭐야 이거… 나, 꿈이라도 꾸고 있는 거야?」
0x53800	62	「그러나 각 부처의 장관이 저 안개 속에 갇혀 있기 때문에,@자위대의 출동을 결정할 긴급 각의를 열고 싶어도 사실상 불가능하며,@이번 이상기상에 대한 대응이 신속하게 이루어질 수 있을지… 매우 우려되고 있습니다」
0x53800	63	「키타로 씨 일행께 오가사와라와 교토 일의 전말을 들었는데요…@이쪽에서는 역시 그 일이 TV나 인터넷에 제대로 나오지 않아서…@그래서 여러모로 조사하고 있었어요! 그랬더니… 이게 방송되고 있어서…」
0x53800	64	「당했다… 오가사와라와 교토는 보험 같은 것… 본진은 이것이었구나!」
0x53800	65	「아버지… 이건 대체 뭘까요?」
0x53800	66	"「이건… 아마도 ""브리가둔 현상""이다!」"
0x53800	67	"「""브리가둔 현상""이라고?」"
0x53800	68	「으와! 뭐, 뭐냐!?」
0x53800	69	「TV가… 갑자기」
0x53800	70	「후후후… 키타로…」
0x53800	71	「이 목소리는… 드라큘라!?」
0x53800	72	「그렇고말고… 나다」
0x53800	73	「꺅! 지, 진짜 드라큘라? 대, 대단해! 처음 봤어…!」
0x53800	74	"「오가사와라와 교토에서는 내 부하를 꽤나 괴롭혀 주었다더군…@하지만, 그런 너희의 고생도 헛수고로 끝난다…@""브리가둔 현상""을 사용한 ""괴기상 작전""이, 거의 완벽하게 완료되었으니 말이다!」"
0x53800	75	(이놈… 우리 목소리가 들리는 모양이다… 대체 어떻게…?)
0x53800	76	「괴기상… 작전이라고?」
0x53800	77	「우리의 진짜 목적은 이것이다… 이날을 위해… 깊고 조용히 작전을 진행해 온 것이다!」
0x53800	78	「도쿄를 장악해서… 일본의 국가 기능을 마비시키는 작전인가!?@하지만, 일본에는 내가 있다! 너희 마음대로 하게 두지 않겠다!」
0x53800	79	「흥, 이제 와서 어쩌겠다는 것이냐? 너희는 이미 진 것이다!」
0x53800	80	「닥쳐! 그렇지 않아!」
0x53800	81	「흠… 직접 자웅을 겨루지 않으면 승패에 납득이 가지 않는 것도 도리이겠다만…@그것을 깨닫지 못하고 부하를 질 싸움으로 몰아가는 장수는 그저 어리석은 자일 뿐이다!」
0x53800	82	「하기도 전에 포기하는 것이 현명한 리더라면… 나는 어리석은 자라도 상관없다!」
0x53800	83	「어쨌든, 이 나라는 이제부터 우리가 지배한다. 세계 정복의 기념할 만한 첫걸음으로서 말이다!@너희는… 거기서 손가락이나 빨며 보고 있는 것이 좋겠다!」
0x53800	84	「기다려!」
0x53800	85	「잘 있거라 키타로! 아~하하하하하하!」
0x53800	86	「크…」
0x53800	87	「큰일이 나 버렸구나…」
0x53800	88	「어, 어떡하면 좋겠소!」
0x53800	89	「어떻게든… 놈들이 괴기상이라 부르던 저 안개를 멈춰야 해…」
0x53800	90	「하지만… 어떻게 하겠느냐?@자위대가 어떻게든 해 주는 것을 기다린 뒤가 나을지도 모른다?」
0x53800	91	「저것이 브리가둔 현상으로 일어난 안개라고 한다면… 물리적인 힘으로는 어림도 없다.@설령 폭탄을 떨어뜨린다 해도 저 안개는 꿈쩍도 하지 않을 것이다」
0x53800	92	「그럼… 그럼 어떡하라는 거야!」
0x53800	93	"「저 괴기상의 중심에는, 반드시 그 상태를 유지하기 위한 ""요기 정착 장치""가 있을 터…@그것을 부수면… 저 안개를 불안정하게 만들어 흩어 버릴 수 있을 것이다!」"
0x53800	94	「뭐요… 방법이 있는 것이오!」
0x53800	95	「그걸 빨리 말해 줘요. 그럼, 그걸 부수면 되는 거지? 간단하잖아!」
0x53800	96	「하지만… 괴기상 안은 이미 이공간이 되어 있을 터.@게다가 놈들도 부하를 배치해서 우리를 기다리고 있겠지.@그리 간단히 중심부까지 들어갈 수 있으리라고는 생각되지 않는다…!」
0x53800	97	「하지만… 아버지. 여기 가만히 있을 수도 없어요!」
0x53800	98	「하지만…」
0x53800	99	「…………………………
0x53800	100	 도쿄 중심까지… 무사히 갈 수 있는 길이 있으면 되는 거죠?」
0x53800	101	「어? 루카 양, 뭔가 짚이는 데가 있어?」
0x53800	102	「확실하게 단언은 못 하지만요… 여러분, 귀 좀 빌려주세요!」
0x53800	103	「놈들… 올까요?」
0x53800	104	「아아, 그놈은 반드시 온다. 이런 통신 따위 하지 않아도 말이다…」@(그렇고말고… 그놈은 역시 내 세계 정복의 꿈을 이루는 데 있어 최대의 장애다…)
0x53800	105	「통신… 그것도 역시, 그분의 지시입니까?」
0x53800	106	"「""좋은 방식이 아니다"" …그렇게 생각하느냐?」"
0x53800	107	「아니요, 오히려 흥이 너무 오르신 정도지요… 마치… 즐기고 계신 것처럼, 말입니다」
0x53800	108	(즐긴다… 그래… 분명 그분은 즐기고 있는 것이다…@그것이야말로… 나와 그분의 결정적인 차이인가…)
0x53800	109	「후후… 하지만, 그것도 또한 재미있는가…」
0x53800	110	「박쥐고양이까지 나오다니…」
0x53800	111	「뭐, 그놈도 일본을 손에 넣으려 했던 요괴 중 하나다.@확실히 드라큘라 일당의 동료가 되어 있어도 이상하지 않지」
0x53800	112	「저런 놈… 별로 도움이 될 리 없는데 말이야」
0x53800	113	「나, 나는, 고양이투성이인 놈들을 상대하는 건 이제 사양이야…」
0x53800	114	「어쨌든, 괴기상이 점점 넓어지고 있다, 서둘러야 한다!」
0x53800	115	「이 괴기상 속에서는, 평소 약했던 박쥐고양이 같은 요괴도 강화되어 있어.@이대로 이것이 온 일본에 퍼지면, 나쁜 요괴가 단숨에 힘을 얻어서…@세계 요괴보다도 더 고약해져 버릴지도 몰라」
0x53800	116	「그건 어떻게 해서든 저지해야지」
0x53800	117	「키타로! 한달음에 가서 확인하고 왔소!@타워는 이쪽이오이다!」
0x53800	118	「좋아, 아버지 갑시다」
0x53800	119	「음, 자… 타워로!」
0x53800	120	「후우… 겨우 지상인가」
0x53800	121	「여기가… 괴기상 속?」
0x53800	122	「키타로!」
0x53800	123	「고양이소녀! 모두 무사히 여기까지 도착한 모양이네」
0x53800	124	"「평소의 도쿄와는 전혀 다르구나…@이것이 ""백일몽 같은 세계""라는 것인가?」"
0x53800	125	「음. 완전히 바뀌어 버렸지만… 도쿄라는 사실에는 변함이 없다」
0x53800	126	「살고 있던 사람들은 어떻게 되었을까요…?」
0x53800	127	「피난하지 못한 사람은, 아직 이 안에 남겨져 있을 것이다.@요괴가 그들을 습격하기 전에 어떻게 해서든 이 괴기상을 걷어 내는 것이다!」
0x53800	128	「위치상으로는 타워는 이제 코앞일 텐데…」
0x53800	129	「좋아, 서두르자!」
0x53800	130	"「히히히히히! ""서두른다""고~? 나를 무시하고 어디로 서두르겠다는 거지?」"
0x53800	131	「누구냐!?」
0x53800	132	「자네는… 박쥐고양이!」
0x53800	133	「후후후… 오랜만이군 키타로」
0x53800	134	「이놈은 분명… 옛날에 키타로와 싸운 미국 요괴지?」
0x53800	135	「드라큘라 일당의 동료가 되어 있었나…」
0x53800	136	(분명, 전에 일본에 왔을 때는 미국의 요괴 대통령 선거에서 져서…@일본의 대통령이 되려고 왔었지)
0x53800	137	「한 번 키타로에게 진 주제에 뻔뻔하게도 또 온 거야?@그만둬 좀… 꼴사나워. 같은 고양이 요괴로서 부끄러워」
0x53800	138	「다, 닥쳐!」
0x53800	139	"「애초에… 일본에서 ""대통령""이 되겠다는 시점에서 좀 이상하구나!」"
0x53800	140	「크…」@(안 되겠다… 놈들의 페이스다)
0x53800	141	「흐, 흥! 어떻게 여기까지 숨어 들어왔는지 모르겠지만…@마침 잘됐다, 너희를 쓰러뜨려 내 공으로 삼아 주지!」
0x53800	142	「흐, 흥! 누군가 침입자가 있는 것 같다는 보고는 있었지만…@설마 지하에서 올 줄이야, 방심했군…」
0x53800	143	「흐, 흥! 그런 건 아무래도 좋다!@너희들… 형편없는 잠입이었어. 훤히 다 보였다고!@덕분에 이쪽은 준비를 완전히 끝냈지!」
0x53800	144	「모처럼 다시 만났는데 유감이지만… 너를 쓰러뜨리고 타워로 가겠다!」
0x53800	145	(크… 남의 말을 듣고 있는 건가?)@「조, 좋다, 키타로! 리벤지 매치 개시다!」
0x53800	146	「자, 덤벼라!」
0x53800	147	「어? …너 혼자서 우리를 상대할 셈이냐?」
0x53800	148	「꺅! 박쥐고양이가 잔뜩!」
0x53800	149	「나타났구나!」
0x53800	150	「걱정 없다, 놈이 잘하는 환각으로 만들어 낸 환상이다!」
0x53800	151	"「후후… ""걱정 없다""고? 그건 어떨까?」"
0x53800	152	「으와!」
0x53800	153	「뭐냐 이놈!? 그냥 환상이 아니다!」
0x53800	154	「마치… 진짜 같아! 어떻게 된 거지!?」
0x53800	155	「후후후… 이 괴기상 안에 충만한 요기 에너지와 어떤 것을 쓰면…@이런 식으로 환상을 실체화할 수 있는 거지!」
0x53800	156	「어떤 것…?」
0x53800	157	「과연… 박쥐고양이 정도의 요괴라도, 이런 사용법이 있었다니…」
0x53800	158	「다, 닥쳐! 어쨌든 타워로는 가게 두지 않겠다!」
0x53800	159	「흥… 역시 타워에 요기 정착 장치가 있는 거군?」
0x53800	160	「쳇, 실수했다…」
0x53800	161	「앗! 이놈! 무슨 짓을 하는 거냐!」
0x53800	162	「환상이 아니라 실체화하고 있다는 건… 이쪽 공격도 맞는다는 거야!@그렇다면 무섭지 않아!」
0x53800	163	「쳇… 허세를!」
0x53800	164	「키타로, 놈들은 저렇게 매복을 할 셈이다!@박쥐고양이 본체를 치지 않으면 고전을 면치 못할지도 모른다!」
0x53800	165	「그렇네요… 저 안쪽에 있는 진짜 박쥐고양이를 서둘러 쓰러뜨립시다!」
0x53800	166	「그리 간단히는 안 되지!」
0x53800	167	「앗! 도망쳤다!?」
0x53800	168	「아니, 보이지 않지만 기척은 있다… 모습을 감추고 있는 것이다@요괴 안테나를 잘 쓰면 발견할 수 있을 것이다. 해 보는 것이다!」
0x53800	169	「네!」
0x53800	170	「박쥐고양이… 찾았다!」
0x53800	171	「쳇, 이런!」
0x53800	172	「그그그…… 또다시~~!!」
0x53800	173	「이런 놈까지 숨어 있었던 건가!?」
0x53800	174	「아직 있을지도 모른다. 신중하게 가는 것이다!」
0x53800	175	「후후후… 한 번 더 간다…」
0x53800	176	「박쥐고양이의 모습이 또 보이지 않게 됐어…!」
0x53800	177	「키타로, 침착해라, 안테나를 쓰는 것이다!」
0x53800	178	「사람을 들이받아 놓고… 그냥 넘어갈 줄 알았냐!」
0x53800	179	「아프잖아! 이렇게 해 주마!」
0x53800	180	「너는 이번 일로 어떤 보수를 받는 거냐!」
0x53800	181	「일본 대통령 자리… 라고 말하고 싶은 참이다만,@이 괴기상 속 세계를 일부 영토로 받을 예정이지!@어쨌든 이 안은 살기 좋아 보이니까!」
0x53800	182	「그런가… 하지만, 그 꿈은 이루어지지 않아. 괴기상은 내가 없애 보이겠다!」
0x53800	183	「지껄여라, 반요괴 주제에!!」
0x53800	184	「아버지… 아까부터 신경 쓰였는데요…@박쥐고양이의 환상을 쓰러뜨릴 때마다 올라가는 저 빛나는 것은 뭘까요?」
0x53800	185	「어쩌면… 저것은 인간의 혼일지도 모른다」
0x53800	186	「잘도 알아차렸군, 저것은 괴기상 속에 남겨진 인간들에게서 받은 혼이다!@그것을 심으로 써서 이 환상을 실체화시킨 거지!」
0x53800	187	「이럴 수가…」
0x53800	188	「어떡하죠… 아버지」
0x53800	189	「신경 쓸 것 없다, 환상의 박쥐고양이를 쓰러뜨리면 혼은 해방된다.@계속해서 쓰러뜨려 버리는 것이다!」
0x53800	190	「그, 그렇겠네요. 알겠습니다!」
0x53800	191	「저, 전멸? 내… 환상의 박쥐고양이 군단이?」
0x53800	192	「방금 그걸로 전부인 모양이네」
0x53800	193	「인간의 혼은 이걸로 전부 해방된 모양이구나」
0x53800	194	「이, 이놈, 잘도~~~~!!」
0x53800	195	「키타로… 오늘까지의 일련의 싸움으로 너도 꽤 성장한 모양이구나」
0x53800	196	「그, 그런가요? 그런 실감은 별로 없는데요…… 갑자기 왜 그러세요?」
0x53800	197	「실감은 없다…… 인가. 그럼, 모르는 사이에 새로운 기술을 익혔다는 것이구나?」
0x53800	198	「어? 제가 새로운 기술을!?」
0x53800	199	"「""체내 전기 방전"". 높아진 요괴 전기 에너지를 주위에 방출하는 ""광범위"" 기술이다.@강해졌구나 키타로. 잘 쓰거라!」"
0x53800	200	「그아아아아아! 당했… 다!」
0x53800	201	「아무리 환상을 만들어 내 봐야… 전부 네 모습이라 무섭지 않네!」
0x53800	202	「전적으로 그렇구나」
0x53800	203	「제, 제기랄! 멋대로 지껄이다니! 기억해 둬라~~!」
0x53800	204	「자, 앞을 서두르자」
0x53800	1024	개발중
0x57800	0	「여기가 타워인가… 꽤 넓지 않느냐」
0x57800	1	「우리는 이런 곳에는 잘 오지 않으니까요」
0x57800	2	「헤, 이런 데 오는 건 시골 관광객뿐이야!@세계 요괴 놈들도, 이런 장소를 거점으로 고르다니… 아직 촌뜨기로군…」
0x57800	3	「그런데… 엘리베이터는 아마 멈춰 있겠지? 어떻게 위까지 가?」
0x57800	4	「물론… 계단이지」
0x57800	5	「거짓말… 정말로?」
0x57800	6	「고양이소녀는 무리하지 말고 천천히 올라오면 돼」
0x57800	7	「무, 무슨 소리야! 무시하지 마! 나, 계단 엄청 좋아한다고!」
0x57800	8	「그, 그래? 그럼, 올라갈까…」
0x57800	9	「응!」
0x57800	10	「이 계단으로 올라갈 수 있는 건 여기까지인 모양이군…@누리카베, 더 위로 이어지는 다른 계단이 어딘가에 있을 거야. 찾아와 줘!」
0x57800	11	「알았다~~~」
0x57800	12	「자… 잠깐만… 아직 더 올라가…?」
0x57800	13	「그러니까 말했잖아…@어쩔 수 없지. 누리카베가 찾으러 간 동안 잠깐 쉬자」
0x57800	14	「으으으… 미안, 키타로… 다들…」
0x57800	15	「신경 쓰지 마라 고양이소녀. 나도 실은 녹초였다.@이 나이에 이렇게 계단을 오르게 될 줄은 몰랐구나!」
0x57800	16	「언제나처럼 칠칠치 못하구먼~!@매일의 단련이 부족하니까, 너희는 결정적인 순간에 그런 꼴이 되는 거야!」
0x57800	17	「잠깐, 어째서 너는 멀쩡한 얼굴을 하고 있는 거야?」
0x57800	18	「그렇다, 이상하구나?」
0x57800	19	「이상하지 않다고. 나는 이래 봬도 매일 트레이닝하고 있으니까 말이야…@뭐, 평소의 성과지… 라고나 할~까!」
0x57800	20	(부아가~! 뭐야 이 녀석!)
0x57800	21	「쥐인간이라면 내 꼬리를 억지로 붙잡고 여기까지 매달려 왔소이다!」
0x57800	22	「아~! 바보! 무슨 소리를 하는 거야 분위기를 읽어, 분위기를~!!」
0x57800	23	「뭐~가…」
0x57800	24	「으갸아아아~~!」
0x57800	25	"「""평소의 성과""야!」"
0x57800	26	「멋지구나!」
0x57800	27	「흥, 이거라면 늘 단련하고 있으니 백발백중이지!」
0x57800	28	「고양이소녀, 할멈, 힘드시겠지만… 참고 나아가 주실래요?」
0x57800	29	「아, 응! 괜찮아, 신경 쓰지 마!」
0x57800	30	(캬~~! 상대에 따라 태도가 홱홱 바뀌다니~!)
0x57800	31	「뭘, 조금 쉬면 금방 회복하느니라!」
0x57800	32	(여기까지의 싸움으로 저들도 많이 지쳤겠지…@어서 푹 쉬게 해 주고 싶구나.@나만 목욕이나 하면서 기분 좋아하고 있었던 것이 부끄럽구나!)
0x57800	33	「요기 정착 장치는 아직 위일까요…?」
0x57800	34	「모르겠다, 이 타워의 어딘가에 있을 것이라고는 생각한다만…」
0x57800	35	「위로 가는 계단이 안 보인다~~!」
0x57800	36	「뭐라고? 그럴 리가 없는데…」
0x57800	37	「아니, 여기는 평소의 타워와 다르다.@실제 타워와는 구조가 완전히 바뀌어 버렸을 것이다.@어딘가 아직 찾아보지 않은 곳에 반드시 있을 것이다!」
0x57800	38	「응?」
0x57800	39	「무슨 일이냐, 키타로?」
0x57800	40	「뭔가… 들리지 않으세요?」
0x57800	41	「인간의… 비명 같은 것이오?」
0x57800	42	「아니… 그런 소리가 아니야. 좀 더 규칙적인 리듬이야… 이 안쪽에서 들려와!」
0x57800	43	"「후움… 잘 모르겠다만… 위로 나아갈 길도 찾아야 하고,@키타로가 말하는 ""소리""가 나는 쪽으로 가 보도록 할까」"
0x57800	44	「이봐 이봐… 위험하지 않~겠어? 좀 더 잘 조사하는 게 좋다고!」
0x57800	45	「이 괴기상 속에 안전한 곳 따위 없어. …쥐인간」
0x57800	46	「키타로… 내 귀로는 아직 안 들리는데 그거 어떤 종류의 소리야?」
0x57800	47	「금속이 내는 소리 같은데…」
0x57800	48	「므, 뭐라고~~~!?」
0x57800	49	(돈 되는 물건인가? 놈들은 어딘가에 재보를 숨겨 두고 있다고 보고 있었는데…@확실히 여기라면 돈을 쌓아 두기에는 안성맞춤!@재보를 옮겨 들이고 있을 가능성도 있겠군? 이거 어쩌면…!?)
0x57800	50	「키, 키타로… 나는 먼저 가겠어!」
0x57800	51	「아, 야 기다려!」
0x57800	52	「이걸 어떻게 기다려! 잘 있어~~~~~!!」
0x57800	53	「뭐야? 저 녀석…」
0x57800	54	「우리도 서두르자!」
0x57800	55	「이런이런, 대단한 싸움이었구나!」
0x57800	56	「하지만… 적도 이것저것 걸어오는구려」
0x57800	57	「이 앞에도… 아직 힘든 싸움이 기다리고 있을까…」
0x57800	58	「그렇다, 아마도 그렇겠지」
0x57800	59	(쳇, 결국 여기에도 돈은 안 숨겨져 있는 거냐! 못 해 먹겠군, 정말!)
0x57800	60	「저기…」
0x57800	61	「으와~~!! 뭐! 뭐야~~!?」
0x57800	62	「저, 저기, 죄송합니다」
0x57800	63	「당신은…?」
0x57800	64	「네, 네. 저는 그 카리카라는 놈에게 붙잡혀 있던 사람입니다」
0x57800	65	「오오, 그거 위험할 뻔했구나」
0x57800	66	「당신들, 하마터면 그놈에게 제물이 될 뻔했느니라」
0x57800	67	「저 말고도 많은 사람이 붙잡혀 있었는데요, 카리카가 허둥지둥 도망갈 때…@감옥 열쇠를 떨어뜨리고 가서, 그걸로 전원 도망칠 수 있었습니다」
0x57800	68	「그놈, 몸에 불이 붙어서 엄청 당황했었지… 분명 그 탓이네!」
0x57800	69	「아아, 그렇군」
0x57800	70	「네, 여러분이 누구신지는 모르지만, 한마디 감사 인사를, 하고 싶어서…」
0x57800	71	「어쨌든 무사해서 다행입니다. 이 근처는 위험합니다. 어딘가에 숨어 계세요」
0x57800	72	「알겠습니다. 여러분도 조심하세요!」
0x57800	73	「카리카… 인가, 별난 요괴였네요」
0x57800	74	「컴퓨터로 인형을 조종하다니… 요괴라고는 생각되지 않는 신식 놈이었구나」
0x57800	75	「컴퓨터라면, 저도 쓰는데요?」
0x57800	76	「…………………………@그렇구나, 이제는 그 정도가 보통일지도 모른다. 시대는 변하기 시작했구나.@그것을 따라가지 못하는 나는 이제 꽤 나이를 먹었다는 것인가…」
0x57800	77	「아버지… 시대가 변했다 해도 역시 필요한 것은 경험에 뒷받침된 지식이에요.@실제로 아까도… 아버지의 조언이 없었다면, 저는 놈에게 졌을지도 몰라요…」
0x57800	78	「키타로…」
0x57800	79	「우리가 강한 건 힘을 합쳐서 해 왔기 때문이야…」
0x57800	80	「음, 그렇다. 카리카에게는 인형 부하는 잔뜩 있었겠지만…@지혜를 빌려줄 동료는 한 명도 없었다. 그래서 진 것이다」
0x57800	81	「음, 그 말대로구나」
0x57800	82	「누~리~카~베~! 힘~ 합~친~다~!」
0x57800	83	「후후, 고마워, 누리카베!」
0x57800	84	「모두…」@(그렇구나, 시대라느니 도구라느니… 그런 것으로 우리가 살아가는 것이 아니지.@중요한 것은… 나와 키타로에게는 뜻을 같이하는 동료가 있다는 것인가…)@「안 되겠다, 이상한 소리를 해 버렸구나. 자, 위층으로 서두르자!」
0x57800	85	「네, 아버지!」
0x57800	86	「한시라도 빨리 요기 정착 장치를 파괴해서 괴기상을 멈추는 것이다!」
0x57800	87	「오~!」
0x57800	88	"(그리고… 우리가 서로 이 동료를 지키고 싶다고 생각하는 것…@그것이 우리의 힘…@주문 컴퓨터와 인형밖에 동료가 없었던 카리카에게는 없었던@소중한 ""힘""인 것이다…)"
0x57800	89	「뭐… 뭐야 이건~~!!」
0x57800	90	「이, 이건」
0x57800	91	「시계가… 잔뜩……」
0x57800	92	「키타로가 들은 소리는 이거였나…」
0x57800	93	「어쩐지 기이한 광경이구나」
0x57800	94	「저기… 대체 뭐야. 이 방… 기분 나빠」
0x57800	95	(에휴… 돈 되는 물건 따위 있지도 않잖아…)
0x57800	96	「키타로… 저기를 보아라!」
0x57800	97	「!? 저건…」
0x57800	98	「위로 올라가는 계단이다!」
0x57800	99	「오오, 아주 헛걸음은 아니었구나」
0x57800	100	「좋아, 이걸로 위층으로 나아갈 수 있겠구나!」
0x57800	101	「후후후… 그리 간단히 통과시킬 수는 없지」
0x57800	102	「음… 누구냐!?」
0x57800	103	「아~! 문이 닫혀 버렸어!」
0x57800	104	「모처럼 이 괴기상 속까지 먼 길을 찾아왔으니…@여기서 느긋하게 있다 가는 게 어떻겠나?」
0x57800	105	「자네는… 누구냐?」
0x57800	106	「어라어라… 나를 모르나? 실례로군…」
0x57800	107	"「나는 ""카리카""!"
0x57800	108	" 너희가 ""세계 요괴""라고 부르며 뭉뚱그리고 있는 드라큘라 동료 중 하나다」"
0x57800	109	「카리카…?」@(보아하니… 복장이 고풍스러운 것 말고는 평범한 인간과 다르지 않은 것 같은데…)@「너는… 요괴인 거냐?」
0x57800	110	"「후후후… ""요괴 같지 않은가""? 그럼… 이건 어떤가?"
0x57800	111	 오너라… 내 귀여운 인형들!」
0x57800	112	「저건 뭐지… 밀랍인형…? 저것을 조종하는 게 저놈의 능력이라는 건가?」
0x57800	113	「저놈, 어쩐지 정체를 알 수 없구나. 조심하는 것이다, 키타로」
0x57800	114	「이 문은 요술로 잠가 두었다.@나를 쓰러뜨리지 않는 한… 열릴 일은 없다」
0x57800	115	「기어코… 싸우라는 거군?」
0x57800	116	「그런 거지!」
0x57800	117	「알았다. 간다… 카리카!」
0x57800	118	「너는 어째서 드라큘라 편을 드는 거냐!」
0x57800	119	「드라큘라 녀석은 인간을 지배할 셈이다…@전부터 많은 인간을 제물로 삼아 흑마술 연구를 하려고 생각하던 나에게는@요괴가 이 세상을 지배하는 세계 쪽이 하기 쉽거든!」
0x57800	120	「제물이라고? 그런 짓은 하게 두지 않겠다!」
0x57800	121	「흥! 나를 막고 싶으면 죽여 봐라! …할 수 있다면 말이지만」
0x57800	122	「무슨 소리냐!?」
0x57800	123	「후후후후… 곧 알게 되지…」
0x57800	124	「다, 당했나…」
0x57800	125	「아기울음영감, 무리하지 말고 일단 물러나 계세요」
0x57800	126	「미안하다, 그렇게 하마…」
0x57800	127	「으학!」
0x57800	128	「어!?」
0x57800	129	「포, 폭발했다!?」
0x57800	130	「저건!?」
0x57800	131	「후후후… 어디를 보고 있나. 나라면 여기다!」
0x57800	132	「또, 또 환술이냐?」
0x57800	133	"「환술? 그건 틀렸다 나는 ""불사신""이다!」"
0x57800	134	「불사신이라고…? 그런 일이… 있을 리가 있나!」
0x57800	135	「말로 해서 모르겠다면, 몇 번이고 나를 쓰러뜨려 보아라… 나는… 몇 번이고 되살아난다!」
0x57800	136	「크… 아버지, 어떡하죠?」
0x57800	137	(으음음… 겉모습에 비해 만만치 않은 상대인 모양이구나…)
0x57800	138	「생각해 봐야 모른다… 어, 어쨌든… 싸우면서 답을 찾는 것이다!」
0x57800	139	「네, 네!」
0x57800	140	「으윽!」
0x57800	141	「아직 멀었다…」
0x57800	142	(이놈의 몸은 환술이 아니다, 실체다… 하지만… 손맛이 이상해, 마치…@!? …잠깐?)
0x57800	143	「그렇군… 너는 밀랍인형들과 마찬가지로, 자기 가짜 인형을 만들어 조종하고 있는 거군?」
0x57800	144	「무, 무슨 소리를 하는 거냐 키타로…!? 나는 불사신이다…!」
0x57800	145	「정곡인가! 본체는 어딘가에 숨어 있는 거군? 어디냐… 어디에 숨어 있지!?」
0x57800	146	「키타로… 아까부터 수상하다고 생각했다만…@이 잔뜩 있는 괘종시계… 아무래도 부자연스럽구나」
0x57800	147	「네… 확실히 너무 많네요…」
0x57800	148	「수도 그렇다만… 시계 소리가 나지 않는 놈이 하나 섞여 있는 모양이다…」
0x57800	149	「정말입니까? 전투에 바빠서 알아차리지 못했습니다…@그렇군요! 놈은 거기서 가짜와 밀랍인형들을 조종하고 있는 거군요?」
0x57800	150	「음, 아마도… 저 시계다!」
0x57800	151	「키타로, 저 시계 안을 조사하는 것이다! 거기에 반드시 진짜 카리카가 있다!」
0x57800	152	「네!」
0x57800	153	「으아악!」
0x57800	154	「그 시계다!」
0x57800	155	(꽤 튼튼해 보이는군… 뭔가 딱딱하고 큰 것을 부딪치지 않으면…)
0x57800	156	「아기울음영감!」
0x57800	157	「무엇이냐? 불렀느냐 키타로」
0x57800	158	「시계를 부수고 싶어요. 돌이 되어서 몸통 박치기를 부탁드립니다!」
0x57800	159	「과연… 좋다 가자!」
0x57800	160	「으와아아아아아!」
0x57800	161	「이놈… 잘도 이 몸을 밖으로 끌어냈겠다!@게다가 소중한 주문 컴퓨터를 부수다니… 이제 용서 안 한다!」
0x57800	162	「계단으로 가는 문을 열어 준다면, 더 이상 너에게 위해를 가할 생각은 없어. 얌전히 항복해」
0x57800	163	「뭐라고… 웃기지 마라! 나를 모욕하는 것도 정도가 있다!」
0x57800	164	「이런… 역효과였나…?」
0x57800	165	「죽여 주마 키타로… 여기가 네 무덤이다!」
0x57800	166	「갸아아아아아아아~~! 이놈… 이놈 키타로~!」
0x57800	167	「후우, 해냈나…」
0x57800	168	「꽤나 별난 전법을 쓰는 놈이었구나」
0x57800	169	「네, 하지만, 아버지의 조언 덕분에 어떻게든 쓰러뜨렸어요!」
0x57800	170	「이, 이런! 옷에 불이!」
0x57800	171	「갸아아~~! 뜨, 뜨거워! 이놈… 이놈 키타로~ 기억해 둬라~!」
0x57800	172	「어라라, 허둥지둥 도망쳐 버렸네요…」
0x57800	173	「음… 폼을 잡던 것치고는, 꼴사나운 놈이구나.@그건 그렇고… 꽤나 별난 전법을 쓰는 놈이었구나」
0x57800	174	「네, 하지만, 아버지의 조언 덕분에 어떻게든 쓰러뜨렸어요!」
0x57800	175	「아버지, 저것을!」
0x57800	176	「응?」
0x57800	177	「이걸로 위층으로 나아갈 수 있겠네요」
0x57800	178	「오오, 좋다! 곧바로 출발이다!」
0x57800	179	「네!」
0x57800	180	「좋아, 이걸로 남은 건 시계 속에 숨어 있는 놈뿐이다!」
0x57800	181	「분명 저기였지…? 좋~아, 기다려라 카리카!」
0x57800	1024	개발중
0x5a800	0	「…카리카마저 쓰러졌나」
0x5a800	1	「아아, 키타로 일행은 역시 꽤 만만치 않아.@어쩔 거야? …그놈을 써 버려도 되는 거야?」
0x5a800	2	「아아, 이렇게 되면 어쩔 수 없다. 어떻게 해서든 놈의 숨통을 끊는 것이다」
0x5a800	3	「알았어. 그럼, 화려하게 결판을 내지」
0x5a800	4	「부탁한다」
0x5a800	5	(…키타로. 마지막 결착을 내 주마…!)
0x5a800	6	「이제 슬슬 전망대예요, 아버지」
0x5a800	7	「오오, 그러냐?」
0x5a800	8	「그러고 보니 꽤나 높은 곳까지 올라왔구나」
0x5a800	9	「원래라면 좋은 경치일 텐데… 괴기상 탓에 전혀 아니로구나!」
0x5a800	10	「키타로, 괴기상이 온 일본을 덮어 버리면…@역시 게게게의 숲도 햇님이 비치지 않는 어두운 세계가 되어 버리는 거야?」
0x5a800	11	「아아, 게게게의 숲만이 아니야, 일본 전부가 잔뜩 흐린 안개에 싸인 세계가 되는 거야…」
0x5a800	12	「그런 건… 절대 싫어! 일광욕을 못 하게 되잖아!」
0x5a800	13	「그, 그렇네」
0x5a800	14	(그런 문제인가…)
0x5a800	15	「빨래도 못 하오이다!」
0x5a800	16	(뭐, 뭐 그건 확실히…)
0x5a800	17	「하지만 말이야… 표고버섯 같은 걸 재배하기에는 의외로 이 어둡고 축축한 느낌, 괜찮을지도 몰라?」
0x5a800	18	「아야~~!!」
0x5a800	19	「표고버섯 따위 내버려 둬!」
0x5a800	20	「뭐… 뭐라고? 표고버섯을 무시하는 거냐?」
0x5a800	21	「일본의 아름다운 풍경을 지키는 쪽이 더 중요하잖아!」
0x5a800	22	「표고버섯도 중요하다고! 섬세한 내 몸에는 비타민D가 필요하단 말이야!」
0x5a800	23	「그, 그만두지 못하겠느냐 둘 다!」
0x5a800	24	"「뭐, 뭐 ""표고버섯""은 그렇다 치고.@우리 일본이 이런 안개에 덮여 버리는 것은 역시 마음에 들지 않는다.@…그렇게 되지 않도록 어떻게 해서든 요기 정착 장치를 부숴야지!」"
0x5a800	25	「네!」
0x5a800	26	「전망대에 도착했다~!」
0x5a800	27	「여기에 요기 정착 장치가 있을 텐데…」
0x5a800	28	「놈들도 기다리고 있겠지」
0x5a800	29	「흥, 바라던 바다!」
0x5a800	30	「들어가자, 키타로」
0x5a800	31	「좋아, 모두 간다!」
0x5a800	32	「와~~! 햇님이야 키타로!」
0x5a800	33	「아직 완전히는 개지 않은 모양이다만… 시간문제다」
0x5a800	34	「오오… 평소라면 당연한 바람이, 묘하게 기분 좋소이다!」
0x5a800	35	「이번에도, 우리의 승리구나」
0x5a800	36	「승리… 인가」
0x5a800	37	「드라큘라가 한 말을 신경 쓰고 있는 것이냐?」
0x5a800	38	「네…」
0x5a800	39	「놈이 궁색해서 한 말 아니겠느냐? 신경 쓸 것 없느니라!」
0x5a800	40	「그건… 그렇습니다만」
0x5a800	41	「키타로, 어쨌든 그놈들은 쫓아냈어! 괴기상도 이 모양이고!@그래도 그놈들이 아직 뭔가 걸어온다고 한다면…@우리는 몇 번이라도 키타로에게 힘을 빌려줄 거야! 그러니까… 걱정하지 마!」
0x5a800	42	「고양이소녀…」
0x5a800	43	「그렇다 키타로 일단 지금은 돌아가자.@그리고 게게게의 숲에서 축하연이라도 열도록 하자」
0x5a800	44	「그렇네요, 루카 양에게도 감사 인사를 해야 하고요…」
0x5a800	45	「결정이네!」
0x5a800	46	「결~정~이~네~!」
0x5a800	47	「따, 따라 하지 마!」
0x5a800	48	「하하하! 잘한다 잘해!」
0x5a800	49	「잘하기는! 뭐야! 키타로도 참!」
0x5a800	50	「후후, 미안 미안!」
0x5a800	51	(다행이야… 키타로, 겨우 웃어 줬어 누리카베 덕분이네)
0x5a800	52	「좋아, 돌아가도록 할까」
0x5a800	53	「네!」@(그렇고말고… 올 테면 와 봐라 드라큘라!@내가 너희를, 몇 번이라도 혼내 주겠다!)
0x5a800	54	「으에~! 역시 잔뜩 기다리고 있었네!」
0x5a800	55	「수고가 많구먼」
0x5a800	56	「드디어 왔나… 키타로」
0x5a800	57	「라 세느! 자네였나!?」
0x5a800	58	「그렇고말고, 나다. 너희는 요기 정착 장치를 멈추러 온 것이겠지?」
0x5a800	59	「그렇다! 괴기상은 우리가 멈춘다… 각오해라!」
0x5a800	60	「쓸데없는 짓을…」
0x5a800	61	「키타로!」
0x5a800	62	「베어드, 너도 여기 와 있었던 거냐!?」
0x5a800	63	「너는 너무 의욕이 넘쳐. 덕분에 나까지 끌려 나오지 않았느냐.@귀찮지만, 너에게는 빚도 있으니까. 오늘은 거기에 이자를 붙여서 갚아 주지!」
0x5a800	64	「히히히! 나도 잊으면 곤란하지!」
0x5a800	65	「윽! 로, 론론 아니야!」
0x5a800	66	「오오, 쥐인간! 너, 돌아와 준 거구나?」
0x5a800	67	「자, 잠깐 봐줘, 어째서 내 주위에는 이렇게 변변찮은 여자들이 따라다니는 거야?」
0x5a800	68	「호호호! 마음에 든 모양이구나!@좋지 않느냐, 외국 여성과 사귈 수 있다니, 좋은 경험이라고 생각한다?」
0x5a800	69	「…그런 건가?」
0x5a800	70	「승산 없는 싸움에 도전하는가. 후… 쓸데없는 짓을」
0x5a800	71	「해 보지 않으면 알 수 있겠나! 간다!」
0x5a800	72	「키타로, 요기 정착 장치는 이 층 어딘가에 숨겨져 있을 터.@놈들과 싸우면서, 그것을 찾아내는 것이다!」
0x5a800	73	「알겠습니다!」
0x5a800	74	「…………………」
0x5a800	75	「…………………」
0x5a800	76	(응? 어째서 저놈들은 저기서 가만히 있는 것이냐?)
0x5a800	77	「그렇군! 키타로, 저놈들의 발밑을 보아라!」
0x5a800	78	「어?」
0x5a800	79	「저건… 저마다 뭔가 비슷한 것 위에 서 있네요. …저건 대체?」
0x5a800	80	「아마도 저것은 스위치다!」
0x5a800	81	「스위치?」
0x5a800	82	「음, 이 층에 있어야 할 요기 정착 장치가 보이지 않는 이유가 그것이다.@아마도 요기 정착 장치는 어딘가에 숨겨져 있는 것이겠지.@놈들 간부가 지키고 있는 저 스위치를 작동시키면@요기 정착 장치가 있는 곳으로 가는 비밀 문이 열릴 것이 틀림없다」
0x5a800	83	「과연, 시험해 볼 가치는 있겠네요」
0x5a800	84	「음, 먼저 저놈들을 쓰러뜨려 스위치 위에서 치우는 것이다!@그리고, 그 위에 우리나 동료를 대기시키면, 스위치를 넣을 수 있을 것이다!」
0x5a800	85	「알겠습니다!」
0x5a800	86	「또 박쥐고양이의 환상이냐?」
0x5a800	87	「그렇고말고! 게다가 이번엔 인간의 혼이 아니라, 내 혼의 일부를 나눠 준 특별판이다!」
0x5a800	88	「자기 혼을?」
0x5a800	89	「무시당한 채로 있을 수는 없으니까 말이지!」
0x5a800	90	「아무 일도 일어나지 않는구나…」
0x5a800	91	「스위치인 것은 틀림없는 것 같은데… 고장일까요?」
0x5a800	92	「음, 아마도 이것은 세 곳을 동시에 작동시키지 않으면 안 되는 모양이구나」
0x5a800	93	「세 곳을 동시에…?」
0x5a800	94	「해 보는 것이다, 키타로!」
0x5a800	95	「네, 네!」
0x5a800	96	「왔느냐… 우리 흡혈귀 일족의 무서움… 뼈저리게 알거라!」
0x5a800	97	「그 정도 힘으로 나를 쓰러뜨릴 셈이냐…? 후회할걸?」
0x5a800	98	「히히히! 즐겨 보자고!」
0x5a800	99	「제기랄… 재미없군…」
0x5a800	100	「흥! 여기까진가… 하지만 드라큘라와의 약속은 다했다. 잘 있어라, 키타로 놈들!」
0x5a800	101	「제, 제기랄! 이 몸이 지다니~!」
0x5a800	102	「이, 이놈~~!」
0x5a800	103	「스위치가… 전부 작동시키기 전 상태로 돌아가 버렸네요」
0x5a800	104	「스위치는 동시에 작동시키지 않으면 안 된다.@실패했을 때는 한 번 스위치에서 내려와, 다시 올라서서 대기시키는 것이다!」
0x5a800	105	「뭔가 기계가 움직이기 시작한 것 같아…」
0x5a800	106	「키타로 저기다!」
0x5a800	107	「저것이… 요기 정착 장치?」
0x5a800	108	「…………………………」
0x5a800	109	「저건… 요괴 오보로구루마 아닙니까!」
0x5a800	110	「…………………………」
0x5a800	111	「후움…… 키타로, 아무래도 오보로구루마는 몸이 정착 장치로 이용당하고 있는 모양이구나」
0x5a800	112	「그 말대로다… 과연 눈알아버지야, 예리한 통찰력이군…」
0x5a800	113	「에, 엘리트! 그렇군… 오보로구루마도 엘리트의 최면술로 조종당하고 있는 건가」
0x5a800	114	「키타로… 너희는 이제 끝이다. 그래도 싸우겠나?」
0x5a800	115	「흥! 요기 정착 장치는 오보로구루마잖아?@그렇다면 그녀를 깨우면 괴기상은 멈춘다. 끝이고 뭐고 아니야」
0x5a800	116	「그런가… 그렇게까지 말한다면 마음대로 하는 게 좋겠지」
0x5a800	117	「내가 상대해 주지!」
0x5a800	118	「아아, 바라던 바다!」
0x5a800	119	「오보로구루마! 너는 엘리트의 최면술로 조종당하고 있는 거지? 정신 차려!」
0x5a800	120	「………!??」
0x5a800	121	「안 돼… 전혀 들리지 않는 것 같아…」
0x5a800	122	「키타로… 놈은 애초에 우리와 다른 말로 이야기하는 요괴다.@평소라면 우리 말도 들어 주겠지만… 지금 상태로는 무리인 모양이구나」
0x5a800	123	「하지만… 그럼 어떻게 설득하면 됩니까?」
0x5a800	124	「오보로구루마는 우차의 요괴다. 소나 수레와 관계있는 요괴라면@혹시 그녀를 설득할 수 있을지도 모른다!」
0x5a800	125	「수레나 소에… 관계있는 요괴인가…」
0x5a800	126	「오보로구루마!」
0x5a800	127	「!?」
0x5a800	128	「해냈다, 그의 말을 알아듣는 모양이야!」
0x5a800	129	「와뉴도, 오보로구루마를 설득하는 것이다!」
0x5a800	130	「알았다!」
0x5a800	131	「!!!??!?」
0x5a800	132	「……!! ~~!!!」
0x5a800	133	(무슨 이야기를 하는 건지… 전혀 모르겠는걸…)
0x5a800	134	「!? ………………!!!!」
0x5a800	135	「해냈다, 키타로!」
0x5a800	136	 |<오보로구루마가 동료가 되었다!>
0x5a800	137	「하하… 뭔지 모르겠지만 잘 된 모양이네」
0x5a800	138	「오보로구루마!」
0x5a800	139	「!?」
0x5a800	140	「해냈다, 그의 말을 알아듣는 모양이야!」
0x5a800	141	「우귀, 오보로구루마를 설득하는 것이다!」
0x5a800	142	「알았다!」
0x5a800	143	「!!!??!?」
0x5a800	144	「……!! ~~!!!」
0x5a800	145	「무슨 이야기를 하는 건지… 전혀 모르겠는걸…」
0x5a800	146	「!? ………………!!!!」
0x5a800	147	「해냈다, 키타로!」
0x5a800	148	 |<오보로구루마가 동료가 되었다!>
0x5a800	149	「하하… 뭔지 모르겠지만 잘 된 모양이네」
0x5a800	150	「크… 일단 물러날까…」
0x5a800	151	「!?!?!?~~!!!」
0x5a800	152	「해냈다! 해냈어요 아버지!」
0x5a800	153	「음, 이걸로 괴기상도 끝이다!」
0x5a800	154	「후후… 제법이군… 키타로!」
0x5a800	155	「이 목소리는…?」
0x5a800	156	「너는…!」
0x5a800	157	「드, 드라큘라!」
0x5a800	158	「훌륭하다… 그래야 키타로지」
0x5a800	159	「당신… 온 거야?」
0x5a800	160	「음, 역시 지켜보고 싶어서 말이다…」
0x5a800	161	「주역 등장이라는 건가?」
0x5a800	162	「하지만, 네놈들의 야망은 방금 막 부서진 참이다.@나오는 것이 조금 늦었구나!」
0x5a800	163	「아직이다… 괴기상을 유지하는 것은 이제 할 수 없게 되었지만…@키타로. 너를 쓰러뜨리면 우리의 승리라는 사실에는 변함이 없다!」
0x5a800	164	「흥! 이 마당에 허세를 부리다니!」
0x5a800	165	「…그럼, 시작할까」
0x5a800	166	「시작한다고? 무엇을 말이냐!?」
0x5a800	167	"「내가 준비한 ""힘""과 너희의 마지막 싸움을 말이다」"
0x5a800	168	「뭐라고…?」
0x5a800	169	「후후후… 그럼 시작할까?」
0x5a800	170	「으와!」
0x5a800	171	「뭐… 뭐지」
0x5a800	172	「후후후…」
0x5a800	173	「이것이 우리가 네놈들에게 보내는 마지막이자 최대의 앙코~~르다!!」
0x5a800	174	「으와아아아아아아~~!!」
0x5a800	175	「키타로! 안 되겠다! 엎드리는 것이다!」
0x5a800	176	「아야야…」
0x5a800	177	「무, 무슨 일이 일어난 것이냐!?」
0x5a800	178	「아버지! 저, 저건?」
0x5a800	179	「그와아아아아아아아~~!!」
0x5a800	180	「가, 가샤도쿠로다!?」
0x5a800	181	「후후후… 봤느냐 키타로!」
0x5a800	182	「설마… 가샤도쿠로도 네 그 기타로 조종하고 있는 거냐?」
0x5a800	183	「그렇고말고…」
0x5a800	184	「마, 말도 안 된다!@아무리 엘리트라 해도 가샤도쿠로 정도의 요괴를 저런 기타 따위로…」
0x5a800	185	「물론, 무리겠지, 평범하다면… 말이다」
0x5a800	186	「…무슨 소리냐!」
0x5a800	187	「엘리트는… 이 타워의 안테나로서의 힘을 이용해서…@그의 최면 음악을 극한까지 증폭하고 있는 것이다!」
0x5a800	188	「뭐라고!?」
0x5a800	189	「자, 끝을 낼까 키타로. 우리 손에… 죽어라!」
0x5a800	190	「회복… 하고 있는 건가?」
0x5a800	191	「그 말대로… 간단히는 쓰러뜨릴 수 없다고!」
0x5a800	192	「키타로, 엘리트를 쓰러뜨리는 것이다!」
0x5a800	193	「어? 무슨 말씀이세요 아버지?」
0x5a800	194	「아마도… 엘리트의 최면 음악에는 가샤도쿠로를 북돋우는 효과도 들어 있는 것이다.@엘리트를 쓰러뜨리면, 아마도 가샤도쿠로의 회복 효과를 없앨 수 있을 것이다.@잘 되면… 최면을 풀어서 제정신으로 돌릴 수 있을지도 모른다!」
0x5a800	195	「어쨌든 이대로는 힘든 싸움이 될 테니까요… 시험해 봅시다!」
0x5a800	196	「각오해라! 드라큘라!」
0x5a800	197	「크… 아직 여기서 내가 힘이 다할 수는 없다! 일단 퇴각이다…」
0x5a800	198	「그아아아~ 이, 이런~~!!」
0x5a800	199	「거기까지다, 엘리트!」
0x5a800	200	「그… 으으으으으으…!」
0x5a800	201	「아버지! 가샤도쿠로가!」
0x5a800	202	「음, 최면 음악을 발생시키던 엘리트를 쓰러뜨렸다, 이걸로 놈도 원래대로…」
0x5a800	203	「고바아아아아아아~~~!」
0x5a800	204	「돌아오지 않는 것 같은데요?」
0x5a800	205	「무엇이라!? 으음음… 음악이 끊긴 것만으로는 금방 깨어나지 않는 모양이구나…@어, 어쩔 수 없다. 나머지는 우리가 실력으로 놈을 얌전하게 만들도록 하자!」
0x5a800	206	「고와아아아아아아아아~~!」
0x5a800	207	「이번에야말로 끝이다!」
0x5a800	208	「그… 그가… 으으으으으」
0x5a800	209	「가샤도쿠로! 제정신으로 돌아왔나!?」
0x5a800	210	「으으… 아, 아아. 나는 대체 무엇을 하고 있었던 것이냐?」
0x5a800	211	「흡혈귀 놈들의 최면 음악으로 조종당하고 있었느니라!」
0x5a800	212	「무, 무엇이라! 그런가… 폐를 끼친 모양이군」
0x5a800	213	「여기 있다가 또 조종당하면 안 되니, 일단 자네는 돌아가 주지 않겠나?」
0x5a800	214	「음… 그런가, 과연. 그럼… 실례하겠다~~!」
0x5a800	215	「그그고… 가 그아아아아아아아~~!」
0x5a800	216	「안 되겠다! 가샤도쿠로 녀석이 쓰러진다!」
0x5a800	217	「어?」
0x5a800	218	「아이고~~!」
0x5a800	219	「빌딩이 몇 채… 부서졌으려나?」
0x5a800	220	「가샤도쿠로는… 살아 있을까요?」
0x5a800	221	「뭘, 놈은 원래 죽은 자다, 걱정할 것 없다.@하지만 지금 상태로는 한동안 움직이지 못하겠지.@이제 엘리트에게 조종당할 걱정은 없다. 나중에 상태를 보러 가 주면 된다」
0x5a800	222	「설마 가샤도쿠로까지 쓰러질 줄이야…」
0x5a800	223	「키타로는 역시 강하군…」
0x5a800	224	「나의… 완패… 인가. 후후후… 이걸로 후회는 없다」
0x5a800	225	「드라큘라, 마침내 단념했나!」
0x5a800	226	「키타로… 나는 승부에 졌다. 하지만 진정한 의미에서 우리가 너에게 패배한 것은 아니다」
0x5a800	227	「흥! 지고도 억지를 부리다니!」
0x5a800	228	「가능하면 내 자신의 힘으로 너희에게 이기고 싶었다. 하지만, 그것은 할 수 없었다.@실력으로 결과를 내지 못한 이상 이제 그분의 말씀에 따르는 수밖에 없겠지.@이것이 마지막 기회였다」
0x5a800	229	「무슨 소리냐!」
0x5a800	230	「잘 있거라 키타로」
0x5a800	231	「기다려!」
0x5a800	232	「키타로… 시대는 변한다. 그것은 요괴의 세계에서도 마찬가지다. 그 사실을 잊지 마라…!」
0x5a800	233	「크… 놓쳤나」
0x5a800	234	「어쩐지 개운치가 않구나…」
0x5a800	235	「그들은 무슨 이야기를 하고 있었던 걸까요?」
0x5a800	236	「모르겠구나… 하지만, 떠들게 내버려 두면 되겠지.@우리의 승리에는 변함이 없다! 보아라! 저것이 증거다!」
0x5a800	237	「!? 괴기상이…!」
0x5a800	238	「방해되는 놈들은 없어진 모양이구나……」
0x5a800	239	「나머지는 저 스위치 위에 동료를 대기시키는 것이다」
0x5a800	240	「이런. 이 인원으로는 스위치를 전부 움직일 수 없어!」
0x5a800	241	「작전은 실패인가… 크윽, 여기까지 와서…」
0x5a800	1024	개발중
0x5e000	0	「키타로! 마실 것 준비해 왔어~!」
0x5e000	1	「아, 고마워 고양이소녀」
0x5e000	2	「테~이블은 이제 들여와도 되~나~?」
0x5e000	3	「그렇게 서두르지 않아도 되지 않겠느냐. 아직 몇 명이나 올지 모르니 말이다」
0x5e000	4	「그렇네요. 누리카베, 테이블은 이탄모멘이 돌아온 뒤에 해도 돼」
0x5e000	5	「오오… 떠들썩하구나」
0x5e000	6	「앗! 할멈!」
0x5e000	7	「마침 잘 왔어요!@지금 요리를 만들고 있는데, 분량을 잘 모르겠어요!@이쪽으로 와서 도와주세요!」
0x5e000	8	「이, 이보게! 기다려 기다려! 잡아끌지 않아도 제대로 따라가마!」
0x5e000	9	「이런이런, 아직 시간까지 한참 남았는데 벌써부터 이 소동이냐!」
0x5e000	10	「네, 어쩐지 고양이소녀가 신이 나서요…」
0x5e000	11	「지금부터 저런 상태로 괜찮겠느냐? 파티 도중에 쓰러져도 나는 모른다…!」
0x5e000	12	「음, 하지만… 이런 떠들썩함은 좋구나.@같은 바쁨이라도, 즐거운 일이라면 대환영이다!」
0x5e000	13	「그렇네요. 이렇게 즐거운 나날을 지키기 위해서라고 생각하기에@괴로운 싸움도 싸워 낼 수 있는 거겠죠…」
0x5e000	14	(키타로 녀석… 아직 어딘가 기운이 없구나. 드라큘라가 한 말을 신경 쓰고 있는 것인가?)@「으, 음. 오늘은 실컷 즐기는 것이다.@그러지 않으면… 무엇을 위해 드라큘라 일당과 싸웠는지 모르게 되니까 말이다!」
0x5e000	15	「네, 그렇네요」
0x5e000	16	「어~이 키타로 니~~임!」
0x5e000	17	「야, 이탄모멘. 어땠어? 다들 많이 와 줄 것 같아?」
0x5e000	18	「그게… 그럴 상황이 아니오이다!
0x5e000	19	 세상이 큰일 났소이다~!」
0x5e000	20	「큰… 일?」
0x5e000	21	「뭐야 이탄모멘! 지금 손을 뗄 수 없단 말이야!」
0x5e000	22	「그래, 뭐가 큰일인지 일단 말해 봐!」
0x5e000	23	「됐으니 TV를 보시오!」
0x5e000	24	「뭔지 모르겠다만…」
0x5e000	25	「도쿄를 덮친 수수께끼의 기상 현상으로부터 며칠. 도쿄도 겨우 원래의 평온함을 되찾아 가고 있습니다」
0x5e000	26	「뭐냐, 도쿄의 광경 아니냐. 이런 것을 일부러 보여 주려고 부른 것이냐?」
0x5e000	27	「됐으니까요!」
0x5e000	28	「도시 기능을 완전히 앗아 간 수수께끼의 안개… 그것은 대체 무엇이었을까요?@저희는 독자적인 취재 루트를 통해, 마침내 그 정체에 관한 정보를 입수하는 데 성공했습니다!」
0x5e000	29	「뭐라고!?」
0x5e000	30	「오~! 인간의 TV도 제법이네.@지금까지는 요괴 관련 사건은 전혀 보도되지 않았는데!」
0x5e000	31	「아마도 지금까지는 드라큘라 녀석이 어떤 방법으로@보도 기관에 도달하는 정보에 손을 쓰고 있었던 것이겠지.@이번 보도는 놈이 일본에서 물러났다는 증거로구나!」
0x5e000	32	"「…이와 같이, 그 ""괴기상""은@인위적으로 도쿄에 만들어진 실로 무서운 현상… 아니, 계획적인 범행이었던 것입니다!@그리고 저희는 이 무서운 일본 정복 계획을 입안-실행한 범인들의 정보를 입수했습니다…@보십시오! 이것이 그 인물들의 영상입니다!」"
0x5e000	33	「오오, 드라큘라 일당의 악행이 마침내 백일하에 드러나는구나!」
0x5e000	34	「…라니… 어라라?」
0x5e000	35	「아기울음영감… 자네가 나오고 있구나!」
0x5e000	36	「무, 무엇이냐 이건!?」
0x5e000	37	「이것은, 범인으로 여겨지는 인물의, 과거 악행이 촬영된 필름입니다!」
0x5e000	38	「꺅~~!? 아기울음영감이 이게 무슨 일이야!?」
0x5e000	39	「몰랐구나… 실은 뒤에서 이런 나쁜 짓을 하고 있었던 것이냐?」
0x5e000	40	「기다려 기다려! 오해다! 게다가… 보아라! 고양이소녀도…」
0x5e000	41	「어?」
0x5e000	42	「뭐… 뭐… 뭐야 이거~~~!?」
0x5e000	43	「이 필름들은 우연히 촬영된 것으로,@찍은 분이 보복을 두려워해 공개하지 않고 보관해 온 것이라고 합니다」
0x5e000	44	「고, 고양이소녀…」
0x5e000	45	「몰라! 나 몰라! 이런 짓 안 했어!」
0x5e000	46	"「그리고… 이 소년이 리더 격인 ""K""라는 인물입니다」"
0x5e000	47	「무… 무엇이라?」
0x5e000	48	「!? 나, 나잖아!?」
0x5e000	49	「이건 대체 어떻게 된 것이냐…?」
0x5e000	50	「괴기상을 일으킨 것이 우리 탓인 것처럼 보도되고 있지 않느냐!」
0x5e000	51	「이 방송국만이 아니오! 다른 채널에서도 비슷한 영상을 내보내고 있소이다!」
0x5e000	52	「뭐라고?」
0x5e000	53	「게다가… 병원이며 방화 사건, 오가사와라와 교토에서의 싸움도@전부 우리가 몹쓸 짓을 하며 날뛴 것처럼 보도되고 있소이다!」
0x5e000	54	「무, 무엇이라! 그게 정말이냐!?」
0x5e000	55	「내가 모두의 집에 축하 파티 초대를 하러 갔더니 엄청난 서슬로 쫓겨났소!@이유를 물었더니… 지금 같은 TV를 보여 줘서… 허둥지둥 돌아온 것이오이다!」
0x5e000	56	「무엇이라? 이런 엉터리를 모두가 믿고 있다는 것이냐?」
0x5e000	57	「으음음… 하지만 이 영상은 잘 만들어져 있다. 나조차도 무심코 믿어 버릴 것 같구나…@어떻게 만들었는지 모르겠다만… 어지간한 특수촬영으로는 이렇게 못 한다!」
0x5e000	58	「…드라큘라의 짓일까요?」
0x5e000	59	「모르겠다만… 그렇다면 상당히 대규모다.@사건 보도를 막으려면 정보를 어떻게든 제한하면 된다.@하지만, TV에 이렇게까지 거짓 방송을 하게 하다니, 대체 어떤 방법을 쓴 것이냐?」
0x5e000	60	「이런 새빨간 거짓말이 온 일본에 방송되고 있다는 거야? 이러고 있을 때가 아니야!」
0x5e000	61	「어디로 가느냐?」
0x5e000	62	「TV 방송국에 가서… 진짜 이야기를 하고 오겠어!」
0x5e000	63	「그렇구나, 우리는 나쁜 짓 따위 하지 않았다. 제대로 이야기하면 분명 TV 방송국 사람도…」
0x5e000	64	「…응? 키타로… 어쩐지 밖이 소란스럽구나?」
0x5e000	65	「어?」
0x5e000	66	「누가 왔는지도 모른다. 어쨌든… 일단 밖으로 나가 볼까」
0x5e000	67	「그렇네요…」
0x5e000	68	「크크크크크크!」
0x5e000	69	「꺅! 뭐야 이 웃음소리!?」
0x5e000	70	「!? 누구냐」
0x5e000	71	「키타로… 소개하지」
0x5e000	72	「크크크… 처음 뵙겠군… 키타로!」
0x5e000	73	「너는… 누구냐!?」
0x5e000	74	"「내 이름은 ""기가""… ""대요괴 기가""다!」"
0x5e000	75	「기가…?」
0x5e000	76	「대… 요괴라고?」
0x5e000	77	「뭐야 저거… 엄청 커~!」
0x5e000	78	「현혹되지 마라… 저것은 비추어진 모습… 영화 같은 것이다!」
0x5e000	79	「하지만… 저 검은 모습에서 사악한 요기가 뿜어져 나오고 있다… 무슨 위압감이냐!」
0x5e000	80	「네가… 드라큘라 일당의 두목인가! 상당히 늦은 등장이군.@대요괴인지 뭔지 모르겠지만… 우리와 싸울 생각이라면 상대해 주지!」
0x5e000	81	「착각하지 마라… 승부는 이미 났다」
0x5e000	82	「뭐!?」
0x5e000	83	「아버지… 이 소리는…!?」
0x5e000	84	「설마…!?」
0x5e000	85	「키키키… 키타로!」
0x5e000	86	「!?」
0x5e000	87	「저, 전차다!」
0x5e000	88	「사방에서 온다!」
0x5e000	89	「포위당했다~~!」
0x5e000	90	「멈췄다…」
0x5e000	91	「………」
0x5e000	92	「게게게의… 키타로렷다!?」
0x5e000	93	「아아, 그런데…」
0x5e000	94	「너에게는 도쿄를 덮친 국가 테러의 주모자라는 혐의가 걸려 있다.@우리는 A급 위험인물인 너의 포획 명령을 받고, 여기에 왔다」
0x5e000	95	「무… 무엇이라?」
0x5e000	96	「그럴 리가…! 이, 이건 뭔가 잘못됐습니다!」
0x5e000	97	「정식 우리 앞으로의 명령서다. 저항할 경우에는 사살 허가도 나와 있다. 함께 가 주어야겠다」
0x5e000	98	「크… 네 짓이냐, 기가!」
0x5e000	99	「그렇고말고, 내가 시킨 일이다…」
0x5e000	100	「무, 무엇이라!」
0x5e000	101	「인터넷 정보를 조작하고…@TV 방송국에 네가 일본 전복을 꾸미는 악당이라고 보도하게 한 것도 전부 내가 한 일이다!」
0x5e000	102	「너에게… 그런 일이 가능한 거냐?」
0x5e000	103	「후후후… 그렇다, 키타로」
0x5e000	104	「바, 바보~! 자위대원들 앞에서, 자기 악행을 자백해 버렸잖아!」
0x5e000	105	「앗! 그, 그러고 보니 그렇구나! 이거 우습군!」
0x5e000	106	「이보게, 군인 양반, 방금 들었지…?」
0x5e000	107	「……………너희는… 아까부터 누구를 상대로 이야기하고 있는 거냐?」
0x5e000	108	「무엇이라!」
0x5e000	109	「크크크! 헛수고다 나는 정보를 다스리는 자…@지금, 인간들에게는 나도 드라큘라도 보이지 않고 목소리도 들리지 않는다.@내가 그렇게 만들고 있는 것이다」
0x5e000	110	「그것이 네 힘이냐, 기가! 그렇다면 이전부터 TV와 인터넷의 정보를 조작한 것도@네가 손을 쓰고 있었던 거군?」
0x5e000	111	「그렇고말고. 나는 이전부터 이 일본의 네트에 침입을 시작했다.@그리고 너희가 드라큘라 일당과 싸우는 동안에, 온갖 시스템을 내 손안에 넣었다.@이제 온 일본의 정보망은 내 지배하에 있다」
0x5e000	112	「뭐라고!」
0x5e000	113	「키타로, 이제 너에게 승산은 없다.@기가 님께 무릎 꿇어라. 그러면 더 이상 헛된 피가 흐르지 않아도 된다」
0x5e000	114	「그런 짓… 할 수 있을 것 같으냐!」
0x5e000	115	「…유감이군… 그렇다면, 나도 힘의 일단을 조금 더 보여 줄 필요가 있겠군」
0x5e000	116	「무엇이라!?」
0x5e000	117	「전화다…」
0x5e000	118	「어서 받는 게 좋을 거다… 키타로」
0x5e000	119	「에잇, 시끄럽구나! 키타로, 아무래도 좋으니 어서 받아라!」
0x5e000	120	「네, 네…」
0x5e000	121	「키타로 씨… 입니까」
0x5e000	122	「앗! 루카 양 아버님!」
0x5e000	123	「TV… 봤습니다」
0x5e000	124	「!? 아닙니다… 그건…!」
0x5e000	125	「알고 있습니다. 오늘까지 직접 여러분에게 협력해 왔으니까요.@그 보도나 인터넷에서 떠드는 내용이 사실무근이라는 것은 저희가 가장 잘 알고 있습니다」
0x5e000	126	「오오… 알아주는구나!」
0x5e000	127	「키타로… 루카 양이랑 루카 양 아버님께 도움을 받아서…@우리의 무죄를 밝혀 나가자!」
0x5e000	128	「……………@키타로 씨. 죄송합니다. 이런 말은 하고 싶지 않습니다만…」
0x5e000	129	「어?」
0x5e000	130	「이제… 저희와 엮이지 말아 주셨으면 합니다」
0x5e000	131	「무…」
0x5e000	132	「무엇이라?」
0x5e000	133	「실은… 루카가 다쳤습니다」
0x5e000	134	「뭐라고요!? 그게 무슨 말씀입니까!」
0x5e000	135	「인터넷에서 저희 회사가 여러분 편을 들어 테러를 도왔다며@실명으로 공격받고 있습니다」
0x5e000	136	「그럴 수가…!? 엉터리입니다! 오히려 당신들은 드라큘라의 앞잡이가 된 요괴에게 조종당해서…」
0x5e000	137	「그 부분의 일도, 전부 키타로 씨 일행이 시킨 일이라는 이야기가 되어 버렸습니다」
0x5e000	138	「이럴 수가…」
0x5e000	139	「아침부터 저희 회사에 항의 전화와 투석이 잇따르고 있어서…@루카는… 그 범인들에게 정면으로 항의하려다가… 그래서… 놈들이 던진 돌이…」
0x5e000	140	「부상 정도는 어떻습니까?」
0x5e000	141	「목숨에 지장은 없습니다」
0x5e000	142	「다행이다…」
0x5e000	143	「키타로 씨. 이런 일로 여러분께 받은 은혜를 잊을 생각은 없습니다.@하지만… 저에게도 가족과 회사를 지켜야 할 책임이 있습니다.@여러분을 변호하는 것도… 앞으로 관계를 갖는 것도 할 수 없다고 생각해 주십시오」
0x5e000	144	「…알겠습니다. 루카 양에게…… 지금까지 고마웠다고 전해 주세요」
0x5e000	145	「………네」
0x5e000	146	「…………………」
0x5e000	147	「……………기가… 이것도 네 짓이냐?」
0x5e000	148	「후후후…@정보를 조금 조작해 주면, 나머지는 인간들이 알아서 움직이기 시작한다. 나는 보고만 있으면 된다.@하지만… 이런 건 귀여운 수준이지. 내 실력은 이 정도가 아니다. 내가 마음먹고 힘을 쓰면…@네 소중한 친구의 집에 미사일을 쏘아 넣는 것쯤 아무것도 아니다」
0x5e000	149	「무… 무슨 짓을!」
0x5e000	150	「키타로… 항복해라」
0x5e000	151	「…………」
0x5e000	152	「무슨 소리 하는 거야! 우리는…」
0x5e000	153	「그렇다면 이 자위대를 상대로 싸울 수 있느냐?@이놈들은 인간이다… 게다가… 싸우면… 서로 무사하지 못할 것이다」
0x5e000	154	「그것이… 네 바람이라면, 나는 전혀 상관없다만? 키타로…@그 대신, 오늘부터 너는 인간의 적이다.@너는 평생… 인간과 계속 싸우게 될 것이다. 승리라는 환상을 계속 쫓으면서… 말이지」
0x5e000	155	「………알았다. 이제… 됐어…
0x5e000	156	 기가, 네 승리다. 나는… 너희에게 항복하겠다」
0x5e000	157	「키, 키타로!」
0x5e000	158	「그럴 수가…」
0x5e000	159	「키타로…」
0x5e000	160	「나는… 인간과 요괴가 공존하는 세상이 이상이라고 생각하며 싸워 왔어.@하지만… 그런 내 싸움은, 인간들에게는 아무래도 좋은 일이었던 모양이야…」
0x5e000	161	「…………키타로… 그건 틀렸다…」
0x5e000	162	「그렇소이다! 요괴에게도 인간에게도, 키타로를 믿어 주는 동료는 많이 있소이다!」
0x5e000	163	「아아, 있겠지. 하지만… 그들도 기가가 있는 한 위험한 일을 당하거나,@거짓을 진실이라고 방송하는 TV에 세뇌되어… 생각을 바꿔 버릴 거야」
0x5e000	164	「에휴… 키타로…」
0x5e000	165	「아버지… 저는 지쳤습니다. 이제… 싸울 수 없습니다」
0x5e000	166	「……………………」
0x5e000	167	「후후후… 키타로가 무너졌다… 나의 승리다!」
0x5e000	168	「투항할 마음이 생겼느냐?」
0x5e000	169	「아아…」
0x5e000	170	「좋다, 연행한다!」
0x5e000	171	「기다려 줘, 최소한 준비할 시간 정도는 받을 수 있겠지?@도망치지 않을 테니, 한 번 집 안으로 돌아가게 해 주지 않겠나」
0x5e000	172	「………?」
0x5e000	173	「저것이 네 집인가… 뭐, 좋겠지」
0x5e000	174	「…고마워」
0x5e000	175	「………」
0x5e000	176	「좋아, 끝난 모양이군, 데려가라!」
0x5e000	177	「…………」
0x5e000	178	「키, 키타로~~!」
0x5e000	179	「키~타~로~~!!」
0x5e000	180	「기가 님. 이후로는 어떻게 할까요」
0x5e000	181	「일본은 이미 우리가 손에 넣은 것이나 다름없다. 천천히 키타로를 요리하고… 그다음에 생각하도록 하지」
0x5e000	182	(키타로 녀석… 혹시…?)
0x5e000	183	「후후후… 내 차례인 모양이군」
0x5e000	184	「너, 너는!」
0x5e000	185	「치, 그놈들 일은 이제 아무래도 좋다, 너에게 맡기지」
0x5e000	186	「알겠습니다, 기가 님. 후후후… 제법 영력이 높아 보이는 놈들뿐인 모양이군…@이거… 좋은 옷감이 나올 것 같구나!」
0x5e000	187	「좋은… 옷감?」
0x5e000	188	「안 되겠다! 도망치는 것이다!」
0x5e000	189	「에? 무슨 소리요?」
0x5e000	190	「받아라!」
0x5e000	191	「으갸아아아~~~~!」
0x5e000	192	「누리카베!」
0x5e000	193	「누리카베가… 천 조각이 돼 버렸어!」
0x5e000	194	「저것은 요괴를 옷감으로 만드는 약이다! 모두, 도망쳐라!」
0x5e000	195	「후후후… 이미 늦었다!」
0x5e000	196	(어떻게 해서든… 어떻게 해서든 도망치는 것이다!)
0x5e000	197	「나는… 인간과 요괴가 공존하는 세상이 이상이라고 생각하며 싸워 왔어.@하지만… 그런 내 싸움은, 인간들에게는 아무래도 좋은 일이었던 모양이야…」
0x5e000	198	「…………키타로… 그건 틀렸다…」
0x5e000	199	「그렇소이다! 요괴에게도 인간에게도, 키타로를 믿어 주는 동료는 많이 있소이다!」
0x5e000	200	「아아, 있겠지. 하지만… 그들도 기가가 있는 한 위험한 일을 당하거나,@거짓을 진실이라고 방송하는 TV에 세뇌되어… 생각을 바꿔 버릴 거야」
0x5e000	201	「에휴… 키타로…」
0x5e000	202	「아버지… 저는 지쳤습니다. 이제… 싸울 수 없습니다」
0x5e000	203	「……………………」
0x5e000	204	「후후후… 키타로가 무너졌다… 나의 승리다!」
0x5e000	205	「나는 얌전히 잡히겠어. 그 대신 다른 모두에게는 손을 대지 않겠다고 약속해 줘」
0x5e000	206	「후후후, 좋다. 하지만 이놈들에게는 지금까지와 같은 자유는 주어지지 않는다고 여겨라.@뭐… 목숨까지는 빼앗지 않겠다고 약속하지」
0x5e000	207	「얌전히 투항할 마음이 생긴 모양이군…?」
0x5e000	208	「아아…」
0x5e000	209	「좋다, 연행한다!」
0x5e000	210	「키타로!」
0x5e000	211	「키~타~로~~!!」
0x5e000	212	「…………」@(이걸로 됐어… 이걸로 된 거야…)
0x5e000	213	「기가 님. 이후로는 어떻게 할까요」
0x5e000	214	「일본은 이미 우리가 손에 넣은 것이나 다름없다. 천천히 키타로를 요리하고… 그다음에 생각하도록 하지」
0x5e000	215	「에휴휴… 이럴 수가… 우리는 대체… 어떻게 되어 버리는 것이냐?」
0x5e000	216	「나는… 인간과 요괴가 공존하는 세상이 이상이라고 생각하며 싸워 왔어.@하지만… 그런 내 싸움은, 인간들에게는 아무래도 좋은 일이었던 모양이야…」
0x5e000	217	「…………키타로… 그건 틀렸다…」
0x5e000	218	「그렇소이다! 요괴에게도 인간에게도, 키타로를 믿어 주는 동료는 많이 있소이다!」
0x5e000	219	「아아, 있겠지. 하지만… 그들도 기가가 있는 한 위험한 일을 당하거나,@거짓을 진실이라고 방송하는 TV에 세뇌되어… 생각을 바꿔 버릴 거야」
0x5e000	220	「에휴… 키타로…」
0x5e000	221	「아버지… 저는 지쳤습니다. 이제… 싸울 수 없습니다」
0x5e000	222	「……………………」
0x5e000	223	「후후후… 키타로가 무너졌다… 나의 승리다!」
0x5e000	224	「나는 얌전히 잡히겠어. 그 대신 다른 모두에게는 손을 대지 않겠다고 약속해 줘」
0x5e000	225	「후후후, 좋다. 하지만 이놈들에게는 지금까지와 같은 자유는 주어지지 않는다고 여겨라.@뭐… 목숨까지는 빼앗지 않겠다고 약속하지」
0x5e000	226	「얌전히 투항할 마음이 생긴 모양이군…?」
0x5e000	227	「아아…」
0x5e000	228	「좋다, 연행한다!」
0x5e000	229	「키타로!」
0x5e000	230	「키~타~로~~!!」
0x5e000	231	「…………」@(이걸로 됐어… 이걸로 된 거야…)
0x5e000	232	「기가 님. 이후로는 어떻게 할까요」
0x5e000	233	「일본은 이미 우리가 손에 넣은 것이나 다름없다. 천천히 키타로를 요리하고… 그다음에 생각하도록 하지」
0x5e000	234	「에휴휴… 이럴 수가… 우리는 대체… 어떻게 되어 버리는 것이냐?」
0x5e000	235	「너희는…」
0x5e000	236	「키타로… TV를 봤다!」
0x5e000	237	「너희들… 엄청난 짓을 저질러 준 모양이잖아!@이건 일본에 사는 우리로서는 내버려 둘 수 없지!」
0x5e000	238	「오, 오해다! 우리는 그런 짓 안 했다!」
0x5e000	239	「거짓말 마라! 어느 채널에서든 너희가 일본을 빼앗으려 한 계획을 폭로하고 있다고.@어지간한 오해로 TV가 그런 보도를 하겠나!@지금껏 실컷 정의의 편인 척하며 우리를 괴롭혀 온 너희가,@실은 가장 큰 악당이었다니! 다들 화가 치밀어 있다 각오해라!」
0x5e000	240	「모두는 속고 있는 거야, 제대로 이야기하면 분명…」
0x5e000	241	「하하하! 네 말과 세상의 보도… 모두가 믿는 건 어느 쪽일까?」
0x5e000	242	「크… 큰머리! 이놈들을 선동한 것이 네놈이냐!」
0x5e000	243	「그렇고말고… 나니라!」
0x5e000	244	「이건 전부 너희 짓이지!?」
0x5e000	245	「후후… 저놈은 이런 소리를 하는군? 미련이 많다고 생각지 않는가?」
0x5e000	246	「키타로! 각오해라! 이제 아무도 너희를 믿는 놈은 없다…@모두를 대신해서… 우리가 응징해 주마!」
0x5e000	247	「그럴 수가…」
0x5e000	248	「으음음… 이야기해도 알아줄 것 같지 않구나…@키타로, 호우코우와 가뭄신 일행은 TV를 보고 오해하고 있을 뿐이다. 쓰러뜨리기는 내키지 않는다…@이놈들을 직접 선동하고 있는 큰머리를 쓰러뜨리면 아마 저들도 물러가 줄 것이다.@어쩔 수 없는 경우는 별수 없다만… 가능하면 큰머리를 우선해서 쓰러뜨리는 것이다!」
0x5e000	249	「그, 그렇네요… 알겠습니다」
0x5e000	250	「키타로… TV를 봤다!」
0x5e000	251	「너희들… 엄청난 짓을 저질러 준 모양이잖아!」
0x5e000	252	「오, 오해다! 우리는 그런 짓 안 했다!」
0x5e000	253	「거짓말 마라! 어느 채널에서든 너희가 일본을 빼앗으려 한 계획을 폭로하고 있다고.@어지간한 오해로 TV가 그런 보도를 하겠나!@지금껏 실컷 정의의 편인 척하며 우리를 괴롭혀 온 너희가,@실은 가장 큰 악당이었다니! 다들 화가 치밀어 있다 각오해라!」
0x5e000	254	「모두는 속고 있는 거야, 제대로 이야기하면 분명…」
0x5e000	255	「하하하! 네 말과 세상의 보도… 모두가 믿는 건 어느 쪽일까?」
0x5e000	256	「크… 큰머리! 이놈들을 선동한 것이 네놈이냐!」
0x5e000	257	「그렇고말고… 나니라!」
0x5e000	258	「이건 전부 너희 짓이지!?」
0x5e000	259	「후후… 저놈은 이런 소리를 하는군? 미련이 많다고 생각지 않는가?」
0x5e000	260	「키타로! 각오해라! 이제 아무도 너희를 믿는 놈은 없다…@모두를 대신해서… 우리가 응징해 주마!」
0x5e000	261	「그럴 수가…」
0x5e000	262	「으음음… 이야기해도 알아줄 것 같지 않구나…@키타로, 붉은혀와 호우코우 일행은 TV를 보고 오해하고 있을 뿐이다. 쓰러뜨리기는 내키지 않는다…@이놈들을 직접 선동하고 있는 큰머리를 쓰러뜨리면 아마 저들도 물러가 줄 것이다.@어쩔 수 없는 경우는 별수 없다만… 가능하면 큰머리를 우선해서 쓰러뜨리는 것이다!」
0x5e000	263	「그, 그렇네요… 알겠습니다」
0x5e000	264	「키타로… TV를 봤다!」
0x5e000	265	「너희들… 엄청난 짓을 저질러 준 모양이잖아!」
0x5e000	266	「오, 오해다! 우리는 그런 짓 안 했다!」
0x5e000	267	「거짓말 마라! 어느 채널에서든 너희가 일본을 빼앗으려 한 계획을 폭로하고 있다고.@어지간한 오해로 TV가 그런 보도를 하겠나!@지금껏 실컷 정의의 편인 척하며 우리를 괴롭혀 온 너희가,@실은 가장 큰 악당이었다니! 다들 화가 치밀어 있다 각오해라!」
0x5e000	268	「모두는 속고 있는 거야, 제대로 이야기하면 분명…」
0x5e000	269	「하하하! 네 말과 세상의 보도… 모두가 믿는 건 어느 쪽일까?」
0x5e000	270	「크… 큰머리! 이놈들을 선동한 것이 네놈이냐!」
0x5e000	271	「그렇고말고… 나니라!」
0x5e000	272	「이건 전부 너희 짓이지!?」
0x5e000	273	「후후… 저놈은 이런 소리를 하는군? 미련이 많다고 생각지 않는가?」
0x5e000	274	「키타로! 각오해라! 이제 아무도 너희를 믿는 놈은 없다…@모두를 대신해서… 우리가 응징해 주마!」
0x5e000	275	「그럴 수가…」
0x5e000	276	「으음음… 이야기해도 알아줄 것 같지 않구나…@키타로, 붉은혀와 가뭄신 일행은 TV를 보고 오해하고 있을 뿐이다. 쓰러뜨리기는 내키지 않는다…@이놈들을 직접 선동하고 있는 큰머리를 쓰러뜨리면 아마 저들도 물러가 줄 것이다.@어쩔 수 없는 경우는 별수 없다만… 가능하면 큰머리를 우선해서 쓰러뜨리는 것이다!」
0x5e000	277	「그, 그렇네요… 알겠습니다」
0x5e000	278	「어이! 키타로!」
0x5e000	279	「쥐인간…?」
0x5e000	280	「큰머리 님! 저도 돕겠습니다~!」
0x5e000	281	「무엇이라? 어째서 너까지 우리를 배신하는 것이냐!」
0x5e000	282	「여기서만 하는 이야기지만… 너희에게 인터넷으로 현상금이 걸렸다고!」
0x5e000	283	「무… 무엇이라!?」
0x5e000	284	"「TV라는 건 무섭구먼~~? 미안하지만… 너희는 완전히 세상의 미움받이야.@너희 동료라고 여겨지면 나도 위험하다는 것도 있으니, ""적""으로 돌아서겠어~!」"
0x5e000	285	「인터넷에서도 우리 이야기가 험하게 오르내리고 있는 거야?」
0x5e000	286	「아아, 아주 묵사발이 되도록 엉망으로 쓰여 있다고!」
0x5e000	287	「크… 이럴 수가」
0x5e000	288	「쥐인간. 안내 수고했다. 나중에 포상을 내리겠다. 지금은 물러나 있거라」
0x5e000	289	「헤헤, 그렇습니까. 그럼 실례를…」
0x5e000	290	「이런이런… 이랬다저랬다 배신을 하다니!」
0x5e000	291	「어쨌든… 갑니다!」
0x5e000	292	「음, 키타로! 저것을 보아라!」
0x5e000	293	「어?」
0x5e000	294	「저건… 환상의 박쥐고양이 군단!」
0x5e000	295	「박쥐고양이!」
0x5e000	296	"「또 만났군, 키타로!@어이쿠… 지금은 이름 앞에 ""일본의 적인""이라고 붙이는 편이 좋으려나?@어쨌든 내 환상으로 이놈들을 원호하게 하지.@즐거운 싸움이 될 것 같군. 후후… 그럼 나중에 보자」"
0x5e000	297	「앗!」
0x5e000	298	「가 버렸구나…」
0x5e000	299	「저 녀석… 뻔뻔하게도!」
0x5e000	300	「죽어라, 키타로 놈들!」
0x5e000	301	「오해야! 우리는 나쁜 짓 따위 하지 않았어!」
0x5e000	302	「문답무용이다!」
0x5e000	303	(젠장! 어째서 알아주지 않는 거야!?)
0x5e000	304	「붉은혀! 우리 이야기를 들어 줘!」
0x5e000	305	「흥! 나는 전부터 너희가 마음에 들지 않았다! 이야기를 들을 생각 따위 없다!」
0x5e000	306	(크… 꽉 막힌 녀석!)
0x5e000	307	「우오오오오오~!! 이… 일본의 적아!」
0x5e000	308	「그러니까 아니라니까! 오해라고!」
0x5e000	309	「그럼… TV도 인터넷도 거짓말이라는 거냐~~!? 그런 걸 믿을 수 있겠나~!」
0x5e000	310	「그, 그건…」
0x5e000	311	(우리가 아무리 사실을 말해도, 증거가 없으면 믿어 줄 것 같지 않아.@어떻게 하면…)
0x5e000	312	「우산요괴, 너까지 우리를 나쁜 놈이라고 생각하는 거야?」
0x5e000	313	「좋은 놈인 줄 알았는데… 키타로, 나를 속이고 있었던 거군!?@역시 너는 나쁜 요괴였던 거지?」
0x5e000	314	「우산요괴… 이야기를 들어 줘」
0x5e000	315	「이제 아무것도 듣고 싶지 않아! 간다, 키타로!」
0x5e000	316	(우산요괴…)
0x5e000	317	「너희들… 잘도 나를 속였겠다?」
0x5e000	318	「아니야! 알아줘 수달! 우리는 친구였잖아!」
0x5e000	319	「이런 때에 친구라는 말을 쓰지 마!@너에게 그런 말을 입에 담을 자격은 없어!」
0x5e000	320	「내 배를 써서 오가사와라에 간 것도, 실은 나쁜 짓을 하기 위해서였다며!@속았어… 너는 최악이야, 키타로!」
0x5e000	321	(완전히 오해받고 있어. 수달까지 나를 믿어 주지 않다니…!)
0x5e000	322	「뒈져라, 키타로 놈들!」
0x5e000	323	「아니야! TV 방송은 새빨간 거짓말이야! 알아줘!」
0x5e000	324	「나를 바보 취급하지 마라! 이제 속지 않아!@지난번 신문 기사도 역시 사실이었던 거겠지!」
0x5e000	325	(안 되겠어… 그는 완전히 보도를 믿고 있는 것 같아)
0x5e000	326	「일본 요괴의 수치들아! 내가 혼내 주마!」
0x5e000	327	(이놈은… 와뉴도! 다이아몬드를 좋아하는 요괴다!)
0x5e000	328	「아니야! 이건 드라큘라 일당의…」
0x5e000	329	「보기 흉하다! 깨끗하게 죄를 인정해라!」
0x5e000	330	(젠장, 우리가 무슨 죄를 지었다는 거야!)
0x5e000	331	「키타로와 그 동료들… 죽인다!」
0x5e000	332	「우귀… 맞지? 너와는 다투고 싶지 않아. 부탁이야, 내 이야기를…」
0x5e000	333	「죽인다 죽인다 죽인다 죽인다 죽인다 죽인다~!」
0x5e000	334	(크…… 이야기 정도는 들어 줘도 되잖아!)
0x5e000	335	「죽는 게 좋겠다! 키타로 놈들!」
0x5e000	336	「큰머리! 보도 기관을 속여서 무엇을 꾸미는지 모르겠지만,@너희가 언제까지고 이런 짓을 계속할 수 있을 것 같으냐! 금방 밑천이 드러날 게 뻔해!@드라큘라 일당의 계획은 전부 부수고 왔다. 너도 이제 그만 정신 차려!」
0x5e000	337	「후후후… 그건 어떨까? 그분의 힘은 아직 이 정도가 아니니라!」
0x5e000	338	「그… 분…?」
0x5e000	339	「나는 그분의 힘에 감복했느니라. 나나 드라큘라의 힘도 강대하나 그분에게는 미치지 못한다!@드라큘라와의 계약을 고쳐 나는 그분의 수하가 되어 따르기로 정했느니라!」
0x5e000	340	「그자는 누구냐!」
0x5e000	341	「곧 만날 수 있다. 그래, 곧 말이다…!」
0x5e000	342	「쳇, 역시 나로는 이놈들 상대는 무리인가? 잘 있어~! 또 보자 키타로!」
0x5e000	343	「저 녀석… 이랬다저랬다 배신을 하다니!」
0x5e000	344	「제기랄… 여기까진가… 다시 시작이다!」
0x5e000	345	「이놈! 한 걸음만 더 하면 됐는데… 기억해 둬라 키타로!」
0x5e000	346	「쳇… 여기까진가…!」
0x5e000	347	「제기랄! 그때 역시 쓰러뜨려 둘걸! 철수다!」
0x5e000	348	「떼로 몰려와서 나를 속이다니… 기억해 둬라!」
0x5e000	349	「나는 너를 용서하지 않겠다! 절대로 절대로… 절대로다~!」
0x5e000	350	「일본 요괴의 낯을 더럽히는 놈들… 언젠가 확실히 결판을 내 주마…… 잘 있거라!」
0x5e000	351	「운이 좋았군 키타로~! 철수다~!」
0x5e000	352	「흥!」
0x5e000	353	「뭐!?」
0x5e000	354	「후우, 나의 불사신의 힘이 겨우 조금 돌아왔구나!@이것도 해골여인의 헌신 덕분이니라!」
0x5e000	355	「회복 능력인가… 성가시다만 쓰러뜨리지 못할 리 없다. 포기하지 말고 쓰러뜨리는 것이다!」
0x5e000	356	「네!」
0x5e000	357	「으윽! 아, 아직 멀었다! 이렇게 된 이상 마지막 힘으로 단숨에 회복해 주마」
0x5e000	358	「그만둬, 네 몸은 이제 그런 무리를 견디지 못해!」
0x5e000	359	「바, 바보 취급하지 마라! 나를 누구로 아느냐! 나는 조몬의 옛날부터 이 땅에 살아온…」
0x5e000	360	「그오오오! 이, 이건! 그럴… 그럴 수가!?@으갸아아아아아아아아아아아아 아아아아~~~~~~~~!?」
0x5e000	361	「거듭된 재생의 부하에 세포가 견디지 못하게 된 것이구나…」
0x5e000	362	「큰머리는… 죽은 겁니까?」
0x5e000	363	「아아. 하지만 놈이니 말이다, 또 몇천 년이 지나면 되살아나겠지」
0x5e000	364	「어떻게든… 끝났나…」
0x5e000	365	「자, 시간이군… 슬슬 물러가도록 할까」
0x5e000	366	「뭐!? 이만큼 소동을 크게 벌여 놓고, 어디로 갈 셈이냐!?」
0x5e000	367	「후후후, 키타로. 이 여흥은 꽤나 재미있었겠지…?@하지만, 여기서부터가 이 쇼의 진짜 시작이니라! 자, 모두들, 물러간다!」
0x5e000	368	(크… 뭐라는 거야!?)
0x5e000	369	「키타로… 괴롭구나」
0x5e000	370	「네, 상대할 수는 대단치 않았지만,@그들과… 어째서 싸워야만 하는가, 그것을 생각하면…」
0x5e000	371	「놈들은 전법을 바꿔 온 것이다…@힘이 아니라, TV나 인터넷을 써서 우리를 일본 안에서 고립시킬 셈인 것이다」
0x5e000	372	「키타로…」
0x5e000	373	「드라큘라!」
0x5e000	374	「너희 편을 들 자는 이제 없다. 얌전히 우리 군문에 들어라」
0x5e000	375	「닥쳐! 너희가 어떻게 TV 방송국에 그런 방송을 하게 했는지 모르겠지만…@내버려 두면, 너희는 비슷한 방법을 써서 더 나쁜 짓을 할 게 틀림없어!@그런 짓 하게 둘 것 같으냐!」
0x5e000	376	(…어리석은……)
0x5e000	377	「키타로… 요괴란 대체 무엇일까?」
0x5e000	378	「뭐? 무슨 소리를 꺼내는 거냐 드라큘라!」
0x5e000	379	「일찍이 인간은… 우리 요괴를 지금보다도 두려워하고, 그리고 경의를 가지고 대했다.@그들은 무지했기에 우리에게 강한 흥미를 가졌고…@미지의 것에 대한 공포심에서 우리에게 외경심을 품고 있었다. 하지만… 그것은 옛날 일이다」
0x5e000	380	「무슨 소리냐…」
0x5e000	381	「…………………… 그렇다… 시대는 변했다…」
0x5e000	382	「아버지…?」
0x5e000	383	"「정보화는 진행되고… TV와 인터넷은 이 세계를 구석구석까지 비추었다…@요괴의 세계라는… ""어둠""까지 말이다!」"
0x5e000	384	「하지만… 전부는 아니야. 인간이 모르는 것은 얼마든지 있어!」
0x5e000	385	「하지만, 인간은 요괴를 믿지 않게 되었다… 요괴를 두려워하지 않게 되었다!@모든 것을 안 듯이 여기고 교만해져… 소중한 것을 느끼지 못하게 된 것이다…」
0x5e000	386	「그건 네 착각이야! 인간 전부가 요괴를 무시하고 있는 건 아니야!」
0x5e000	387	「착각하지 마라. 딱히 요괴의 존재를 믿어 달라는 것이 아니다.@시대도 인간도 변한 것이다, 그렇다면… 요괴 또한 변한다. 내가 말하고 싶은 것은 그런 것이다」
0x5e000	388	「요괴도… 변한다고?」
0x5e000	389	(시간이군…)@「이제… 우리가 직접 손을 쓸 것까지도 없다…」
0x5e000	390	「뭐!?」
0x5e000	1024	개발중
0x64000	0	"「기가 님, 어떻습니까? 우리의 새로운 거점 ""후지산 기슭 치 성""은?」"
0x64000	1	「음, 좋은 경치다. 키타로의 처형 중계를 보며 주연을 벌이기에는 안성맞춤이군」
0x64000	2	「치 님. 옷감으로 만든 놈들은 이 치 성의 창고로 옮겨 두게 했습니다」
0x64000	3	「아아, 그걸로 됐다」
0x64000	4	「게게게의 숲의 모든 요괴들을 옷감으로 만들었느냐?」
0x64000	5	「아니요, 몇 명은 놓치고 말았습니다」
0x64000	6	「뭐 좋다, 나중에 내 힘으로 찾아내 주지.@그보다도 지금은 키타로의 처형을 보는 것이 먼저다」
0x64000	7	「하지만… 기가 님의 힘은 무섭구먼…@자위대 놈들은 우리에게 키타로를 넘겨주고도 아무렇지 않은 건가?」
0x64000	8	「자위대도 어차피 조직이다. 놈들은 명령서대로 움직일 뿐이지. 설령 그것이 가짜라도… 말이다」
0x64000	9	「정말이야? 헤헤헤! 그렇다면 이제 무서울 게 없겠군!」
0x64000	10	「흥. 일본인은 근면하다고들 하지만… 어차피 윗사람 말에 고분고분 따르기만 하는 무능의 집단이다.@확실히… 기가 님의 힘을 발휘하기에는… 안성맞춤인 나라라는 것이군」
0x64000	11	「물론 그것뿐만은 아니다」
0x64000	12	「아아, 알고 있고말고. 이 땅이 지닌 영력은 헤아릴 수 없는 데가 있지」
0x64000	13	「평소 그 영력은 흐름이 되어 눈에는 보이지 않지만 온 일본을 완만하게 떠돌고 있다.@우리는 그 흐름들을, 괴기상을 써서 이 성으로 유도하는 데 성공했다.@덕분에 기가 님은 순식간에 힘을 증폭시켜, 온 일본의 네트를 장악할 수 있었다」
0x64000	14	「괴기상을 발생시키는 건 솔직히 준비에 시간이 걸렸지.@좀처럼 기가 님이 GO 사인을 내주지 않으셔서 말이야…」
0x64000	15	「…………………………」
0x64000	16	「어쨌든, 한 번 괴기상을 발생시켜 영력의 흐름을 바꿔 버리면 이쪽 것이지.@이대로 이 성에서 기가 님의 파워 업에 쓸 영력을 계속 모아 나가면…」
0x64000	17	「전 세계의 네트와 네트에 접속된 기계는 전부 우리 손안에 들어온다.@한순간에 세계는 우리 것이다!」
0x64000	18	「키타로도 붙잡았고… 이제 그것도 시간문제네」
0x64000	19	「정말로… 그렇다면 좋겠다만」
0x64000	20	(드라큘라 님… 역시 그놈 일이 마음에 걸리는 것인가…?)
0x64000	21	「처형은 어디서 이루어지는 것이었습니까?」
0x64000	22	「오소레잔에 만든 처형장이다.@그리고 거기서… 전 세계에 키타로의 처형 장면을 생중계하는 것이다!」
0x64000	23	「굳이 그렇게까지 취향을 부리지 않아도 되지 않았습니까?@상대는 그 키타로… 방심은 금물입니다」
0x64000	24	「걱정도 팔자군, 드라큘라. 명색이 일족의 수장이라면 겁쟁이 같은 발언은 삼가라」
0x64000	25	「저, 저는 딱히」
0x64000	26	「히히히! …시작한다!」
0x64000	27	(키타로…)
0x64000	28	「후하하하하! 아~주 잘 나오는구나!」
0x64000	29	「세계에 그 이름을 떨친 키타로도, 이제 최후의 순간인가…」
0x64000	30	「강자는 언젠가 더한 호걸에게 쓰러지는 법이지」
0x64000	31	「그래도, 의외로 싱거운 막 내림이네」
0x64000	32	「이걸로… 정말로 끝인가? 어쩐지 실감이 나지 않는구나…」
0x64000	33	「후후후… 좋다, 예정보다 이르지만… 처형을 개시하라!」
0x64000	34	「치 님!」
0x64000	35	「뭐냐, 이 중요한 때에 시끄럽구나!」
0x64000	36	「수상한 자입니다! 우리 경계망을 넘어, 성 부근까지 침입한 자가 나타났습니다!」
0x64000	37	「뭐라고!? 에잇, 파수꾼은 무엇을 하고 있었느냐!」
0x64000	38	「그것이… 침입자는 뭔가 특수한 도구로 자신들의 기척을 지우고 있었던 모양이라…」
0x64000	39	「뭐!?」
0x64000	40	「서, 설마…」
0x64000	41	「그… 침입자라는 것을 이 방의 스크린에 비추어라」
0x64000	42	「옛!」
0x64000	43	「키, 키타로!?」
0x64000	44	「뭐라고? 그럼 오소레잔에 있는 것은…」
0x64000	45	「아~~! 오소레잔의 카메라를 봐 봐!」
0x64000	46	「키타로가… 녹아 버렸어…」
0x64000	47	「…어떻게 된 것이냐!?」
0x64000	48	「저건… 내 밀랍인형 소재로 만든 가짜다!」
0x64000	49	「호오… 타워에서의 싸움 때 잔해를 회수했다는 건가!」
0x64000	50	「그것으로 가짜를? 제법이지 않은가!」
0x64000	51	「그그그… 이놈!」
0x64000	52	(그러게 말하지 않았느냐… 기가는 키타로의 무서움을 아직 모르는 것이다)
0x64000	53	「이 나를 그런 원시적인 수법으로 속이다니 얄궂은 짓을…@흥! 되받아쳐 주마!@처형 중계도 주연도 끝이다! 놈을 맞아 쳐라!」
0x64000	54	「하하!」
0x64000	55	「으학!」
0x64000	56	「후우, 슬슬 놈들도 눈치챘겠군」
0x64000	57	「음, 그 밀랍인형은 이런 일도 있을까 해서 준비해 두었던 것이다만…@어쨌든 놈들이 쳐들어온 것이 갑작스러웠으니 말이다… 지금쯤 원래 밀랍으로 돌아갔겠지」
0x64000	58	「그런데… 순식간에 바꿔치기하다니 용케 생각해 냈네?」
0x64000	59	「정말이지, 전차에 둘러싸여 있었는데… 어디에 그런 여유가 있었느냐?」
0x64000	60	「자위대 사람들과 싸우는 건 사양하고 싶으니까.
0x64000	61	 하지만… 그 대신 모두가 치 녀석에게…」
0x64000	62	「신경 쓰지 마라.@키타로가 기지를 발휘하지 않고 자위대와 싸웠다면 더 많은 희생자가 나왔을지도 모른다」
0x64000	63	「하지만… 솔직히 전력은 불안하네.@치 녀석에게 옷감이 되지 않은 건… 결국 나랑 아버님.@아기울음영감에 모래뿌리기할멈, 그리고 두레박불과 이탄모멘뿐인걸…」
0x64000	64	「지금부터 갈 치 성에 모두 옷감이 되어 붙잡혀 있을 거야.@서둘러 구해 내서 합류하자」
0x64000	65	「키타로… 꽤나 대담한 소리를 하는구나…」
0x64000	66	「어? 아, 아아… 죄송합니다, 기분이 상하셨나요?」
0x64000	67	「아니, 속이 시원하구나!」
0x64000	68	(나 때문에 다치는 사람이 있다는 걸… 나는 잊지 않았어.@하지만… 다친 사람이 있기에, 나는 멈춰 설 수 없어…@질 수는 없어… 절대… 그래, 절대로!)
0x64000	69	「그런데, 아까 머리 둘 놈에게서 빼앗은 옷감 말인데…」
0x64000	70	「음, 아마도 우리 동료 중 누군가겠지. 원래대로 되돌려 주어야지」
0x64000	71	「그런데 이거… 어떻게 하면 돼?」
0x64000	72	「고치는 법을 아는 요괴를 불러 두었다. 슬슬 올 텐데…」
0x64000	73	「후에~, 겨우 도착했구먼」
0x64000	74	「아… 당신은 우물선인!」
0x64000	75	「오오, 오랜만이구나. 많이 컸구나 키타로」
0x64000	76	「그, 그런가요…?」
0x64000	77	「과연, 우물선인께서는 일본에 천 년이나 살고 계신 분이다.@옷감이 된 요괴를 원래대로 되돌리는 방법 정도는 알고 계시겠지」
0x64000	78	「키타로, 네 동료가 옷감이 되었다더구나. 보여 보아라」
0x64000	79	「이겁니다」
0x64000	80	「음………………………@괜찮다, 아직 심장 소리가 똑딱똑딱 들리고 있구나」
0x64000	81	「하지만… 붕대가 되어 있었는데요?」
0x64000	82	「걱정 없다, 치의 약을 뒤집어써서 오징어포처럼 늘어나 있을 뿐이다.@물에 담가 빨면 늘어났다 줄어들어 원래대로 돌아온다」
0x64000	83	「저, 정말이려나…?」
0x64000	84	「내가 저기 강에서 시험해 볼게!@두레박불, 같이 와! 빨래가 끝나면, 네 불꽃으로 말리자!」
0x64000	85	「아아, 알았어!」
0x64000	86	「치의 약 냄새가 풀풀 나는구나」
0x64000	87	「아마도, 이 앞의 성 안에서 냄새가 나는 것이겠죠.@고양이소녀가 빨래를 하는 동안 성으로 쳐들어가서 서둘러 찾읍시다!」
0x64000	88	「아아, 놈들의 병사들도 곧 달려올 것이다.@그때까지 서둘러 동료들을 구해서, 이쪽도 전력을 확보하는 것이다!」
0x64000	89	「네!」@(자… 바빠지겠는걸!)
0x64000	90	「이제 곧… 치의 성 입구인가」
0x64000	91	「이런 곳에 저렇게 큰 건물을 세워 놓고서…」
0x64000	92	「저놈들… 제멋대로네」
0x64000	93	「무리도 아니지. 저놈들 미사일도 쏠 수 있다고 했는데, 그것도 분명 사실일 거야」
0x64000	94	「무서운 이야기구나」
0x64000	95	「그만한 힘을 갖게 만들어 버리다니… 우리도 당한 셈이구나…」
0x64000	96	「하지만, 그게 치명적인 약점이야.@놈들은 자기 힘에 자신을 너무 가진 나머지… 마음에 빈틈이 생겼어.@나 자신도, 잘 될지 어떨지 반신반의였다… 그런 밀랍인형을 간파하지 못한 게 그 증거야」
0x64000	97	「음, 그렇구나. TV와 인터넷은 장악당해 버렸지만…@직접 싸우면 기가라 해도 그저 요괴와 다를 바 없다.@기습을 걸어 단숨에 베어 버리면 될 뿐이다!」
0x64000	98	「키타로~~!! 잘도 우리를 속여 주었겠다!?」
0x64000	99	「너는… 누구냐!」
0x64000	100	「이 몸은 머리 둘 미라요괴… 드라큘라 님을 섬기는 자다!」
0x64000	101	「드디어 나오셨나… 태평하시군」
0x64000	102	「뭐라~!!」
0x64000	103	「너 따위에게 발이 묶여 있을 틈은 없다!」
0x64000	104	「좋아, 갑니다 아버지!」
0x64000	105	「음!」
0x64000	106	「머리 둘 미라요괴 님!」
0x64000	107	「오오, 준비됐느냐?」
0x64000	108	「예, 이 근처의 함정 설치… 완료했습니다」
0x64000	109	「장소를 알려 두어라」
0x64000	110	「저기입니다」
0x64000	111	「알았다, 수고했다!」
0x64000	112	「예, 실례하겠습니다!」
0x64000	113	(우리는 구멍의 존재를 알고 있으니 함정에 걸리지 않지만… 키타로 일행은 다르다.@크크크! 이런 식의 유치한 함정 쪽이 더 굴욕적인 법이지…)
0x64000	114	「응? 머리 둘 미라요괴 녀석 유난히 체력이 넘치는군… 어떻게 된 거지?」
0x64000	115	「후후후… 오늘의 나는 한 맛 다르다고…@왜냐하면, 지금 내 몸에 감겨 있는 붕대는@너희 동료였던 옷감으로 만들어져 있으니까 말이다!」
0x64000	116	「뭐라고?」
0x64000	117	「후후후… 놀랐느냐?」
0x64000	118	「아버지… 어떡하죠」
0x64000	119	「괜찮다 키타로, 저놈을 쓰러뜨리고 벗겨 내면 된다!@어쨌든 저놈을 쓰러뜨리는 것이다!」
0x64000	120	「키타로! 함정이다!」
0x64000	121	「이런. 이런 원시적인 수를 쓰다니…!?」
0x64000	122	「함정에 빠지면 데미지를 입는 데다 행동 종료가 되어 버린다, 조심해라!」
0x64000	123	「네, 네!」
0x64000	124	「크… 이 정도 전력에 애를 먹다니…」
0x64000	125	「지금이다! 놈의 몸에서 천을 벗겨 내는 것이다!」
0x64000	126	「꺅~~! 그만둬~~~~~!」
0x64000	127	 |<요괴 옷감을 빼앗았다!>
0x64000	128	「좋아!」
0x64000	129	「무, 무슨 짓을 하는 거냐! 안쪽에도 평소 쓰던 붕대를 감아 둬서 다행이군…」
0x64000	130	「우리를 얕보니까 이런 꼴을 당하는 거야!」
0x64000	131	「무… 뭐라~~!!」
0x64000	132	「흥분하지 마라, 머리 둘 미라요괴. 너는 일단 물러나라」
0x64000	133	「아, 아아, 미안하군」
0x64000	134	「무지나…」
0x64000	135	「흥! 동료를 버리고… 너는 살아남았다는 거군. 이거 걸작이야!」
0x64000	136	「뭐!?」
0x64000	137	「아니라는 거냐? 네가 그렇게 생각하고 있어도…@버려진 놈들은 어떻게 생각할까?」
0x64000	138	「신경 쓰지 마라, 키타로. 놈은 네 마음을 흐트러뜨려@거기를 파고들려 생각하고 있는 것이다!」
0x64000	139	「네… 알고 있습니다. 무지나, 네 얼굴도 꽤 오랜만에 보는군.@너야말로… 어디에 숨어 있었지?」
0x64000	140	「지껄여라! 너희 전력은 적다. 금방 처리해 주지!」
0x64000	141	「그 말, 그대로 너에게 돌려주지… 간다!」
0x64000	142	「너희들… 전보다 힘이 붙은 모양이군!?」
0x64000	143	「당연하지… 우리는 여기까지… 끊임없이 싸워 왔으니까!」
0x64000	144	「흥… 생각보다 즐길 수 있을 것 같군…」
0x64000	145	「이놈… 여기까진가…」
0x64000	146	「그 정도 힘으로… 지금의 우리를 막을 수는 없어」
0x64000	147	「흥, 용케도 그만큼 싸우는군.@네가 기가 님께 거스르면 동료들도 무사하지 못하다는 걸 모르는 거냐?」
0x64000	148	「……………………」
0x64000	149	「지금이라도 늦지 않았다, 항복해라, 그리고 무릎 꿇고 용서를 빌어라!」
0x64000	150	「기가 일행은 여기 와 있는 거지? 그렇다면, 돌아가서 전해 줘.@게게게의 키타로가, 너를 쓰러뜨리러 갈 테니… 기다리고 있으라고!」
0x64000	151	「흥… 완고한 너 때문에 피해를 입는 놈들 따위는 아랑곳하지 않겠다는 거냐!?@좋다! 전해 두겠다. 나중에 울상 짓지나 마라…!!」
0x64000	1024	개발중
0x67000	0	「뭐라고!? 키타로 녀석이 그런 소리를?」
0x67000	1	「놈들은 현재 정문을 돌파해 성 안으로 침입했습니다.@무모하게도 여기까지 쳐들어올 심산인 모양입니다」
0x67000	2	「그래서…? 너는 뻔뻔하게도 돌아왔다는 것이냐?」
0x67000	3	「예, 송구합니다. 하지만 어차피 놈들은 독 안에 든 쥐…@끌어들이는 편이 애쓰지 않아도 붙잡을 수 있다는 것입니다」
0x67000	4	「그래서 간단히 물러났다는 것이냐? 궁색한 변명이군, 무지나」
0x67000	5	「……………………」
0x67000	6	「뭐 좋다. 치와 론론은 놈들을 맞아 칠 포진을 펼치러 출발했다.@엘리트 일행도 뭔가 비책을 강구하러 간 모양이다. 우리도 향하도록 하지」
0x67000	7	「옛!」
0x67000	8	「그럼, 드라큘라 님, 기가 님 저희는 출발하겠습니다. 뒷일은 부탁드립니다」
0x67000	9	「아아… 알았다」
0x67000	10	「기가 님, 도망치지 않아도 괜찮으신 겁니까?@당신이 잘하시는 것은 정보전…@계책으로 상대의 직접 전투력을 봉쇄하고 승리해야만 그 진가가 발휘될 텐데요」
0x67000	11	「드라큘라여, 지금은 둘뿐이다. 딱딱한 말투는 그만두지」
0x67000	12	「…………………그럼 말하겠다 기가. 여기서의 싸움은 불리하다. 일단 물러나라.@너는 키타로의 무서움을 모른다.@밀랍인형 건을 그저 요행이라고 생각한다면 호되게 당할 것이다. 분하겠지만 여기서는…」
0x67000	13	"「나를 모욕하는 듯한 발언은 삼가 주지 않겠나?@""분하다""…? 나는 분해하고 있지 않다」"
0x67000	14	「…………………………」
0x67000	15	「확실히, 나의 진짜 실력은 정보전에 있다. 하지만 나는 영력을 높이는 데 성공했다.@괴기상으로 힘을 얻은 지금의 나라면, 키타로라 해도 두려울 것 없다」
0x67000	16	「그 괴기상 말인데… 발생에 꽤나 시간이 걸렸군」
0x67000	17	「…무슨 말이 하고 싶은 거지?」
0x67000	18	「괴기상을 일으키는 데, 정말로 그렇게 품과 시간을 들여야만 했던 것인가?@네가 명한 그 교토와 오가사와라의 싸움에서는 많은 동료의 피가 흘렀다.@하지만… 나에게는 그것이 정말로 필요한 작전이었다고는 생각되지 않는다. 미끼라기에는… 지나치게 사치스럽다!」
0x67000	19	「이만한 대규모 장치다. 시간이 걸리는 것이 당연하다. 그것이 무언가 이상한 일인가?」
0x67000	20	「……아니. 하지만, 네 정체는 아무도 모른다.@너는 수수께끼의 존재다. 때때로 그 진의를 헤아리기 어려워서 말이다…」
0x67000	21	「드라큘라… 내가 너를 도왔을 때의 일… 기억하고 있나?」
0x67000	22	「그것은… 물론이다」
0x67000	23	「너는 요괴 사업에 실패해서… 막대한 부채를 안고 어찌할 바를 모르고 있었지?」
0x67000	24	「아아… 내 어깨에는 늘 일족의 명운이 걸려 있으니 말이다.@그때 나는… 절망의 밑바닥에 있었다.@금전의 일보다도… 나의 불명예스러운 실패가, 언젠가 집안에 두루 알려질 것을 생각하니… 말이다」
0x67000	25	「그런 너를 도운 것이 이 나다. 나는 네트를 조종해서 네 부채를 지워 주었지」
0x67000	26	「…그때는 네가 구세주로 보였다」
0x67000	27	「지금은 다르다는 것이냐?」
0x67000	28	「……………………아니」
0x67000	29	「진의를 헤아리기 어렵다고 했지…?@내가 생각하는 것은 비원인 요괴에 의한 세계 지배를 실현하는 것… 그것뿐이다」
0x67000	30	「그 말을 믿어도 되는 건가?」
0x67000	31	「물론이다. 이 성에는 영기 에너지가 대량으로 비축되어 있다.@설령 키타로가 통상의 영역을 넘어선 강함의 소유자라 해도 이길 가망은 없다.@그래도 내 몸이 위험하다고 한다면… 네가 놈들을 쓰러뜨려 주면 된다」
0x67000	32	「!」
0x67000	33	「네가 바라던 실력으로의 결착… 본의는 아니지만 그 기회가 다시 돌아온 것이다.@기쁘겠지… 드라큘라?」
0x67000	34	「……………………………」
0x67000	35	「이걸로 이야기는 끝이다… 나는 여기 머무르겠다. 알겠나?」
0x67000	36	「…알았다, 기가」
0x67000	37	(마지막 기회라고? 뻔뻔스럽게도…@뭐 좋다. 언젠가 밝혀 주마. 네 정체를 말이다…!)
0x67000	38	「오오, 있었다 키타로! 옷감이 된 요괴들이다!」
0x67000	39	「좋아, 모두를 원래대로 되돌리자!」
0x67000	40	「그러고 보니, 아까 빨래하러 간 고양이소녀는 어떻게 되었을까?」
0x67000	41	「모두~~! 잘 됐어!」
0x67000	42	「무엇이라? 정말이냐!?」
0x67000	43	「당연하지… 내 말에 틀림은 없다」
0x67000	44	「그래서… 아까 그 옷감은 대체 누구였느냐?」
0x67000	45	「그게…」
0x67000	46	「우에~에취! 다짜고짜 차가운 강물에 담그는 놈이 어디 있어!」
0x67000	47	「감기 걸리면 어쩔 거야?」
0x67000	48	「쥐인간! 너였구나…」
0x67000	49	「오! 키타로! 헤헤, 살았다!」
0x67000	50	"「""살았다""가 아니잖아! 게게게의 숲에서 잘도 배신해 주었겠다」"
0x67000	51	「자, 자, 잠깐만! 나도 기가 그놈의 감언이설에 넘어갔을 뿐이라고!@말하자면, 우리는 피해자끼리 아니냐! 여기서는 협력하자고~?」
0x67000	52	「아야~~~~~!!」
0x67000	53	「웃기지 마! 이 녀석… 이번만큼은!」
0x67000	54	「히! 히이~~! 사, 살려 줘!」
0x67000	55	「키타로, 이놈이 하는 말에 일일이 화를 내서는 몸이 못 버틴다.@혼내 주는 것은 나중으로 미루고, 옷감이 된 놈들을 원래대로 되돌려 주는 것이 먼저다」
0x67000	56	「네, 네… 그것도… 그렇네요…」
0x67000	57	「사, 살았다~! 영감, 고마워! 당신 오래 살 거야~」
0x67000	58	「좋다, 쥐인간. 나와 함께 이놈들을 원래대로 되돌리는 것을 도와라」
0x67000	59	「어… 빨래냐~~!? 그런 건 남자가 할 일이 아니라고!」
0x67000	60	「자기는 구해 달라고 해 놓고 무슨 소리냐! 됐으니 갔다 오너라!」
0x67000	61	「아, 알았다고!」
0x67000	62	「그럼, 되도록 서둘러 돌아올 테니」
0x67000	63	「자, 우리는 어떻게 하고 있을까」
0x67000	64	「아직 다른 데도 옷감이 된 요괴가 있을 거야. 위층으로 나아가자!」
0x67000	65	「그래, 상황도 볼 겸…」
0x67000	66	「찾았다 키타로~~!!」
0x67000	67	「뭐…?」
0x67000	68	「무, 무엇이냐!? 어디서 목소리가 나는 것이냐?」
0x67000	69	「울려서… 모르겠구나!」
0x67000	70	「빈틈이다!」
0x67000	71	「!? 너는」
0x67000	72	「으와아아아아아~~~!!」
0x67000	73	「키타로!」
0x67000	74	「너는…」
0x67000	75	「후후후…」
0x67000	76	「누, 눗페라보냐!?」
0x67000	77	(어떻게 된 거지… 몸이… 무거워)
0x67000	78	「키타로! 괜찮아!?
0x67000	79	 꺅~!!」
0x67000	80	「무슨 일이오, 고양이소녀!?」
0x67000	81	「키, 키타로가…」
0x67000	82	「으으으으…」
0x67000	83	「키타로의 젊음의 엑기스… 받아 간다!」
0x67000	84	「이럴 수가!」
0x67000	85	「눗페라보! 키타로의 젊음을 돌려줘!」
0x67000	86	「어이쿠! 누가 돌려주겠나! 원한다면 되찾으러 오면 되지!@아~하하하하하하!」
0x67000	87	「안 되겠다, 놈이 도망친다! 당장 쫓는 것이다!」
0x67000	88	「아~버~지~~! 저~도 가겠습니다~!」
0x67000	89	(으으… 완전히 노인이 되어 버렸구나!)@「너, 너는 여기 있거라!」
0x67000	90	「하지만~~!」
0x67000	91	「괜찮아, 우리가 확~실히 키타로를 원래대로 되돌려 줄 테니까!@거기서 얌전히 있어!」
0x67000	92	(확실히… 이 상태로는 오히려 짐이 될 뿐이야…)@「알았다~! 부~탁~한~다~~!!」
0x67000	93	「좋아, 고양이소녀, 머리에 태워 다오!」
0x67000	94	「알았어요!」
0x67000	95	「좋다, 놈을 쫓는다!」
0x67000	96	「꽤나 고전이었구나」
0x67000	97	「죄송합니다, 아버지. 제가 방심한 탓에…」
0x67000	98	「음, 놈들의 방심을 찌를 참에 우리가 허를 찔려서야 되겠느냐.@다음부터는 조심하는 것이다!」
0x67000	99	「네」
0x67000	100	「후우, 여기 있었구먼」
0x67000	101	「오오, 우물선인님!」
0x67000	102	「빨래는 끝났습니까?」
0x67000	103	「아아, 자네들 동료 외의 요괴도 꽤나 옷감이 되어 있었던 모양이더군.@어쨌든 닥치는 대로 전부 빨아서 널고 왔다!」
0x67000	104	「후후후후…」
0x67000	105	「고양이소녀, 왜 웃느냐?」
0x67000	106	「그야, 적진에 쳐들어와서 한창 싸우는 중인데 빨래 이야기만 하고 있으니@우리, 왠지 이상하잖아요!」
0x67000	107	「누~리~카~베~! 확~실~히~!」
0x67000	108	「후후, 확실히 그렇네」
0x67000	109	「웃을 일이 아니다!」
0x67000	110	「그렇다고… 남의 속도 모르고!」
0x67000	111	「미안 미안…!」
0x67000	112	「뭐, 어쨌든…@널려 있는 놈들 중에 자네들 동료가 있다면 머지않아 이리로 오겠지」
0x67000	113	「고마워요, 우물선인!」
0x67000	114	「키타로, 나는 우물 밑바닥에 있어서 몰랐다만…@세상에서는 자네가 꽤나 오해를 받고 있는 모양이더군.@괴롭겠지만… 힘내거라!」
0x67000	115	「네!」
0x67000	116	「어라? 이탄모멘 녀석이 없네?」
0x67000	117	「이탄모멘이라면 위로 가는 길을 찾으러 갔다~」
0x67000	118	「찾으러? 그건 무슨 소리야?」
0x67000	119	「그게… 계단이 보이지 않아」
0x67000	120	「없을 리가 없는데…」
0x67000	121	「아, 돌아왔어 키타로」
0x67000	122	「키타로 니~~~임!」
0x67000	123	「어땠어, 이탄모멘?」
0x67000	124	「저쪽에서 큰 계단을 찾았소이다!」
0x67000	125	「큰 계단… 인가」
0x67000	126	「최상층으로 이어지는 가장 빠른 길은 아마 그것이 틀림없소이다!」
0x67000	127	「좋아, 그렇다면 거기서 위층으로 단숨에 나아가도록 하자」
0x67000	128	「그렇네요」
0x67000	129	「이, 이봐 이봐! 그렇게 당당하게 침입해도 되는 거야?@놈들도 병사를 내보낼 텐데!@좀 더, 눈에 안 띄는 루트를 찾는 편이 무난하지 않겠어?」
0x67000	130	「우리가 여기 와 있다는 것은 놈들도 진작에 알고 있다. 이제 와서 잔꾀를 부려도 소용없다」
0x67000	131	「그래. 그보다도 시간을 들이지 않고 최상층까지 가는 것이 급선무야」
0x67000	132	「그, 그러냐…」
0x67000	133	(이 부자는 이럴 때는 호흡이 척척 맞아서 섬뜩하다니까…)
0x67000	134	「어쨌든… 그 계단을 쓰자!」
0x67000	135	「나는 여기서 쉬도록 하겠네 어쨌든 지쳐 버렸으니 말이다」
0x67000	136	「네, 고마워요 우물선인. 덕분에 살았어요.@그럼 출발할까요, 아버지」
0x67000	137	「음. 또 보세, 우물선인님」
0x67000	138	「자, 갑시다!」
0x67000	139	「오오… 몇 번이나 말하는 것 같다만 조심하게」
0x67000	140	「어이쿠… 말하는 걸 잊었구먼!」
0x67000	141	 |<…… 조~~용……>
0x67000	142	「벌써… 가 버렸나. 성급한 놈들이군」@(우리 일본 요괴는 치에게 꽤나 원한을 사고 있지.@조심하는 편이 좋다는 것을 전하려 했는데… 뭐, 어쩔 수 없구나)@「조심하거라, 키타로…」
0x67000	143	「눗페라보! 키타로의 젊음을 돌려줘!」
0x67000	144	「유감스럽게도… 그건 안 되지」
0x67000	145	「무엇이라?」
0x67000	146	「이미… 그녀가 키타로의 젊음을 써 버렸으니까 말이다!」
0x67000	147	「그녀… 라고?」
0x67000	148	「후후후! 그 말대로다!」
0x67000	149	「너, 너는 설마!?」
0x67000	150	「그렇고말고! 마녀 론론이다! 키타로의 젊음의 엑기스는 이 몸이 받았지!」
0x67000	151	「이럴 수가…」
0x67000	152	「후후후… 수백 살은 젊어졌으려나~@덕분에 마력은 이미 팽팽하게 높아졌어!」
0x67000	153	「키타로의 젊음을… 돌려줘!」
0x67000	154	「싫거든! 나는, 너희를 얼른 쓰러뜨리고@이 젊어진 몸으로 놀러 갈 거니까~! 각오해 줘야겠어!」
0x67000	155	「크, 아군의 수가 적은 데다 키타로까지 없는 것이냐… 어쩌겠느냐, 아버님!?」
0x67000	156	「우물선인 일행이 동료들을 데리고 돌아와 줄 것이다.@그때까지 어떻게든 버티는 것이다!」@(크윽… 어서 와 다오~!)
0x67000	157	「그건 그렇고… 꽤나 별난 구조의 방이네…」
0x67000	158	「음, 이건 뭔가 있을 것 같구나…?」
0x67000	159	「응? 저건…?」
0x67000	160	「뭔가의 스위치… 일까?」
0x67000	161	「위에 올라서서 대기하면 작동시킬 수 있는 구조로 되어 있는 모양이구나…@글쎄, 무슨 스위치냐? 모르는 것투성이구나」
0x67000	162	「과연, 이 스테이지에는 이런 장치가 숨겨져 있었나!@저 스위치를 작동시키면, 그때마다 저렇게 바닥이 오르내리는 구조로 되어 있는 모양이구나.@갑자기 발판이 움직이면 계산이 어긋나 버린다… 조심하는 것이다!」
0x67000	163	「어~이 여러분! …기다렸지!」
0x67000	164	「쥐인간! 끝났어?」
0x67000	165	「아아, 일단 빨래가 끝난 건 이만큼이다!」
0x67000	166	「누리카베~!! 전투 준비는 완료~!」
0x67000	167	「어라… 우물선인은 어떻게 됐어?」
0x67000	168	「아아, 빨래를 너무 해서 허리가 나가 버린 모양이야. 천 년을 살았다지만…@메탄가스밖에 안 마셨다니까 무리도 아니지!」
0x67000	169	「좋다, 여러분, 우선 어쨌든 론론을 쓰러뜨리는 것이다!」
0x67000	170	「네, 힘냅시다!」
0x67000	171	「후훙! 젊다는 건 좋구나…!」
0x67000	172	「무, 무엇을 하고 있는 것이냐?」
0x67000	173	「젊어진 게 기뻐서… 거울로 들여다보고 있는 걸까?」
0x67000	174	(이런이런… 세계 요괴 놈들도 큰일이구나…)
0x67000	175	「으~~음! 몇 번을 봐도 좋구나!」
0x67000	176	「앗! 잠깐 헤어스타일이 흐트러졌잖아!」
0x67000	177	(에휴… 긴장감 없는 놈이구나!)
0x67000	178	「으~~음! 이 미모… 두고두고 반해 버리겠구나!」
0x67000	179	「아야야야야~!」
0x67000	180	「뭐, 뭐야 뭐야!」
0x67000	181	「아버님, 보세요! 론론이!」
0x67000	182	"「해냈다!@우리 공격으로 놈의 체내의 ""젊음의 엑기스""가 불안정해진 것이다!」"
0x67000	183	「그, 그만해! 그만둬 줘! 으갸아아아아~~!!」
0x67000	184	「아아! 젊음이! 내 젊음이 날아가 버렸어!」
0x67000	185	「후우, 험한 꼴을 당했네」
0x67000	186	「키타로!」
0x67000	187	「키타로! 원래대로 돌아왔구나!!」
0x67000	188	"「아아, 덕분에 ""젊음의 엑기스""가 돌아와 줬어.@고양이소녀, 수고했어. 아버지는 내가 태울게」"
0x67000	189	「음, 미안했구나!」
0x67000	190	「아니야! 그런 것보다 저놈들을 쓰러뜨리자!」
0x67000	191	「아아!」
0x67000	192	「나의 소박한 기쁨을… 잘도 잘도~!」
0x67000	193	「도우러 왔어, 론론!」
0x67000	194	「어라, 자네였나!」
0x67000	195	「그래, 키타로를 쓰러뜨리고 젊음의 엑기스를 듬~뿍 받아 버리자고!」
0x67000	196	「아아, 그렇지, 히히히!」@(쳇, 이놈도 틈만 나면 젊음의 엑기스를 챙기려는 속셈인가!)
0x67000	197	「히히히!」@(후후후… 젊음의 엑기스는 독차지하게 두지 않겠어!)
0x67000	198	(뭔지 모르겠지만, 절대로 지고 싶지 않은 기분이 들었어…)
0x67000	199	「그 풍채… 자네는… 혹시 고곤이냐!?」
0x67000	200	「어라어라, 나도 유명해졌군! 그렇고말고, 나는 고곤이야!」
0x67000	201	「키타로, 조심해라. 이놈의 눈을 보면 돌이 되어 버린다!」
0x67000	202	「네!? 그런가요?」
0x67000	203	「유감. 교토에서 아부라 뭐라는 놈한테 호되게 당해서 말이야… 그쪽 능력은 휴업 중이야」
0x67000	204	(아부라스마시 이야기인가? 그게 사실이라면, 석화될 걱정은 없겠군…@어쨌든 쓰러뜨려 버리자!)
0x67000	205	(교토에서 입은 데미지가 아직 회복되지 않는군. 안광으로 석화시키는 건 아직 무리인가…)
0x67000	206	「그럴 수가… 제기랄! 어째서야~~~!@젊음을… 나에게 다시 한번 청춘의 빛을… 으갸아아아~~~!!」
0x67000	207	「키타로… 이놈, 어디 있느냐! 눈이 보이지 않는다… 귀가 들리지 않는다… 나는… 죽는 것인가…?@싫어… 이런 정적은… 이런 정적은 싫어~!@하다못해… 나도 한 번쯤 젊어지고 싶었어~!!」
0x67000	208	「이놈들이 여기까지 힘을 키우고 있었다니…… 젠장, 다시 시작이다!」
0x67000	209	「좋아, 이걸로 전부군」
0x67000	210	「키타로, 몸 상태는 어떠냐?」
0x67000	211	「이제 괜찮습니다!」
0x67000	212	「그런가. 하지만 너무 무리하지 말거라?」
0x67000	213	「…………………아버지」
0x67000	214	「응? 무엇이냐?」
0x67000	215	"「여자분들은… 다들 그렇게 ""젊음""에 집착하는 건가요?」"
0x67000	216	「여성만이 아니다. 남자도 그런 것은 생각하는 법이다」
0x67000	217	「그런 걸까요… 잘 모르겠습니다」
0x67000	218	(너도 알게 될 것이다. 나이를 먹으면… 말이다)
0x67000	1024	개발중
0x6a800	0	「굉장한 계단이구나…」
0x6a800	1	「네…」
0x6a800	2	「뭘! 타워에 비하면 아무것도 아니지!」
0x6a800	3	「그러게 말이다…」
0x6a800	4	「어쨌든 갑시다!」
0x6a800	5	「……………」
0x6a800	6	「무슨 일이야, 고양이소녀? 지쳤어?」
0x6a800	7	「아, 아니, 그게 아니야」
0x6a800	8	「그렇다면 서두르자! 이 계단은 상당히 위까지 이어져 있는 모양이다!」
0x6a800	9	「그, 그래」
0x6a800	10	「……………」
0x6a800	11	「이런이런… 이 계단은 아직도 이어지는 것이냐?」
0x6a800	12	「놈들이 우리를 방해하러 오는 기색도 없다… 뭔가… 묘하구나」
0x6a800	13	「…듣고 보니…」
0x6a800	14	「저기, 키타로. 역시 이상해. 우리, 아까부터 같은 곳을 몇 번이나 오르고 있는 것 같아…」
0x6a800	15	「후움. 어쩌면…」
0x6a800	16	「크크크크크! 이제야 눈치챘느냐?」
0x6a800	17	「누구냐!?」
0x6a800	18	「조금 지치게 한 다음 요리할 셈이었다만… 이제 충분하겠지!」
0x6a800	19	「어디 있느냐! 모습을 드러내라!」
0x6a800	20	「드디어 왔구나, 키타로…」
0x6a800	21	「치!」
0x6a800	22	「드디어… 대간부의 등장인가」
0x6a800	23	「어땠느냐? 나의 환술은?@조금 더 빨리 눈치챌 줄 알았다만… 일본의 요괴는 바보 천지인 모양이군!」
0x6a800	24	「무~ 슨~ 소~ 리~!」
0x6a800	25	「하지만… 옷감에서 동료를 원래대로 되돌리는 것은 해낸 모양이군…@그렇다면… 우물선인 그놈의 훈수인가…」
0x6a800	26	「!? 그놈을 알고 있느냐?」
0x6a800	27	「뭐 그렇지. 하지만, 그런 것은 아무래도 좋다…@키타로, 너희만은 내 손으로 직접 끝장을 내고 싶었다.@내 개인적인 원한 때문에, 기가의 눈치를 보며 자중하고 있었다만…@이제 그럴 필요는 없다. 각오해라!」
0x6a800	28	「원한…? 무슨 소리냐!」
0x6a800	29	「이곳은 싸우기 불편하군… 옜다!」
0x6a800	30	「뭐, 뭐냐!?」
0x6a800	31	「꺄아아아아아아~!!」
0x6a800	32	「이 느낌…」
0x6a800	33	"「아아, 치의 ""무한 계단""이 사라진 모양이군」"
0x6a800	34	「치 녀석이… 당했나…」
0x6a800	35	「크크크! 훌륭하다!」
0x6a800	36	「뭐!? 동료가 당했는데? 그것을 훌륭하다니…!?」
0x6a800	37	「안 되나? 드라큘라」
0x6a800	38	「………………」
0x6a800	39	「안심해라, 키타로는 내가 쓰러뜨린다. 무능한 동료 따위 불필요하다. …그렇지 않나?」
0x6a800	40	「아… 아아, 그렇군」
0x6a800	41	「형제…!」
0x6a800	42	「…괜찮은 거냐, 그걸로!」
0x6a800	43	"「엘리트, 라 세느. 우리도 나간다. ""준비""를 해 두어라…」"
0x6a800	44	(!? …준… 비?)
0x6a800	45	(하는 건가… 그걸?)@「알았다… 라 세느! 마지막 싸움을 위해 준비를 하겠다. 도와줘」
0x6a800	46	「아, 아아… 알았어!」
0x6a800	47	「순간이동인가… 그것만은 과연 나로서도 행선지를 알 수 없군. 놈들은 어디로 간 거지?」
0x6a800	48	"「뭘, ""준비""입니다 결전을 향한… 말이죠」"
0x6a800	49	「결전… 인가」
0x6a800	50	「네, 우리도 준비를 하는 편이 좋겠지요. 머지않아 여기로 키타로 일행이 올 테니까요…」
0x6a800	51	「으으…」
0x6a800	52	「굉장한 빛이었구나」
0x6a800	53	「키, 키타로 님, 저것을!」
0x6a800	54	「어!? 이, 이건!?」
0x6a800	55	「치 녀석… 옷감이 되어 버린 건가」
0x6a800	56	「봐! 이 옷감, 여우 모양이야! 저놈은 역시 정체가 여우였구나!」
0x6a800	57	"「그냥 여우가 아니다 꼬리 부분이 아홉으로 갈라져 있구나.@이놈의 누나가 그러했듯이, 치 또한 ""구미호""였던 것이구나」"
0x6a800	58	「하지만… 이렇게 되어 버려서는 가엾구나…」
0x6a800	59	「그가 삼킨 약은 두 번 다시 옷감에서 돌아올 수 없게 되는 특별한 것이었던 모양이네요…@그 말이 사실이라면, 그는… 이제…」
0x6a800	60	「음, 하지만 이놈도 요괴다. 영원히 이대로일 리는 없겠지.@몇백 년이 걸릴지 모르지만 시간이 지나면 언젠가 원래대로 돌아올 것이다」
0x6a800	61	「이 싸움이 끝나면… 이놈의 누나였던 살생석 근처에라도 묻어 줍시다」
0x6a800	62	「음, 그렇구나. 적어도… 남매끼리 있을 수 있도록 말이다…」
0x6a800	63	「계단을 무한 루프시키던 환술은 풀린 모양이네」
0x6a800	64	「이런이런, 겨우 위층으로 갈 수 있는 것이냐」
0x6a800	65	「하지만, 꽤나 올라와 있다는 사실에는 변함이 없는 모양이구나.@우리가 지금 있는 곳은 최상층에 꽤 가까울지도 모른다」
0x6a800	66	「그게 사실이라면… 아버지!」
0x6a800	67	「아아, 기가가 있는 곳은 이제 가까울 터다」
0x6a800	68	「서두르자고! 여기 있다가, 또 계단이 루프되어 버리면 못 견딘다고!」
0x6a800	69	「그렇네…」
0x6a800	70	「좋아, 서두르자!」
0x6a800	71	(모두… 지쳤겠지만… 힘내 줘!)
0x6a800	72	「으으… 이, 이건!?」
0x6a800	73	「어라? 우리 밖으로 내던져진 것이냐?」
0x6a800	74	「아니… 그렇지는 않은 모양이구나」
0x6a800	75	「키타로… 각오해라!」
0x6a800	76	「형제들의 원수… 갚아 주마~!」
0x6a800	77	「크… 또 이놈들인가」
0x6a800	78	「박쥐고양이! 게다가 저 커다란 놈은 눗페라보의 동료인가?」
0x6a800	79	「키타로, 아마도 이것은 치 성 안에 만들어진 환술의 숲이다.@치를 쓰러뜨리지 않는 한 여기서 빠져나갈 수 없을 것이다. 어떻게 해서든 놈을 쓰러뜨리는 것이다!」
0x6a800	80	「알겠습니다!@원한인지 뭔지 모르겠지만… 우리도 너희 때문에 충분히 험한 꼴을 당하고 있어!@각오해라, 치!」
0x6a800	81	「후후후… 와라! 키타로!」
0x6a800	82	「가증스러운 일본 요괴 놈들… 내가 장사 지내 주마!」
0x6a800	83	「그오오오오~~! 모두… 미안하다!」
0x6a800	84	「그, 그럴 수가…… 젠장~, 이제 여기까진가!」
0x6a800	85	「으윽… 건방진 일본 요괴 놈들…!」
0x6a800	86	「어찌 된 거냐! 벌써 약한 소리를 할 셈이냐?」
0x6a800	87	「약한 소리라고…? 바보 취급하지 마라!」
0x6a800	88	「으와! 무, 무엇이냐!」
0x6a800	89	「으와아! 이, 이건!?」
0x6a800	90	「으윽… 건방진 일본 요괴 놈들…!」
0x6a800	91	「어찌 된 거냐! 벌써 약한 소리를 할 셈이냐?」
0x6a800	92	「약한 소리라고…? 바보 취급하지 마라!」
0x6a800	93	「으와! 무, 무엇이냐!」
0x6a800	94	「으와아! 이, 이건!?」
0x6a800	95	「으… 이번에는 얼음 동굴로…?」
0x6a800	96	「이건… 예전 아키요시 동굴 내부의 재현인가!」
0x6a800	97	「치가 없어…? 지금 쓰러뜨린 놈도 혹시 환상이었던 건가?」
0x6a800	98	「새로운 놈인가!」
0x6a800	99	「키타로, 기다리고 있었다!」
0x6a800	100	「여기가 너희 무덤이 되는 것이다!」
0x6a800	101	「그오오오오오~~!!」
0x6a800	102	「뭐, 뭐지?」
0x6a800	103	「투지를 불태우고 있는 것이다. 이놈들은 눈아이들을 베이스로 내가 만들어 낸 요괴…@이 장소에서 네놈들에게 굴욕을 맛본 기억이 희미하게 남아 있는 것이지!@후후… 재미있는 취향이지?」
0x6a800	104	「아까의 무한 계단이나 숲처럼 이것도 놈이 만들어 낸 환상이구나.@우리에게는 진짜로밖에 여겨지지 않는다. 현혹되지 말고 평범하게 싸우는 것이다!」
0x6a800	105	「네, 네!」
0x6a800	106	「어떻게 해도… 어떻게 해도 네놈들에게는 당할 수 없는 것인가?」
0x6a800	107	「무지나, 너는 우리와 같은 일본 요괴야. 더 이상 서로 상처 입히는 건 그만두자」
0x6a800	108	「흥, 물러 터졌군 키타로…@그런 주제에 실력은 최고다. 그게 열 받는다고… 기억해 둬라!」
0x6a800	109	「그오오오! 처, 철수다!」
0x6a800	110	「이놈…!」@(이놈들은 생각보다 하는구나! 젠장, 철수다!)@「잘 있거라 키타로… 언젠가 다시, 맞붙게 되리라!」
0x6a800	111	「보자이… 도망쳤나…!」
0x6a800	112	「치! 이번에는 진짜인 모양이구나!」
0x6a800	113	「보자이가 쓰러졌나… 뭐, 예상대로군.@그러지 않으면 내가 직접 원한을 풀 수 없으니 말이다!」
0x6a800	114	「치! 나에게 원한이 있다고 했지… 그건 무슨 뜻이냐!」
0x6a800	115	「흥, 너 개인에게 원한이 있는 것이 아니다,@이 일본에… 일본에 사는 요괴 놈들에게 원한이 있는 것이다!」
0x6a800	116	「뭐라고…?」
0x6a800	117	「천 년 가까이 전… 내 누나는 이 일본에 왔다…@하지만, 당시 조정이 파견한 인간에 의해, 누나는 봉인당하고 말았다…」
0x6a800	118	「네… 누나?」
0x6a800	119	「그것은… 누구냐?」
0x6a800	120	"「너도 들어 본 적이 있겠지. ""구미호""라는 이름을!」"
0x6a800	121	「구미호라고!?」
0x6a800	122	"「음, 확실히 구미호는 중국에서 온 요괴다…@이 일본에서 퇴치당해, 지금은 ""살생석""이라는 돌이 되어 있다」"
0x6a800	123	「나는 예전부터 참을 수 없었던 것이다!@네놈들 일본 요괴는 내 누나를 지켜 주지도 않고 죽게 내버려 두었으니 말이다!」
0x6a800	124	「무엇이라… 터무니없는 논리로구나」
0x6a800	125	「네 육친이 쓰러진 것은 안됐다고 생각해…@하지만, 그만큼 인간에게 나쁜 짓을 했다는 뜻이잖아!」
0x6a800	126	「닥쳐라! 게다가 키타로 놈들… 너희는 그 인간들 편까지 들고 있지 않느냐!@나는 너희를 용서하지 않겠다.@네놈들 전원을 옷감으로 만들어 돌이 된 누나 앞에서 잘게 썰어 태워 주마!」
0x6a800	127	(제멋대로인… 이런 놈에게 절대 지지 않겠어!)
0x6a800	128	「너희에게 승산은 없다. 얌전히 항복하고 용서를 빌어라!」
0x6a800	129	「누가 그런 짓을 하겠느냐!」
0x6a800	130	「으갸아아아아아아아!!」
0x6a800	131	「치! 너는 이제 끝이다!」
0x6a800	132	「아직이다… 나는 아직 죽지 않는다! 누님~~~~~~~!!!! 나에게 힘을 빌려주소서~~!」
0x6a800	133	「소용없다, 너에게는 이제 그런 힘은 남아 있지 않아!」
0x6a800	134	「누님을 없앤 이 가증스러운 일본에 복수할 힘을 주소서~~!!」
0x6a800	135	「오오… 누님… 감사… 하나이다…!」
0x6a800	136	「그럴 수가…」
0x6a800	137	「자… 각오해라 키타로 놈들!」
0x6a800	138	「그오오오오오오오~!」
0x6a800	139	「치 님이… 우리 제께서 패하셨다! 크… 철수다!」
0x6a800	140	「그럴 수가… 보자이에 치까지 지다니… 크, 물러나겠다!」
0x6a800	141	「어떻게 해도… 어떻게 해도 네놈들에게는 당할 수 없는 것인가?@쳇, 못 해 먹겠군… 나는 빠지겠다!」
0x6a800	142	「설마 이런 결과가 될 줄이야… 철수다!」
0x6a800	143	「그럴 수가… 일본 요괴 따위에게… 이 내가 지다니…?@나와… 누님의 힘을 가지고도 너에게 미치지 못한다니…!?」
0x6a800	144	「네가 누나를 생각하는 마음은 알겠어. 하지만 나에게도 지키고 싶은 것이 있어.
0x6a800	145	 나도… 질 수는 없어!」
0x6a800	146	「다, 닥쳐라! 인정하지 않는다… 인정하지 않아 인정하지 않아 인정하지 않아~~!!」
0x6a800	147	「으와!」
0x6a800	148	「이 녀석… 아직 움직일 수 있었나!?」
0x6a800	149	「이 비장의 환약을 너에게 먹여서… 너를 요괴로 돌아올 수 없는 완전한 옷감으로 바꿔 주마!」
0x6a800	150	「아직 그런 것을 가지고 있었느냐!?」
0x6a800	151	「미, 미련이 많구나!」
0x6a800	152	「으와아아아!」
0x6a800	153	 |<꿀꺽>
0x6a800	154	"「치 녀석… ""비장의 환약""인지 뭔지를 자기가 삼켜 버렸구나!」"
0x6a800	155	(이, 이런…! 배, 뱉어! 뱉어 내!)@「~~~~~~~~~~!!」
0x6a800	156	(아, 안 되나!)
0x6a800	157	「뭐지? 이 건물이 무너지는 건가?」
0x6a800	158	「아니, 치의 환술이 붕괴되어 가는 것이다」
0x6a800	159	(죄송합니다… 누님…)
0x6a800	160	「으… 으…
0x6a800	161	 으갸아아아아아아아아아아아아 아아아아아아아아아아아아아아 아아아~~~~~~~~~!!」
0x6a800	162	「우오오오오오~~!!」
0x6a800	163	「보이지 않게 됐다!?」
0x6a800	164	「놈이 잘하는 모습을 감추는 능력이다. 키타로, 안테나를 써라!」
0x6a800	165	「네!」
0x6a800	166	「그러고 보니 들은 적이 있다…@눗페라보 중에는 모습을 감출 수 있는 자가 있다고…… 자네가 그것이냐!?」
0x6a800	167	「그 말대로다~~. 보이지 않는 상대는 공격할 수 없겠지~! 죽어라, 키타로~~!」
0x6a800	168	「키타로, 현혹되지 마라. 안테나를 써라!」
0x6a800	169	「네!」
0x6a800	170	「제~~~기~~~랄~~~!」
0x6a800	171	「찾았다……!」
0x6a800	172	「잘도 해 주었구나~~!!」
0x6a800	173	「우오오오오오오오오~~!」
0x6a800	174	「아! 또 놈의 모습이…!」
0x6a800	175	「키타로, 안테나를 쓰는 것이다!」
0x6a800	176	「부딪쳤겠다~~! 아프잖아~~!」
0x6a800	177	「어딜 보는 거냐~~! 받아라~~~!」
0x6a800	178	「아버지… 아시겠어요?」
0x6a800	179	「음, 눗페라보 말고도 모습을 감추고 있는 적이 있는 모양이구나…@아마도 박쥐고양이의 부하들이겠지. 조심하는 것이다!」
0x6a800	1024	개발중
0x6d800	0	「이 커다란 문이…」
0x6d800	1	「아아, 이 성의 최상층 방의 문… 다시 말해…」
0x6d800	2	「기가가 있는… 장소… 인가」
0x6d800	3	「무슨 일이냐, 키타로」
0x6d800	4	"「이 문 너머에서… 거대한 요기가 느껴져… 내가 지금까지 느껴 본 적 없는 이질적인 요기…@이건 아마도 ""기가의 요기""야.@틀림없어, 이 문 너머에… 놈이… 기가가 있어!」"
0x6d800	5	「음… 그 말대로다」
0x6d800	6	「아버지. 우리 기습은 진작에 들통났을 텐데요.@그런데도… 어째서 기가는 도망치지 않고 아직 여기 있는 걸까요?@뭔가… 함정이라도 놓고 있는 게 아닐까요?」
0x6d800	7	「놈은… 기다리고 있는 것이다」
0x6d800	8	「기다리고 있다?」
0x6d800	9	「놈은… 아마도 재미로 저지르는 유형이다.@키타로를 그렇게 요란하게 처형하려 한 것만 봐도 짐작이 가지!」
0x6d800	10	「재미로…@자기가 이익을 얻기 위해서가 아니라… 남을 곤란하게 하는 것 자체를 즐기고 있다는 건가요?」
0x6d800	11	「뭐… 내 짐작이다만. 힘 그 자체를 원한다는 욕구도 예전에는 있었겠지.@하지만, 강대한 힘을 손에 넣은 지금은, 그것을 휘두르는 것밖에 생각하지 않는 것이다.@아마도, 이렇게 우리가 이 성을 쳐올라와도 아무런 공포도 느끼지 않을 것이다」
0x6d800	12	「아버님… 어떻게 그렇게까지 아세요? 감치고는 너무 자세하잖아요」
0x6d800	13	"「키타로가 말한 이 문 너머에서 느껴지는 ""이질적인 요기""다.@강대하지만… 거칠고 두려움을 모르는 젊음을 내뿜고 있다.@좋게 말하면 천진난만하고… 나쁘게 말하면 잔혹한… 이건 그런 ""기운""이다」"
0x6d800	14	「누리카베에게는 아무것도 느껴지지 않는다~~!」
0x6d800	15	「당연하지!@수많은 수라장을 헤쳐 나오신 아버님이시기에, 거기까지 분석할 수 있는 것이다!」
0x6d800	16	「저도… 이 기운만으로 그 정도까지는 알 수 없습니다. 역시… 아버지는 대단하세요」
0x6d800	17	"「노력한 것이 아니다. 이것은 ""경험"". …자연히 몸에 배는 것이다.@대단할 것 없다」"
0x6d800	18	"「아버님의 상상이 맞다면, 기가는 마치 ""어린아이"" 같구나.@드라큘라 녀석… 어째서 또 그런 놈과 손을 잡은 것이냐?」"
0x6d800	19	「그건… 직접 놈에게 물어봅시다」
0x6d800	20	「가는 거지, 키타로…」
0x6d800	21	「아아, 모두… 이것이 마지막 싸움이야.@우리는… 반드시 기가 일당을 쓰러뜨린다. 그리고… 놈들을 이 일본에서 쫓아내는 거야!」
0x6d800	22	「오~~~!!」
0x6d800	23	(루카 양… 나를 믿었던 탓에, 네가 다친 것을 정말로 미안하게 생각해.@옷감이 되어서… 괴로운 일을 당한 동료들에게도 같은 마음이야. 그러니까… 반드시 기가에게 이긴다.@그렇지 않으면… 나는 너희를 배신한 것이 되니까!)
0x6d800	24	「문…… 연~다~~!!」
0x6d800	25	「키타로… 기가는 쓰러뜨렸지만… 아직 싸움은 끝이 아닌 모양이구나…」
0x6d800	26	「네… 아버지」
0x6d800	27	「뭐냐! 뭐란 말이냐 이것은!?@나에게… 모르는 것 따위 있어서는 안 되는데!@대체 어떻게 된 것이냐~~~~!!」
0x6d800	28	「키, 키타로, 어쨌든 도망칩시다!」
0x6d800	29	「소용없어… 이 성 주위를 굉장한 요기가 둘러싸고 있어. 우리를 놓아주지 않을 셈이야」
0x6d800	30	「설마… 또 가샤도쿠로 녀석인가?」
0x6d800	31	「아니, 그놈은 타워에서의 싸움이 탈이 나서, 지금쯤은 지옥에서 요양하고 있을 것이다」
0x6d800	32	「가샤도쿠로가 아니야. 더욱 강대한 요기다…」
0x6d800	33	「더욱 강대한 요기…? 그건 대체 누구요!」
0x6d800	34	「모두, 각오를 다져라. 마지막 싸움은… 아무래도 여기서부터였던 모양이다!」
0x6d800	35	「누~리~카~베~! 각오를 다진다~~~~!」
0x6d800	36	(그렇군… 마지막은 저놈인가. 좋다… 와라!)
0x6d800	37	「여기가… 최상층인가…」
0x6d800	38	「마침내 왔느냐…」
0x6d800	39	「어서 오너라, 키타로!」
0x6d800	40	「드라큘라… 그리고 기가… 드디어 만났군!」
0x6d800	41	"「내가 일본을 점령하는 첫걸음이 된 장소, ""치 성"" …마음에 드셨는지?」"
0x6d800	42	「용케도 이런 것을 아무에게도 들키지 않게 지었군.@정보를 조작해서… 있는 것조차 없다고 믿게 하는, 네 대담함에는 기가 막힌다!」
0x6d800	43	「그건 너도 마찬가지다. 설마 소문으로 듣던 천하의 키타로가,@자기가 살고 싶어서 대역을 세우고 동료를 버릴 줄이야…?」
0x6d800	44	「……………………후후후…」
0x6d800	45	「뭐가 우습냐!」
0x6d800	46	「어떤 기분이었나?@모든 네트를 지배해서 온갖 정보를 손에 넣었을 터인 자신이,@자기 부하가 만든 밀랍인형 따위에 속았을 때의 기분은?@남을 거짓 정보로 계속 현혹해 온 네가, 원시적인 방법으로 도리어 속아서, 어떤 생각이 들었지?」
0x6d800	47	「흐흥… 그것으로 도발하는 셈이냐?」
0x6d800	48	「너는 정보를 조작해서, 모든 것을 지배하고 있다고 생각한 모양이지만, 어차피 가짜…@그 밀랍인형처럼, 간단히 녹아 버리는, 무른 것에 지나지 않았어.@기가, 너는 거짓과 기만으로 모두를 속이고 있을 뿐…@그건 다시 말해… 너는 실은 대단한 놈이 아니라는 뜻이야!」
0x6d800	49	「…………………」
0x6d800	50	「정보를 다스리는 요괴라고 했다만…@이렇게 직접 마주한 지금에 와서는 더 이상 그 은혜를 입을 수 없겠지.@네놈의 실제 힘이 어느 정도인지 기대되는구나!」
0x6d800	51	「무슨 소리를! 기가 님은…」
0x6d800	52	「…드라큘라」
0x6d800	53	「예? 네…!」
0x6d800	54	「나는 일단 물러나서 구경하고 있겠다」
0x6d800	55	「무, 무슨 말씀이십니까!?」
0x6d800	56	「너에게 키타로와 일대일로 결착을 낼 기회를 주겠다는 말이다」
0x6d800	57	「하지만…!」
0x6d800	58	「…알겠나?」
0x6d800	59	「예… 예…」
0x6d800	60	「기다려, 여기까지 와서 도망칠 셈이냐!」
0x6d800	61	「그런 것이 아니다… 모처럼의 여흥을 오래 즐기고 싶을 뿐이다.@자… 보여 다오. 너희가 싸우는 모습을! 그럼, 나중에 보자…」
0x6d800	62	「……………」
0x6d800	63	「뭐야 저놈…」
0x6d800	64	「키타로…」
0x6d800	65	「드라큘라! 너는 어째서 저런 놈을 따르고 있는 거냐!」
0x6d800	66	「…………여기까지의 수많은 시련을 넘어… 용케도 여기까지 도달했다.@나는 너희에게 경의마저 느낀다!」
0x6d800	67	「무, 무엇이냐? 우리… 칭찬받고 있는 것이냐?」
0x6d800	68	「하지만, 기가 님은 강하다. 너로는 당해 낼 수 없을 것이다!@기가 님의 힘이 있으면, 세계를 지배할 수 있다!@지금이라면 늦지 않았다, 너희도 우리와 함께 오너라!@그리고 우리 손으로… 요괴가 지배하는 진정한 이상 세계를 만들지 않겠나!」
0x6d800	69	「끈질기군! 그런 말에… 우리가 고개를 끄덕일 거라고 생각하는 거냐!?」
0x6d800	70	「우리는… 딱히 인간의 편… 이라는 것이 아니다.@인간 중에도, 더러운 놈도 있고 어쩔 수 없는 놈도 있다」
0x6d800	71	「하지만… 우리는 그 인간과 함께 살아왔어!@때로는 어긋나고… 때로는 어울리면서… 그리고 화내기도… 웃기도 하면서!」
0x6d800	72	「그렇다, 그들은 우리의 좋은 친구다…」
0x6d800	73	「귀여운 여자아이도 있고 말이다!」
0x6d800	74	「무엇이라!」
0x6d800	75	「무서운… 할멈도 있다. 하지만… 그것 또한 즐겁다!」
0x6d800	76	「나도… 그런 요괴와 인간 사이에서 태어났어… 그리고 무엇보다 일본은 내 고향이야!@그 고향을… 너희에게는 넘겨주지 않아. 몇 번을 묻는대도, 내 대답은 그것뿐이다!」
0x6d800	77	「역시 그런가… 유감이군. 그럼, 지옥에서 생각을 고쳐먹는 수밖에 없겠구나」
0x6d800	78	「지옥에 간대도… 생각은 바뀌지 않아.@지옥에 가면… 어머니한테 혼나 버리니까!」
0x6d800	79	「지껄여라! 간다 키타로… 우리 힘 앞에서, 진정한 절망을 알거라!」
0x6d800	80	「키타로… 드디어 결전이군」
0x6d800	81	「흥! 그 건방진 얼굴도 이걸로 마지막이다!」
0x6d800	82	「너희들인가… 이쪽도 지지 않겠다!」
0x6d800	83	「제군들… 준비는 됐나?」
0x6d800	84	「우리의 드라큘라 님을 향한 충성심을 뼈저리게 알거라!」
0x6d800	85	「자… 시작할까!」
0x6d800	86	「으와~~! 제~기랄~~!!」
0x6d800	87	「크… 패했나… 하지만… 진짜 싸움은 이제부터다!」
0x6d800	88	「지고도 억지를…」
0x6d800	89	「어이쿠, 당했나? 후후후… 그럼 이 자리는 여기까지군…」
0x6d800	90	(뭐냐? 결전이라고 해 놓고, 유난히 싱겁게 물러났구나…)
0x6d800	91	「뭐~~!? 마, 말도 안 된다… 이 몸이 내 연구의 성과가…@으갸아아아아아~~!!」
0x6d800	92	「으윽~~! 키타로~~!!@드라큘라 님… 끝까지 도움이 되지 못해 죄송… 합니… 다…」
0x6d800	93	「으와와와와와~! 그, 그럴 수가~~!!」
0x6d800	94	「으윽…」
0x6d800	95	「해치웠나!?」
0x6d800	96	「아직 멀었다…」
0x6d800	97	「…저 장치는 대체?」
0x6d800	98	「놀랐느냐! 이것이야말로 영기 에너지 공급 장치다!」
0x6d800	99	「영기 에너지… 공급 장치라고?」
0x6d800	100	「그렇고말고. 괴기상을 발생시켜, 흐름을 바꾼 온 일본의 영기는, 지금 이 치 성으로 흘러들고 있다.@이 장치는 그것을 요괴가 받아들일 수 있는 형태로 변환해, 축적하는 장치다!」
0x6d800	101	「뭐라고? 그런 것이 이 성에!?」
0x6d800	102	「안 되겠다, 놈들이 자신만만했던 것은, 그 장치의 존재가 있었기 때문인가!」
0x6d800	103	「출력 조정이 아직 안 되어서 말이지, 지금은 기가 님과 나밖에 쓸 수 없다…@하지만, 너희를 쓰러뜨리기에는 넘칠 만큼 충분하겠지!」
0x6d800	104	「안 되겠다, 저것을 어떻게든 하지 않으면… 아무리 해도 회복당해 버린다!」
0x6d800	105	「하지만… 어떻게 하면…?」
0x6d800	106	「어쨌든… 한 번 더 드라큘라에게 데미지를 주어 저 기계를 쓰게 만드는 것이다!@그것을 보면, 뭔가 좋은 방법이 떠오를지도 모른다…」
0x6d800	107	「아, 알겠습니다, 아버지!」
0x6d800	108	「크… 쓸데없는 짓을! 또 회복해 주마!」
0x6d800	109	「아… 또!」
0x6d800	110	「음? 어떻게 된 것이냐… 장치 안에 들어갈 수 없다!」
0x6d800	111	(병사들이 멋대로 퇴각을? 뭐냐… 대체 무슨 일이 벌어지고 있는 것이냐!?)
0x6d800	112	「잡졸은 내가 물러나게 했다…」
0x6d800	113	「무, 뭐라고!?」
0x6d800	114	「기가 님!? 비, 비켜 주십시오. 지금부터 제가 회복을…」
0x6d800	115	「……닥쳐라」
0x6d800	116	「무, 무엇을 하는 겁니까! 실성하셨습니까!?」
0x6d800	117	「잠자코 보고 있었더니 멋대로 내 장치를 쓰다니…」
0x6d800	118	「뭐라고요…?」
0x6d800	119	「키타로를 처치하지 못했을 뿐 아니라, 화려한 최후도 맞지 못하고, 질질 연명하려 들다니…@모처럼 기회를 주었건만… 쓸모없는 놈이다!」
0x6d800	120	「뭐야… 내분인가?」
0x6d800	121	「무슨 말씀입니까…!? 제가 당해도 좋다는 겁니까?」
0x6d800	122	「아아… 상관없다! 너희는 어차피 나를 즐겁게 하는 광대에 지나지 않는다.@네놈을 키타로와 싸우게 한 것은 목숨을 건 싸움을 보는 것도 또한 흥이라고 생각했기 때문이다!@그것이 이 정도라니… 네 존재 가치는 이걸로 제로가 되었다!」
0x6d800	123	「뭐라고…?」
0x6d800	124	「기가… 그것이 네 본심이냐!」
0x6d800	125	「네놈… 역시!」
0x6d800	126	「너는 이제 볼일이 끝났다…」
0x6d800	127	「으학아아아아~!」
0x6d800	128	「혀, 형제!?」
0x6d800	129	「하하하! 너는 내가 힘을 기를 때까지 실로 잘 일해 주었다!@하지만, 지금의 나에게는 온 일본의 영기가 흘러드는 이 성과, 이 장치가 있으면 충분하다!」
0x6d800	130	「역시 너는… 우리의 이상 따위 처음부터 아무래도 좋았던 것이군」
0x6d800	131	「조금 더 꿈을 보여 주어도 좋았다만.@네 한심함을 보고 있자니… 그런 마음도 날아가 버렸다!@키타로는 내가 쓰러뜨려 주지. 내 앞에서 사라져라. 어리석은 박쥐 놈!」
0x6d800	132	「이놈… 이놈 기가~~! 처, 철수다!」
0x6d800	133	「너는… 자기가 힘을 기르기 위해 드라큘라 일당을 이용한 것뿐이냐?」
0x6d800	134	「그 말대로다. 내가 정보를 주면, 놈들은 필사적으로 그대로 행동하려 한다.@놈들이 바라는 꿈이 바로 눈앞에 있는 것처럼 믿게 하면, 내가 말한 대로 놈들은 싸우고…@그리고 패하고… 나에게 즐거운 드라마를 보여 준다. 그것이 나의 지복이다!」
0x6d800	135	「기가… 너…」
0x6d800	136	「나에게 있어서 오락이란 남이 감정을 부딪치는 그 우스꽝스러운 모습을 보는 것이다!@자, 너도 나를 즐겁게 해 다오! 크크크… 아~하하하하!」
0x6d800	137	「크… 이제 화났다!」
0x6d800	138	「자… 내 병사들을 내볼까?」
0x6d800	139	「저건!?」
0x6d800	140	「…우리의 가짜인 모양이구나」
0x6d800	141	「나는 방금, 너희의 요괴 정보를 받아들였다.@이놈들은 그것을 바탕으로 만들어 낸 완전한 복제다!」
0x6d800	142	「요괴를 복제한다고? 그런 일이 가능한 거냐!?」
0x6d800	143	「그렇고말고 키타로. 나에게 불가능은 없다!@자, 간다 키타로 놈들! 자신과 같은 모습의 적의 손에 죽는 것이 좋겠다!」
0x6d800	144	「후후후… 나는 여기다!」
0x6d800	145	「어딜 보고 있느냐… 나는 이쪽이다?」
0x6d800	146	「내 움직임을 봉하려 해도 소용없는 일이다…」
0x6d800	147	「후후후… 소용없다고 했건만…」
0x6d800	148	「뭐!?」
0x6d800	149	「회복… 한 건가? 드라큘라 때와 똑같아!」
0x6d800	150	「키타로, 나를 쓰러뜨리는 것은 불가능하다!」
0x6d800	151	(정말인가? …아니, 포기하면 안 돼!)@「기가… 나는 꺾이지 않아! 네놈을 반드시 쓰러뜨리겠다!」
0x6d800	152	「후후… 이걸로 쓰러뜨린 셈이냐?」
0x6d800	153	「뭐!?」
0x6d800	154	「크… 또 회복할 셈인가!」
0x6d800	155	(이래서는 끝이 없어… 놈은 정말로 쓰러뜨릴 수 있는 걸까?)
0x6d800	156	"「후후후… 키타로. ""꺾이지 않는다""느니 말했다만…@얼굴에 포기가 드러나기 시작했군. 몇 번이든 상대해 주마!@너희의 희망이… 절망으로 바뀔 때까지 말이다!」"
0x6d800	157	(또 회복을… 젠장! 놈은 쓰러뜨릴 수 없는 건가…?)
0x6d800	158	「뭐!?」
0x6d800	159	「어!?」
0x6d800	160	「이럴 수가… 내 영기 에너지 공급 장치가!」
0x6d800	161	「뭐지…? 무슨 일이 일어난 거지?」
0x6d800	162	「기회다 키타로! 무슨 일이 일어났는지 모르겠다만… 이걸로 이제 놈은 회복할 수 없다!」
0x6d800	163	「그럴… 그럴 수가!」
0x6d800	164	「아버지 말씀대로인 모양이네요. 각오해라, 기가!」
0x6d800	165	「무, 무슨… 건방진~! 지금의 너희쯤은… 회복 따위 못 해도!」
0x6d800	166	「그아아아아아아아아~~!! 어째서다! 어째서 이 내가 이런 곳에서!」
0x6d800	167	「희망이 절망으로 바뀐 것은 아무래도 자네 쪽이었구나. 기가…」
0x6d800	168	「그으으으…! 모, 몸의 크기를 유지할 수 없다!」
0x6d800	169	(기가의 몸이 줄어들었어… 이제 아까까지의 힘은 낼 수 없게 된 모양이군)
0x6d800	170	「기가, 네 패배다. 포기하고 네 나라로 돌아가라」
0x6d800	171	「내 나라라고…? 나에게 내 나라 따위 없다!」
0x6d800	172	「뭐라고… 무슨 소리냐?」
0x6d800	173	「뭐냐… 이 흔들림은!?」
0x6d800	174	「기가… 네 짓이냐?」
0x6d800	175	「아니, 다르다… 뭐냐… 무슨 일이 일어나고 있는 거냐?」
0x6d800	176	「대체 이건…」
0x6d800	177	「거기까지다 키타로!」
0x6d800	178	「박쥐고양이! 게다가… 머리 둘 미라요괴!」
0x6d800	179	「늦었지만… 가세하러 왔다! 자, 각오해라!」
0x6d800	1024	개발중
0x71000	0	「각오를 다지라고 해도 말이야… 대체 지금부터 뭐가 시작된다는 거야!@드라큘라 일당도 기가도 쓰러뜨렸잖~아」
0x71000	1	「설마 하고는… 생각하지만」
0x71000	2	「후후후…」
0x71000	3	「누, 누구냐!?」
0x71000	4	「키타로… 너에게는 이미 짐작이 간 모양이군」
0x71000	5	「드라큘라!」
0x71000	6	「뭐냐, 아직 팔팔하지 않으냐!」
0x71000	7	「당한 척을… 너는… 기가를 신용하지 않았던 거군?」
0x71000	8	「믿으려 하고는 있었다… 나를 도와준 이놈을 말이다.@마음에 안 드는 놈이라고는 생각했지만, 언젠가 서로 동료로서의 정도 생길까 하고 낙관적으로 생각했지」
0x71000	9	「하지만… 그건 잘못이었다… 그런 거냐?」
0x71000	10	「으… 드라큘라…! 영기 에너지 공급 장치를 정지시킨 것이 네 짓이냐!?@네 부채를 지워 준 은혜를 잊은 것이냐!?」
0x71000	11	「나는 너에게 충분히 은혜를 갚았다. 게다가… 네 본심을 확인한 이상, 우리의 협력 관계도 종료다」
0x71000	12	「으그그그그그…」
0x71000	13	「욕심부리지 말고 우리와 좋은 관계를 유지했으면 좋았을 것을. 아직… 어리군… 기가」
0x71000	14	「…너희만으로 키타로에게 이길 셈이냐?」
0x71000	15	「우리에게도 제대로 된 계획 정도는 있다. 타도 키타로를 위한 것이!」
0x71000	16	「그런 거지」
0x71000	17	「형제, 준비는 됐어」
0x71000	18	「엘리트에… 라 세느! 진심으로… 그것을 쓸 셈이냐!?」
0x71000	19	「물론이다… 모든 것은 이때를 위해서, 준비에 빈틈은 없다」
0x71000	20	「간다…」
0x71000	21	「꺄아아! 저, 저건!?」
0x71000	22	「다이다라봇치의… 부위다!」
0x71000	23	「그럴 수가… 다이다라봇치의 뇌는 키타로가 파괴했을 텐데!」
0x71000	24	「게다가… 이놈들은 전부 아키요시 동굴의 싸움에서 땅속에 파묻혀 버리지 않았느냐?@이놈들이 여기 올 수 있을 리가 없다!」
0x71000	25	「무, 무섭지 않소이다!@무슨 비장의 수인가 했더니… 한 번 싸운 이놈들을 복원했을 뿐이오!」
0x71000	26	「아니야 이탄모멘… 이놈들이 여기 있다는 건 그렇게 단순한 이야기가 아니야」
0x71000	27	「무슨 소리야 키타로!?」
0x71000	28	「놈들은 완성시켜서… 아군으로 삼은 거야. 일본에서 가장 무서운 요괴를!」
0x71000	29	「후후… 그렇고말고. 자, 보여 드리지!」
0x71000	30	「…온다!」
0x71000	31	「무, 뭐지…?」
0x71000	32	「………」
0x71000	33	「너는…?」
0x71000	34	「저는… 그렘린이라고 합니다」
0x71000	35	「그렘린… 이라고?」
0x71000	36	「기계를 좋아하는 서양 요괴로구나」
0x71000	37	「네.@저희는 기계에 장난을 치거나, 반대로 고장을 고쳐 주며 살아가는 요괴입니다.@어느 날… 인터넷 단말이라는 것에 흥미가 생겨서… 태어나 처음으로 만져 봤어요.@그랬더니… 제 몸에 갑자기 온갖 정보가 흘러들어 와서…」
0x71000	38	「그래서… 기가가 태어난 건가」
0x71000	39	「음, 아마도 기계나 전기와 궁합이 좋은 그렘린의 몸에@네트 안에 응어리진 인간의 상념이 단숨에 흘러들어 놈이 태어난 것이다」
0x71000	40	「그랬던 건가…」@(이렇게 작은 요괴에게 그만한 힘을 준 네트 속의 세계…@거기에는, 그만큼 눈에 보이지 않는 힘이 소용돌이치고 있었다는 건가)
0x71000	41	「제 의식은 거의 기가에게 점령당해 있었지만… 자신이 무엇을 하고 있었는지는 기억합니다.@키타로 씨 덕분에 자유로워질 수 있었어요.
0x71000	42	 키타로 씨. 감사합니다」
0x71000	43	「아, 아아. 네가 다치지 않아서 다행이야.@게다가… 내 힘만으로 너를 구한 게 아니야.@드라큘라 일행에게도 감사 인사를 해 줘」
0x71000	44	「드라큘라 님들도… 감사합니다」
0x71000	45	「아… 아아…」@(크… 내가 이런 요괴에게 놀아나고 있었다는 것이냐!?)
0x71000	46	「그럼, 저는 이만 실례하겠습니다. 정말로… 정말로 감사드립니다. 안녕히 계세요, 키타로 씨」
0x71000	47	「후후후… 아~하하하하!」
0x71000	48	「무, 뭐가 우습냐! 이게 웃을 일이냐?@우리는 저런 작은 요괴에게 놀아난 거라고!」
0x71000	49	"「크크크! 그러니까 재미있는 거 아니냐!@우리도, 키타로 일행도, 실컷 저놈에게 고생했는데…@그게 뭐냐! 조그마한 요괴가 톡 하고 나와서는@""정말로… 정말로 감사드립니다""라니!@크~크크크크크!! 우리는… 어찌나 우스꽝스러운가!」"
0x71000	50	「무, 무엇이냐!?」
0x71000	51	「이 성은… 머지않아 무너진다」
0x71000	52	「무엇이라!?」
0x71000	53	「크크크! 라 세느, 설명해 줘라!」
0x71000	54	「다이다라봇치를 쓰러뜨리면… 자동으로 자괴 장치에 스위치가 들어가게 되어 있었다.@다이다라봇치를 쓰러뜨리고 살아남은 자를 살려 보내지 않기 위해서 말이지!」
0x71000	55	「그럴 수가… 아버지!」
0x71000	56	「음, 모두 당장 탈출이다!」
0x71000	57	「아, 알았어!」
0x71000	58	「모두, 서두르시오!」
0x71000	59	「…………」
0x71000	60	「드라큘라! 너희는… 탈출하지 않는 거냐?」
0x71000	61	「키타로… 너희의 승리다. 이 일본에서… 손을 떼도록 하지」
0x71000	62	「어? 그래도… 괜찮은 거냐?」
0x71000	63	「우리의 이번 작전은… 이걸로 전부 실패로 끝났다」
0x71000	64	「비장의 카드인 다이다라봇치가 당했으니… 작전을 다시 짜야지」
0x71000	65	「기가도 당했고 말이야…」
0x71000	66	「키타로……」
0x71000	67	「뭐지?」
0x71000	68	「……나는 기가를 미심쩍게 여기면서도 따랐다.@그것은… 새로운 힘에 기대했기 때문인지도 모른다」
0x71000	69	「새로운… 힘?」
0x71000	70	"「키타로, 현대인은 우리를 잊어 가고 있다.@우리는… 낡기 시작하고 있는지도 모른다. 나는 그런 ""지금""의 시대…@지상을 제 세상인 양 살아가는 인간들에게 요괴의 공포를… 어둠의 세계의 무서움을…@보여 주고 싶었다…!」"
0x71000	71	「드라큘라…」
0x71000	72	「하지만, 기대에 어긋났다.@놈은 어차피, 정보 따위 겉핥기 지식밖에 없는 애송이였다.@나도 너도… 아직 현역에서 물러날 수는 없다는 것이지!」
0x71000	73	「…………그렇구나… 우리는, 아직 현역이다!」
0x71000	74	「아아, 그 말대로다」
0x71000	75	「하지만… 역시 나는 그런 놈이 시키는 대로 하고 있던 나 자신이 부끄럽다.@그러니… 이번에는 여기서 순순히 패배를 인정하도록 하지」
0x71000	76	「…알았다」@(……드라큘라… 이놈과 나는, 절대로 같은 가치관을 공유할 수 없어.@하지만, 이놈의 자존심 높은 것만은… 인정해 줘도 되겠지…)
0x71000	77	「키타로, 슬슬 탈출하지 않으면…」
0x71000	78	「하지만, 드라큘라 일행이!」
0x71000	79	「우리에게는 초음파 순간이동이 있다」
0x71000	80	「그, 그런가」
0x71000	81	「너라면, 이 정도 일로 죽지는 않겠지. 잘 있거라, 키타로」
0x71000	82	「잘 가라」
0x71000	83	「이제… 만나고 싶지 않지만 그럴 수도 없겠지」
0x71000	84	「아아, 우리가 세계를 원하는 한 너와는 또 만나게 된다. …아니냐?」
0x71000	85	「아아, 물론이다. 너희가 어디서 무엇을 꾸미고 있든 반드시 달려가 주마!」
0x71000	86	「흥, 그날을 기대하고 있어 주지…」
0x71000	87	「다음번엔, 우리가 이길 차례니까 말이야」
0x71000	88	「키타로!? 이야기하고 있을 때냐! 간다!」
0x71000	89	「…이제, 가야겠어」
0x71000	90	"「잘 있거라… ""게게게의 키타로""…」"
0x71000	91	"「잘 가라, ""흡혈귀 드라큘라""!」"
0x71000	92	「………………………」
0x71000	93	「이번 작전은… 이걸로 끝인가…」
0x71000	94	「이제부터 어떡할 거야, 형제…」
0x71000	95	「돌아가기 전에 남국 요괴들에게 소집을 걸어라」
0x71000	96	「오? 다음은… 드디어 그놈의 차례인가?」
0x71000	97	「아아, 다이다라봇치로 예행연습은 끝났다.@다음이야말로… 완벽하게 키타로를 괴롭힐 위대한 전력을 손에 넣을 수 있겠지…」
0x71000	98	(기가의 네트망 따위 닿지도 않는 비경 깊은 곳에 우리의 다음 비장의 카드가 있다.@키타로… 우리를 순순히 보내 주는 점이… 아직 너도 애송이라는 증거다…@우리는… 곧 재회할 수 있다. 그래… 곧… 말이다!)
0x71000	99	「자… 우리도…」
0x71000	100	「음…」
0x71000	101	「굿바이… 닛폰!」
0x71000	102	「으으으… 굉장한 충격이었구나…」
0x71000	103	「갸아아아아아아~!! 저, 저것!」
0x71000	104	「우고아아아아아아아아아아아아 아아아아아아아아~~~!!」
0x71000	105	「나타났구나! 다이다라봇치… 그것도 완전한 모습으로!」
0x71000	106	「이럴 수가…」
0x71000	107	「저놈들, 어떻게 뇌를 복원한 것이냐?」
0x71000	108	「후후후… 그때 파괴된 뇌 부위는, 나의 초음파 순간이동으로 어떤 장소에 숨겨 두었다!@땅속 깊이 파묻혔다고 믿게 해서 기가의 눈을 속이고, 우리의 비장의 카드를 만들어 내기 위해서 말이다!」
0x71000	109	「호되게 파괴되어 있었지만… 요괴 의사이기도 한 내 두뇌를 쓰면 복원은 가능했지.@지금, 온 일본의 영기는 이 성으로 모이고 있다. 그것은 겉으로는 기가를 위한 것.@사실은… 후지 수해에 숨겨진 다이다라봇치에게 부활의 에너지를 주기 위해서다!」
0x71000	110	「기가의 폭주를 억제하기 위한 보험이라는 건가…?」
0x71000	111	「영기 에너지 공급 장치는 뒤에서 전환해 주면@언제든 다이다라봇치 부활에 쓸 수 있도록, 손을 써 두었던 것이다!」
0x71000	112	「이놈… 받아라!」
0x71000	113	"「무력하군, 기가.@네트나 영기 에너지에서 떨어져 나온 ""진짜 너""의 실력은 그 정도냐?」"
0x71000	114	「으가아아아아아아아아아아아아 아아아아아아~~~~~!!」
0x71000	115	「그, 그만둬!」
0x71000	116	「볼일이 끝난 것은… 너다. 기가」
0x71000	117	「으와아아아아아~~!」
0x71000	118	「머, 먹어 버렸다!」
0x71000	119	「……이럴 수가…」
0x71000	120	「방해꾼은 없어졌다…」
0x71000	121	「지금이야말로, 우리 일족이 그 이상을 이룰 때!」
0x71000	122	「키타로, 결국 이런 식의 결착밖에 우리에게는 없었던 모양이군!」
0x71000	123	「…기뻐 보이는군, 드라큘라」
0x71000	124	「아아, 기쁘다, 키타로! 너를 쓰러뜨리고… 일본은 우리가 갖는다! 이 다이다라봇치를 써서 말이다!」
0x71000	125	「그렇게 두지 않아… 다이다라봇치든 뭐든… 쓰러뜨려 주겠어!」
0x71000	126	「후후… 좋은 대답이다. 자, 진짜 결전이다… 간다!」
0x71000	127	「이게 다이다라봇치의 진짜 모습인가… 아버지, 어떻게 싸우면 될까요…?」
0x71000	128	"「으음… 아마도 이번에 ""뇌""는 다이다라봇치의 머리 부분에 들어 있을 터다.@하지만, 그 뇌는 드라큘라가 복원한 것… 이전보다 내구력이 약해졌을지도 모른다.@밖에서라도 강한 충격을 가하면 데미지를 줄 수 있을 것이다! 머리를 집중적으로 노려라!」"
0x71000	129	「확실히, 뇌만 부숴 버리면 다이다라봇치는 움직일 수 없다… 과연, 해 봅시다!」
0x71000	130	「키타로, 나는 어리석었다.@나는… 새로운 방법이 더 나은 방식이라고 억지로 믿으려 했다!@하지만, 그렇지 않았다. 결국 자신이 지금껏 쌓아 온 것, 믿어 온 방식으로 나아갈 수밖에…@이상적인 결말에는 다다를 수 없다!」
0x71000	131	「결국 마지막은 싸워서 결착을 낼 수밖에 없다… 그렇게 말하고 싶은 거냐?」
0x71000	132	「그러지 않으면… 납득이 가지 않겠지? …서로 말이다!!」
0x71000	133	「분하지만… 그 말대로다!」
0x71000	134	「으윽…… 부, 부끄럽구나. 역시, 연달아서는 몸이 버티지 못하는가!?」
0x71000	135	「드라큘라, 거기까지다!」
0x71000	136	「흥, 나, 나머지는 다이다라봇치에게 맡기겠다…!@큰소리는 저놈을 쓰러뜨리고 나서 치는 것이 좋겠다!」
0x71000	137	「쳇, 당해 버렸나… 뭐, 좋아.@그의 뇌에는, 이미 키타로 일행을 적으로밖에 인식할 수 없도록 강력한 암시가 걸려 있어.@우리가 없어도 나머지는 이 다이다라봇치가 해치워 줄 거야」
0x71000	138	「뭐라고? 결착을 다른 요괴에게 맡기고 부끄럽지도 않으냐?」
0x71000	139	「그는 우리의 기술과 노력의 결정체다. 그 승리는… 우리의 승리지!@후후… 그럼 잘 있어」
0x71000	140	「그오오! 당했다… 또다시!」
0x71000	141	「라 세느, 됐다, 물러나라」
0x71000	142	「하지만, 여기서 끝나서는 내 프라이드가!!」
0x71000	143	「너는 잘 싸웠다. 그런 너를 누구도 비웃지 않는다」
0x71000	144	「크… 아, 알았다…」
0x71000	145	「다이다라봇치가… 고전을 하고 있어!?」
0x71000	146	「놈의 뇌 복원은 완벽하지 않아. 그곳을 찔렸다는 거군…」
0x71000	147	「뇌 상태가 만전이었다면, 더 떨어진 다른 장소에 보관했을 것을…」
0x71000	148	「어쩌지? 그걸… 할까?」
0x71000	149	「아아, 최후의 수단이다」
0x71000	150	「무엇을 할 셈이냐?」
0x71000	151	「자~~~~!」
0x71000	152	「후웅!!」
0x71000	153	「누오오오오!」
0x71000	154	「크, 회복당했나…」
0x71000	155	「키타로, 그것만이 아니다! 보, 보아라!」
0x71000	156	「나오너라!」
0x71000	157	「저건… 설마?」
0x71000	158	「다, 다이다라봇치의 뇌다!」
0x71000	159	「후하하하! 그 말대로다!@뇌에 데미지를 주지 않으면 다이다라봇치를 쓰러뜨릴 수 없다고 눈치챈 것은 칭찬해 주지!@하지만, 그것이 이동한다면… 어떠냐?」
0x71000	160	「뭐?」
0x71000	161	「좋아, 저기다!」
0x71000	162	「옜다! 뇌여… 손안으로!」
0x71000	163	「우오오오오오오오오~~!!」
0x71000	164	「뇌의 위치가… 이동했다!?」
0x71000	165	「후후후… 세 명의 요술로 다이다라봇치의 뇌 위치를 정해지지 않게 해 주마!」
0x71000	166	「다이다라봇치! 네 약점은 우리가 커버한다! 너는 마음껏 싸워라!」
0x71000	167	「우고오오오오오오오오오!」
0x71000	168	「키타로! 놈들은 다이다라봇치의 뇌 위치를 계속 바꿔 갈 셈이다!@뇌가 있는 부분 이외를 공격해도 놈에게는 데미지를 줄 수 없다!@뇌가 지금 어디에 있는지, 확실히 파악하고 공격하는 것이다!」
0x71000	169	「옜다!」
0x71000	170	「크… 또 뇌가 이동을…」
0x71000	171	「이번에는 저쪽을 노리는 것이다」
0x71000	172	「이번엔 이쪽이다!」
0x71000	173	「또, 또인가!」
0x71000	174	「후후후… 헤매는 것이 좋다…」
0x71000	175	「젠장! 끝이 없어!」
0x71000	176	「우고가가가아아아~~!」
0x71000	177	「안 되겠다, 다이다라봇치가…!」
0x71000	178	「뇌에 데미지를 너무 받은 건가!?」
0x71000	179	「그럴 수가… 다이다라봇치가… 쓰러지다니!@크… 이제 정말로… 여기까진가…!?」
0x71000	180	「우리 일족의 비원이… 요괴에 의한 세계 정복의 꿈이…」
0x71000	181	「스러졌… 나」
0x71000	182	「드라큘라, 이번에야말로 정말로 너희 계획은 전부 끝이다! 목숨만은 살려 주마…@이 일본에서, 네 동료를 데리고 지금 당장 떠나라!」
0x71000	183	「크…」
0x71000	184	「고바아아아아아아아아아아아아 아아아아아아아아아~!」
0x71000	185	「뭐!?」
0x71000	186	「용서 못 한다… 용서 못 한다 드라큘라~~!」
0x71000	187	「이 목소리는…」
0x71000	188	「기가!?」
0x71000	189	「아버지, 이건 대체…!?」
0x71000	190	「뇌가 파괴된 것으로, 체내에 있던 기가의 의식에게 몸을 빼앗긴 것이다!」
0x71000	191	「용서 못 한다… 네놈들! 이렇게 된 이상… 네놈들을 쓰러뜨리고,@이 몸을 얻은 나 자신이 온 세계를 혼돈과 파괴로 가득 채워 주마!」
0x71000	192	「세계를 파괴한다고? 그런 짓을 해서, 너에게 무슨 득이 있느냐!?」
0x71000	193	「의미 없는 파괴 따위 그만둬, 기가!」
0x71000	194	「의미라고…!? 그런 것… 필요 없다!」
0x71000	195	「뭐라고!?」
0x71000	196	「그럼 반대로 묻지, 자신이 태어난 의미 따위… 너희는 알고 있다는 것이냐?@이 세상에 태어난 것이 무엇을 해야 하는지 따위… 사실은 아무도 모른다!@그래서… 나는 즐기기로 했다! 네트를 조종해, 사람들을 혼란시키고 다투게 하는 것은 즐겁다!@더 즐거운 일을 하고 싶다… 그것을 위해 힘을 계속 늘린다! 그것이 나의 전부다!」
0x71000	197	「크!」@(말이… 통하지 않아… 우리에게 힘이 별로 남아 있지 않아. ………이렇게 된 이상…)
0x71000	198	「드라큘라」
0x71000	199	「무, 뭐냐, 키타로!」
0x71000	200	「저놈을 쓰러뜨린다, 손을 빌려줘!」
0x71000	201	「뭐라고? 나에게 너와 함께 싸우라는 것이냐?」
0x71000	202	「키, 키타로!」
0x71000	203	「무슨 소리야?」
0x71000	204	「무서운 나머지 정신이라도 나갔느냐?」
0x71000	205	「동료가 되라는 게 아니야. 저놈을 방치하면 너도 곤란할 거다.@서로의 이익을 위해서… 라고 하면 안 될까?」
0x71000	206	「크… 말은 잘하는군…」
0x71000	207	「하지만, 이대로는 확실히 곤란하군… 키타로, 뭔가 계책이라도 있는 거냐?」
0x71000	208	「너희는 아까 뇌를 움직였던 염력으로 저놈의 움직임을 멈춰 줘.@나는 그동안 혼신의 힘을 담아 기술을 날려서, 놈에게 마무리를 하겠다」
0x71000	209	「과연…」
0x71000	210	「이, 이봐! 뭘 납득하고 있는 거야!」
0x71000	211	「흐, 흥. 좋다…」
0x71000	212	「혀, 형제!」
0x71000	213	「하지만, 착각하지 마라. 네 편을 드는 것이 아니다.@이것은 어디까지나 우리의 이해가 일치했기 때문에 지나지 않는다. 어디까지나… 말이다」
0x71000	214	「아아, 고마워 드라큘라. 내 제안을 받아들여 줘서」
0x71000	215	「엄청난 일이 되었구나…」
0x71000	216	「이러니저러니 할 때냐! 우리도 키타로에게 영력을 쏟아붓는 것이다!」
0x71000	217	「나도!」
0x71000	218	「어쩔 수 없군… 이미 올라탄 배다」
0x71000	219	「우리도 모두 협력하겠소이다!」
0x71000	220	「누리카베~~!」
0x71000	221	「라 세느, 엘리트, 놈의 움직임을 멈춘다」
0x71000	222	「에휴… 이럴 수가…」
0x71000	223	「분하지만… 지금만은 협력해 주지 않겠나.@우리만으로는, 어차피 지금의 저놈은 쓰러뜨릴 수 없다」
0x71000	224	「쳇, 이번만이다!」
0x71000	225	「에~잇!」
0x71000	226	「이야압~!!」
0x71000	227	「으음음음~!」
0x71000	228	「무, 뭐냐, 몸이 움직이지 않는다~~~!!」
0x71000	229	「키타로, 모두의 영력이 온다!」
0x71000	230	「좋아… 아버지, 갑니다!」
0x71000	231	「아아, 가라, 키타로!」
0x71000	232	「데에야아아아아아아!!」
0x71000	233	「으갸아아아아아아아아아아아아 아아아아아아아아아아아아아 아아아아아~~~~~!!」
0x71000	234	「그럴… 수가…!?」
0x71000	235	「해냈다! 이걸로 정말로… 정말로 끝이다!」
0x71000	236	「그오오… 이제… 내 목숨도… 여기까진가…」
0x71000	237	「기가… 너는 사실 뭐지?」
0x71000	238	「나는… 네트에 소용돌이치는 인간의 상념이 만들어 낸 요괴다」
0x71000	239	「무엇이라?」
0x71000	240	「나는… 씨앗 같은 것이었다. 네트를 들여다본 어떤 요괴와 동조하고, 융합해서 내가 태어났다」
0x71000	241	「어떤 요괴…?」
0x71000	242	「나는… 기뻤다. 그때까지 정보의 세계에서밖에 존재할 수 없었던 자신이@진짜 세계에 영향을 미칠 수 있게 되었으니까 말이다!@네트의 계좌 숫자를 조금 만져 주면 간단히 동료가 생겼다.@정보를 바꿔 주면 손쉽게 누구나 그것을 믿었다!@나는… 즐거워서 견딜 수가 없었던 것이다!」
0x71000	243	「웃기지 마! 너는 장난 삼아 한 것일지도 몰라…@하지만 분명 그것 때문에 엄청난 피해를 입은 인간이나 요괴가 있었을 거야!@다치고… 목숨을 잃은 사람도 있었을지 몰라!@그게 즐겁다고? 제정신이 아니야!」
0x71000	244	「후후후… 그럴까?」
0x71000	245	「뭐!?」
0x71000	246	「네트 안에는 온갖 것이 넘쳐 나고 있다.@인간의 욕망과 질투, 슬픔과 광기, …그런 것들로 그 안은 가득 차 있다!@인간도 요괴도 아름다운 것이 아니다, 더 살벌하고 혼돈스러운 것이다!@그렇다면… 그놈들을 조종할 힘을 가진 내가, 놈들을 마음대로 쓴들 무엇이 나쁘냐!@그리고 그 결과, 놈들이 아무리 죽든 살든… 죄책감 따위 느끼지 않는다!」
0x71000	247	「닥쳐! 확실히 나쁜 마음을 가진 놈도 있어. 하지만 그런 놈들만 있는 건 아니야!@적어도… 내 동료들은 네가 생각하는 것 같은 존재와는 달라!」
0x71000	248	「어째서 그렇게 믿을 수 있지?@내가 정보를 조금 조작한 것만으로, 일본의 요괴들은 너에게 이빨을 드러냈고, 인간들은 총구를 겨눴다.@동료라는 애매한 말에 매달려… 그것을 믿고 있는 너희 쪽이@내가 보기에는 훨씬 잘못된 것이다!」
0x71000	249	「그, 그건…」
0x71000	250	「응? 모니터가 아직 살아 있었나?」
0x71000	251	「뭐지?」
0x71000	252	「오소레잔의… 키타로가 처형될 예정이던 장소가 비치는 모양이구나」
0x71000	253	「이, 이건!?」
0x71000	254	「키타로~! 어디냐~! 다 같이 도우러 왔다!」
0x71000	255	「나눠서 찾자!」
0x71000	256	「남은 졸개들은 우리에게 맡겨 주면 돼!」
0x71000	257	「모두, 말을 걸었더니 의외로 모여 줬구나…」
0x71000	258	「…이러니저러니 해도 인터넷이나 TV보다 키타로를 믿었던 거지…」
0x71000	259	(키타로 씨… 키타로 씨가 구해 준 사람들과 요괴분들이 모두… 일어서 주었어…@키타로 씨가 열심히 했으니까… 꺾일 것 같아도… 죽을힘을 다해 해 왔으니까…@모두 키타로 씨를 믿어 준 거야!)@「키타로 씨가 처형된다는 말을 듣고… 다들 속으로 걱정하고 있었던 거죠?」
0x71000	260	「음, 키타로와 우리의 인연이 거짓 정보를 이긴 것이다!」
0x71000	261	「분명 지금쯤 모두 기가와 싸우고 있을 거예요…@어서 키타로 씨와 여러분을 찾아서… 도와드립시다!」
0x71000	262	「그럴… 그럴 수가! 위험을 무릅쓰면서까지…@게다가, 내 정보 조작을 아랑곳하지 않고… 키타로를 믿고 구하러 갔다는 것이냐?」
0x71000	263	(모두… 처형되는 게 내 가짜인 줄도 모르고…@나는… 모두를 속였는데 …그런데도!)@「그, 그렇다 기가. 우리의 승리다!」
0x71000	264	「아니다! 나는 완벽했다! 이건… 으, 우연이다!」
0x71000	265	「…아니, 우연이 아니야. 지금까지 쌓아 온 신뢰가 겉치레뿐인 정보를 이긴 거야.@표면만 꾸며 봐야 마음속까지는 움직일 수 없어.@너는 정보를 제압한 것만으로, 모든 것을 손에 넣은 기분이 들었던 거야.@네 힘은… 겉치레야!」
0x71000	266	「우오오오오오~~! 말도 안 돼… 말도 안 돼!!!」
0x71000	267	「기가… 이것이 네 한계다」
0x71000	268	「그그그… 기억해 둬라… 나 같은 요괴는… 언젠가… 또 나타난다」
0x71000	269	「뭐!?」
0x71000	270	「시대는… 변하는 것이다…@너희 같은 시대에 뒤떨어진 요괴로는… 머지않아 나 같은 신요괴에게 맞설 수 없게 된다.@순순히… 여기서 당해 두었으면 좋았을 것을…」
0x71000	271	「뭐라고! 웃기지 마!」
0x71000	272	「…………………………」@(시대… 인가…)
0x71000	273	「…………………………」
0x71000	274	「후후후… 잘 있거라… 시대에 뒤떨어진 요괴들아!
0x71000	275	 아하하하하하! 아~~하하하하하!!」
0x71000	276	「하고 싶은 말만 하고… 사라졌네요」
0x71000	277	「아아, 끝까지 입심 좋은 놈이었구나…」
0x71000	278	「……………………」
0x71000	279	「무슨 일이냐, 키타로?」
0x71000	280	「그가 말한 것처럼… 언젠가 저도 새로운 요괴에게 당해 낼 수 없게 되는 날이 올까요…」
0x71000	281	「………키타로」
0x71000	282	「무, 무슨 소리 하는 거야! 그럴 리가…」
0x71000	283	「그럴지도 모르지」
0x71000	284	「아, 아버님! 이게 무슨 말씀을…!?」
0x71000	285	「하지만, 그 무렵에는 네 아들이 너를 대신해 싸워 줄 것이다」
0x71000	286	「어… 제… 아들?」
0x71000	287	「그렇다, 나에게 있어서 지금의 너처럼 말이다」
0x71000	288	「내… 아이…」@(그렇구나… 아무것도 걱정할 것 없구나…@시대가 바뀌면… 또 우리에게도 새로운 동료가 생긴다. 지거나… 할까 보냐!)
0x71000	289	「아버지, 감사합니다. 덕분에 마음이 조금 편해졌어요」
0x71000	290	「음!」
0x71000	291	「무, 뭐냐!?」
0x71000	292	「앗! 뭔가 나왔어?」
0x71000	293	「무, 뭐냐 이놈은?」
0x71000	294	「설마… 이놈이…」
0x71000	1024	개발중
0x75800	0	「…다음은, 사이버 테러 사건의 속보입니다.@우리나라를 덮친 미증유의 사이버 테러 사건은 그 후, 각 기관에 의한 필사적인 복구 작업이 이어지고 있습니다.@아직 범인 특정은 되지 않았지만, 같은 수법에 대한 보안 대책은 용이하다는@전문가 의견도 있어, 각 프로바이더 회사의 대응도 진행되어, 혼란은 진정되어 가고 있습니다.@조작된 데이터의 복구에는 아직 한동안 걸릴 전망입니다.@또한, 지난 방송에서 일부 잘못된 사실관계가 있었습니다.@사과드리며 정정합니다. 그럼 CM에 이어서는 각지의 날씨…」
0x75800	1	「후~, 살 것 같구나!」
0x75800	2	「아버지, 물 온도는 어떠세요?」
0x75800	3	「음, 지쳤을 때는 이 정도 미지근한 온도가 딱 좋다, 나무랄 데 없다!@내 몸 상태까지 내다보고 물 온도를 맞출 수 있다니… 실력이 늘었구나 키타로!」
0x75800	4	「나도 꽤 늘었다고 생각하는데… 키타로한테는 아직 못 당하겠어…」
0x75800	5	「후후… 뭐 그렇지」
0x75800	6	「기가의 짓… 의외로 간단히 인간에게 간파당한 모양이구나」
0x75800	7	「아아, 하지만 기가가 쓰러지지 않았다면@지금도 그 사실을 교묘하게 계속 숨겼을 거라고 생각하지만요」
0x75800	8	「놈은… 역시 무서운 놈이었구나」
0x75800	9	「결국… 기가는 무엇이었소이까?」
0x75800	10	「새로운 시대가 낳은 새로운 요괴… 그런 것이겠지.@네트의 정보를 조종하는 것으로 현실 세계에도 영향을 줄 수 있다는 걸 안 그는@정말로 강해진 것 같은 기분이 들었던 거라고 생각해.@그래서, 드라큘라 일행을 부추겨서… 그 힘을 마음껏 발휘하고 싶었던 거야」
0x75800	11	「믿을 수 없는 이야기네…」
0x75800	12	「하지만, 놈은 가여운 요괴야. 그만한 힘을 가졌으면서 우연히 태어나 버린 탓에@자기 자신에게 역사를 갖지 못하고, 귀속할 곳도 갖지 못하고, 찰나적인 향락에서밖에@살아가는 목적이나 즐거움을 찾을 수 없게 되어 있었던 거야」
0x75800	13	「마치~ 요즘의 인간들 같다~~!」
0x75800	14	「시대가 바뀌면, 인간도 바뀐다. 그러면… 요괴도 역시 바뀌어 간다…」
0x75800	15	「요괴도… 점점 거칠어져 간다는 거야?」
0x75800	16	「모르겠어… 하지만…」
0x75800	17	「키키… 키타로 씨!」
0x75800	18	「오오, 루카 양!」
0x75800	19	「꺅! 또 목욕 중이셨어요!」
0x75800	20	「신경 쓰지 않아도 된다. 그래, 무슨 일이냐?」
0x75800	21	「네, 축하연을 다시 연다고 들어서… 그 일로 상의하러 왔어요!@가능하다면 아버지와 저도 참가하고 싶은데요… 괜찮을까 해서요」
0x75800	22	「아아, 물론이지. 기꺼이!」
0x75800	23	「다행이다… 그런 일이 있었으니 화나 계신 게 아닐까… 하고 걱정했어요」
0x75800	24	「아니, 어느 쪽이냐 하면 폐를 끼친 것은 이쪽이다. 사정이 된다면 부디, 와 다오」
0x75800	25	「그렇게 정해졌으면 준비해야지! 맛있는 요리 만들어야겠네!」
0x75800	26	「아, 저… 쿠키 정도라면 만들 수 있어요!」
0x75800	27	「좋~아! 그럼, 그거, 잔뜩 만들어 볼까!@좋아, 이러고 있을 때가 아니야. 요괴 아파트에서 예행연습이야!」
0x75800	28	「네, 네!」
0x75800	29	「이런이런… 시끄러운 녀석들이구나!」
0x75800	30	「하지만… 일본에 평화가 돌아와서… 정말 다행이네요」@(인간은… 거칠어져 가기만 하는 게 아니야. 요괴도, 그건 마찬가지야.@인간과 요괴가 공존하는 길은 아직 어딘가에 남아 있을 거야. 그래, 저 아이들처럼…)
0x75800	31	「헤헤헤… 키타로 군~, 있나~~?」
0x75800	32	「쥐인간! 자네 그 후로 어떻게 지냈느냐!」
0x75800	33	「오늘은 뭐 하러 왔느냐?@솔직히… 화가 나서 자네 얼굴은 별로 보고 싶지 않다만…」
0x75800	34	「후훙~. 이 나에게 그런 말투를 써도 되는 거야?@지금의 이 몸은 대회사의 사장님이시라고~. 에잇, 고개를 들었구나!」
0x75800	35	「헤헤~…@ …라니, 나도 모르게 넘어가 버렸구나. 사장이라고?」
0x75800	36	「그 다니던 회사가 말이야, 기가의 입김이 닿은 회사였는데…@사건으로 주가가 대폭락, 그 틈에 잔뜩 싸게 사들여서, 지금은 대주주라는 계산이지」
0x75800	37	「…화재 현장 도둑질이로구나」
0x75800	38	「듣기 안 좋은 소리 하지 마쇼. 선견지명이 있다고 말해 줬으면 좋겠는데」
0x75800	39	「정말이지… 너는 세계가 멸망해도 살아남겠구나… 그래서, 무슨 일이야?」
0x75800	40	「맞아 맞아, 그거야! 오늘은 좋은 물건 가져왔다고~」
0x75800	41	「또 그거냐…」
0x75800	42	"「짜~잔! 이-거-다! 초박형 노트북 ""네즈미우스 NZ""!」"
0x75800	43	「…가지고 돌아가」
0x75800	44	「카아~! 보는 눈이 없구먼~ 키타로! 이건 최신 비디오카메라 내장이라고.@게다가 헥시엄 4.6기가, 무게는 겨우 1.2킬로의 초~우수품!@지금이라면 디지털카메라와 프린터도 딸려서, 단돈 14만 8천 엔이다!」
0x75800	45	「오오~…@ …라니, 또 나도 모르게 넘어가 버렸구나」
0x75800	46	「게다가 금리와 할부 수수료는 당사 부담! 자, 사라!」
0x75800	47	「컴퓨터라면 이미 있으니까 필요 없어」
0x75800	48	「바보 같은 소리 하지 마. 이제 컴퓨터는 한 집에 두 대인 시대다.@모바일 컴퓨팅이 앞으로의 트렌드야! 시대에 뒤처진다고~」
0x75800	49	「시대에 뒤처져도 되잖아」
0x75800	50	「무… 뭐라고?」
0x75800	51	「확실히 시대는 새로워져 간다. 사람도 요괴도 새롭게 변해 가겠지.@하지만, 새로워져서 좋은 세상이 되었느냐고 하면… 반드시 그렇다고는 할 수 없어.@오히려… 나빠졌는지도 몰라.@그렇다면 서둘러 시대에 맞출 필요 따위 없어」
0x75800	52	「뭐야, 뭐야!@그런 소리 하다가, 기가 같은 놈이 또 나오면, 대항할 수 없다고!」
0x75800	53	「새로운 것을 부정할 생각은 없어. 나도 한때 네트에 빠져 있었으니까.@하지만, 신칸센도 좋지만, 나에게는 완행열차의 느긋하고 여유로운 여행 쪽이 성미에 맞아…@그런 거려나」
0x75800	54	「호오…」
0x75800	55	「쳇, 마음대로 해라!@이런 살아 있는 화석들과 이야기해 봐야 시간 낭비다! 나는 돌아가겠어!」
0x75800	56	「…화내고 돌아가 버렸네요」
0x75800	57	「음…」@(키타로… 많이 컸구나. 과연… 나와 네 어머니의 자랑스러운 아들이다!)
0x75800	58	「역시 예로부터의 생활이 최고네요, 아버지」
0x75800	59	「그렇구나… 키타로」
0x75800	60	「…키타로」
0x75800	61	「어? 어라? 어디서 울리는 거지? 휴대폰… 휴대폰이…」
0x75800	62	"「이런이런… 조금 감탄했다 싶었더니 이 모양이구나.@기계에 휘둘려서는… 한심하도다! ""예로부터""가 우습기도…@응?」"
0x75800	63	「무슨 일이십니까, 아버님?」
0x75800	64	「키타로… 미안하다. 울린 것은 내 휴대폰인 모양이구나」
0x75800	65	「네!?」
0x75800	66	「어흠! 여보세요?」
0x75800	67	「아, 아버지! 어, 언제 휴대폰을!?」
0x75800	68	「게다가 그건~ 방수식 신기종~!」
0x75800	69	「뭐, 그… 뭐랄까. 예로부터도 좋지만 편리한 것은 써야 하지 않겠느냐?」
0x75800	70	「하, 하지만…」
0x75800	71	「하하하! 아버님도 제법이시구나!」
0x75800	72	「오? 오오, 자네였나!? 그래그래, 그거 무엇보다 다행이구나」
0x75800	73	(이런이런… 그 아버지가 휴대폰이라니… 뭐, 그래도, 괜찮으려나)
0x75800	74	「모, 모두들! 나쁜 요괴가 날뛰고 있다는구나! 당장 출발이다!」
0x75800	75	「정말입니까!? 알겠습니다. 모두! 곧바로 출발하자!」
0x75800	76	「오~~!」
0x75800	77	(게게게의 숲도… 영원히 변하지 않는 건 아니야. 조금씩… 변해 가는 거야.
0x75800	78	 여러 가지가 새로워져 간다
0x75800	79	 그것은 오래된 것 하나가 사라져 간다는 뜻일지도 몰라…
0x75800	80	 하지만 나에게는 새로워져도 잃고 싶지 않은 것이 있어.
0x75800	81	 모두에게도, 잃어서는 안 되는 소중한 것이 있을 거야.
0x75800	82	 서둘러 변하려 하면 그것을 어딘가에서 떨어뜨려 버릴지도 몰라.
0x75800	83	 나는… 천천히 계속 변해 가겠어.
0x75800	84	 시대가… 점점 새로워져도…)
0x75800	1024	개발중
0x77800	0	「여기까진가…」
0x77800	1	「여기까진가…」
0x77800	2	「아버지… 죄송합니다. 저는 이제…」
0x77800	3	「이제… 싸우는 건… 무리인 것 같아」
0x77800	4	「쳇, 힘이 빠져나간다…」
0x77800	5	「당해 버렸나…」
0x77800	6	「이, 이제 한계다…」
0x77800	7	「모, 몸이 안 움직여」
0x77800	8	「제, 제기랄!」
0x77800	9	「누오오! 당했… 다…」
0x77800	10	「으윽… 방심했구나…」
0x77800	11	「내가 이런 실수를… 미안하다…」
0x77800	12	「나는… 여기까지… 다…」
0x77800	13	「나는 여기까지인 모양이구나…」
0x77800	14	「미안하다, 나는 한계다…」
0x77800	15	「나머지를… 부탁한다……」
0x77800	16	「여기까진가…」
0x77800	17	「으으… 나… 이제 안… 되겠어」
0x77800	18	「키타로… 미안… 해」
0x77800	19	「여기까진가…」
0x77800	20	「당하고… 말았어…」
0x77800	21	「나는, 여기까지올시다」
0x77800	22	「미안하오이다」
0x77800	23	「다시 시작이오이다」
0x77800	24	「방심했소이다」
0x77800	25	「으윽… 당했… 다…」
0x77800	26	「누… 리카… 베……」
0x77800	27	「미안… 이제… 안… 돼」
0x77800	28	「으으… 누리카베… 여기까지…」
0x77800	29	「나… 여기까지인 것 같아…」
0x77800	30	「모두… 미안!」
0x77800	31	「다, 당해 버렸나…」
0x77800	32	「유감… 여기까진가…」
0x77800	33	「제, 제기랄…」
0x77800	34	「여기까진가… 한심하군…」
0x77800	35	「내가 이런 실수를…」
0x77800	36	「여기까진가…」
0x77800	37	「누… 누오오…」
0x77800	38	「으갸아아!」
0x77800	39	「무오오오… 오」
0x77800	40	「으기기기기…!」
0x77800	41	「으와아아아」
0x77800	42	「아파… 제~기랄」
0x77800	43	「져, 져 버렸다…」
0x77800	44	「젠장… 기억해 둬라!」
0x77800	45	「꺄악!」
0x77800	46	「으아아아아아!」
0x77800	47	「이제 안 되겠다…」
0x77800	48	「그오오오오오…」
0x77800	49	「당했다-!」
0x77800	50	「누오오오오오오!」
0x77800	51	「다, 당했다-!」
0x77800	52	「부, 분하다~!」
0x77800	53	「으갸아아아아~!!」
0x77800	54	「그가… 아… 아아…」
0x77800	55	「그으오오오오…!?」
0x77800	56	「…당했… 다!?」
0x77800	57	「피기----익」
0x77800	58	「…당했… 다」
0x77800	59	「미, 미안하다…」
0x77800	60	「으와아아아아!!」
0x77800	61	「모두 미안…」
0x77800	62	「갸아아아아!!」
0x77800	63	「크윽, 이제… 안 되겠다…」
0x77800	64	「나, 이제 한계야…」
0x77800	65	「이… 이럴 수가…」
0x77800	66	「갸아아아아아아아아」
0x77800	67	「이놈 이놈~」
0x77800	68	「수, 수분을… 수분을…」
0x77800	69	「다, 당했다!!」
0x77800	70	「미안하다!!」
0x77800	71	「으아아아아아!!」
0x77800	72	「뭐라고~~!?」
0x77800	73	「갸아아아아아~~!!」
0x77800	74	「내가… 지다… 니」
0x77800	75	「으… 으가아아악!」
0x77800	76	「이놈~~!!」
0x77800	77	「그오오오오오오오!」
0x77800	78	「후, 후회할 거다…」
0x77800	79	「훌륭… 하다…!」
0x77800	80	「우오오!」
0x77800	81	「갸아아아아아」
0x77800	82	「그와~~!」
0x77800	83	「게히이이이!」
0x77800	84	「당… 했… 다…」
0x77800	1024	개발중
0x78800	0	「…………」
0x78800	1	「순찰이십니까? 쉬는 날인데도… 수고가 많으십니다」
0x78800	2	「!? 누, 누구냐!」
0x78800	3	「수상한 사람 아닙니다. 저는 키타로라고 합니다」
0x78800	4	「키, 키타로!? 여기서 뭘 하고 있는 겁니까?」
0x78800	5	「요즘… 여기저기서 회사 금고가 습격당하는 사건이 일어나고 있습니다.@증거는 나오지 않고… 범인은 아직 잡히지 않았죠. 물론… 알고 계시겠죠?」
0x78800	6	「아, 아아, 물론입니다.@그런 사정이니, 허가 없는 외부인의 출입은 곤란합니다. 나가 주세요!」
0x78800	7	「실은… 이런 메모가 제 손에 들어왔습니다」
0x78800	8	「이건…? 뭔가 이것저것 쓰여 있군요?」
0x78800	9	"「""코레모"" ""HEY-YOU"" ""T-본""… 처음에는 무슨 소린지 몰랐습니다만…@이건 통신 관련 회사의 휴대전화 서비스 부문 이름… 이른바 ""브랜드명""입니다」"
0x78800	10	"「아아, 듣고 보니 확실히. ""코레모""는 ""코레모드""로 익숙한 대표적인 휴대폰 회사,@""HEY-YOU""는 다채로운 할인 서비스가 자랑인 업계 2위 점유율 기업.@분명… 이건 둘 다 그 금고를 습격당한 회사 아닙니까?@하지만, 마지막 회사는 별로 들어 본 적이 없군요」"
0x78800	11	"「마지막 ""T-본""… 이건 어떤 통신 관련 회사가 이달 말부터 서비스를 개시하는,@새로운 휴대폰 서비스 브랜드입니다.@그리고, 그 ""어떤 통신 관련 회사""란… 바로 이곳이지!」"
0x78800	12	「호오… 잘 아시는군요…」
0x78800	13	「일행 중에 그쪽에 밝은 사람이 있어서 말이야…
0x78800	14	 이 빌딩은 포위되어 있다. 정체를 드러내라, 무지나!」
0x78800	15	「이제… 숨지 않아도 되겠지… 네 정체 따위 다 꿰뚫어 보고 있으니까!」
0x78800	16	「우리도 있다!」
0x78800	17	「이제~ 도망칠 수 없다~!」
0x78800	18	(………쳇, 이런 꼬맹이에게 걸려들 줄이야…)
0x78800	19	「크크크! 너에게는 당할 수 없군 키타로…」
0x78800	20	「설마 그런 종이에 습격 계획서의 일부가 적혀 있을 줄이야… 불찰이었다!」
0x78800	21	「루카 양 아버님은 직업상, 무의식적으로 메모를 하는 버릇이 있었다더군.@조종당하고 있어도, 그 버릇까지는 완전히 사라지지 않았던 거야!」
0x78800	22	「흥! 과연…」
0x78800	23	「할멈, 이쪽은 완료했어요. 빌딩 포위는 이제 됐으니, 바로 와 주세요」
0x78800	24	「알겠다. 그건 그렇고 키타로, 루카 양이 와 있구나!」
0x78800	25	「어?」
0x78800	26	「키타로 씨! 도, 도우러 왔어요!」
0x78800	27	「루카 양… 분명 힘을 빌려 달라고는 했지만…」
0x78800	28	「아… 페, 폐가 됐나요? 죄죄, 죄송해요!」
0x78800	29	「아, 아니… 그, 그런 게 아니라…」
0x78800	30	「꺄아--!!」
0x78800	31	「무, 무엇이냐!?」
0x78800	32	「루카 양? 루카 양~!」
0x78800	33	「멍청한 놈 키타로! 내가 훔친 물건을 혼자서 옮길 거라고 생각했나?」
0x78800	34	「윽, 루카 양을 어떻게 했나!?」
0x78800	35	「어이쿠, 움직이지 마…! 내가 잠깐 요력으로 신호를 보내면 파트너가 여자애를 죽여 버릴 텐데?」
0x78800	36	「이… 비겁한 놈!」
0x78800	37	"「""루카""… 라는 건, 그 교코지의 계집애로군…@후후후… 이번 내 파트너는 여자와 노는 걸 좋아하는 놈이라… 그놈이라면 안성맞춤이지!」"
0x78800	38	「뭐… 뭐라고!?」
0x78800	39	「키타로! 미안하다! 정체 모를 요괴에게 루카 양을 납치당하고 말았다!@이탄모멘 녀석이 쫓아갔다… 우리도 뒤를 쫓겠다! 자네도 곧바로 와 다오!」
0x78800	40	「크… 이럴 수가」
0x78800	41	「마무리가 허술했군…@하지만 나를 앞지른 너에게 경의를 표해, 이곳의 금고는 습격하지 않아 주지.@잘 있거라!」
0x78800	42	「기, 기다려!」
0x78800	43	「움직이지 말라고 했을 텐데! 나는 언제든 파트너에게 신호를 보낼 준비가 되어 있다고?@나에게 손대지 않는 편이 현명하다고 생각하는데…」
0x78800	44	「젠장! 고양이소녀, 아기울음영감! 이놈은 놓아준다!@밖으로 나가서 납치당한 루카 양 쪽을 쫓는 거야!」
0x78800	45	「어쩔 수 없네… 알았어!」
0x78800	46	「기억해 둬라, 무지나!」
0x78800	47	"「후후… 잘 있어라, ""정의의 히어로"" 씨」"
0x78800	48	「그래서… 루카 양을 납치한 놈은 이 안에?」
0x78800	49	「그렇소이다! 이 신사 안에 아직 잠복해 있소!@아기울음영감 일행은 먼저 찾으러 갔소이다!」
0x78800	50	「납치한 놈은 어떤 요괴야?」
0x78800	51	「굉장한 속도라 확실히 보이지 않았소…@하지만, 커다란 입을 하고 하늘을 나는 놈이오!」
0x78800	52	「후움… 그것만으로는 무슨 요괴인지까지는 모르겠구나…」
0x78800	53	「어쨌든, 루카 양이 걱정이야. 나눠서 찾읍시다!」
0x78800	54	「키… 타로…… 씨」
0x78800	55	「어! 이 목소리는…」
0x78800	56	「오오, 루카 양!」
0x78800	57	「다행이야, 무사했구나!」
0x78800	58	「으…… 으으으…」
0x78800	59	「꺅!」
0x78800	60	「루, 루카 양!!」
0x78800	61	「괜찮아!?」
0x78800	62	「후후후… 기다리고 있었다 키타로」
0x78800	63	「누, 누구냐!?」
0x78800	64	「후후후후!」
0x78800	65	「너는… 누구냐!」
0x78800	66	「어~이! 키타로, 찾았느냐~?」
0x78800	67	「모두!」
0x78800	68	「장소를 옮기지… 따라와라!」
0x78800	69	「아! 기다려!」
0x78800	70	「모래뿌리기할멈, 저는 저놈을 쫓겠습니다. 루카 양을 부탁드립니다!」
0x78800	71	「알겠다, 나도 곧 뒤쫓아 가마」
0x78800	72	「죄송해요… 저, 도우려던 게 페, 폐를 끼쳐서…」
0x78800	73	「네가 잘못한 게 아니야. 됐으니 누워 있어!」
0x78800	74	「키타로! 간다!」
0x78800	75	「아아!」
0x78800	76	「뭐냐… 너는? 거울사자의 본체나 뭔가냐?」
0x78800	77	「네놈들을 상대해 주는 것도 여기까지… 잘 있거라 키타로!」
0x78800	78	「도망칠 셈이냐? 이탄모멘! 연달아 미안하지만, 놈을 쫓아 줘!」
0x78800	79	「맡겨 주시오~!」
0x78800	80	「글쎄… 방금 그 요괴는……?」
0x78800	81	「뭔가 알아차리신 거라도 있습니까? 아버지」
0x78800	82	「으~음, 어딘가 책에서 본 기억은 있다만… 확실히 떠오르지 않는구나…」
0x78800	83	「그렇습니까… 고양이소녀, 거울사자는 어떻게 됐어?」
0x78800	84	「이거… 그냥 허물이야」
0x78800	85	「허물? 그럼… 진짜 거울사자가 아니었던 건가」
0x78800	86	「아무래도 방금 그 요괴는 거울사자에게 죄를 뒤집어씌울 셈이었던 모양이구나」
0x78800	87	「누~리~카~베~! 키타로~ 이런 곳에 돈이 숨겨져 있었다~~~!」
0x78800	88	「뭐라고!?」
0x78800	89	「…엄청난 거금이야!」
0x78800	90	「아마도, 놈들이 전에 습격한 회사에서 훔쳐 낸 돈이겠지.@놈들은 여기에 사람이 다가오지 않는 것을 이용해, 아지트 중 하나로 삼고 있었던 것이다」
0x78800	91	「이 돈은 경찰에 신고해 두겠다」
0x78800	92	(무지나 일당의 목적은 돈이었나? 하지만 교코지 건설 때는 그런 기색이 없었어…@이 차이는 뭐지? 저놈은 무엇을 꾸미고 있는 거지?)
0x78800	93	「꺄아아! 키, 키타로! 저것 좀 봐!」
0x78800	94	「뭐야 고양이소녀, 갑자기 큰 소리를 내고…」
0x78800	95	「찾았다… 키타로!」
0x78800	96	「으와! 너, 너는 우부메! 어떻게 되살아난 거냐!」
0x78800	97	「뻔뻔하게도 나타나다니… 두레박불!」
0x78800	98	「알았어! 우부메! 돌아오자마자 미안하지만… 다시 봉인시켜 주지!」
0x78800	99	「와~ 자, 잠깐만!」
0x78800	100	「아무래도 상태가 이상한데…? 두레박불, 기다려 줘!」
0x78800	101	「무, 왜 말리는 거야 키타로!」
0x78800	102	「휴… 사, 살았다…」
0x78800	103	「나에게 뭔가 할 이야기가 있는 모양이군… 괜찮다면 말해 봐」
0x78800	104	「역시 키타로! 말이 통하는군~! 실은…」
0x78800	105	「과연, 무지나 녀석이 자네를 이용하려고 다시 봉인을 푼 것이구나?」
0x78800	106	「그래, 하지만 나는 이제 키타로와 싸우는 건 지긋지긋해서 거절하고 도망쳐 온 거야」
0x78800	107	「호오, 개심해 준 거야?」
0x78800	108	「너희… 무지나가 있는 곳을 찾고 있지? 괜찮다면… 알려 줄게」
0x78800	109	「무엇이라? 알고 있느냐?」
0x78800	110	「아아, 연락처를 들었으니까」
0x78800	111	「믿을 수 없네…@키타로. 지금, 이탄모멘이 쫓아간 놈은 무지나의 동료잖아?@우부메를 따라가는 것보다 이탄모멘의 정보를 기다리는 편이 낫지 않아?」
0x78800	112	「그렇군… 어쩌지?」|　<우부메의 정보를 듣는다>|　<이탄모멘의 정보를 기다린다>
0x78800	113	「무지나와 직접 접촉한 우부메의 정보 쪽이 확실해. 그녀의 말을 믿자」
0x78800	114	「하지만… 함정일 가능성도 있다 키타로」
0x78800	115	「아니, 우부메가 적이라면, 아까 함께 싸움에 참가했겠지.@여기서는 한번 그녀를 믿어 보는 것도 나쁘지 않겠구나」
0x78800	116	「고마워. 그럼, 장소를 알려 줄게」
0x78800	117	「우부메, 그 전에… 해 줬으면 하는 일이 있어」
0x78800	118	「뭔데?」
0x78800	119	「실은… 아까 여자아이 한 명이, 요괴에게 심한 일을 당했어. 그 아이를 병원까지 옮겨 줬으면 해」
0x78800	120	「…나를 믿어도 되는 거야? 나는… 아이를 납치하는 게 취미인 요괴라고?」
0x78800	121	"「너는 분명 그런 짓은 하지 않아. 왜냐하면 우리는… 이미 ""친구""니까…」"
0x78800	122	「키타로…」
0x78800	123	「좋아, 그게 끝나면 우부메의 정보를 바탕으로 무지나의 소재를 수색하자」
0x78800	124	「미안하지만, 방금 도망친 요괴가 조금 신경 쓰여.@그것보다 너에게는… 가능하면 다른 일을 부탁할 수 없을까?」
0x78800	125	「뭔데?」
0x78800	126	「실은… 아까 여자아이 한 명이, 요괴에게 심한 일을 당했어. 그 아이를 병원까지 옮겨 줬으면 해」
0x78800	127	「…나를 믿어도 되는 거야? 나는… 아이를 납치하는 게 취미인 요괴라고?」
0x78800	128	「그래, 위험해 키타로!」
0x78800	129	"「너는 분명 그런 짓은 하지 않아. 왜냐하면 우리는… 이미 ""친구""니까…」"
0x78800	130	「키타로…」
0x78800	131	「좋아, 그럼 이탄모멘의 연락을 기다렸다가, 앞으로의 행동을 정하자」
0x78800	132	「그럼, 이 아가씨는 데려갈게」
0x78800	133	「으… 키, 키타로… 씨」
0x78800	134	「루카 양, 역시 요괴는 무섭지? 싫어… 졌니?」
0x78800	135	「아, 아니요! 키타로 씨 일행은… 그… 트, 특별해요!」
0x78800	136	"「…고마워. 참, 아버님께 감사 인사를 전해 줘.@""메모가 도움이 됐습니다""라고」"
0x78800	137	「네! 알겠습니다」
0x78800	138	「우부메, 부탁해!」
0x78800	139	「좋아, 그럼… 갈게!」
0x78800	140	「착한 아이로구나…」
0x78800	141	「네… 하지만, 그녀는 어린데도 늘 무리를 하고 있네요.@분명… 어머니가 없는 외로움을, 아버지에게 눈치채이지 않으려 하는 사이에, 그것이 당연하게@되어 버린 거겠죠. 조금… 안쓰럽네요…」
0x78800	142	「음, 그렇구나…」@(어머니가 없는 외로움… 인가)
0x78800	143	「그건 그렇고, 놈들의 목적을 전혀 짐작할 수 없네요」
0x78800	144	「우리가 모르는 곳에서 무언가가 시작되고 있는 것은 확실하다.@어서 꼬리를 잡아 해결하지 않으면… 큰일이 날 것 같은 느낌이 드는구나!」
0x78800	145	「그렇네요…」@(놈들은… 정말로 무엇을 생각하고 있는 거지…?)
0x78800	146	「몰아붙였다, 무지나의 동료 놈! 통신 관련 회사를 습격해서, 대체 무엇을 꾸미는 거냐!?」
0x78800	147	「흥, 너와는 상관없다」
0x78800	148	「꺅! 저게 뭐야! 사자춤 괴물이잖아!」
0x78800	149	「어쩐지… 경사스러운 느낌이구나」
0x78800	150	"「저 사자 머리… 알았다! 저놈은 ""거울사자""다!」"
0x78800	151	「거울사자… 라면 가부키 작품에도 나오는 그거 말이냐?」
0x78800	152	"「그렇다, 이야기 속에 등장하는 ""사자의 정령""이라는 것은 실은 요괴 거울사자인 것이다!@젊은 여자에게 씌면 미친 듯이 춤추게 만들어 버리는 위험한 요괴다…!」"
0x78800	153	「꽤나 박식하군… 그렇고말고, 이 몸의 이름은 거울사자!」
0x78800	154	「키타로!」
0x78800	155	「할멈! 어땠어요, 루카 양의 상태는!」
0x78800	156	「어쩐 일인지… 지쳐서 축 늘어져 있었다. 대체 무슨 일이 있었던 것이냐?」
0x78800	157	「네놈 짓이냐! 거울사자!」
0x78800	158	「그렇고말고, 그 아이의 몸으로 추는 춤은 즐거웠지~! 덕분에 힘이 솟아났느니라!」
0x78800	159	「너무해… 어린 여자아이에게 무슨 짓을 하는 거야!」
0x78800	160	「젠장, 용서하지 않겠다! 간다! 거울사자!」
0x78800	161	「…슬슬이군」
0x78800	162	「뭐!?」
0x78800	163	「!? 진흙논귀신에… 뭐냐, 저 해골은…?」
0x78800	164	「후하하하! 보기 좋게 함정에 걸려들었구나!@일부러 내가 여기서 기다리고 있던 것은, 동료를 불러 모아, 너희를 쓰러뜨리기 위해서다!」
0x78800	165	「크, 뭔지 모르겠지만… 어쨌든, 너를 쓰러뜨리겠다! 이야기는 그다음이다!」
0x78800	166	"「바라던 바다… 와라, 키타로!」@(""그것""을 옮겨 낼 담당이 아직 도착하지 않은 모양이군…@뭐 좋다. 싸우고 있으면 그사이에 오겠지)"
0x78800	167	"「키타로, 거울사자의 머리는 터무니없이 단단하다고 들은 적이 있다.@아마도… 평범한 공격으로는 전혀 통하지 않을 것이다.@예전에 가르쳐 준 ""영력 충전""을 써서 잘 놈에게 데미지를 주는 것이다!」"
0x78800	168	「알겠습니다!」
0x78800	169	「거울사자… 라고 했지! 너는 뭐가 목적이냐! 어째서 무지나와 손잡고 있는 거냐!」
0x78800	170	「후후후… 위대한 계획을 위해서다」
0x78800	171	「뭐? 그 계획이라는 건 뭐냐?」
0x78800	172	「지금은 말할 수 없지… 하지만, 언젠가 뼈저리게 알게 된다. 싫어도… 말이다!」
0x78800	173	「진흙논귀신이 어째서 비도 오지 않는 이런 곳에서?」
0x78800	174	「……너희 목숨을 내놓아라~!」
0x78800	175	「뭔가 상태가 이상하구나… 애초에 어째서 진흙논귀신이 거울사자 편을 드는 것이냐?」
0x78800	176	「조종당하고 있는지도 모릅니다. …쓰러뜨릴 수밖에 없겠네요」
0x78800	177	「음, 거칠게 굴고 싶지는 않다만… 뭐, 어쩔 수 없겠지!」
0x78800	178	「뭐냐 이놈들은…? 해골 병사냐…?」
0x78800	179	「어째서 거울사자 편을? 무지나의 지시일까요?」
0x78800	180	「그럴지도 모른다. 그놈은 여우를 부리거나 해서, 이상한 인맥을 가지고 있는 모양이니 말이다!」
0x78800	181	「꽤나… 하잖아! 이렇게 된 이상…」
0x78800	182	「무, 뭐냐? 우물 속에!?」
0x78800	183	「거울사자 녀석 무엇을 할 셈이냐…?」
0x78800	184	「헤헤… 나는 여기다!」
0x78800	185	「아, 저런 곳에!」@(우물 속을 지나… 지하를 이동한 건가?)
0x78800	186	「후후후… 어떠냐! 우물 속까지는 너희도 공격할 수 없겠지!@실컷 이 몸의 움직임에 농락당하는 것이 좋겠다!」
0x78800	187	「뭐라고, 바보 취급하지 마라!」
0x78800	188	「진정해라 키타로. 도발에 넘어가면 놈의 뜻대로다.@우물 속에 들어가면 확실히 성가시다만…@뭘, 저렇게 지상에 얼굴을 내밀고 있는 사이에 쓰러뜨려 버리면 될 일이다!」
0x78800	189	「그렇군… 그렇네요. 알겠습니다!」
0x78800	190	「이번엔 이쪽이다!」
0x78800	191	「영차 하고!」
0x78800	192	(방심했군… 하마터면 당할 뻔했어.@우물 속에 약을 하나 숨겨 둔 것이 정답이었군…)
0x78800	193	「한 번 더 간다!」
0x78800	194	「헤헤헤… 잠깐 사라지겠어!」
0x78800	195	「그런 걸로는… 이 몸은 좀처럼 못 쓰러뜨려!」
0x78800	196	「또인가…」
0x78800	197	「거울사자는 어딘가 우물 속인가…@이대로라면 놈의 말대로 계속 농락당하기만 하겠어! 어떻게 하면 좋지…」
0x78800	198	「키타로, 그러니까 침착하라는 것이다. 그놈이 이동할 곳에는, 무언가 전조가 있는 모양이다」
0x78800	199	「전조…?」
0x78800	200	「음, 잘 주의해서 보고 있는 것이다. 반드시 단서는 있다」
0x78800	201	「헤헤헤… 내 눈을 봐라!」
0x78800	202	「안 된다! 환술이다!」
0x78800	203	「옜다!」
0x78800	204	「크크크… 너희는 이제 내 것이다!」
0x78800	205	「쳇, 아무래도 형세가 나쁘군…」
0x78800	206	「………짐은 어디냐~?」
0x78800	207	「오, 왔느냐! 저기다, 옮겨 다오!」
0x78800	208	「………알았다~」
0x78800	209	「뭐지? 저건…」
0x78800	210	「후하하하… 예전에 강도질해서 빼앗은 돈이다! 이 장소에 숨겨 두었지!」
0x78800	211	「무엇이라? 그렇군, 여기는 무지나 일당의 아지트 중 하나였던 것이냐!」
0x78800	212	「거울사자! 그것을 인간에게 돌려줘!」
0x78800	213	「헤, 싫거든!」
0x78800	214	「젠장… 이럴 줄 알았으면, 조금 더 빨리 놈을 쓰러뜨려 둘걸…!」
0x78800	215	「끙끙거려 봐야 소용없다, 눈앞의 적에 집중하는 것이다!」
0x78800	216	「그, 그렇네요, 아버지」
0x78800	217	「우오오오! 그럴… 수가… 다이아몬드보다 단단한 머리를 가진 이 몸이…」
0x78800	218	「거울사자, 여기까지다! 이제 도망칠 수 없다, 얌전히 무지나가 있는 곳을 말해라!」
0x78800	219	「으으으… 여기까진가… 하지만, 그렇다면!」
0x78800	220	「으와! 무, 뭐냐!」
0x78800	221	「게다가 새로운 놈인가… 이런이런이구나」
0x78800	222	「게다가 새로운 놈인가… 이런이런이구나」
0x78800	223	「크, 거울사자 녀석은 모습을 감춘 채인가…!」
0x78800	224	「조급해하지 마라 키타로. 놈은 곧 모습을 드러낼 터. 이번에 놈이 모습을 드러내면 단숨에 결판을 내는 것이다!」
0x78800	1024	개발중
0x7c000	0	「안 되겠다… 놓쳐 버렸나…」
0x7c000	1	「정말이지… 모습만이 아니라 도망치는 속도까지 쥐인간이랑 똑 닮았네!」
0x7c000	2	「덤으로 그놈만큼 얼간이였다면 편할 텐데…」
0x7c000	3	「어쨌든… 아직 이 근처에 있을 거야, 나눠서 찾자」
0x7c000	4	「무지나의 아지트가 있다는 장소가 이 근처지?」
0x7c000	5	「…아무것도 없는데?」
0x7c000	6	「으으으…」
0x7c000	7	「음? 무엇이냐?」
0x7c000	8	「무슨 소리가 들렸다~~」
0x7c000	9	「혹시… 무지나 녀석 아니야?」
0x7c000	10	「그럴 가능성도 있구나… 이놈! 나오지 않겠다면… 이쪽에서 간다」
0x7c000	11	「자, 잠깐만! 지금 그쪽으로 가겠다!」
0x7c000	12	「누구냐!」
0x7c000	13	"「내 이름은 ""큰지네"" 보다시피, 지네 요괴다」"
0x7c000	14	「큰지네… 라고?」
0x7c000	15	「아야야야야야!」
0x7c000	16	「무엇이냐? 다쳤느냐?」
0x7c000	17	「큰일이야! 당장 치료하지 않으면! 할멈, 그의 상처 상태를 봐 주세요」
0x7c000	18	「아, 아니… 대단한 상처는 아니다. 신경 쓰지 말아 다오…」
0x7c000	19	「괜찮다는구나, 키타로」
0x7c000	20	"「키타로? 당신이 그 ""게게게의 키타로""인가?」"
0x7c000	21	「아아, 그래. 치료는 필요 없는 모양이군. 하지만 만일을 위해, 이 약을 발라 두는 게 좋아」
0x7c000	22	「아… 아아, 미안하군…」
0x7c000	23	「어쩌다 다치신 것이오?」
0x7c000	24	「실은… 이 앞의 동굴에 뱀 같은 요괴가 나온다는 소문이 있었어…」
0x7c000	25	「뱀 같은 요괴?」
0x7c000	26	「아아… 내 동료가 벌써 여럿 당했다.@그래서, 마침내 동료 중에서 가장 강한 내가 나설 차례가 되었던 거지.@하지만 말이야… 그놈은 강했어… 간단히 역습당해서 이 꼴이지」
0x7c000	27	"「그 ""뱀 같은 요괴""란 구체적으로 어떤 놈이냐?」"
0x7c000	28	「어두워서 잘 몰랐지만 몸통이 길고 납작한 느낌이고 굉장한 속도로 덤벼들었다」
0x7c000	29	「몸통이 길고 납작하다? 키타로… 설마!」
0x7c000	30	「접이식 뉴도!?」
0x7c000	31	「알고 있는 건가?」
0x7c000	32	「아아, 우리가 쫓고 있는 놈이 부리는 요괴다… 아버지!」
0x7c000	33	「음, 틀림없는 모양이구나. 아마도, 그 동굴이 무지나의 거점이겠지」
0x7c000	34	「키타로… 너는 그놈에게 볼일이 있는 모양이군.@약값이라고 하기는 뭣하지만, 괜찮다면 그 동굴까지 안내하지」
0x7c000	35	「미안하군, 부탁해도 될까?」
0x7c000	36	"「아아, 나도 동료의 원수를 갚기 위해서다. 기꺼이 협력하지!@당신… ""누리카베"" 씨지? 좀 걷기가 힘들어서… 미안하지만 손 좀 빌려주지 않겠나?」"
0x7c000	37	「누~리~카~베~ 알았다~~!!」
0x7c000	38	「이쪽이다, 따라와 다오」
0x7c000	39	「좋아, 큰지네의 독으로 녹아 가던 누리카베를 내 모래로 굳혔다!」
0x7c000	40	「으으으…」
0x7c000	41	「저기~ 키타로. 이놈 어떡할 거야?」
0x7c000	42	「콜록콜록! 키타로… 책임을 져 다오!」
0x7c000	43	「뭐냐, 제대로 말할 수 있잖아!」
0x7c000	44	「에너지가 넘쳐흐르는 상태에서는 냉정함을 잃는 성미인 것이겠지.@모래뿌리기할멈도 젊었을 적에는 정말이지 감당이 안 됐지. 지금 정도가 딱 좋다!」
0x7c000	45	(화를 내야 할지 기뻐해야 할지…)
0x7c000	46	「미안했다, 가뭄신. 하지만, 이렇게라도 하지 않으면 피해가 커졌을지도 몰라.@너 정도의 요괴다, 푹 쉬면 금방 좋아질 거야」
0x7c000	47	「듣고 보니 확실히… 그럼 한동안 신세를 지겠다」
0x7c000	48	 |<가뭄신이 동료가 되었다!>
0x7c000	49	「에!? 동료가 되어 주는 거야?」
0x7c000	50	「냉정하게 생각해 보면… 나도 심한 짓을 했다… 조금은 속죄를 해야지」
0x7c000	51	「하지만… 괜찮아? 꽤 힘들어 보이는데?」
0x7c000	52	「뭘, 금방 정기를 되찾아 원래의 젊은 나로 돌아온다. 걱정하지 않아도 된다…」
0x7c000	53	「그렇다면… 부탁할게, 가뭄신!」
0x7c000	54	「그건 그렇고 험~한 꼴을 당했다~!」
0x7c000	55	「설마, 다친 요괴가 누리카베를 제일 먼저 노릴 줄은 몰랐군…」
0x7c000	56	「저건 우리를 방심시키기 위한 연기였던 것이냐? 정말이지 용서할 수 없구나!」
0x7c000	57	「…하지만, 큰지네도 가여워… 그는 동료를 잃었어」
0x7c000	58	「하지만, 그놈은 목적과 수단이 뒤바뀌어 있다. 복수에 취해 버린 것이다.@저래서는 우리 말 따위 들을 귀도 없겠지…」
0x7c000	59	「그… 그렇네요. 어쨌든 그를 쫓읍시다. 아마 무지나와 합류할 셈일 테니까요」
0x7c000	60	「하지만… 어떻게? 그 녀석이 어느 쪽으로 갔는지 모르게 됐잖아?」
0x7c000	61	「괜찮아… 방법은 있어」
0x7c000	62	「무엇이냐? 뭔가 계책이 있느냐?」
0x7c000	63	"「이럴 생각은 아니었지만…@문자 그대로 ""전화위복""이라는 거려나?」"
0x7c000	64	「하아…? 무슨 소리냐?」
0x7c000	65	「어쨌든… 저를 따라와 주세요」
0x7c000	66	「여기가 그 동굴인가…」
0x7c000	67	"「으스스하네… ""딱 봐도""라는 느낌이잖아?」"
0x7c000	68	「정말 그렇구나. 얼른 무지나 녀석을 혼내 주고 여기를 나가고 싶구나」
0x7c000	69	「큰지네, 네가 접이식 뉴도에게 당한 것은 어느 근처냐?」
0x7c000	70	「어라? 큰지네…?」
0x7c000	71	「누리카베도 없어…」
0x7c000	72	「무오오오오오오오~~! 누~리~카~베~!!」
0x7c000	73	「누리카베의 목소리다!」
0x7c000	74	「입구 쪽에서 들려왔는데?」
0x7c000	75	「내가, 상황을 보고 올게!」
0x7c000	76	「그럴 필요는 없다…」
0x7c000	77	「누구냐!」
0x7c000	78	「후후후…」
0x7c000	79	「큰지네! 무슨 일이 있었느냐? 누리카베는 어떻게 됐느냐?」
0x7c000	80	「!? 이건… 어떻게 된 거냐!?」
0x7c000	81	「너희는 정말로 사람이 좋군…@내가 조금 연기를 했을 뿐인데 보기 좋게 함정에 빠지니 말이다」
0x7c000	82	「함정이라고? 이놈… 우리를 속인 것이냐?」
0x7c000	83	「전부 속인 건 아니다. 여기는 얼마 전까지 무지나 녀석이 거점으로 쓰던 장소지…」
0x7c000	84	「무엇이라! 무지나는 어디 있느냐!?」
0x7c000	85	「그놈이라면 여기에는 없다. 조금 전에 더 북쪽으로 가 버렸지…」
0x7c000	86	「그리고… 너는 무지나의 동료… 그런 거로군?」
0x7c000	87	「누리카베는… 그는 어떻게 된 거냐!?」
0x7c000	88	「놈은 내 독을 부어 녹여서, 입구를 막는 재료로 삼았다」
0x7c000	89	「무무무… 무엇이라! 누리카베가!?」
0x7c000	90	「어째서지? 어째서 너는 이런 짓을 하는 거냐?」
0x7c000	91	「문답무용! 죽어라! 인간에게 붙는 겁쟁이 놈들아!」
0x7c000	92	「역시 나쁜 놈이었네? 키타로! 해치워 버리자!」
0x7c000	93	「뭔지 모르겠지만… 할 수밖에 없나?」
0x7c000	94	「어쨌든, 큰지네 녀석은 무지나의 동료인 모양이다. 쓰러뜨려서 소재를 알아내는 것이다!」
0x7c000	95	「알겠습니다, 아버지」
0x7c000	96	「죽어라! 인간 편을 드는 요괴들아!」
0x7c000	97	「너는… 어째서 그렇게 인간을 미워하는 거냐?」
0x7c000	98	「인간은 지네 기름을 얻기 위해, 우리 동료를 학살했다!」
0x7c000	99	「어…!?」
0x7c000	100	「나는 인간을 용서하지 않는다! 인간 편을 드는 놈도다!」
0x7c000	101	「키타로… 아까부터 마음에 걸렸다만… 주변에 흩어져 있는 뼈는…」
0x7c000	102	「서… 설마…」
0x7c000	103	「오오, 내가 먹은 것이다! 크크크, 맛있었지…」
0x7c000	104	「큰지네… 너는…!」
0x7c000	105	「나는 동료를 죽인 인간들에게 복수하고 있을 뿐이다」
0x7c000	106	「동료 일은 동정하지만… 아무리 그래도 지나쳐!」
0x7c000	107	「헤, 역시 네놈은 인간의 편이군… 키타로!」
0x7c000	108	「윽… 잘도 해 주었구나…」
0x7c000	109	「큰지네, 복수 따위 그만둬. 복수는 복수를 낳을 뿐이야!」
0x7c000	110	「그래서 어쨌다는 거냐! 인간 따위 몰살시켜 줄 뿐이다!」
0x7c000	111	「안 되겠어, 말이 안 통해…」
0x7c000	112	「어쨌든, 너는 이제 싸울 수 없다. 각오하거라!」
0x7c000	113	「흐… 흐흥, 이, 이것만이 내 전력이라고 생각했느냐?」
0x7c000	114	「뭐?」
0x7c000	115	「자… 강림하라!」
0x7c000	116	「그오오오오오오오오오~!!」
0x7c000	117	"「그럴 수가… 이놈은… ""가뭄신""이다!」"
0x7c000	118	「가뭄신이라면… 분명 고열을 다루는 강력한 요괴죠?」
0x7c000	119	「음, 어떤 조건이 갖춰지면 자연히 발생하는, 말하자면 천재지변 같은 요괴다.@아무래도 여기는, 그 조건이 충족되어 있었던 모양이구나. 우리는 함정에 걸린 셈인가…」
0x7c000	120	「크크크, 그 말대로다. 그리고…」
0x7c000	121	「이놈들은… 진흙논귀신!」
0x7c000	122	「너에게는 직접 내가 마무리를 하고 싶었다만, 이놈들에게 양보해 주지. 잘 있거라!」
0x7c000	123	「기, 기다려!」
0x7c000	124	「으가아아아아!!」
0x7c000	125	「크… 가뭄신이 만에 하나 이 동굴을 나가면, 부근에도 큰 피해가 난다.@지금은 큰지네보다도 저놈을 어떻게든 하는 것이다!」
0x7c000	126	「네, 네. 알겠습니다!」
0x7c000	127	「우오오오오오오오오오 오오오~~?!?」
0x7c000	128	「해치웠나!?」
0x7c000	129	「후우… 도망쳐 버렸나… 이런이런이구나!」
0x7c000	130	「으와! 무, 뭐지?」
0x7c000	131	「크와아아앗!!」
0x7c000	132	「무, 무엇이라?」
0x7c000	133	「지하의 용암을 써서 회복한 건가? 무슨 놈이야!」
0x7c000	134	「에잇, 생각해 봐야 소용없다. 어쨌든 쓰러뜨리는 것이다!」
0x7c000	135	(우리는 가뭄신과 싸울 이유가 있는 게 아니야. 그는 이용당하고 있을 뿐이야.@어떻게든… 설득할 수 없을까?)
0x7c000	136	「아~~! 역시 키타로다!」
0x7c000	137	"「너는… 오키나와의 요괴 ""시사"" 아니냐!」"
0x7c000	138	「귀에 익은 목소리가 들려서 혹시… 하고 생각했는데…@역시 키타로 일행이었구나. 어쩐지… 큰일인 때에 와 버린 걸까?」
0x7c000	139	「아아, 그래. 솔직히, 한창 고전하는 중이야…」
0x7c000	140	「좋아, 그럼, 나도 도울게」
0x7c000	141	「그렇다! 누리카베가 속아서 이 동굴 입구를 막고 있을 거야.@그를 구해 주지 않겠나?」
0x7c000	142	「누리카베가? 알았어!」
0x7c000	143	「가뭄신! 우리에게는 싸울 이유 따위 없어. 이런 짓 그만둬!」
0x7c000	144	「으가? 으가아아아아!」
0x7c000	145	「크! 말해도 소용없는 건가?」
0x7c000	146	「가뭄신! 내 이야기를 들어 줘!」
0x7c000	147	「으가아아아아아!」
0x7c000	148	「안 되나…」
0x7c000	149	「……으으으…」
0x7c000	150	「안 되겠다, 저놈, 또 저 구멍에 들어가 용암의 힘으로 파워 업 할 셈이다!」
0x7c000	151	「뭐라고요!?」
0x7c000	152	「그오오오오오오오~!」
0x7c000	153	「아버지, 저건 대체!?」
0x7c000	154	「이건 곤란하구나… 저기까지 힘을 키우게 만들었다면…
0x7c000	155	 이제 우리 손에는 감당이 안 될지도 모른다!?」
0x7c000	156	「키타로, 누리카베 말인데… 역시 나 혼자로는…」
0x7c000	157	「으가아아아아아!」
0x7c000	158	「시사! 위험해!」
0x7c000	159	「으와아아!」
0x7c000	160	「으으… 으가앗!!」
0x7c000	161	「이렇게 된 이상… 키타로! 나, 조력자를 불러올게!」
0x7c000	162	「조력자?」
0x7c000	163	「응, 믿음직한 요괴가 이 근처에 있어. 분명 이놈을 잠재워 줄 거야!」
0x7c000	164	「무엇이라? 그게 정말이냐?」
0x7c000	165	「응, 조금만 더 버텨 줘!」
0x7c000	166	「알았어!」
0x7c000	167	「으가아아아아!!」
0x7c000	168	「기다려! 네 상대는 나다!」
0x7c000	169	「으가? 가아아아아!!」
0x7c000	170	"「분명… 이 근처에… 있다 있다. 어~이 ""노즈치"" 씨~!」"
0x7c000	171	「누~구~냐~!?」
0x7c000	172	「나야, 시사야!」
0x7c000	173	「너냐… 아무리 아는 사이라도 내 동면을 방해하면 용서치 않는다~!」
0x7c000	174	「그렇게 자기만 하면 영양실조가 돼 버려!@가끔은 맛있는 거라도 먹어야지!」
0x7c000	175	「으~음, 그렇게 말하는 걸 보니 뭔가 맛있는 걸 구해 온 것이겠지~?」
0x7c000	176	「기다려, 금방 준비할 테니까!@준비되면 알릴 테니 신호하면 단숨에 빨아들여 줘!」
0x7c000	177	「알았다~!」
0x7c000	178	「우고오오오오~!」
0x7c000	179	(아직인가… 시사!)
0x7c000	180	「안 되겠다, 저놈, 또 저 구멍에 들어가 파워 업 할 셈이구나」
0x7c000	181	「키타로~!」
0x7c000	182	「아, 시사!」
0x7c000	183	「으가가… 으가아아!!」
0x7c000	184	「으와아! 어째서 나한테만 오는 거야! 나는 맛없다고!」
0x7c000	185	「으가가가가!!?」
0x7c000	186	「지금이야! 모두 뭔가를 붙잡아!」
0x7c000	187	「어?」
0x7c000	188	「됐으니까, 빨리! 노즈치 씨~! 지금이야~~~!!」
0x7c000	189	「오오오오~~~~!!」
0x7c000	190	「무, 무엇이냐?」
0x7c000	191	「아버지, 어쨌든 시사가 말하는 대로 합시다」
0x7c000	192	「이건… 대체?」
0x7c000	193	"「이것이 요괴 ""노즈치"" 씨의 힘이야! 그는 뭐든 삼켜서 소화해 버리거든!」"
0x7c000	194	「으… 으…」
0x7c000	195	「으가아아아아아아아아아~~!」
0x7c000	196	「후우… 어떻게든 쓰러뜨렸구나」
0x7c000	197	「고마워 시사! 다친 데는 없어?」
0x7c000	198	「괜찮아! …라고 말하고 싶은 참이지만… 역시 지쳤어. 녹초야」
0x7c000	199	"「하지만… 이것이 소문으로 듣던 ""노즈치""의 힘인가… 무시무시하구나」"
0x7c000	200	「시사, 노즈치가 용케 네 부탁을 들어줬구나」
0x7c000	201	「나도 노즈치 씨도 땅속에서 살고 있으니까… 마음이 잘 맞아」
0x7c000	202	(하지만, 먹어 버린다는 건 너무하군… 저놈은 이용당했을 뿐인데…)
0x7c000	203	「시~~사~~!」
0x7c000	204	「으와! 무무… 뭐야?」
0x7c000	205	「배가 부르다~ 이건 돌려주마~!」
0x7c000	206	「저건… 가뭄신이다!」
0x7c000	207	「아직 살아 있는 모양이구나…」
0x7c000	208	「하지만, 에너지는 거의 빨려 버린 모양이네」
0x7c000	209	「어쨌든 누리카베를 구하고 여기를 탈출하자」
0x7c000	210	「응, 나도 도울게」
0x7c000	211	「우오오오오오~~!!」
0x7c000	212	「이번에야말로 해치웠나?」
0x7c000	213	「후우… 정말로 만만찮은 상대였구나」
0x7c000	214	「………」
0x7c000	215	「무슨 일이냐, 키타로?」
0x7c000	216	「이유도 없이 싸우다니… 뒷맛이 씁니다. 아버지」
0x7c000	217	「음… 그렇구나…」
0x7c000	218	「키타로! 누리카베를 구해 왔어!」
0x7c000	219	「시사, 빨랐네! 누리카베! 괜찮았어?」
0x7c000	220	「누~리~카~베~! 미안~ 키타로~!」
0x7c000	221	「다들 속은 거야. 신경 쓰지 않아도 돼」
0x7c000	222	「키, 키타로!」
0x7c000	223	「어!?」
0x7c000	224	「으가아아!」
0x7c000	225	「이런!」
0x7c000	226	「으바바바바바아~~!」
0x7c000	227	「크… 이럴 수가」
0x7c000	228	「쫓지 않으면…!」
0x7c000	229	「소용없다, 놈의 속도에는 따라잡을 수 없다. 게다가, 지칠 대로 지친 지금의 우리로는…」
0x7c000	230	(……크… 내가 방심한 탓이야…)
0x7c000	231	「뭘, 놈도 입은 데미지는 크다. 그렇게 심하게 날뛰지는 못할 것이다」
0x7c000	232	「…그러면 좋겠는데요…」
0x7c000	233	「그냥은 안 죽여 주지… 천천히 괴롭혀 주마!」
0x7c000	234	「무, 뭐지!? 큰지네가… 사라졌다?」
0x7c000	235	「안 되겠다, 보호색이다…! 놈은 동굴 벽 색깔에 몸 색깔을 맞춘 것이다!」
0x7c000	236	「후… 그 말대로다!@모습이 보이지 않는 나를 상대로 허둥대는 너희를 천천히 요리해 주마!」
0x7c000	237	「으음음… 상대가 보이지 않아서는 평범하게 공격을 걸 수 없구나!」
0x7c000	238	「대체 어떻게 싸워야 할까요?」
0x7c000	239	「음. 조급하게 돌아다녀도 보이지 않는 상대와 부딪쳐 빈틈을 만들게 될 뿐이다.@눈에는 보이지 않아도, 가까이 가면 기척을 느끼는 정도는 할 수 있을 것이다…@그것을 의지해서 큰지네가 숨어 있다고 여겨지는 곳에 요괴 안테나를 쓰는 것이다」
0x7c000	240	「그렇군요, 안테나가 있었죠! 모습은 감춰도 요기까지는 지울 수 없을 테니까요」
0x7c000	241	「기합을 넣어야 하니, 공격이나 도구를 쓰는 것은 한 번 쉬어야 하지만,@안테나를 썼을 때 탐지 범위에 상대가 숨어 있었다면 그것으로 있는 곳을 알 수 있을 것이다.@나도 영력을 빌려주마. 그곳에 리모컨 게타를 박아 넣는 것이다.@그러면 상대는 모습을 드러낼 것이다!」
0x7c000	242	「과연… 알겠습니다!」
0x7c000	243	「찾았다!」
0x7c000	244	「쳇, 건방진…」
0x7c000	245	「이놈, 또다시!」
0x7c000	246	「몇 번을 해도 마찬가지다. 각오해라!」
0x7c000	247	「자, 한 번 더 숨어 볼까…」
0x7c000	248	「아! 또 놈의 모습이…!」
0x7c000	249	「음, 하지만 있는 곳은 짐작이 간다. 키타로, 침착하게 안테나를 쓰거라!」
0x7c000	250	「아프잖아… 이건 벌이 필요하겠군!」
0x7c000	251	「어딜 보고 있는 거냐!」
0x7c000	1024	개발중
0x7f800	0	「그래서… 너 혼자 도망쳐 온 거냐?」
0x7f800	1	「도망쳐 온 게 아니야. 그놈들을 가둬 두고 왔지.@지금쯤 가뭄신과의 싸움으로 놈들은 숯덩이가 되어 있을 거다」
0x7f800	2	「흥… 자기 공인 것 같은 말투로군…@그건 내가 세팅한 것이다. 그것을 잊지 말아 주었으면 하는데」
0x7f800	3	「내가 당신이 도망칠 시간을 벌어 준 거 아니냐!」
0x7f800	4	「으학! 무, 무슨 짓이야!」
0x7f800	5	「건방진 소리 하지 마라… 자기 분수를 아는 게 좋겠다. 이… 하등한 벌레 요괴 놈아!」
0x7f800	6	「뭐라고…」
0x7f800	7	「윽!」
0x7f800	8	「이놈, 한 번 더 말해 봐라!!」
0x7f800	9	「…흥, 그만한 기운이 있다면, 이번에야말로 키타로 놈들을 쓰러뜨려 보이는 게 좋겠군… 응?」
0x7f800	10	「뭐, 뭐야?」
0x7f800	11	(이 냄새…………………… 흥! ………그렇군……)
0x7f800	12	「무지나 님. 키타로 놈들이 이 부근까지 와 있습니다」
0x7f800	13	「뭐? 놈들 어떻게 거기서 빠져나온 거지? 게다가 어떻게 이 장소를…?」
0x7f800	14	「흥! 이거다… 이 얼간이 놈!」
0x7f800	15	「무… 이건 키타로가 준 약… 그, 그렇군! 이놈… 키타로~~~!!」
0x7f800	16	「무지나 님, 키타로 일행 말고도 이쪽으로 접근하는 요괴가 있습니다」
0x7f800	17	「뭐라고…?」
0x7f800	18	「어찌할까요…?」
0x7f800	19	(쳇, 여기까지 놈들이 냄새를 맡을 줄이야… 어쩔 수 없군… 그에게 연락을 취할까. 그리고…)@「좋다, 너희에게 이번 작전을 내리겠다」
0x7f800	20	「하하!」
0x7f800	21	「으으… 어쩐지 추운 곳에 와 버렸구나…」
0x7f800	22	「꽤 북쪽까지 왔으니까요」
0x7f800	23	(으으으… 나, 가뜩이나 추위를 못 견디는데…@이런 차림으로 이 추위는 못 버틸지도…)
0x7f800	24	「고양이소녀… 괜찮아? 괜찮다면… 내 조끼를 빌려줄까?」
0x7f800	25	「어! 아, 괘, 괜찮아 키타로! 전혀 아무렇지 않으니까!」@(고맙지만 짐이 된다고 여겨지는 것만은 싫어… 여기서는 참아야 해!)
0x7f800	26	「하지만… 정말로 큰지네 녀석은 이쪽으로 도망쳐 온 것이냐?」
0x7f800	27	「네, 틀림없습니다」
0x7f800	28	「어떻게 아시오?」
0x7f800	29	「그러고 보니… 서둘러 쫓아오느라 이유를 물어보지 못했다만…@어떻게 큰지네의 뒤를 밟고 있는 것이냐?」
0x7f800	30	「약 냄새입니다」
0x7f800	31	「야~악~?」
0x7f800	32	「음. 키타로가 큰지네에게 건넨 약이다.@그것은 내가 지인에게 부탁해서 나눠 받고 있는 비전의 만능약…@큰지네 녀석이 성실하게 그것을 가지고 도망친 덕분에,@그 약의 희미한 냄새가 길목마다 남아 있는 것이다」
0x7f800	33	「그런 희미한 냄새… 나는 못 느끼겠는데」
0x7f800	34	「희미한 요기도 동반하고 있으니 저와 아버지는 알 수 있어요.@하지만, 보통 요괴로는 어지간히 코가 좋지 않으면 식별은 못 하겠죠」
0x7f800	35	(…나, 코가 좋은데 눈치 못 챘네… 으으, 추워!@이 추위로는 그럴 상황이 아니야!)
0x7f800	36	「하지만… 그것도 많이 약해졌구나」
0x7f800	37	「네, 이 눈 때문이겠죠」
0x7f800	38	(으으으… 참아, 참아 고양이소녀~!)
0x7f800	39	「저기… 이 추운데, 이런 곳에서… 무슨 일 있으세요?」
0x7f800	40	「너는…?」
0x7f800	41	「저는 이 근처에 사는 사람이에요. 뭔가 곤란한 일이 있으면, 도와드릴까요?」
0x7f800	42	「그런가… 이거 이거 친절도 하구나. 하지만, 우리는 괜찮다. 신경 쓰지 말아 다오」
0x7f800	43	「그러세요… 그럼 적어도 저희 집에서 뭔가 따뜻한 거라도 드시지 않을래요?」
0x7f800	44	(아… 따뜻한 음료… 인가…)
0x7f800	45	「고마워… 하지만 앞을 서두르고 있어서」
0x7f800	46	(하, 안 돼 안 돼! 맞아! 그럴 틈 없다니까!)
0x7f800	47	「그럼… 난로나 코타츠에라도 쬐고 몸을 녹이고 가시면 어떠세요?@이 근처의 추위는 혹독해요. 그대로는 분명 못 버티실 거예요」
0x7f800	48	(난로… 코타츠…)
0x7f800	49	「키, 키타로…」
0x7f800	50	「응? 왜?」
0x7f800	51	「자, 잠깐 정도라면 들렀다 가도… 괜찮지 않을까?」
0x7f800	52	「어떡할까요. 아버지」
0x7f800	53	「후움. 하지만, 냄새의 단서가 사라지기 전에 수색을 이어 가지 않으면…」
0x7f800	54	「그, 그렇지…」
0x7f800	55	「응? 저쪽에 누군가 있구나?」
0x7f800	56	「………」
0x7f800	57	「방금 그 인영… 설마… 무지나인가?」
0x7f800	58	「안 되겠다! 그렇다면 놓쳐 버린다!」
0x7f800	59	「눈 위라서 달려도 따라잡을 수 없어… 이탄모멘, 우리를 태워 줘!」
0x7f800	60	「모래뿌리기, 우리도 간다!」
0x7f800	61	「아아, 태워 다오!」
0x7f800	62	「아버지와 고양이소녀와 누리카베는 여기서 기다려 주세요」
0x7f800	63	「상대는 그 무지나다? 넷이서 괜찮겠느냐?」
0x7f800	64	「놈은 혼자인 것 같았어요, 괜찮습니다. 그럼, 다녀오겠습니다!」
0x7f800	65	「…가 버렸다~!」
0x7f800	66	「기다리라고 해도 말이지…」@(흘끔…………)
0x7f800	67	「어떠세요? 당신만이라도 여러분을 기다리는 동안, 집에 오시면…?」
0x7f800	68	「…에취!」
0x7f800	69	「이쪽은 괜찮다~ 갔다 와도 된다~!」
0x7f800	70	「흠, 여기 서 있어 봐야 소용없구나…@그렇다고 전원이 가서는 폐가 되겠지. 우리만이라도 신세를 질까」
0x7f800	71	「어, 어쩔 수 없네… 모처럼의 호의인걸. 그럼, 잠깐만…」
0x7f800	72	「사양하지 않으셔도 되는데 자자… 오세요」
0x7f800	73	「으와아! 아야야야…」
0x7f800	74	「너는…!?」
0x7f800	75	「무, 무슨 짓이야! 윽, 키타로!?」
0x7f800	76	「뭐냐, 쥐인간 아니냐!」
0x7f800	77	「헷갈리는 곳에서 얼쩡거리다니…」
0x7f800	78	「너 이런 곳에서 뭐 하는 거야.@뭔가 수상한 전단지를 뿌려서 사람을 모으고 있었던 거 아니냐?」
0x7f800	79	「아… 그건 단순한 아르바이트다! 이미 끝난 이야기 아니냐!」@(쳇, 그 여자한테서 겨우 도망쳐 왔나 했더니 이번엔 이놈들이냐.@환상의 비밀 온천에는 들어가지도 못하고… 엎친 데 덮친 격이군!)
0x7f800	80	「뭐, 됐어. 나쁜 짓을 했다는 증거도 없고…@지금 우리는 그 무지나와 큰지네라는 요괴를 쫓고 있어. 너 뭔가 아는 거 없냐?」
0x7f800	81	「나는, 이 근처에 맛있~는 지역 술과 전골 요리를 내는 여관이 있다고 들어서 왔다.@그런데 말이야, 이 일대의 인간들, 전부 몽땅 수수께끼의 괴질로 쓰러져 버려서 전부 허탕이다!」
0x7f800	82	「무엇이라? 괴질!?」
0x7f800	83	(다들 쓰러졌다? 그럼… 아까 그 여자아이는…?)
0x7f800	84	「아아, 내가 보기엔 아무래도 그놈들, 혼이 빠져나간 것 같더라…@그건 요괴의 짓이야. 네가 찾는 놈이랑, 뭔가 관계가 있을지도 모르지」
0x7f800	85	「키타로… 설마!」
0x7f800	86	「아버지 일행이 걱정이야… 서둘러 돌아갑시다!」
0x7f800	87	「키타로~~~~!」
0x7f800	88	「오오, 누리카베! 무슨 일이냐!?」
0x7f800	89	「고양이소녀와… 아버님이 여자아이를 따라간 뒤로 돌아오지 않는다~!」
0x7f800	90	「무엇이라?」
0x7f800	91	「이런. 이놈! 이런 남자에게 정신이 팔린 틈에!」
0x7f800	92	「어쨌든 두 사람을 찾자!」
0x7f800	93	「아까 그 장소로 돌아가는 거요!」
0x7f800	94	(뭔가… 귀찮은 일이 될 것 같군)@「그럼, 나는 이제 여기 볼일 없으니 물러가겠어!」
0x7f800	95	「너도 와!」
0x7f800	96	"「무, 왜냐고! 지금 나는 ""오프""라고~? 좀 봐줘!」"
0x7f800	97	「너는 내버려 두면 무슨 짓을 할지 모른다. 됐으니 같이 오지 못할까!」
0x7f800	98	「노, 농담이 아니…!」
0x7f800	99	「누~리~카~베~!」
0x7f800	100	「아, 알았다고! 에휴… 어째서 이렇게 되는 거야…」
0x7f800	101	「아까 그 아이도 저놈들의 동료인가?」
0x7f800	102	「모르겠지만… 관계가 있다고 봐야겠지…@한시라도 빨리 그 약 냄새가 나는 방향으로 향하자. 이쪽이야!」
0x7f800	103	「좋아, 모두, 키타로의 뒤를 따르는 거요!」
0x7f800	104	「후우, 어떻게든 탈출했구나!」
0x7f800	105	「간발의 차였네요. 어쨌든, 모두가 무사해서 다행이에요」
0x7f800	106	「키타로… 미안해. 나… 그런 놈한테 잡혀 버려서…」
0x7f800	107	「신경 쓸 것 없어」
0x7f800	108	「그러고 보니, 해방된 혼은 제대로 원래 주인에게 돌아갔을까요…?」
0x7f800	109	「문제없겠지. 모두 그걸로 원래대로 돌아갈 것이다」
0x7f800	110	「그렇습니까! 다행이다…」
0x7f800	111	「그건 그렇다 치고… 결국 무지나에 대해서는 아무것도 알아내지 못한 채구나」
0x7f800	112	「아니… 그렇지도 않다. 무지나와는 별개로, 커다란 요괴의 그림자가 보였다… 누구인지는 모르겠다만…@눈의 요괴와 인연이 깊은 실력자 요괴라면, 언젠가 좁혀 낼 수 있겠지」
0x7f800	113	「그렇네요, 일단 게게게의 숲으로 돌아갈까요?」
0x7f800	114	「음, 그게 좋겠구나」
0x7f800	115	「어라… 전화다… 누구지?」
0x7f800	116	「키… 타로… 들리느냐?」
0x7f800	117	「!? 너는 누구냐…?」
0x7f800	118	「후후후… 목소리만으로는 모르겠느냐…?」
0x7f800	119	「누구냐고 묻고 있잖아!」
0x7f800	120	「나다… 누라리횬이다!」
0x7f800	121	「뭐라고…? 누라리횬이라고!?」
0x7f800	122	「무, 무엇이라?」
0x7f800	123	「무지나와 설국 요괴들이 신세를 진 모양이더군…」
0x7f800	124	「일련의 사건은… 네가 뒤에서 조종한 것이냐?」
0x7f800	125	「그렇고말고… 잘도 내 계획을 방해해 주었구나…」
0x7f800	126	「과연… 저놈이 흑막이었구나!」
0x7f800	127	「듣고 보니… 이보다 딱 들어맞는 놈은 없구나!」
0x7f800	128	「너는 뭐가 목적이냐!@무지나를 시켜 요괴를 조종하고, 설국 요괴들을 부하로 삼아 무엇을 꾸미는 거냐!?」
0x7f800	129	「뻔한 일이지… 온 일본의 요괴를 부하로 삼아 인간을 멸하고, 내가 일본의 왕이 되는 것이다!」
0x7f800	130	「또 엄청난 소리를…」
0x7f800	131	「그런 일… 할 수 있다고 생각하는 거냐!」
0x7f800	132	"「할 수 있고말고… ""다이다라봇치""가 있다면 말이다!」"
0x7f800	133	「다이다라봇치라고! 설마!」
0x7f800	134	「안 된다… 그만두거라 누라리횬!」
0x7f800	135	(뭐라고? 이거… 큰일 나게 생겼구먼…)
0x7f800	136	「너는… 지금 어디에 있는 거냐!」
0x7f800	137	「흥, 다이다라봇치라면 집결할 장소는 하나다. 네가 모를 리 없겠지!」
0x7f800	138	「뭐!」
0x7f800	139	「나는… 너와 그 장소에서 최후의 결착을 낼 생각이다.@네놈을 쓰러뜨려 오랜 원한을 풀고… 명실공히 일본의 왕이 되기 위해서 말이다!」
0x7f800	140	「그런 짓… 하게 두지 않겠어!」
0x7f800	141	「그렇다면 여기까지 오는 것이다. 다이다라봇치가 완전히 부활하기 전에 말이다…@그럼 잘 있거라… 또 보자 키타로…」
0x7f800	142	「기다려!」
0x7f800	143	(…………젠장!)
0x7f800	144	「이럴 수가… 누라리횬이 움직이기 시작했다니…」
0x7f800	145	「모든 계획은 놈의 지시에 의한 것인가…」
0x7f800	146	「우리에게 결전을 걸 셈인 모양이구나…」
0x7f800	147	「다이다라봇치의 부활 따위… 절대로 하게 두지 않아! 기다려라, 누라리횬!」
0x7f800	148	「냄새는 여기서 오고 있는 것 같아…」
0x7f800	149	「키타로! 저것을 보아라!」
0x7f800	150	「앗! 키타로~! 와 줬구나~!」
0x7f800	151	「고양이소녀! 무사해!? 아버지는 어디 계셔?」
0x7f800	152	「에휴… 미안하다 키타로. 이런 일이 될 줄이야」
0x7f800	153	「두 분 다, 지금 구해 드릴게요!」
0x7f800	154	「어이쿠… 여기서부터는 못 가게 하겠어!」
0x7f800	155	「너는… 아까 그…! 뭐가 목적이냐! 아버지 일행을 놓아줘!」
0x7f800	156	「그렇게는 안 되지… 이 사람들은 소중한 인질… 너희를 쓰러뜨리기 위한 말이야!」
0x7f800	157	"「조심해 키타로! …그 아이, 요괴 ""눈아이""야!」"
0x7f800	158	"「그래… 나는 ""눈아이""」"
0x7f800	159	「그랬던 것이냐… 알아차리는 게 늦었구나」
0x7f800	160	「키타로는 여자아이에게 약하다고 들었는데… 일행도 비슷하구나.@미안하지만… 무지나 님께 지시받았거든. 너희를 쓰러뜨리겠어…」
0x7f800	161	「이놈도 무지나의 부하냐!?」
0x7f800	162	「하지만… 아무리 인질이 있다 한들@혼자서 우리 전원을 상대할 셈이라면 그건 무리다」
0x7f800	163	「물론… 혼자가 아니야!」
0x7f800	164	「또 이놈들이구나…」
0x7f800	165	「너는… 큰지네!」
0x7f800	166	「키타로… 잘도 나에게 창피를 주었겠다! 이번에야말로 결착을 내 주마!」
0x7f800	167	「내키지는 않지만… 인질까지 잡혔으니 물러날 수 없어!@큰지네! 아버지와 고양이소녀를 돌려받겠다!」
0x7f800	168	「키타로, 이 동굴에는 여기저기 얼음 기둥이 서 있구나…」
0x7f800	169	"「저것들은 그리 튼튼하지 않다. 방해가 될 것 같으면 공격을 가해 부숴 버리면 되겠지.@두레박불 같은 ""불"" 공격을 가진 요괴를 쓰면, 더 쉽게 부술 수 있을 것이다.@기억해 두는 것이다!」"
0x7f800	170	「준비는 된 모양이군?」
0x7f800	171	「아아, 간다!」
0x7f800	172	「쳇! 키타로… 지난번엔 보기 좋게 당했지.@친절로 준 줄로만 알았던 약이, 실은 미행을 위한 발신기 대용이었다는 계산인가…@세상 물정 모르는 얼굴을 하고서… 꽤나 더러운 짓을 하는군!」
0x7f800	173	「그럴 생각은 아니었어 …어쩌다 보니 그렇게 된 거야!」
0x7f800	174	「흥! 하지만, 이걸로 네 정체를 알았다… 네놈은 선인의 얼굴을 한 악당이다!」
0x7f800	175	「아니야!」
0x7f800	176	「닥쳐! 나는 네놈을 죽인다… 그리고 무지나와 그분 아래에서 인간들에게 복수해 주겠다!」
0x7f800	177	「그분…?」
0x7f800	178	「큰지네… 말이 많아」
0x7f800	179	「그렇다… 자중해라」
0x7f800	180	"「너희는… 설남에 설녀! 설국 요괴 총출동인가!@너희는 어째서 무지나 편을 드는 거냐? ""그분""이라는 자의 명령이냐?」"
0x7f800	181	「글쎄… 조금 정도라면 말해 줘도 될까?」
0x7f800	182	"「우리는 ""혼의 아이스캔디""를 원한다…」"
0x7f800	183	"「""혼의 아이스캔디""라고!?」"
0x7f800	184	「모르는 거야? 인간의 혼을 얼려서 만든, 우리의 에너지원이라는 거지」
0x7f800	185	「그분은 그것의 대량 생성법을 우리에게 전수하셨다…@이것으로 우리는 이 땅에서 영원히 번영할 수 있다」
0x7f800	186	"「그렇군…! 이 부근 마을을 덮치는 ""괴질""이라는 것의 원인은 너희가 마을 사람들의 혼을 빼앗아@""아이스캔디""로 만들고 있기 때문이었구나?」"
0x7f800	187	「그 말대로야… 우리는 그분의 종… 무지나 님은 그 협력자라고 할까…」
0x7f800	188	"「이럴 수가… 그런 방식으로 ""영원히 번영한다""는 일 따위 있을 수 있겠나!@지금은 좋을지도 몰라. 하지만 언젠가 반드시 앙갚음을 당할 거다!」"
0x7f800	189	「더 이상은 이야기해도 소용없군…」
0x7f800	190	「키타로. 우리에게는 우리의 생각과 이상이 있다. 그것을 방해한다면… 죽어라!」
0x7f800	191	"(크… 이런 설국 요괴까지 누군가에게 부추김당해, 어떤 계획에 가담당하고 있어…!@""그분""이란 대체 누구지? 모르는 것투성이다!!)"
0x7f800	192	「그럴… 제~기랄~~!」
0x7f800	193	「큰지네…」
0x7f800	194	「나는… 증오한다! 인간을! 그리고 너를!@증오하고… 증오하고… 계속 증오해 주겠다~~!」
0x7f800	195	「크윽… 제법이군. 일단 물러날까」
0x7f800	196	「쳇, 이 이상은 힘들겠네… 철수하겠어」
0x7f800	197	「아야야… 잘도 해 줬겠다! 한 번 물러나겠어…」
0x7f800	198	「좋아, 이걸로 설국 요괴는 셋 다 얌전해졌군!」
0x7f800	199	「뭐!? 아직 움직일 수 있는 건가?」
0x7f800	200	「물론이지…」
0x7f800	201	「극한의 빙설에 단련된 우리의 실력…」
0x7f800	202	「보아라!」
0x7f800	203	「우고와아아아아아~~!!」
0x7f800	204	「그럴 수가… 합체했다고? 이런 비장의 수가 있었다니!」
0x7f800	205	「해냈다! 고마워!」
0x7f800	206	「좋~아, 고양이소녀, 가둬 준 답례를 해 주는 것이다!」
0x7f800	207	「응, 그래요!」
0x7f800	208	「아아! 거, 거기는!?」
0x7f800	209	「그만둬!」
0x7f800	210	「거기를 열어서는 안 된다!」
0x7f800	211	「우오~! 그걸 열지 마라~!」
0x7f800	212	"「이건… 인간의 혼…?@그렇군… 이것이 ""혼의 아이스캔디"" 저장고였구나?@녹아서 다시 원래 인간에게 돌아가는 건가? 다행이다…」"
0x7f800	213	「무슨 짓을 하는 거야!」
0x7f800	214	「모처럼 모은 혼이!! 이, 이놈~!」
0x7f800	215	「우리가 살아갈 양식을 잘도 망쳐 놓았구나… 이제 용서 못 한다!」
0x7f800	216	「우리가 살아갈 양식을 잘도 망쳐 놓았구나… 이제 용서 못 한다!」
0x7f800	217	「으가아아아아아아~~!!」
0x7f800	218	「자, 각오해라! 설국 요괴 연합!」
0x7f800	219	「제, 제기랄~!」
0x7f800	220	「여기서는 일단 퇴각이네」
0x7f800	221	「기다려!」
0x7f800	222	「잘 있거라 키타로… 기억해 둬라!」
0x7f800	223	(결국… 놈들의 보스는 누구였던 거지?)
0x7f800	224	「후우… 이걸로 전부인가」
0x7f800	225	「키타로… 여전히 제법이잖아」
0x7f800	226	「무지나!? 마침내 몰아붙였다!@너희의 진짜 목적을 오늘이야말로 말하게 하겠다!」
0x7f800	227	「후후후… 미안하지만 말할 생각은 없다」
0x7f800	228	「뭐!?」
0x7f800	229	「후후…」
0x7f800	230	「으와아아!」
0x7f800	231	「후후후… 어서 도망치지 않으면… 동료들과 함께 죽고 말 텐데」
0x7f800	232	「젠장… 더 이상 여기 있는 건 위험해… 어서 탈출해야 해!」
0x7f800	233	「키타로!」
0x7f800	234	「미안, 고양이소녀. 구출이 늦어서…」
0x7f800	235	「아니야, 괜찮아!」
0x7f800	236	「그런 것보다 어서 탈출이다!」
0x7f800	237	「그렇네요… 서두릅시다!」
0x7f800	238	「무지나! 기억해 둬! 이대로 끝내지 않겠다!」
0x7f800	239	「잘 있거라 키타로!@하지만 슬퍼할 것 없다… 또 금방 만날 수 있을 테니!@아~하하하하하!」
0x7f800	240	「놈들을 놓아주어도 되는 것이냐? 여기서 죽여 주어도 되는데?」
0x7f800	241	「이거 이거… 일부러 걸음 하시게 해서 죄송합니다」
0x7f800	242	「질문에 답하라…」
0x7f800	243	"「조금 전에, 그에게 연락을 취했습니다.@슬슬 키타로의 귀에도 ""그것""의 ""발동"" 소식이 닿을 무렵이겠지요」"
0x7f800	244	「과연… 서두를 것 없다는 것인가. 하지만… 공을 가로채일지도 모른다?」
0x7f800	245	「적을 쓰러뜨리는 것만이 공은 아니겠지요…」
0x7f800	246	「흥, 뭐 좋다.@어쨌든 키타로의 실력은 오늘 보고 알았다. 실제로 싸우는 것이 기대되는군…」
0x7f800	247	"「싸우는 것이? ""맛보는 것이""겠지요?」"
0x7f800	248	「후후후… 그렇군」
0x7f800	1024	개발중
0x83800	0	「후우~, 여행은 역시 뱃길이 최고구나」
0x83800	1	「느긋하게 있을 때냐! 우리는 싸우러 가는 것이다!?」
0x83800	2	「그렇게 잔소리하지 마라 모래뿌리기. 조급해한들 어찌 되는 것도 아니잖느냐?」
0x83800	3	「그건 그렇다만…」
0x83800	4	「지금부터 신경을 곤두세워 봐야 소용없어, 할멈.@그때까지는 내 자랑스러운 이 배에서 느긋하게 있으면 돼」
0x83800	5	「그건 그렇고… 네가 이런 훌륭한 배를 가지고 있었다니」
0x83800	6	「덕분에 어떻게든 오가사와라까지 갈 수 있겠구나. 도움이 되는구나…」
0x83800	7	「키타로 일행에게는 폐를 끼쳤으니까… 도움이 됐다면 나도 기뻐」
0x83800	8	「자, 너도 이쪽에 와서 앉거라. 이 차, 제법 괜찮구나」
0x83800	9	「이런이런…」
0x83800	10	「모래뿌리기. 아기울음이 하는 말에도 일리가 있다. 지금은 기운을 기를 때다」
0x83800	11	「요는 긴장을 너무 늦추지 않으면 되는 거야. 괜찮아, 모두 제대로 알고 있어」
0x83800	12	「그래요, 할멈. 긴장과 이완이에요, 긴장과 이완!」
0x83800	13	「아… 아아…」@(나도… 머리로는 알고 있다…@하지만… 뭔가 가슴이 술렁인다…@아니, 큰 싸움을 앞두고 나도 긴장하고 있는 것인가. 좀 진정할까…)@「그렇구나… 나도 한 잔 얻어 볼까」
0x83800	14	「네, 할멈. 지금 따라 드릴게요」
0x83800	15	「오가사와라까지는 아직 한동안 걸릴 것 같구나」
0x83800	16	「바닷길이라고는 해도, 교토까지의 두 배 거리니까요」@(그건 그렇고… 드라큘라 일행의 작전은 주도면밀해… 우리는 완전히 뒷북만 치고 있어…@적은, 한 수도 두 수도 우리보다 위다…)
0x83800	17	「!! 무, 뭐냐!?」
0x83800	18	「꺅!」
0x83800	19	「어이쿠, 괜찮아?」
0x83800	20	「꺅~~!! 어, 어딜 만지는 거야!」
0x83800	21	「아야야야~~~~!! 바, 방금 건 사고다!」
0x83800	22	「이, 이런 때에 뭘 하고 있는 것이냐 자네는!?」
0x83800	23	「! 이 요기… 키타로… 조심하는 것이다! 뭔가 온다!」
0x83800	24	「정말이지… 남의 배 위에 잔뜩 몰려와서는… 밭이 엉망진창이야!」
0x83800	25	「뭐, 이렇게 모두 무사했으니 그걸로 됐지 않느냐」
0x83800	26	「그야 그렇지. 하지만, 이제 이 배에서의 전투는 사양하고 싶어」
0x83800	27	「그렇게 되지 않도록 속도를 더 올리자」
0x83800	28	「무리한 소리 하지 마! 이래 봬도 최선을 다하고 있다고!」
0x83800	29	「그래? 뭔가 아까보다 속도가 떨어졌는데」
0x83800	30	「…그러고 보니 어쩐지 속도가 떨어진 것 같군… 잠깐 보고 올게」
0x83800	31	「뭐, 어쨌든 누라리횬의 정보는 옳았던 모양이구나」
0x83800	32	「네, 보자이가 방해하러 온 것이 무엇보다 확실한 증거입니다」
0x83800	33	「이미 상당수의 요괴가 이 일본에 들어와 있다고 보는 편이 좋겠구나」
0x83800	34	「우리를 방해하기 위해 드러내 놓고 행동을 개시했다는 것이겠지」
0x83800	35	「으윽~! 저런 놈들이 아직도 잔뜩 돌아다니고 있다는 거야?」
0x83800	36	「아아… 그렇게 생각해서 틀림없겠지」
0x83800	37	「자, 더 이상 방해가 들어오기 전에 앞을 서두르자」
0x83800	38	「오옷?!」
0x83800	39	「어? 무, 뭐야?! 왜 기울어지는 거야!?」
0x83800	40	「크, 큰일이다! 배 밑바닥에 구멍이 뚫려 있어!」
0x83800	41	「무, 뭐라고!? 그렇군! 보자이가 나타났을 때의 충격…@그건 이런 뜻이었나!」
0x83800	42	「어떻게 고칠 수 없어?」
0x83800	43	「이미 침수가 상당히 진행됐어… 지금부터는 감당이 안 돼!」
0x83800	44	「크… 이럴 수가. 당해 버렸구나!」
0x83800	45	「으왓! 아, 안 되겠어!」
0x83800	46	「내, 내 배가~!」
0x83800	47	「히이이이이이이이~! 가~~라~~앉~~는~~다~~!!」
0x83800	48	「으와! 무, 물이다!」
0x83800	49	「으와아아아아아아!」
0x83800	50	「…파도가… 멎었다?」
0x83800	51	「!? 손님이다!」
0x83800	52	「헤헤헤! 바다 위라고 방심했지?」
0x83800	53	「마녀…? 론론의 부하인가!?」
0x83800	54	「포위당해 버렸구나」
0x83800	55	「그러게 내가 뭐랬느냐! 너무 느긋했다!」
0x83800	56	「너무 화내면 주름이 늘어난다…」
0x83800	57	「무, 뭐라고 했느냐!?」
0x83800	58	(오오… 무섭다…)
0x83800	59	「으으으으. 이렇게 되면 어쩔 수 없다. 키타로, 선상전이다!」
0x83800	60	「모두! 간다!」
0x83800	61	「죽어라! 키타로 놈들!」
0x83800	62	「후우, 생각보다 별것 아닌 놈들이었네요, 아버지」
0x83800	63	「하지만, 우리 움직임은 이미 포착된 모양이다. 힘든 싸움이 되겠구나」
0x83800	64	「으와! 무, 무엇이냐!?」
0x83800	65	「뭔가에 부딪쳤어…?」
0x83800	66	「크크크크크…」
0x83800	67	「!? 이번엔 뭐냐!?」
0x83800	68	「키타로, 저기다!」
0x83800	69	「과연 일본에 그 요괴 있다고 일컬어지는 게게게의 키타로…@극동의 요괴라 해도 나름의 힘은 있는 모양이군」
0x83800	70	「보자이!」
0x83800	71	「다짜고짜 거물의 등장인가!?」
0x83800	72	「키타로, 쓸데없는 저항은 그만두고 얌전히 포로가 되어라」
0x83800	73	「무, 무엇이라!? 웃기지 마라!?」
0x83800	74	「어라어라… 어르신, 그렇게 흥분하시면 몸에 해롭다」
0x83800	75	「대화라면 기꺼이 응하지. 하지만… 일방적인 항복 따위 할 것 같으냐!」
0x83800	76	「후후… 그렇게 말할 줄 알았지. 봐줄 필요는 전혀 없는 모양이군!@그렇다면… 보여 주지. 나와라, 나의 물 병사들이여!」
0x83800	77	「물… 병사?」
0x83800	78	「설국 요괴들이 합체했을 때의 모습과 닮았다만… 물로 된 병사라는 느낌이구나」
0x83800	79	「…………………………」
0x83800	80	「어쩐지… 약해 보이는데」
0x83800	81	「그건 어떨까?@이놈들은 설국 합체 요괴를 써서, 내 물을 다루는 능력으로 양산한 물의 병대다!@조금은 벅찰걸!」
0x83800	82	「뭐라고…? 그럼… 눈아이들은 어떻게 된 거냐?」
0x83800	83	「죽지는 않았다.@이놈들에게 투지를 주기 위해 녹여서 베이스가 되어 주었지만 말이다!」
0x83800	84	「너희들… 죽인다! 죽인다 죽인다 죽인다 죽인다~!」
0x83800	85	"「""베이스가 되어 주었다""고!? 요괴의 목숨을 가지고 노는 짓을…!」"
0x83800	86	「흥, 그놈들을 실컷 다치게 해 놓고 무슨 소리냐!@나는 놈들의 소원을 이루어 준 것이다.@키타로… 이놈들은 너희를 쓰러뜨리기 위해 새로운 몸을… 힘을 얻은 것이다!」
0x83800	87	「보자이 님… 나머지는 맡겨 주십시오!」
0x83800	88	「페낭가란인가, 좋다. 이미 준비는 끝났다. 놈들의 진격도 여기까지다」
0x83800	89	「하하!」
0x83800	90	「도망칠 셈이냐!」
0x83800	91	「키타로, 내가 지켜보지 않아도 어차피 너희는 여기서 바다의 물거품이 된다」
0x83800	92	「뭐라고!?」
0x83800	93	「후후후… 잘 있거라 키타로!」
0x83800	94	「기다려!」
0x83800	95	「어이쿠 키타로! 여기서부터는 가게 두지 않겠다!」
0x83800	96	「페낭가란! 너에게도 이것저것 묻고 싶은 게 있지만… 방해한다면… 쓰러뜨리겠다!」
0x83800	97	「지껄여라! 물 병사들아… 덤벼라!」
0x83800	98	「! 무, 뭐지?」
0x83800	99	「으, 으왓!! 이것도 보자이의 힘인가!?」
0x83800	100	「눈… 눈이 도는구나! 이, 이거 못 견디겠다!」
0x83800	101	「또, 또다!」
0x83800	102	「키타로! 어서 끝내지 않으면 곤란하다!」
0x83800	103	「네, 네!」
0x83800	104	「으그그…」
0x83800	105	「페낭가란… 네 힘은 그 정도냐? 미안하지만… 너로는 나를 막을 수 없어!」
0x83800	106	「후… 아무것도 모르고서… 너희의 발을 묶는 것은 이미 완료되어 있다!」
0x83800	107	「무엇이라? 지고서 억지 부리는 것은 꼴사납다!」
0x83800	108	「흥, 억지인지 아닌지는 곧 알게 된다. 그럼, 잘 있거라, 키타로!」
0x83800	109	「뭐냐, 저놈…」
0x83800	110	「…………… 정말로… 억지 부리는 것… 이었을까…」
0x83800	111	「후우, 보자이가 말한 대로, 조금은 벅찬 놈들이었구나」
0x83800	112	「하지만, 우리를 쓰러뜨릴 정도는 아니었네요」
0x83800	113	「얕보였구나. 키타로, 배를 움직여서 앞을 서두르자」
0x83800	1024	개발중
0x85800	0	「으… 으으으…」
0x85800	1	「음… 여기는… 어디지?」
0x85800	2	「오오, 정신이 들었느냐 키타로!」
0x85800	3	「그렇구나… 까마귀 헬리콥터가 추락해서… 숲에 불시착했었지…@아야야야…」
0x85800	4	「무슨 일이냐! 아프냐?」
0x85800	5	「떠올렸더니 아파지기 시작했어요…」
0x85800	6	「뭐냐, 그런 태평한 소리를 할 수 있다면, 걱정 없겠구나」
0x85800	7	「하지만… 실제로 험한 꼴을 당했어요… 참! 까마귀들은 어떻게 됐지?」
0x85800	8	「누리카베가 돌보고 있다」
0x85800	9	「누~리~카~베~!」
0x85800	10	「까마귀들 상태는 어때?」
0x85800	11	「모두 데미지가 크다~! 한동안 못 날 것 같다~!」
0x85800	12	「그런가… 젠장! 백베어드 녀석… 잘도 해 주었군!」
0x85800	13	「한동안 까마귀 헬기는 쓸 수 없겠구나. 걸어갈 수밖에 없나…」
0x85800	14	「어쩔 수 없네요. 조금이라도 교토에 가까워져 있어야 하니까요…」
0x85800	15	「그렇구나… 나아가도록 할까!」
0x85800	16	「기다~~려~~!!」
0x85800	17	「누, 누구냐!」
0x85800	18	「후우… 어쩐지 터무니없는 곳에 추락해 버렸네」
0x85800	19	「하늘에서 떨어졌나 했더니 다짜고짜 전투니 말이다. 이런이런, 큰일이었구나!」
0x85800	20	「하지만, 이런 장소에서도 세계 요괴들의 앞잡이가 흉계를 진행하고 있었다니…」
0x85800	21	「무섭네요, 아버지. 우연히 우리가 여기 떨어져서 발견할 수 있었지…@까마귀 헬리콥터로 그냥 지나쳤다면, 또 놈들의 암약을 허용할 뻔했어요」
0x85800	22	「하지만… 우연이든 뭐든 우리가 놈들 계획의 일부를 봉쇄한 것은 사실이다.@하늘이 우리 편을 들고 있는 것이다, 지금은 그것을 순순히 기뻐하지 않겠느냐!」
0x85800	23	「네, 네…」
0x85800	24	「그래 키타로! 럭키였잖아!」
0x85800	25	「럭키…… 그렇군, 그럴지도 모르겠네」
0x85800	26	「좋아, 다시 교토를 향해 진행 재개구나」
0x85800	27	「까마귀들은~ 누리카베가 데려간다~!」
0x85800	28	"「좋아, 출발이다!」@(늑대인간의 부하는 라그레시아를 어디로 데려간 걸까…@아직 뭔가 뿌리가 깊은 것 같군…@하지만, 일단 교토로 서둘러야 해…@고양이소녀가 말하는 ""럭키""가 우리에게 순풍이 되어 주는 동안에…)"
0x85800	29	「너… 키타로지~?」
0x85800	30	「이 목소리의 주인은… 너였구나!」
0x85800	31	「그렇지, 내 이름은 라그레시아!」
0x85800	32	"「""라그레시아""… 라고요? 아버지… 들어 본 적 있으세요?」"
0x85800	33	「아니… 하지만, 차림새로 보아 남국의 요괴인 모양이구나」
0x85800	34	「꽃이잖아…… 뭔가, 약해 보여…」
0x85800	35	「후하하하하~! 용케 여기가 내 근거지라는 걸 알았군?@이렇게 빨리 계획을 알아채고 오다니… 과연 키타로, 칭찬해 주지!」
0x85800	36	「계획…?」
0x85800	37	"「시치미 떼지 마라!@너희는 여기서 내가 대량 재배할 예정인@""환각 작용이 있는 버섯의 포자"" 정보를 듣고 서둘러 온 것이겠지!@어쨌든 나는 그것을 써서 일본 요괴를 차례차례 수하로 삼을 셈이었으니 말이다~~!!」"
0x85800	38	「…………………………」
0x85800	39	「…………………………」
0x85800	40	「과, 과연… 여기서는 그런 일이 꾸며지고 있었나… 전혀 몰랐군」
0x85800	41	「무, 뭐라고!?」
0x85800	42	「묻지도 않았는데 자기 흉계를 떠들어 버렸구나…」
0x85800	43	"「약해 보이는 것은 겉모습만이 아니라 ""머리도""인 모양이구나…」"
0x85800	44	「무… 뭐라고? 너희들… 아무것도 모르고 여기 왔다는 거냐?@그럼 너희는 무엇을 하러 여기 왔다는 것이냐!?」
0x85800	45	「저기… 추락… 이려나?」
0x85800	46	「추… 추락?」
0x85800	47	「뭐… 확실히 불시착이라기보다는 추락이었지…」
0x85800	48	"「즉 ""우연""이구나」"
0x85800	49	「그, 그럴 수가…!」
0x85800	50	(…어쩐지 조금 가여워지는걸…)
0x85800	51	「이놈도 세계 요괴의 일원이겠지만… 이런 전개로는 도무지 투지가 솟지 않는구나」
0x85800	52	「뭐, 뭐, 계획을 들어 버린 이상 내버려 둘 수도 없다.@가엾지만… 조금 혼내 주어야겠지」
0x85800	53	「내키지 않지만… 그렇네요…」
0x85800	54	「제기랄… 바, 바보 취급하다니~!」
0x85800	55	「무엇이냐 이건… 꽃가루냐?」
0x85800	56	「눈속임할 셈인가…? 하지만 우리는 이런 것에 현혹되지는…」
0x85800	57	「너희들! 나와라!」
0x85800	58	「으와! 세계 요괴의 부하가 이렇게나 숨어 있었나?」
0x85800	59	「버섯 포자를 뿌리기 위한 인원을 확보해 두길 잘했군!」
0x85800	60	「키타로, 낯선 놈이 있다!」
0x85800	61	「저건… 미라남이네요… 저런 놈들까지 이 일본에!」
0x85800	62	「그놈 혼자인 줄 알고 얕보고 있었다만… 이건 조금 애를 먹겠구나」
0x85800	63	「너희가 의미심장하게 여기 찾아온 탓에 내 계획이 엉망이 됐어!@이렇게 된 이상 너희 목숨으로 벌충을 해 줘야겠다!」
0x85800	64	「바라던 바다… 와라! 라그레시아!」
0x85800	65	「아버지! 적의 모습이 사라져 갑니다!」
0x85800	66	「으음음… 그렇다면 아까 놈이 뿜은 것이 환각 버섯의 포자였구나…@그 포자 때문에 우리 눈이 혼란당하고 있는 것이다!」
0x85800	67	「후후후… 그렇고말고… 여기에 추락해 온 것은 너희에게 불행한 우연이었군.@어쨌든 내 수를 너희는 아무것도 모르니 말이다!」
0x85800	68	「아버지… 어떡하죠…」
0x85800	69	「잘난 척 지껄이고 있다만 신경 쓰지 마라. 싸우다 보면 적이 어디 있는지는 저절로 알게 된다!」
0x85800	70	「아, 알겠습니다!」
0x85800	71	(크… 과연 키타로다. 꽤나 끈질기군… 이렇게 된 이상!)@「받아라…!」
0x85800	72	「으! 이건… 뭐라 말할 수 없는 굉장한 냄새다!」
0x85800	73	"「이것이 나의 진면목… ""향기로운 라그레시아의 향기""다!」"
0x85800	74	「으음음… 저 향기라는 것은 힘을 빼앗는 것이냐? 이놈, 꽤나 얕볼 수 없구나」
0x85800	75	「크…」
0x85800	76	「라그레시아… 이제 항복해!」
0x85800	77	「헤… 농담이 아니지… 우연히 여기 떨어졌을 뿐인 요행 놈에게 질 수야 있나!@받아라!」
0x85800	78	「으와!」
0x85800	79	「헤헤헤!」
0x85800	80	「!? 라그레시아가… 늘어났어?」
0x85800	81	「환각이다! 라그레시아의 본체는 하나… 그것을 가려내는 것이다!」
0x85800	82	「환각… 그렇군! 알겠습니다, 아버지!」
0x85800	83	「그놈은 진짜가 아닌 모양이구나… 진짜 라그레시아를 쓰러뜨리는 것이다!」
0x85800	84	「그놈도 환상이다. 진짜 라그레시아를 쓰러뜨리는 것이다!」
0x85800	85	「으윽…!」
0x85800	86	「찾았다!」
0x85800	87	「쳇! 확실히 운은 좋은 모양이군… 하지만, 그것뿐이다!@이제 잔꾀는 끝이다… 승부해 주지!」
0x85800	88	「쳇, 들켜 버렸나. 이제 잔꾀는 끝이다… 승부해 주지!」
0x85800	89	「후후, 꽤나 고생한 모양이군. 뭐, 장난은 이쯤 하고 진심을 낼까!」
0x85800	90	「그와아아아아아!」
0x85800	91	「좋아! 라그레시아를 쓰러뜨렸다!」
0x85800	92	「여기는 포자가 가득 차 있어서 위험하다… 오래 있을 것 없다 키타로」
0x85800	93	"「네, 그렇네요. 하지만… 그 전에 이놈에게서@""환각 작용이 있는 버섯의 포자""인지 뭔지를 전부 빼앗아야…」"
0x85800	94	「오오… 그것도 그렇구나」
0x85800	95	「……헤… 그렇게는… 안 되지…」
0x85800	96	「뭐!?」
0x85800	97	「라그레시아 님!」
0x85800	98	「뭐냐 저놈들은…?」
0x85800	99	「모습으로 짐작건대… 늑대인간의 부하인가?」
0x85800	100	「늦지 않았느냐…」
0x85800	101	「죄송합니다… 우귀의 준비에 생각보다 시간이 걸려서…」
0x85800	102	"「뭐 좋다… 어쨌든 키타로 일행 덕분에 이 장소에서의 계획은 실패다.@하다못해… 포자만이라도 ""너희 공장""으로 옮겨 두도록 하지」"
0x85800	103	「놈들, 라그레시아와 함께 도망칠 셈이다!」
0x85800	104	「기, 기다려!」
0x85800	105	「헤! 그럼 이만… 키타로」
0x85800	106	「으와! 또, 또인가…!?」
0x85800	107	「……………………」
0x85800	108	「놓쳐… 버렸나…」
0x85800	109	「이렇게 포자를 뿌려서는 깊이 쫓을 수 없겠네요…」
0x85800	110	「어쩔 수 없다, 그놈 일은 내버려 두자. 교토로 서둘러야 하니 말이다…」
0x85800	111	(우귀… 라고 했지…? 놈들은 또 다른 장소에서 뭔가를 꾸미고 있는 건가?)
0x85800	1024	개발중
0x87800	0	「수달, 앞으로 얼마나 있으면 그 마을에 도착할 것 같아?」
0x87800	1	「곧일 거라고는 생각하는데… 잠깐 상황을 보고 올게」
0x87800	2	「어서 놈을 막아야 하는데…」
0x87800	3	「…저기, 키타로」
0x87800	4	「왜 그래, 고양이소녀?」
0x87800	5	(이제… 항복이야…)@「그… 지금부터 우리가 향하는 마을을 습격하고 있는 요괴라는 게… 대체 어떤 놈이야?」
0x87800	6	"「아마도… ""우귀(규키)""라고 생각해」"
0x87800	7	「아… 맞다 우귀! 생각났어!」
0x87800	8	「단언은 못 하지만… 키타로가 전화로 들은 특징과@바닷가 마을이 습격당하고 있다는 점에서 생각하면 우선 틀림없겠지」
0x87800	9	「우귀는… 벅찬 상대요?」
0x87800	10	「아마도. 자세한 것은 나도 모른다만…@예전에 놈이 나타났을 때는, 우귀를 봉인하는 데 신의 힘을 빌렸다고 들었다」
0x87800	11	「시, 신의 도움을 받아 겨우 이겼다고!?@그, 그런 놈을 상대로 우리끼리 괜찮은 거야?」
0x87800	12	「모르겠지만… 한 번은 봉인할 수 있었어, 뭔가 방법이 있을 거야」
0x87800	13	「무슨 일이든 도전이오!」
0x87800	14	「하기도 전에 포기하면 아무것도 못 하니까 말이다」
0x87800	15	「뭐, 그렇긴 하지만…」
0x87800	16	「어쨌든, 막기로 정한 것이다. 남은 건 전력을 다할 뿐이다」
0x87800	17	「모두, 이제 곧 도착이야!」
0x87800	18	「우귀가 나온다는 곳은 바닷가에서 조금 간 연못 옆의 마을이야. 서둘러 가자」
0x87800	19	「드디어네…」
0x87800	20	「자~~ 출진~~!」
0x87800	21	「오오, 가루라 님…」
0x87800	22	「지, 진짜냐…!」
0x87800	23	「모두들 다친 데는 없느냐?」
0x87800	24	「예. 이것도 가루라 님 덕분입니다!」
0x87800	25	「나만은 아니겠지?」
0x87800	26	「…? 앗! 저, 키타로 씨 일행도 감사합니다!」
0x87800	27	"「""덤""이라는 느낌이구나」"
0x87800	28	「아, 아닙니다! 덕분에 저희 마을도 피해를 늘리지 않고 끝났습니다」
0x87800	29	「덕분에 무사히 끝났어… 고마워, 키타로 씨 일행.@나… 사실은 무서워서 도망치려고 했었어. 부끄럽군…」
0x87800	30	「하하하하, 뭐, 무사했으니, 됐잖아」
0x87800	31	「가루라 님, 감사합니다」
0x87800	32	「키타로. 우귀를 부탁한다」
0x87800	33	「네, 네! 나머지는 맡겨 주세요. 하기야, 이제 걱정은 없을 것 같습니다만」
0x87800	34	「그그… 나… 봉인 풀려서 흥분했다… 나… 반성했다… 지금까지 먹은 인간… 돌려준다…」
0x87800	35	「어! 돌려준다니… 어떻게?」
0x87800	36	「아직, 뱃속에… 남아 있다」
0x87800	37	「오오… 정말입니까!」
0x87800	38	「좋아, 우귀, 당장 모두를 돌려보내 줘!」
0x87800	39	「후… 확실히, 걱정 없는 모양이군… 그럼, 이만」
0x87800	40	「가루라 님! 어디로…」
0x87800	41	「나는 돌아간다. 볼일은… 이제 끝난 모양이니 말이다」
0x87800	42	「불러 놓고… 죄송했습니다」
0x87800	43	「좋다. 우리를 믿는 자의 얼굴을 오랜만에 볼 수 있었던 것… 기쁘게 생각한다! …젊은이!」
0x87800	44	「어? 저, 저 말입니까?」
0x87800	45	「앞으로도, 이런 일이 있거든 우리를 믿고, 포기하지 말고 기도하라.@그 기도가, 진심에서 나온 것이라면… 다시 이곳에 오리라!」
0x87800	46	「네, 네!」
0x87800	47	「잘 있거라…」
0x87800	48	「저… 저기!」
0x87800	49	「가 버렸네…」@(세계 요괴 일을 상의하려 했는데…@뭐 됐어, 분명 처음부터 그를 의지해도 힘을 빌려주지는 않을 거야.@우선, 스스로 한계까지 싸워야 해…)
0x87800	50	「이보게, 느긋하게 있을 때가 아니다. 어서 오가사와라에 가야 한다」
0x87800	51	「그렇구나. 마을 사람들도 무사한 모양이고. 가루라 님과 마찬가지로 우리도 가도록 할까」
0x87800	52	「아, 네」
0x87800	53	「정말로… 신세 많이 졌습니다」
0x87800	54	「그 감사의 말… 이 마을 사건을 알려 준 어떤 여자아이에게 전해 두겠습니다」
0x87800	55	「키타로! 서둘러야 해!」
0x87800	56	「아, 아아, 알았어!」@(자, 다음은 드디어 오가사와라다… 대체… 어떤 요괴가 기다리고 있을까…?)
0x87800	57	「아니, 따지고 보면 내 봉인이 허술했던 탓이다.@다시 이런 일이 없도록 엄중히 봉인을 해 두겠다」
0x87800	58	「흉포한 놈이었소이다!」
0x87800	59	「음. 하지만, 이것으로 이제 끝이다. 자네들의 협력에 감사한다」
0x87800	60	「아니요, 이쪽이야말로 감사합니다」
0x87800	61	「그럼 이만」
0x87800	62	「가루라 님! 어디로…」
0x87800	63	「나는 우귀에게 봉인을 걸고, 돌아갈 생각이다」
0x87800	64	「불러 놓고… 죄송했습니다」
0x87800	65	「좋다. 우리를 믿는 자의 얼굴을 오랜만에 볼 수 있었던 것… 기쁘게 생각한다! …젊은이!」
0x87800	66	「어? 저, 저 말입니까?」
0x87800	67	「앞으로도, 이런 일이 있거든 우리를 믿고, 포기하지 말고 기도하라.@그 기도가, 진심에서 나온 것이라면… 다시 이곳에 오리라!」
0x87800	68	「네, 네!」
0x87800	69	「잘 있거라…」
0x87800	70	「저… 저기!」
0x87800	71	「가 버렸네…」@(세계 요괴 일을 상의하려 했는데…@뭐 됐어, 분명 처음부터 그를 의지해도 힘을 빌려주지는 않을 거야.@우선, 스스로 한계까지 싸워야 해…)
0x87800	72	「이보게, 느긋하게 있을 때가 아니다. 어서 오가사와라에 가야 한다」
0x87800	73	「그렇구나. 마을 사람들도 무사한 모양이고. 가루라 님과 마찬가지로 우리도 가도록 할까」
0x87800	74	「아, 네」
0x87800	75	「정말로… 신세 많이 졌습니다」
0x87800	76	「그 감사의 말… 이 마을 사건을 알려 준 어떤 여자아이에게 전해 두겠습니다」
0x87800	77	「키타로! 서둘러야 해!」
0x87800	78	「아, 아아, 알았어!」@(자, 다음은 드디어 오가사와라다… 대체… 어떤 요괴가 기다리고 있을까…?)
0x87800	79	「…쓸쓸한 곳이구나」
0x87800	80	「…조용하네. 정말로 이 근처 마을이 우귀에게 습격당하고 있는 걸까?」
0x87800	81	(설마… 우리를 현혹하기 위한 거짓 정보였나…?)
0x87800	82	「오? 사람이다」
0x87800	83	「이 마을 사람인 모양이구나…」
0x87800	84	「! 누, 누구요!?」
0x87800	85	「아! 저희는 수상한 사람이 아닙니다.@이 근처에 커다란 요괴… 괴물이 출현한다고 들어서 도우러 왔습니다만…」
0x87800	86	「하지만… 그런 기색은 아니구나. 키타로, 다른 곳을 찾아보는 편이 좋을지도 모르겠다…」
0x87800	87	「키타로…? 당신이 그 유명한 게게게의 키타로 씨입니까?」
0x87800	88	「네… 그렇습니다만…」
0x87800	89	「…오오! 우리 기도가 하늘에 통한 모양이구나!@아아, 고맙기도 하지, 고맙기도 하지.@이제 가루라 님께 기도만 닿으면 살 수 있다!!」
0x87800	90	「가루라… 님?」
0x87800	91	「꺅!」
0x87800	92	「무, 무엇이냐!?」
0x87800	93	「안 돼… 놈이 또 눈을 뜬 모양입니다!」
0x87800	94	「놈이라니… 설마…!?」
0x87800	95	「그오오오오오오~~!!」
0x87800	96	「저… 저놈입니다! 벌써 마을 사람이 여럿 저놈에게 먹혔습니다!」
0x87800	97	「트, 틀림없다, 우귀다!」
0x87800	98	「알겠습니다. 맡겨 주세요」
0x87800	99	「마을 사람들은… 이 건물에 모두 피난해 있습니다…」
0x87800	100	「어? 그런 곳에?」
0x87800	101	「여기가 당하면 이 마을은 전멸입니다. 부탁드립니다. 여기를 지켜 주세요!」
0x87800	102	「어, 어째서 도망치지 않는 겁니까! 저희가 놈의 주의를 끄는 동안에 모두 피난하는 편이…」
0x87800	103	「자기가 태어난 마을을 버릴 수는 없습니다! 이 안에서는 마을 사람들이@가루라 님께서 이 마을을 지켜 주시도록 기도를 올리고 있습니다!」
0x87800	104	「그런가, 알았다. 나머지는 우리에게 맡기고, 기도를 계속하거라」
0x87800	105	「네! 부탁드립니다!」
0x87800	106	「아버지, 괜찮을까요? 피난하게 하는 편이…」
0x87800	107	"「우귀를 봉인하는 데 협력해 준 신이 있었다는 이야기를 했지?@그 신의 이름이… ""가루라"" 님이다」"
0x87800	108	「네!? 그렇습니까?」
0x87800	109	「음, 이 마을에는, 아직 가루라 님에 대한 신앙이 남아 있는 모양이구나.@그들의 기도가, 우귀를 쓰러뜨리는 데 뭔가 도움이 되어 줄지도 모른다. 그들을 지키면서 싸우는 것이다!」
0x87800	110	「과연… 알겠습니다!」
0x87800	111	「그가가가가…!!」
0x87800	112	「네가 우귀냐! 무슨 이유가 있는지 모르겠지만 마을을 습격하는 건 그만둬!」
0x87800	113	「으가가가~~~!!」
0x87800	114	「안 되겠구나… 역시 싸울 수밖에 없나」
0x87800	115	「왓!」
0x87800	116	「또 이놈들인가!」
0x87800	117	「물 병사 말고도… 낯선 놈들도 있다만… 차림새로 보아 세계 요괴의 앞잡이구나…」
0x87800	118	「아버님, 이 건은 역시…」
0x87800	119	「음. 보자이 일당이 관계되어 있는 것은 틀림없다.@아마도 우귀를 부활시킨 것도 놈이다. 동료로라도 끌어들이려는 것이겠지」
0x87800	120	「우귀는 민가를 습격할 셈인 모양이야. 그런 짓을 하게 둘 수는 없어! 서둘러 막읍시다!」
0x87800	121	(우귀를 쓰러뜨릴 때… 주의해야 할 것이 있었을 텐데…@글쎄… 무엇이었더라? 깜빡했구나!)
0x87800	122	「무슨 일 있으세요? 아버지」
0x87800	123	「아, 아니, 아무것도 아니다」@(뭐, 그러다 보면 생각나겠지)
0x87800	124	「간다! 우귀!」
0x87800	125	「이런 데서 기도한다고 정말로 가루라 님인지 뭔지가 오는 거야?@역시 도망치는 게 낫지 않아?」
0x87800	126	「이 바보야! 너희는 그렇게 이 마을의 전설을 가벼이 여기고, 잊어버리지만…@이 마을 사람은, 자기들 힘으로는 어쩔 수 없는 일이 일어나면, 이렇게 기도를 올려 왔다.@분명 가루라 님이 도와주실 것이다!」
0x87800	127	「하지만… 신이라니…」
0x87800	128	「신은 어지간히 큰일이 일어나지 않는 한 천 년이고 이천 년이고 가만히 계신다.@그것을 움직이는 것이 우리의 기도다! 이러쿵저러쿵 말 말고, 손을 모아라!」
0x87800	129	「아, 알았어」
0x87800	130	「좋아, 어떻게든 됐네요!」
0x87800	131	(잠깐…)
0x87800	132	「이, 이런!」
0x87800	133	「무슨 일이십니까, 아버지!?」
0x87800	134	「이제야 생각났다만… 우귀에게는 어떤 무서운 능력이 있다!」
0x87800	135	「무서운… 능력?」
0x87800	136	「우귀를 쓰러뜨린 자도… 우귀가 되어 버린다!」
0x87800	137	「무, 뭐라고요!?」
0x87800	138	「무엇이냐!? 우오오오오~~~~~~!!」
0x87800	139	「무엇이냐!? 으와아~!」
0x87800	140	「꺅! 뭐야 이거!? 싫어어어어어어어어~!」
0x87800	141	「으와! 뭐, 뭐요~~!?」
0x87800	142	「누, 누리카베~~!!」
0x87800	143	「무, 뭐야 이거!? 으와아~~~~~~~!!」
0x87800	144	「뭐? 뭐야!? 으와아아~~!」
0x87800	145	「으와아아아아!」
0x87800	146	「으윽! 뭐야, 이거! 그, 그만둬~~~~~~~~!」
0x87800	147	「무, 뭐냐!? 그, 그만해 줘~~~~!!」
0x87800	148	「어? 어!? 무, 뭐냐~~~~~!!」
0x87800	149	「뭐냐!? 그, 그만둬~~~~~~!!」
0x87800	150	「뭐냐!? 그만둬! 내 몸에 들어오지 마! 으갸아~~~~~~~~!!」
0x87800	151	「으윽! 아, 안 된다… 우오오오오오오오~~~~!」
0x87800	152	「이… 이건!?」
0x87800	153	「그오오오오오오오~!」
0x87800	154	「그럴 수가… 정말로 우귀가 되어 버리다니!?」
0x87800	155	「이런 중요한 것을 잊고 있었다니…」
0x87800	156	「아버지… 이대로는 우귀를 쓰러뜨릴 수 없어요! 대체 어떻게 하면…」
0x87800	157	「으음…」@(이건… 그분의 등장을 기다리는 수밖에 없겠구나…)@「키타로… 승기는 반드시 온다. 지금은 시간을 버는 것이다!」
0x87800	158	「네, 네」
0x87800	159	「좋아, 어떻게든 됐네요!」
0x87800	160	(잠깐…)
0x87800	161	「이, 이런!」
0x87800	162	「무슨 일이십니까, 아버지!?」
0x87800	163	「이제야 생각났다만… 우귀에게는 어떤 무서운 능력이 있다!」
0x87800	164	「무서운… 능력?」
0x87800	165	「우귀를 쓰러뜨린 자도… 우귀가 되어 버린다!」
0x87800	166	「무, 뭐라고요!?」
0x87800	167	「이… 이건!? 으… 으와아~~!」
0x87800	168	「키, 키타로! 으와앗!」
0x87800	169	(아, 안 되겠다. 일단 어딘가로 피해야!)
0x87800	170	「그오오오오오오오~!」
0x87800	171	「에휴… 키타로가 우귀로! 이런 중요한 것을 잊고 있었다니…」@(…이대로는 우귀를 쓰러뜨릴 수 없다! 으음…@이건… 그분의 등장을 기다리는 수밖에 없겠구나…)@「키타로… 미안하다. 반드시 원래 모습으로 돌려줄 테니 지금은 참아 다오!」
0x87800	172	「아야야… 험한 꼴을 당했다!」
0x87800	173	「키타로. 원래대로 돌아왔느냐!」
0x87800	174	「아, 아버지! 죄송합니다. 제가 방심한 탓에…」
0x87800	175	「그런 건 됐다, 지금은 우귀 녀석을 어떻게든 할 방법을 생각하는 것이다!」
0x87800	176	「원, 원래대로 돌아왔나? 이런이런…」
0x87800	177	「이런이런… 험, 험한 꼴을 당했구나!」
0x87800	178	「으으… 어라? 나… 뭐 하고 있었지?」
0x87800	179	「으으으… 원래의 나로 돌아온 것이오?」
0x87800	180	「누리카… 베…」
0x87800	181	「무, 무슨 일이… 있었던 거지?」
0x87800	182	「아야야야… 어라? 나 뭘…?」
0x87800	183	「으윽… 험한 꼴을 당했다…」
0x87800	184	「겨, 겨우 원래대로 돌아왔다…」
0x87800	185	「원, 원래대로 돌아온 거야? 히에~~! 살았다!」
0x87800	186	「어라? 여기는…? 분명… 우귀와 싸우고 있다가… 그래서… 어떻게 됐더라?」
0x87800	187	「윽… 험, 험한 꼴을 당했군…」
0x87800	188	「으그그…… 어라? 나는… 뭘…?」
0x87800	189	「으음… 불찰을 범했구나…」
0x87800	190	「원래대로 돌아왔나…… 하지만 상당히 피로한 모양이구나. 치료해 주지 않으면…」
0x87800	191	「무엇이냐!? 우오오오오~~~~~~!!」
0x87800	192	「무엇이냐!? 으와아~!」
0x87800	193	「꺅! 뭐야 이거!? 싫어어어어어어어어~!」
0x87800	194	「으와! 뭐, 뭐요~~!?」
0x87800	195	「누, 누리카베~~!!」
0x87800	196	「무, 뭐야 이거!? 으와아~~~~~~~!!」
0x87800	197	「뭐? 뭐야!? 으와아아~~!」
0x87800	198	「으와아아아아!」
0x87800	199	「으윽! 뭐야, 이거! 그, 그만둬~~~~~~~~!」
0x87800	200	「무, 뭐냐!? 그, 그만해 줘~~~~!!」
0x87800	201	「어? 어!? 무, 뭐냐~~~~~!!」
0x87800	202	「뭐냐!? 그, 그만둬~~~~~~!!」
0x87800	203	「뭐냐!? 그만둬! 내 몸에 들어오지 마! 으갸아~~~~~~~~!!」
0x87800	204	「으윽! 아, 안 된다… 우오오오오오오오~~~~!」
0x87800	205	「안 되겠다, 또다!」
0x87800	206	「몇 번을 해도 마찬가지네요. 대체 어떻게 해야 하지…」
0x87800	207	「원, 원래대로 돌아왔나? 이런이런…」
0x87800	208	「이런이런… 험, 험한 꼴을 당했구나!」
0x87800	209	「으으… 어라? 나… 뭐 하고 있었지?」
0x87800	210	「으으으… 원래의 나로 돌아온 것이오?」
0x87800	211	「누리카… 베…」
0x87800	212	「무, 무슨 일이… 있었던 거지?」
0x87800	213	「아야야야… 어라? 나 뭘…?」
0x87800	214	「으윽… 험한 꼴을 당했다…」
0x87800	215	「겨, 겨우 원래대로 돌아왔다…」
0x87800	216	「원, 원래대로 돌아온 거야? 히에~~! 살았다!」
0x87800	217	「어라? 여기는…? 분명… 우귀와 싸우고 있다가… 그래서… 어떻게 됐더라?」
0x87800	218	「윽… 험, 험한 꼴을 당했군…」
0x87800	219	「으그그…… 어라? 나는… 뭘…?」
0x87800	220	「으음… 불찰을 범했구나…」
0x87800	221	「안 되겠다, 또다!」
0x87800	222	「이… 이건!? 으… 으와아~~!」
0x87800	223	「키, 키타로! 으와앗!」
0x87800	224	(아, 안 되겠다. 일단 어딘가로 피해야!)
0x87800	225	「에휴… 키타로가 우귀로…」@(이건… 역시 그분의 등장을 기다리는 수밖에 없겠구나…)@「키타로… 미안하다. 반드시 원래 모습으로 돌려줄 테니 지금은 참아 다오!」
0x87800	226	「에휴… 키타로가 패했나!」
0x87800	227	「여기까지구나…」
0x87800	228	(으음… 키타로를 구할 수 있는 동료는 모두 당해 버린 것이냐!?)@「여, 여기까진가…」
0x87800	229	「가… 가루라 님~~! 도, 도와주소서~~!」
0x87800	230	「쳇! 그러게 내가 뭐랬어!」
0x87800	231	「이제 틀렸다… 어쩔 수 없다, 모두 도망치는 것이다! 가루라 님… 믿고 있겠습니다!」
0x87800	232	「…으가아아!」
0x87800	233	「아, 안 되겠다! 이대로 놈이 마음껏 날뛰게 두면 피해가 커진다!@어떻게든 놈을 멈춰야…!」
0x87800	234	「그오오오오오~!」
0x87800	235	「우귀 녀석, 우리 공격이 먹힌 모양이구나. 이제 민가는 노리지 않겠지!」
0x87800	236	「! 저건…」
0x87800	237	「흠. 역시 우귀인가… 어디의 누가 봉인을 풀었는지 모르겠으나, 다시 봉해 주겠다」
0x87800	238	「아, 저분이 가루라 님!」
0x87800	239	「그럼… 이분이…」
0x87800	240	「음, 저분이 천지창조를 도운 신… 가루라 님이다!」
0x87800	241	「나는 신이 아니다. 천수관음을 지킨 이십팔부중의 하나다.@팔만 년 전에 저놈을 봉인했다만 어째서, 이제 와서 봉인이 풀렸는지…」
0x87800	242	「파, 팔만 년?!」
0x87800	243	「죄송합니다. 흉계를 꾸미는 어리석은 요괴의 짓입니다…」
0x87800	244	「어쨌든, 우귀는 위험한 요괴. 나도 돕겠다」
0x87800	245	「고맙습니다! 신이 아군이 되면 백인력입니다!」
0x87800	246	(그러니까 아니라고 하지 않았느냐…)@「뭐, 좋다. 너희 요괴 동료가 이 실태를 불렀다면, 너희가 책임을 져라」
0x87800	247	「어, 어떻게 하면 되겠습니까?」
0x87800	248	「간단하다, 우귀 녀석을 쓰러뜨려라. 그러면 놈은 자신을 쓰러뜨린 상대에게 씌려 할 것이다.@나는 그때 놈을 붙잡아 봉한다 …알겠느냐?」
0x87800	249	「하하… 그렇게 하겠습니다」
0x87800	250	「음… 또 보자」
0x87800	251	「좋아, 이걸로 안심이다. 일단 우귀를 쓰러뜨리는 것이다!」
0x87800	252	「네!」
0x87800	253	「! 저건…」
0x87800	254	「흠. 역시 우귀인가… 어디의 누가 봉인을 풀었는지 모르겠으나, 다시 봉해 주겠다」
0x87800	255	「가… 가루라 님!?@당신이… 천지창조를 도운 신… 그 가루라 님이십니까!?」
0x87800	256	「나는 신이 아니다. 천수관음을 지킨 이십팔부중의 하나다.@팔만 년 전에 저놈을 봉인했다만 어째서, 이제 와서 봉인이 풀렸는지…」
0x87800	257	「죄송합니다. 흉계를 꾸미는 어리석은 요괴의 짓입니다…」
0x87800	258	「어쨌든, 우귀는 위험한 요괴. 나도 돕겠다」
0x87800	259	「고맙습니다! 신이 아군이 되면 백인력입니다!」
0x87800	260	(그러니까 아니라고 하지 않았느냐…)@「뭐, 좋다. 너희 요괴 동료가 이 실태를 불렀다면, 너희가 책임을 져라」
0x87800	261	「어, 어떻게 하면 되겠습니까?」
0x87800	262	「간단하다, 우귀 녀석을 쓰러뜨려라. 그러면 놈은 자신을 쓰러뜨린 상대에게 씌려 할 것이다.@나는 그때 놈을 붙잡아 봉한다 …알겠느냐?」
0x87800	263	「하하… 그렇게 하겠습니다」
0x87800	264	「음… 또 보자」
0x87800	265	「좋아, 이걸로 안심이다. 일단 우귀를 쓰러뜨리는 것이다!」
0x87800	266	「그기기기기…」
0x87800	267	「아직 동료가 숨어 있었던 것이냐!? 보자이 이놈, 애를 먹이는구나!」
0x87800	268	(우귀 녀석, 체력을 회복했구나? 과연 굉장한 생명력이다.@하지만, 방금 그걸로 놈도 한계겠지. 다음에야말로 놈을 쓰러뜨릴 수 있을 것이다)
0x87800	269	「아직 동료가 숨어 있었던 것이냐!? 보자이 이놈, 애를 먹이는구나!」
0x87800	270	「으가? 으가아아아아아!!」
0x87800	271	「크… 이쪽 말을 전혀 들어 줄 것 같지 않구나…」
0x87800	272	「아야야… 험한 꼴을 당했다!」
0x87800	273	「키타로, 괜찮으냐?」
0x87800	274	「……네, 네. 어떻게든. 앗! 우귀는!?」
0x87800	275	「괜찮다, 가루라 님이 어떻게든 해 주신다」
0x87800	276	「거기 있는 자, 비켜라!」
0x87800	277	「옜다!」
0x87800	278	「좋다, 이걸로 됐다」
0x87800	279	「가루라 님… 그것이?」
0x87800	280	"「음. 우귀의 정체는 이 도깨비불 같은 기체다.@이것은 세포를 변화시키는 ""살아 있는 기체"" 같은 것. 이것에 기생당하면 모습까지 우귀가 된다.@이놈은 이렇게 차례차례 숙주를 바꾸며, 오랜 세월 살아온 것이다」"
0x87800	281	「가루라 님… 그놈을 어떻게 하실 생각이십니까?」
0x87800	282	「구멍을 파서, 지하 깊이 다시 봉인한다. 그것 말고는 우귀를 봉할 방법은 없다」
0x87800	283	「……………가루라 님, 그놈을… 원래 몸으로 되돌려 주실 수 없겠습니까?」
0x87800	284	「무엇이라?」
0x87800	285	「이놈! 무슨 소리를 하는 것이냐! 모처럼 가루라 님이 붙잡아 주셨는데? 그것을…」
0x87800	286	「뭔가… 생각이 있는 모양이군」
0x87800	287	「우귀가 되어 있는 동안에 그를 설득해 봤습니다.@난폭한 자이지만, 결코 말이 통하지 않는 놈은 아닌 것 같았습니다.@그의 뒷일은 제가 맡겠습니다. …용서해 주실 수 없겠습니까?」
0x87800	288	「……좋다」
0x87800	289	「감사합니다!」
0x87800	290	「내 힘으로 이놈의 몸을 줄이고, 힘을 약하게 하겠다만 괜찮겠지?@쓰러뜨린 상대에게 옮겨 붙는 능력을 봉하기 위해서다」
0x87800	291	「네!」
0x87800	292	「이러한 조치는 어차피 임시방편.@너를 믿었기에 위험한 줄 알면서도 눈감아 주는 것이다. 그 의미… 잊지 마라…」
0x87800	293	「물론입니다! 감사합니다, 가루라 님!」
0x87800	294	 |<우귀가 동료가 되었다!>
0x87800	295	「원, 원래대로 돌아왔나? 이런이런…」
0x87800	296	「이런이런… 험, 험한 꼴을 당했구나!」
0x87800	297	「으으… 어라? 나… 뭐 하고 있었지?」
0x87800	298	「으으으… 원래의 나로 돌아온 것이오?」
0x87800	299	「누리카… 베…」
0x87800	300	「무, 무슨 일이… 있었던 거지?」
0x87800	301	「아야야야… 어라? 나 뭘…?」
0x87800	302	「으윽… 험한 꼴을 당했다…」
0x87800	303	「겨, 겨우 원래대로 돌아왔다…」
0x87800	304	「원, 원래대로 돌아온 거야? 히에~~! 살았다!」
0x87800	305	「어라? 여기는…? 분명… 우귀와 싸우고 있다가… 그래서… 어떻게 됐더라?」
0x87800	306	「윽… 험, 험한 꼴을 당했군…」
0x87800	307	「으그그…… 어라? 나는… 뭘…?」
0x87800	308	「으음… 불찰을 범했구나…」
0x87800	309	「어떻게든 무사한 모양이구나…」
0x87800	310	「거기 있는 자, 비켜라!」
0x87800	311	「옜다!」
0x87800	312	「좋다, 이걸로 됐다」
0x87800	313	「가루라 님… 그것이?」
0x87800	314	"「음. 우귀의 정체는 이 도깨비불 같은 기체다.@이것은 세포를 변화시키는 ""살아 있는 기체"" 같은 것. 이것에 기생당하면 모습까지 우귀가 된다.@이놈은 이렇게 차례차례 숙주를 바꾸며, 오랜 세월 살아온 것이다」"
0x87800	315	「가루라 님… 그놈을 어떻게 하실 생각이십니까?」
0x87800	316	「구멍을 파서, 지하 깊이 다시 봉인한다. 그것 말고는 우귀를 봉할 방법은 없다」
0x87800	317	「이런이런… 이걸로 한시름 놓았구나」
0x87800	318	「서둘러 구멍을 팝시다」
0x87800	319	「음, 부탁한다」
0x87800	1024	개발중
0x8c000	0	「오오… 빠르다 빨라!」
0x8c000	1	「게다가, 편하잖아!」
0x8c000	2	「한동안 제 발로 걸은 덕분에, 더더욱 이 녀석의 고마움을 알겠구나!」
0x8c000	3	「어라…? 이 근처 숲은…」
0x8c000	4	「어쩐지… 낯익은 지형이구나?」
0x8c000	5	"「이 근처는 절임 요괴 ""호우코우""와 싸운 곳이오이다」"
0x8c000	6	「오오, 듣고 보니 확실히!」
0x8c000	7	"「""호우코우""인가… 그 녀석, 한국에서 헤어졌는데 잘 지내고 있으려나…?」"
0x8c000	8	「~~~~~~~~!!」
0x8c000	9	「응?」
0x8c000	10	「무슨 일이냐, 키타로?」
0x8c000	11	「기분 탓인가…? 방금, 어쩐지 비명 같은 소리가 들린 것 같아서…」
0x8c000	12	「무엇이라!?」
0x8c000	13	「어디 보자…?」
0x8c000	14	「…………………」
0x8c000	15	「………………………」
0x8c000	16	「……………………………… 아무것도… 안 들리는데?」
0x8c000	17	「이상하네… 헛들었나?」
0x8c000	18	「부히~~~~~~~~!!」
0x8c000	19	「!? 아버지!」
0x8c000	20	「아아, 들렸구나…」
0x8c000	21	「마침 우리가 나아가는 방향에서인 모양이구나」
0x8c000	22	「어쩌시겠소?」
0x8c000	23	「지금은 서둘러야 할 때다. 하지만, 방금 그 비명도 신경 쓰이는구나」
0x8c000	24	「그렇네요… 역시… 내버려 둘 수 없어요. 내려가서 상황을 봅시다」
0x8c000	25	「음. 그럼 그렇게 할까」
0x8c000	26	「까마귀들아, 우리를 내려 주겠느냐」
0x8c000	27	「까~~~~~~!!」
0x8c000	28	「고양이소녀… 마녀들에게 당한 그들의 상처 상태는 어때?」
0x8c000	29	「위험했어… 보통이면 죽었을 거야!@하지만, 처치가 빨라서 이제는 괜찮아.@뭔가… 키타로한테 할 이야기가 있는 모양이야」
0x8c000	30	「나한테? 알았어」
0x8c000	31	「살았다」
0x8c000	32	「너희는 어째서 여기에?」
0x8c000	33	「아아… 그 후에, 늑대인간 녀석이 와서 말이야.@한동안 그 동굴에서 일을 돕게 되었는데…@갑자기 작업이 중단되고 여기로 끌려왔어. 그 뒤는… 보다시피지」
0x8c000	34	「그런가… 힘들었겠군」
0x8c000	35	「아아, 하지만 살았다」
0x8c000	36	「그러고 보니… 너희는 고르곤이라는 요괴에게, 동료를 인질로 잡혔었지?」
0x8c000	37	「그, 그랬지! 안 되겠다… 우리가 이 모양이면…@붙잡힌 동료들도 어떻게 됐을지 알 수 없다!@미안하군 키타로. 이런 데서 이야기하고 있을 때가 아니야. 당장 구하러 가야…」
0x8c000	38	「괜찮아. 너희가 말하는 고르곤… 그러니까 고곤이라면 우리가 아까 쓰러뜨렸어.@너희 동료도 지금쯤 탈출했을 거야」
0x8c000	39	「그, 그런가, 이래저래 미안하군 키타로!」
0x8c000	40	「우연이야… 하지만, 도움이 됐다면 기뻐」
0x8c000	41	「키타로… 너에게는 못 당하겠군… 좋아, 정했다! 나는 너희 동료가 되겠어!」
0x8c000	42	「…함께 싸워 주는 거야?」
0x8c000	43	「아아… 도움만 받아서는 체면이 안 서니까!」
0x8c000	44	「그런가, 고마워 카타키라우와」
0x8c000	45	 |<카타키라우와가 동료가 되었다!>
0x8c000	46	「그럼, 나는 동료들과 합류할 테니 이만 실례하지」
0x8c000	47	「아아… 조심해」
0x8c000	48	「너희도! 잘 있어!」
0x8c000	49	「키타로… 미안하군」
0x8c000	50	「카타키라우와… 였지? 어째서 저놈들에게 습격당하고 있었던 거야?@너희는 늑대인간 일당과 손잡고 있었던 거 아니었나?」
0x8c000	51	「………………미안하다, 키타로. 도움을 받고서 이런 말 하기는 뭣하지만…@아직 너희에게 자세한 것을 말할 마음이 들지 않아…」
0x8c000	52	「뭐, 뭐라고요!」
0x8c000	53	「자, 자자 고양이소녀…」
0x8c000	54	「키타로는 말이야! 서둘러 교토에 가야 하는데, 너희 비명을 듣고…@함정을 각오하고 도우러 온 거라고! 그런데… 그런데도!」
0x8c000	55	「괜찮아, 고양이소녀」
0x8c000	56	「하지만!」
0x8c000	57	「딱히… 감사 인사를 받고 싶어서 여기 온 게 아니야. 그들에게는 그들의 사정이 있어」
0x8c000	58	「그야… 그럴지도 모르지만…」
0x8c000	59	「…미안하군. 우리는 이만 실례하겠다」
0x8c000	60	「아아, 조심해」
0x8c000	61	「아아… 키타로… 너도」
0x8c000	62	「너… 키타로 맞지? 소문은 익히 듣고 있다」
0x8c000	63	「너희는… 대체? 분명, 카타키라우와라고 불리던데…」
0x8c000	64	「카타키라우와라면 나와 같은 가고시마 요괴올시다!」
0x8c000	65	「뭐야… 일본 요괴잖아?」
0x8c000	66	「아아, 그 말대로다. 그놈들에게 붙잡혀 시키는 대로 하고 있었지.@너희 덕분에 살았다」
0x8c000	67	「비명이 들려서 도우러 왔어. 어떻게든 도울 수 있어서 다행이야」
0x8c000	68	「미안하지만… 동료와 합류해야 해서, 사례는 언젠가 다시 하지. 오늘은 실례하겠다」
0x8c000	69	「아아, 조심해!」
0x8c000	70	「아아, 너희도」
0x8c000	71	「자, 여기서의 볼일은 끝난 모양이구나」
0x8c000	72	「키타로, 출발하자」
0x8c000	73	「…키타로. 다음은 드디어 교토다」
0x8c000	74	"「네, 아버지」@(드디어 여기까지 왔구나… 교토에는 ""악마""가 기다리고 있다고 했지…@""악마""인가… 어떤 놈일까?)"
0x8c000	75	「히히히… 이놈이 카타키라우와라는 놈이냐?@꽤 동글동글하고 귀엽잖아.@이렇게 귀여운데… 죽여 버리다니 아깝구나…」
0x8c000	76	「부히~~~~! 무, 무슨 짓을 할 셈이냐!」
0x8c000	77	「여기서 너희 생피를 전~부 뽑아 주는 거야!」
0x8c000	78	「무, 뭐라고? 그, 그만둬~~!!」
0x8c000	79	「너희가 생각보다 쓸모없는 놈들이라서 그런 거다.@그 너희 피를… 적어도 부엘 님이 악마를 불러낼 때 보탬이 되게 해 주려는 거야.@명예로운 일 아니냐, 응?」
0x8c000	80	「다른 놈들은 어떻게 했나?」
0x8c000	81	「약으로 재워 놨지.@사실은 너희도 재우고 나서 피를 뽑으면 저항도 없이 편하지만…@그러면 재미가 없으니까 말이야…」
0x8c000	82	「무, 뭐라고!? 이, 이 인간도 아닌! 악마~~~!!」
0x8c000	83	"「히히히! 악마가 아니야! 나는 ""마녀""! 착각하지 마라!@…자, 공포심이 높아진 참에 슬슬 갈까… 채혈 타~~임!」"
0x8c000	84	「부히~~~~!!」
0x8c000	85	「기다려!」
0x8c000	86	「무, 뭐냐?」
0x8c000	87	「그 요괴를 놓아줘!」
0x8c000	88	「너, 너는!?」
0x8c000	89	「키, 키타로!? 어떻게 여기에!?」
0x8c000	90	「후훙! 키타로는 말이야… 곤란한 사람이 있는 곳이라면, 어디든 날아온다고!」
0x8c000	91	「뭐라고!? …그런 건가?」
0x8c000	92	「어? 아, 아아… 뭐 그렇지」@(사실은… 그냥 우연인데…)
0x8c000	93	「어쨌든 기회다… 도망쳐!」
0x8c000	94	「아, 기다려! 너희를 놓치면 론론 님께 혼난다고!@모두, 저놈들을 놓치지 마라! 필요한 건 피뿐이니… 죽어도 상관없다!」
0x8c000	95	「히익! 다, 당신들… 미안하지만 우리를 도와줘!」
0x8c000	96	「알았다, 자 어서 이쪽으로 와!」
0x8c000	97	「고맙다…」
0x8c000	98	「그들의 피를 뽑으려 했다는 건…@아직 교토에서 악마 소환은 이루어지지 않았다는 거군? 다행이다… 아직 늦지 않았어」
0x8c000	99	「흥, 안심하기엔 이르다! 너희들… 나와라!」
0x8c000	100	「우리 발을 묶겠다는 거냐?」
0x8c000	101	「…그 치고는 초라한 면면이구나」
0x8c000	102	「닥쳐! 나는 여기를 론론 님께 맡았다!@목숨과 바꿔서라도 너희를 지나가게 두지 않겠어!」
0x8c000	103	「말은 잘하네!」
0x8c000	104	「키타로, 얼른 쓰러뜨려 버리자. 여기서 시간을 들일 수는 없으니 말이다!」
0x8c000	105	「좋아, 간다, 너희들!」
0x8c000	106	「아버지, 역시 여기는 호우코우와 싸운 장소네요」
0x8c000	107	「음. 그렇구나. 하필 이런 절임 냄새 나는 곳에서 일을 벌이지 않아도 될 것을…」
0x8c000	108	「어라어라… 키타로 아니냐!」
0x8c000	109	「저, 저건!?」
0x8c000	110	「로, 론론! 너였구나!」
0x8c000	111	「아직 이런 곳에 있었느냐? 벌써 교토로 가 버린 줄 알았는데!」
0x8c000	112	「크… 너는 여기에, 뭘 하러 온 거냐!?」
0x8c000	113	「아니 뭘, 카타키라우와 놈들을 넘겨받았거든~.@받은 놈들 중 절반은 생피를 뽑지 않고 남겨 두고,@이런저런 마법을 걸어서 괴롭혀 죽여 줄까 했는데…」
0x8c000	114	「무…!? 그런 걸 진심으로 생각하는 거냐?」
0x8c000	115	「안 되나? 나는, 이 일본에 놀러 온 거니까 말이야!」
0x8c000	116	「무, 무슨 놈이냐!?」
0x8c000	117	「어려운 건 드라큘라에게 맡겨 두면 되는 거지.@나는, 재미있고 우습게 살 수 있으면 그걸로 만족이야」
0x8c000	118	「너는 자기 즐거움을 위해 다른 요괴를 다치게 하거나 죽인다는 거냐!?」
0x8c000	119	「그렇지…… 재미있어 보이니까 너희와도 싸우겠지만 가능하면 짧게 부탁하고 싶군…@작은 마을을 근처에서 찾았거든. 카타키라우와들이 없다면…@어서 끝내고… 저 마을을 마법으로 화려하게 태워 버리며 놀고 싶으니까 말이야!」
0x8c000	120	「…게 두지 않아」
0x8c000	121	「어…? 뭐라고?」
0x8c000	122	「그런 짓… 하게 두지 않아. 절대로 하게 두지 않겠다!」
0x8c000	123	「음. 너 같은 놈에게 일본을 짓밟게 하다니 언어도단이다! 각오해라!」
0x8c000	124	「어라어라… 용감하기도 하지. 그럼… 슬슬 해 볼까!」
0x8c000	125	「론론, 각오하시오!」
0x8c000	126	「건방진 소리 마라, 이 훈도시 주제에!」
0x8c000	127	「후, 훈도시? 부아가~!@해서는 안 될 말을 했소이다! 이제 용서 못 하오!」
0x8c000	128	「그럴 수가… 내 새 지팡이가!?」
0x8c000	129	"「어떻소! 내 ""무명천 베기""의 절삭력은!」"
0x8c000	130	「해냈다! 이탄모멘!」
0x8c000	131	「이걸로 놈도 이제 나쁜 짓 못 하겠지!」
0x8c000	132	「제기랄… 제기랄 제기랄 제기랄 제기랄 제기랄 제기랄~! 이제 용서 안 해!」
0x8c000	133	「졌다, 항복이야!」
0x8c000	134	「항복이라고…? 뭐야, 의외로 칠칠치 못한 놈이군…」
0x8c000	135	"「그야 그렇지, 뭐니 뭐니 해도 나는 ""가녀린 레이디""니까 말이야!」"
0x8c000	136	(이런이런… 태클을 걸 마음도 안 생기는구나!)
0x8c000	137	「그럼, 나는 이만…」
0x8c000	138	「기다려, 론론!」
0x8c000	139	"「키타로… 떠나는 여자는 쫓지 않는 게 좋아. ""남자의 격""이 떨어지니까 말이야!」"
0x8c000	140	「무…」
0x8c000	141	「그럼 이만… 바이바이, 키타로~~!」
0x8c000	142	「가 버렸나…」
0x8c000	143	「방금 그놈으로 전부인 모양이구나」
0x8c000	144	「후우… 지쳤습니다」
0x8c000	145	「여기까지 오면 안심이다… 고마워!」
0x8c000	146	「살았다… 미안하지만 한발 먼저 실례하겠어!」
0x8c000	147	「어떻게든 도망칠 수 있을 것 같다… 미안하다, 은혜는 잊지 않겠어!」
0x8c000	148	「으갸아아아~!」
0x8c000	149	「아! 이런!」
0x8c000	150	「그오… 아직… 아직이다!」
0x8c000	151	「응? 어디로 사라진 거지!?」
0x8c000	152	「키타로. 그는 마지막 힘을 쥐어짜서 몸을 숨긴 모양이다.@하지만, 심한 상처를 입었을 터, 서둘러 싸움을 끝내고 치료해 주지 않으면…!」
0x8c000	153	「그, 그렇네요… 알겠습니다!」
0x8c000	154	「제, 제기랄~! 이렇게 된 이상」
0x8c000	155	「땅속에 숨은 것이냐?」
0x8c000	156	「그도 부상이 심할 거야. 나중에 봐 줘야 해…」
0x8c000	157	「제, 제기랄~~!」
0x8c000	158	「앗!?」
0x8c000	159	「자력으로 어딘가에 숨은 모양이구나. 이런이런, 결국 아무도 제대로 구하지 못했구나…」
0x8c000	1024	개발중
0x8e800	0	「뭐라고! 키타로 녀석이 살아 있다는 거냐!?」
0x8e800	1	「아, 아아.@론론의 부하들 보고에 따르면… 놈들의 배가 곧장 이쪽으로 향하고 있다더군」
0x8e800	2	「으으으… 운이 지독하게 좋은 놈들이군. 놈들이 방심한 틈에 폭파하면 될 줄 알았는데…@그건 그렇고 이상하군… 그 가짜 요괴수의 폭발력은 놈들을 죽이기에 충분했을 텐데…」
0x8e800	3	「………………」
0x8e800	4	「너… 설마 그 안에 뭔가 쓸데없는 걸 넣은 건 아니겠지?」
0x8e800	5	「쓸, 쓸데없는 것 따위 안 넣었어! 다만…」
0x8e800	6	「다만…? 너! 역시 뭔가 이상한 짓을 했구나!」
0x8e800	7	「아, 아니 나는… 그…」
0x8e800	8	「으… 으으~음!」
0x8e800	9	「깼느냐?」
0x8e800	10	「으윽! 키, 키타로~!?」
0x8e800	11	「어라? 나… 어째서 너희랑 같이 있는 거야…? 여기는……? 아야야야…!」
0x8e800	12	「기억 안 나느냐? 너, 그 가짜 요괴수 안에 넣어져서… 폭파당했느니라」
0x8e800	13	(어라… 나, 어떻게 됐더라? 분명… 페낭가란이라는 놈에게 끌려가서…)
0x8e800	14	「좀 듣고 있는 거야!? 우리가 옮겨서 치료해 준 거라고!@조금은 감사해!」
0x8e800	15	「오오! 생각났다!」
0x8e800	16	「뭐라고!? 그 가짜 요괴수 안에 쥐인간을!?」
0x8e800	17	「아, 아아, 듣자 하니 그놈 뱃속에는 굉장한 살상력을 지닌 인화성 가스가 있다길래…@그 안에 넣어 두면, 조금은 폭발력에 보탬이 될까 싶었어!」
0x8e800	18	「무슨 짓을 한 거야…@모처럼 그 안에 모아 둔 순도 높은 영기 에너지가 엉망이 됐잖아!@키타로 일행을 꾀어내서 몰살시키려 했는데… 전부 허사야!」
0x8e800	19	「으… 그, 그런가. 미안!」
0x8e800	20	「실수한 모양이군…」
0x8e800	21	「라, 라 세느 님!」
0x8e800	22	「이럴 줄 알았지. 역시 내가 나서야 하는 모양이군」
0x8e800	23	「거기 있는 건 라 세느냐…?」
0x8e800	24	「이거 이거 요괴수 아주머니… 어떠십니까? 요괴 혈액 맛은…?」
0x8e800	25	「나쁘지 않다… 내 몸에 생기가… 청춘이 돌아오는 것이 느껴진다…」
0x8e800	26	「그거 다행이군요…」
0x8e800	27	「다만, 내 분신들을 대량으로 낳을 수 있게 되려면, 아직 조금 걸린다…@그때까지 불편을 끼치겠지만 참아 다오」
0x8e800	28	「상관없습니다.@이미 낳아 주신 작은 요괴수들이 충분하고도 남을 만큼 도움이 되고 있습니다. 그것들이 온 일본을 뒤덮을 날이 기대되는군요」
0x8e800	29	「그런데… 키타로 일행이 가까이까지 와 있느냐?」
0x8e800	30	「네. 하지만 걱정하실 것 없습니다. 이 라 세느가 곧 쫓아내 보이겠습니다」
0x8e800	31	「…………」
0x8e800	32	「하기야, 놈들이 우리를 찾아낸다면… 말이지만요.@요기의 기척은… 조금 전 제 부하가 전파의 힘으로 완전히 차단해 버렸으니까요…」
0x8e800	33	「라 세느여…」
0x8e800	34	「예?」
0x8e800	35	「이 늙은이의 부탁을 들어주지 않겠느냐?」
0x8e800	36	「요괴수 아주머니의… 부탁?」
0x8e800	37	"「그래서, 그놈들 나한테 한 푼도 안 주고 실컷 감자 껍질만 벗기게 하고…@결국, 정신 차려 보니 이상한 모형 속에 처넣어져서 말이야, ""쾅""이라고!@하마터면 죽을 뻔했다, 정말 못 해 먹겠어!」"
0x8e800	38	「용케 살아 있었구나…」
0x8e800	39	「뭐… 어쨌든, 모두 무사하니 다행이잖아」
0x8e800	40	「그래서, 너희 지금부터 어디로 가는 거야? 게게게의 숲으로 돌아가?」
0x8e800	41	「아니, 지금부터 이 오가사와라 어딘가에 있는 요괴수를 찾아내서 놈들의 계획을 저지할 거야!」
0x8e800	42	(…뭐라고? 이대로 이놈들을 따라가면…@나까지 그 세계 요괴 놈들과 싸워야 하잖~아!@…그렇다고, 이제 와서 그놈들에게 돌아갈 수도 없고…)
0x8e800	43	「…………」
0x8e800	44	「키, 키타로…」
0x8e800	45	「무슨 일이야? 전화, 울리고 있는데?」
0x8e800	46	「모르겠느냐? 쥐인간…」
0x8e800	47	「엥?」
0x8e800	48	「여기는 바다 한가운데다, 아무리 요괴 휴대폰이라도, 전파가 평범하게 닿을 곳이 아니야」
0x8e800	49	「그렇다는 건…」
0x8e800	50	(그렇다고… 안 받을 수도 없나…)
0x8e800	51	「…여보세요? …너는!?」
0x8e800	52	「누, 누구한테서 온 전화요?」
0x8e800	53	「…좋다. 알았어. 네가 말하는 대로 해 주지」
0x8e800	54	「키타로, 누구한테서 온 전화였느냐?」
0x8e800	55	「수달, 지금 말하는 지점으로 이 배를 돌려 줘」
0x8e800	56	「어? 그, 그건 좋은데… 어떻게 된 거야?」
0x8e800	57	「키타로 일행을… 요괴수가 있는 곳으로 안내해 준다는군…」
0x8e800	58	「에!?」
0x8e800	59	(이런이런… 이번 싸움은 별의별 일이 다 일어나는군…)
0x8e800	60	「갸~오!」
0x8e800	61	「갸오갸오~!」
0x8e800	62	「이건… 대체!」
0x8e800	63	「요괴수는 쓰러뜨렸잖아요? 어째서 이놈들은 아직 살아 있는 거죠!?」
0x8e800	64	"「…""뿌리""다」"
0x8e800	65	"「""뿌리""!?」"
0x8e800	66	「아아, 요괴수의 본체는 쓰러뜨렸다. 하지만, 이 오가사와라의 지하에는 놈의 뿌리가 뻗어 있는 것이다…@그것을 처리하지 않는 한 요괴수들은 계속 증식할 것이다!」
0x8e800	67	「그럴 수가… 뿌리를 전부 처리하다니 불가능하다!」
0x8e800	68	「캬호~!!」
0x8e800	69	「요괴수의 생명력이 이렇게나 강하다니…」
0x8e800	70	「어, 어떻게 하면 좋겠소이까!?」
0x8e800	71	「당황하지 마라… 수는, 써 두었다」
0x8e800	72	「이봐, 저놈들 상태가… 이상한데?」
0x8e800	73	「어?」
0x8e800	74	「갸갸갸!?」
0x8e800	75	「갸~~~~오!!??」
0x8e800	76	「이, 이건…?」
0x8e800	77	「보아라! 키타로! 땅속에 뭔가 있다!」
0x8e800	78	「저건…」
0x8e800	79	「뿌리자르기벌레다…」
0x8e800	80	「뿌리자르기벌레! 알고 있다! 정말로 있었구나」
0x8e800	81	「음, 지치지마에 내렸을 때 이놈들의 기척을 느꼈지.@요괴수를 상대하려면 부디 협력해 달라고 아까 부탁하고 왔느니라.@땅속을 통해 오느라 시간이 걸린 모양이다만… 어떻게든 시간에 맞은 모양이구나!」
0x8e800	82	「그랬군요. 고마워, 뿌리자르기벌레!」
0x8e800	83	「잘 된 모양이구나」
0x8e800	84	「!? 누구냐!」
0x8e800	85	「나다, 키타로」
0x8e800	86	「아… 아부라스마시! 교토 쪽은 무사히 해결했나?」
0x8e800	87	「아아, 꽤나 고생했다만,@키타로 일행이 이쪽 방면에서 날뛰어 준 덕분에, 어떻게든 됐다」
0x8e800	88	「이쪽이야말로. 덕분에 살았어」
0x8e800	89	「일단, 드라큘라 일당, 세계 요괴의 계획은 저지한 모양이구나」
0x8e800	90	「좀 긴 싸움이었네」
0x8e800	91	「일단 게게게의 숲으로 돌아가자~~~~!」
0x8e800	92	「그렇구나」
0x8e800	93	「뒷일은 뿌리자르기벌레에게 맡기고, 오랜만에 우리 집으로 돌아갈까!」
0x8e800	94	「네!」
0x8e800	95	「헤헤헤, 나도!」
0x8e800	96	「키타로 놈들은 떠났나… 뿌리자르기벌레라니… 이놈. 건방지군」
0x8e800	97	「라, 라 세느…」
0x8e800	98	「아주머니! 아직 숨이 붙어 계셨습니까?」
0x8e800	99	「아아, 놈들의 도착이 늦은 것이 주효한 모양이다.@요괴 혈액이 듬뿍 이 땅에 스며들어 있던 덕분에, 숨을 되돌릴 수 있었다…@하지만… 서서히 뿌리자르기벌레가 내 몸을 갉아 간다… 어쨌든 여기까지인 모양이다…」
0x8e800	100	「아주머니! 괜찮습니다. 제가 옮겨 드리겠습니다!」
0x8e800	101	「할 수 있느냐?」
0x8e800	102	"「네, 제 특기, ""초음파 순간이동""을 쓰면!」"
0x8e800	103	「미안하구나…」
0x8e800	104	「네, 한동안은 북쪽 나라에라도 몸을 숨기시는 것이 어떻겠습니까?@요괴 혈액은 다 써 버렸으니… 인간의 피로 괜찮으시다면 옮기게 하겠습니다」
0x8e800	105	「그런가… 신세를 지는구나… 그렇게 하도록 할까」
0x8e800	106	「결정이군요… 그럼… 갑니다. 아주머니!」@(키타로… 기억해 둬라! 아직… 싸움은 이제부터다!)
0x8e800	107	「………」
0x8e800	108	「키타로… 전화로 지정된 장소가 여기?」
0x8e800	109	「아아, 전화한 자는 이름을 대지 않았지만… 대충 짐작은 가」
0x8e800	110	「키타로! 저것을!」
0x8e800	111	「네가… 키타로냐?」
0x8e800	112	「아아, 그렇다!」
0x8e800	113	「요, 요괴수!?」
0x8e800	114	「말을 하는구나. 이번에는, 진짜인 모양이구나」
0x8e800	115	「히히히! 소문과 다르지 않게… 제법 미남이잖으냐!」
0x8e800	116	「…이제 되셨습니까, 아주머니」
0x8e800	117	「아아, 만족했다 번거롭게 해서 미안했구나, 라 세느」
0x8e800	118	「라 세느!」
0x8e800	119	「키타로, 내 초대에 순순히 응해 주어 고맙군…」
0x8e800	120	「역시 너였구나. 박쥐들의 초음파로 전파를 조종하고 있었군」
0x8e800	121	「후후… 나 혼자로는 이렇게는 안 되지… 그분의 도움이 있기에 가능한 것이다」
0x8e800	122	「그분…? 전에도 누군가 그런 소리를 했었지…」
0x8e800	123	「그래서, 나를 부른 진짜 이유는 뭐냐? 화평 신청이라도 해 주는 건가?」
0x8e800	124	「볼일은… 이미 끝났다」
0x8e800	125	「뭐라고!?」
0x8e800	126	「키타로, 아주머니께서는 세상을 떠들썩하게 하는 키타로라는 자가 어떤 얼굴인지 한번 보고 싶으셨던 것이다」
0x8e800	127	「무엇이라? 그것만의 이유로 우리를 불러들인 것이냐?」
0x8e800	128	「어째서… 그런 짓을?」
0x8e800	129	「키타로, 나는 보다시피 움직일 수 없어서 말이다. 실제 너를 봐 두고 싶었지.@…죽여 버리기 전에 말이야!」
0x8e800	130	「나타났나…」
0x8e800	131	「아직 온다!」
0x8e800	132	「저건…?」
0x8e800	133	「별난 짓을 하는구나, 요괴수」
0x8e800	134	「눈알… 아버지냐?」
0x8e800	135	「키타로, 지금 그쪽으로 옮기겠다」
0x8e800	136	「요괴수… 너는 이 일본에 벌써 수천 년이나 살고 있는, 일본 요괴가 아니냐.@그런 네가 어째서 이제 와서, 세계 요괴 편을 들어 세상을 어지럽히려 하는 것이냐!」
0x8e800	137	「드라큘라 일당은 내 친척이다. 손을 빌려주는 것은 당연하지.@드라큘라 일당이 나에게 요괴 혈액을 듬뿍 준 덕분에 정기가 넘쳤다!@한 번 더, 젊었을 적처럼 나쁜 짓을 해 볼 기분이 든 것이다!」
0x8e800	138	「키타로… 운 좋은 놈…」
0x8e800	139	「하지만… 여기가 너희 무덤이다!」
0x8e800	140	「갸~옷!!」
0x8e800	141	「남방의 요괴까지 부추겨서… 그렇게나 일본이 갖고 싶은 거냐?」
0x8e800	142	「키타로, 우리에게 맞서는 네 용감함에는 감탄한다.@하지만, 이기는 것은 우리다. 그것을 지금, 여기서 너희에게 뼈저리게 알려 주마!」
0x8e800	143	「아버지, 요괴수를 확실히 쓰러뜨릴 방법… 아셨습니까?」
0x8e800	144	「음, 준비는 해 두었다. 너는 아무 생각 말고 놈들과 마음껏 싸우면 된다!」
0x8e800	145	「알겠습니다… 좋~아! 모두, 간다!」
0x8e800	146	「오~!」
0x8e800	147	「………」
0x8e800	148	「아버지… 저 붉은 강은 혹시…」
0x8e800	149	「음, 도둑맞은 요괴 혈액이다! 저 항아리에서 흘러나오고 있는 모양이구나.@저 혈액이 요괴수로 흘러드는 한, 요괴수는 계속 힘을 회복할 것이다.@그뿐 아니라… 저 혈액의 흐름 위에 진을 치면, 다른 요괴들도 회복해 버린다」
0x8e800	150	「그렇습니까? 그럼, 어떻게 하면 될까요?」
0x8e800	151	「우선은 요괴 혈액을 공급하고 있는 저 특수한 항아리를 파괴하는 것이다!」
0x8e800	152	「저거군요… 알겠습니다!」
0x8e800	153	「안 되겠다… 그 공격을 맞으면 놈들에게 조종당해 버린다!」@(한동안은 누가 아군인지 판별도 안 되겠지…@이쪽에서 말을 걸어 줄까, 시간을 두면 원래대로 돌아올 것 같다만…)
0x8e800	154	「정신 차리는 것이다!」
0x8e800	155	「좋아! 원래대로 돌아온 모양이구나. 동료가 조종당하고 있을 때는 방금처럼 하는 것이다!」
0x8e800	156	「극동에 사는 구더기 요괴 놈들아! 이 내가 구제해 주마!」
0x8e800	157	「요괴수 님!@키타로 일행을 쓰러뜨리면 이곳의 땅을 우리에게 나눠 준다는 약속… 잊지 말아 주게」
0x8e800	158	「드라큘라가 승낙한다면 나에게 이견은 없다…」
0x8e800	159	「흥! 너희가 이 땅에서 수천 년을 살아온, 이 나를 쓰러뜨릴 수 있을까?」
0x8e800	160	「크… 내가 이런 실수를… 불찰!」
0x8e800	161	「목숨까지는 빼앗지 않는다… 도망치고 싶으면 도망쳐도 된다 라 세느!」
0x8e800	162	「뭐라고, 건방진 소리를!」
0x8e800	163	「라 세느… 무리하지 마라. 물러나거라」
0x8e800	164	「저, 저는 아직 싸울 수 있습니다!」
0x8e800	165	「너에게는 이 뒤에 중요한 계획이 기다리고 있지 않느냐?」
0x8e800	166	「알고 계셨습니까? 그럼…?」
0x8e800	167	「단단히 드라큘라에게 도움이 되어 주거라…」
0x8e800	168	「아, 알겠습니다」
0x8e800	169	「승부는 났다, 란스빌!」
0x8e800	170	「아야야야… 이, 이제 더 이상은 무리다… 물러나겠어!」
0x8e800	171	「여기서 도망치면 이 오가사와라는 손에 넣을 수 없을 텐데? 그래도 되겠느냐?」
0x8e800	172	「흐, 흥, 목숨이 있어야 뭐든 하지! 잘 있어라!」
0x8e800	173	(흥… 어차피 격이 낮은 요괴인가…)
0x8e800	174	「쳇! 키타로 놈들, 기억해 둬라!」
0x8e800	175	「후우… 이제 저놈은 우리 적이 아니군…」
0x8e800	176	「제법이구나… 키타로 놈들」
0x8e800	177	「당연하지! 우리 일본을 드라큘라 일당 마음대로 하게 두고 싶지 않으니까!」
0x8e800	178	「나도… 마음은 비슷한 것이다」
0x8e800	179	「뭐라고? 웃기지 마라! 어디가 비슷하다는 거냐!」
0x8e800	180	「키타로, 너는 어째서 인간 편을 드느냐…?」
0x8e800	181	「나는 인간 편이 아니야. 인간과 요괴가 함께 살아가는 평화로운 세계를 어지럽히는 놈과 싸운다…@그저 그것뿐이야!」
0x8e800	182	「나는… 보아 왔다. 인간은 자연을 부수고, 바다를 더럽혀 번영을 쌓아 온 생물이다.@이 오가사와라에도… 그 인간의 손은 확실히 뻗어 오고 있다」
0x8e800	183	「그, 그건…」
0x8e800	184	「나는 나무다… 나무는 움직일 수 없다. 인간들이 자연을 유린해 가는 것을 보는 수밖에 없다.@너처럼… 인간과의 공존 따위를 바라며, 그것을 잠자코 보고 있다가는… 이쪽이 멸망당해 버린다!@나는 말이다… 인간이 이 일본을 제멋대로 더럽혀 가는 것이 용서되지 않는 것이다」
0x8e800	185	「경고는… 확실히 그들에게 해야 해…」
0x8e800	186	「그것 보아라! 너도 나와 같은 의견이 아니냐!」
0x8e800	187	「아니야, 경고는 한다… 하지만, 지나친 보복은 서로에게 도움이 되지 않아!」
0x8e800	188	「흥… 더 이상 이야기해도 소용없는 모양이군…」
0x8e800	189	「들어 줘, 요괴수!」
0x8e800	190	「닥쳐라! 이제 됐다, 여기서 죽어라, 키타로!」
0x8e800	191	「크…」
0x8e800	192	「히히히! 시간 맞춰 왔군!」
0x8e800	193	「론론! 젠장… 이런 때에…」
0x8e800	194	「론론… 어디에 갔었느냐?」
0x8e800	195	「아니 뭘, 한달음에 교토로 간 녀석들을 도우러 갔었지.@가는 김에 귀여운 새끼돼지가 있길래… 괴롭히고 온 참이야」
0x8e800	196	(새끼돼지…?)@「뭐 좋다, 한꺼번에 쓰러뜨려 주마!」
0x8e800	197	「히! 살려 줘~!」
0x8e800	198	「뭐야… 기세뿐인가」@(귀여운 새끼돼지라고 했었지… 대체 무슨 얘기지?)
0x8e800	199	「그와아아아아아아아아아~~! 무, 뭐라고! 이 내가…!」
0x8e800	200	「요괴수, 나를 얕보고 여기까지 불러들인 것이 네 패인이다」
0x8e800	201	「아, 아주머니! …이놈… 일단 퇴각이다!」
0x8e800	202	「제기랄… 요괴수가 당했으니… 작전은 실패네… 물러나겠어!」
0x8e800	203	「처, 철수한다!」
0x8e800	204	「어라, 모처럼 왔는데 벌써 끝인가? 어쩔 수 없군…」
0x8e800	205	「이놈 키타로…! 이대로는… 이대로는 끝나지 않는다…!」
0x8e800	206	「으… 으갸아아아아아아아아아 아아아아아아아~~~~~!」
0x8e800	207	「…………………………  끝났네요, 아버지」
0x8e800	208	「아니… 아직이다!」
0x8e800	209	「네!?」
0x8e800	210	「이, 이건…!?」
0x8e800	211	「해냈다!」
0x8e800	212	「음, 앞으로 두 개… 지금 기세로 계속 부숴 버려라!」
0x8e800	213	「좋아, 항아리를 전부 부쉈다!」
0x8e800	214	「이놈 키타로 놈들…!」
0x8e800	215	「이걸로 요괴수는 체력을 회복할 수 없을 터! 단숨에 몰아붙이는 것이다!」
0x8e800	216	「그럴 수가! 부쉈을 항아리가… 원래대로!」
0x8e800	217	「으음음… 키타로. 저것은 아마도 세 개 한 조로 되어 있는 마법의 항아리다!@세 개를 한꺼번에 부수지 않으면… 저렇게 부활해 버리는 것이다!」
0x8e800	218	「반대로 말하면… 세 개를 한꺼번에 부수면, 더 이상 부활할 수 없다는 거군요?」
0x8e800	219	「음, 혹은 부활할 자리에 동료를 대기시켜 막아 버리면 재생을 저지할 수 있다.@아키요시 동굴에서 누라리횬과 싸울 때 결계를 깬 방법과 같다!」
0x8e800	220	「알겠습니다, 해 보겠습니다!」
0x8e800	1024	개발중
0x92000	0	"「드라큘라 님. 키타로 녀석은 이 ""기가 성""의 지하 감옥에 가둬 두었습니다」"
0x92000	1	「수고했다」
0x92000	2	「하지만… 기가 님의 힘은 무섭구먼…@자위대 놈들은 우리에게 키타로를 넘겨주고도 아무렇지 않은 건가?」
0x92000	3	「자위대도 어차피 조직이다. 놈들은 명령서대로 움직일 뿐이지. 설령 그것이 가짜라도… 말이다」
0x92000	4	「정말이야? 헤헤헤! 그렇다면 이제 무서울 게 없겠군!」
0x92000	5	「흥. 일본인은 근면하다고들 하지만… 어차피 윗사람 말에 고분고분 따르기만 하는 무능의 집단이다.@확실히… 기가 님의 힘을 발휘하기에는… 안성맞춤인 나라라는 것이군」
0x92000	6	「물론 그것뿐만은 아니다」
0x92000	7	「아아, 알고 있고말고. 이 땅이 지닌 영력은 헤아릴 수 없는 데가 있지」
0x92000	8	「평소 그것은 영력의 흐름이 되어 눈에는 보이지 않지만 온 일본을 완만하게 떠돌고 있다.@우리는 그 흐름들을, 괴기상을 써서 이 성으로 유도하는 데 성공했다.@덕분에 기가 님은 순식간에 힘을 증폭시켜, 온 일본의 네트를 장악할 수 있었다」
0x92000	9	「한 번 괴기상을 발생시켜 영력의 흐름을 바꿔 버리면 이쪽 것이지.@이대로 이 성에서 기가 님의 파워 업에 쓸 영력을 계속 모아 나가면…」
0x92000	10	「그렇고말고. 전 세계의 네트와 네트에 접속된 기계는 전부 우리 손안에 들어온다.@한순간에 세계는 우리 것이다!」
0x92000	11	「키타로도 붙잡았고… 이제 그것도 시간문제네」
0x92000	12	「그런데… 키타로 처형의 네트 방송을 통한 세계 동시 중계… 정말로 하는 건가?」
0x92000	13	「아아, 기가 님의 희망이니 말이다」
0x92000	14	「드라큘라 님, 저는 키타로의 상태를 보고 오겠습니다」
0x92000	15	「그런가… 음. 놈의 공개 처형까지 아직 시간이 있으니 말이다.@손님이 도착할 때까지 얌전히 있는지 확인해 두어라」
0x92000	16	「옛!」
0x92000	17	「키타로가… 이렇게 간단히 잡히다니…」@(아직… 미련이 있는 것이냐? 아니, 승부는 났다. 포기해라, 드라큘라여…)
0x92000	18	「으… 으으…」
0x92000	19	「여기는…? 그렇구나… 기가 일당의 아지트의… 감옥인가…@자위대에게서 나를 넘겨받았다는 건가… 저놈들, 마음대로 하는군.@죽을힘을 다해 모두를 위한다고 생각하며 오늘까지 싸워 왔는데… 정신 차려 보니, 이 꼴이군.
0x92000	20	 후후후후… 나는… 지금까지 무엇을 해 온 걸까? 오해나, 사소한 계기로 반목하게 되어 버린 사람과 요괴의 관계를 지킬 생각으로@열심히 해 왔지만… 그런 나는, 그들에게 아무런 신뢰도 신용도 쌓지 못했던 거야…@그렇지 않았다 해도, 그런… 기가라는 요괴 하나의 정보 조작으로…@그것은 간단히 뒤집을 수 있는 정도의 것밖에 되지 않았던 거야.
0x92000	21	 어쩐지… 의욕이 사라져 버렸어.@이제, 여러 가지가 아무래도 좋게 느껴지기 시작했어…」
0x92000	22	「어?」
0x92000	23	「전화다… 빼앗긴 줄로만 알았는데…@생각해 보면… 이걸로 한 대화도 기가에게 다 새어 나갔을지도 몰라.@어째서 이건 빼앗기지 않았을까…?@놈들의 지배하에 있는 단말이니 굳이 빼앗을 것까지도 없다고 본 걸까?」
0x92000	24	「여보세요…」
0x92000	25	「키키… 키타로 씨?」
0x92000	26	「어!? 루카 양!?」
0x92000	27	「네, 네, 저예요! 키타로 씨, 지금, 어디예요?」
0x92000	28	「아아, 나는 놈들에게 잡혀 있어… 아마 이제부터 처형이라도 당하지 않을까」
0x92000	29	「처, 처형이라니 키타로 씨, 뭐 하시는 거예요!? 어서 도망치지 않으면!」
0x92000	30	「아니, 이제 됐어. 루카 양」
0x92000	31	「어…?」
0x92000	32	「나는… 이제 지쳐 버렸어. 결국 나는… 아무도 구하지 못했어.@아버지 일행에게 큰 고생을 시키고… 요괴들에게 잘난 척 훈계를 늘어놓고… 그리고 너까지 다치게 하고…@하지만, 전부 헛수고였어. 미안해… 미안해, 루카 양」
0x92000	33	「키타로 씨…」
0x92000	34	「네 아버님이 말리셨잖아, 이런 전화 하면 안 돼.@이제 우리에게 신경 쓰지 마. 그럼 이만…」
0x92000	35	「키타로 씨… 정말로 그래도 되나요?」
0x92000	36	「…………좋지는… 않지」
0x92000	37	「그럼!」
0x92000	38	「그럼? 그럼 어쩌라는 거야!?」
0x92000	39	「키타로… 씨…」
0x92000	40	「내 일 따위 이제 아무도 믿어 주지 않아.@나를 믿지 않는 사람들 전부와 싸우라는 거야? 설득하라는 거야?@기가에게는… 놈들의 두목에게는 도저히 당할 수 없어… 나로서는… 이제 무리야…」
0x92000	41	「아까 눈알아버지를 만나서… 이야기를 듣고 왔어요.@무, 무리 같은 거 아니에요. 키타로 씨. 저, 키타로 씨를 믿어요!」
0x92000	42	「고마워… 하지만…」
0x92000	43	「저, 저만이 아니에요. 지금, 키타로 씨가 구해 준 사람들을 모~두 모으고 있어요!@무, 물론, 아버지에게는 비밀이지만요!」
0x92000	44	「뭐라고… 안 돼! 그런 짓을 하면 이번엔 너희가 공격받고 말아…!」
0x92000	45	「이번에는… 제 차례네요…」
0x92000	46	「어?」
0x92000	47	 |<스으~~~~읍!!>
0x92000	48	「그럼 어쩌라는 거예요~~~~~!!」
0x92000	49	「으와! 루, 루카 양!?」
0x92000	50	「키타로 씨, 그야 키타로 씨는 괜찮을지도 모르죠!@자, 자기는 얼른 처형당해서… 고민에서 해방되어서… 참 편하시겠네요!」
0x92000	51	「루카 양…」
0x92000	52	「키타로 씨, 일본은요, 우리의 고향이에요…?@이대로면… 일본은… 세계는… 드라큘라 씨 일행과 기가라는 놈의 것이 되어 버리잖아요?@그런 일… 하게 둘 수 없어요! 절대! 절~~대로요!」
0x92000	53	「루카 양…」
0x92000	54	「키타로 씨, 포기하지 마세요, 키타로 씨는… 혼자서 싸우고 있는 게 아니에요」
0x92000	55	「그 말대로다, 키타로」
0x92000	56	「어!?」@(방금 건… 전화가 아니야. 감옥 밖에서 목소리가 났나?)
0x92000	57	(누군가 문을…!?)
0x92000	58	「키타로…」
0x92000	59	「아버지…! 어떻게 여기에!?」
0x92000	60	「우리도 있다!」
0x92000	61	「후우… 지하에 감옥이라니… 뻔한 건축이구나…」
0x92000	62	「헤헤… 와 버렸어!」
0x92000	63	「나와 누리카베, 그리고 다른 놈들에게도 말을 걸고 왔소이다!」
0x92000	64	「누~리~카~베~!!」
0x92000	65	「모두… 어떻게 여기에?」
0x92000	66	「자세한 이야기는 나중이다. 당장 여기를 탈출한다!」
0x92000	67	「네, 네!」
0x92000	68	「누구냐! 거기서 무엇을 하고 있느냐!」
0x92000	69	「이런… 들켰나!?」
0x92000	70	「……………………」
0x92000	71	「키타로…」
0x92000	72	「모두… 뭐 하러 온 거야.@모처럼 모두에게 손대지 못하게 하려고 내가 혼자 잡혔는데…!@이러면 또 전과 똑같잖아. 아무 소용도 없잖아!」
0x92000	73	「………」
0x92000	74	「아야! 무, 무슨 짓이세요!」
0x92000	75	「바보 녀석! 작작 하지 못할까!」
0x92000	76	「아버지…」
0x92000	77	「뭐 하러 왔느냐고? 아주 넋이 빠져 버렸구나!@생각해 보아라, 너는 애초에 왜 자신감을 잃었느냐?」
0x92000	78	「그건… 그… 제가 애써도… 모두가 믿어 주지 않으니까…@게다가… 기가의 네트를 조종하는 능력은 강력해서… 도저히 당할 수 없을 것 같고…」
0x92000	79	「방금 루카 양의 이야기를 듣지 않았느냐? 그 아이는 너를 믿지 않느냐?」
0x92000	80	「아니요… 믿어 주고 있습니다」
0x92000	81	「키타로, 너는 그 아이의 신뢰를 배신하는 것이냐? 저버리는 것이냐?@작은 몸으로… 다치기까지 하면서.@그런데도 자기 나라를 지키려 하고 있는, 일본을 구하려 하고 있는, 그 아이를!」
0x92000	82	「………」@(그래… 그 아이는 나를 믿어 주었어…)
0x92000	83	「키타로, 너에게는 고민할 이유 따위 이제 없다… 알고 있을 터다」
0x92000	84	「하지만… 기가 녀석은 강적입니다. 그놈에게 이길 수 있을지…」
0x92000	85	「네트니 뭐니 떠들고 있다만, 어차피 바꿀 수 있는 건 겉모습뿐인 일.@마음의 전부 따위… 조종할 수 있을 것 같으냐!」
0x92000	86	「하지만…」
0x92000	87	「아직도 모르겠느냐! 네가 싸울 기력을 잃은 것도 놈의 전략이다.@너는 보기 좋게 놈의 정보 전략에 걸려든 것이다!」
0x92000	88	「뭐라고요…?」@(과연… 듣고 보니 확실히…)
0x92000	89	「네트를 조종하는 것이 놈의 힘이라면… 그놈을 쓰러뜨리면 될 뿐인 일…@그래도 안 될 때는…」
0x92000	90	「안 될 때는?」
0x92000	91	「네트 따위… 그 자체를 부숴 버리면 된다!」
0x92000	92	「!!」
0x92000	93	「이런! 그런 난폭한!」
0x92000	94	「키타로… 정신이 들었느냐?」
0x92000	95	(네트를… 부숴 버린다?)
0x92000	96	「후후… 아하하하하! 과, 과연! 역시 아버지다!」
0x92000	97	「키타로…!」
0x92000	98	「나는… 아직 지지 않았어. 그놈에게… 그렇게 믿게 되었을 뿐이야…!@아버지, 죄송했습니다. 싸움은… 이제부터네요」
0x92000	99	「음, 그 말대로다!」
0x92000	100	(전화…… 루카 양이다!)
0x92000	101	「키, 키타로 씨? 저, 아까는 이야기 도중에 끊겨 버렸는데…」
0x92000	102	「미안해 루카 양. 이래저래 걱정을 끼쳤지만… 이제 괜찮아. 안심해 줘!」
0x92000	103	「키타로 씨… 의욕을 되찾으신 거군요?」
0x92000	104	「아아, 고마워, 루카 양!」
0x92000	105	「나도… 잘난 척 말하고 있다만,@솔직히, 네가 끌려간 뒤에는 어찌해야 할지 몰랐다.@하지만… 그 아이가 아버지의 눈을 피해 연락을 해 주어서…@이렇게 여기 올 용기가 난 것이다」
0x92000	106	「그랬던 거군요…」
0x92000	107	「키타로 씨. 이, 이 전화… 아마 기가에게 도청당하고 있을 거예요!@그러니 이제 끊겠지만… 저희는 저희대로 힘낼 테니, …키타로 씨도 힘내세요!」
0x92000	108	「아아, 알았어…!」
0x92000	109	「후후… 그럼 이만, 키타로 씨」
0x92000	110	「아아, 루카 양!」
0x92000	111	(고마워… 루카 양)
0x92000	112	「마음 정리… 된 모양이네」
0x92000	113	「아아…」
0x92000	114	「자, 이제부터 어떻게 하느냐가 문제구나…」
0x92000	115	「참, 아까는 못 여쭈었지만…@아버지 일행은 어떤 방법으로 여기 침입하셨어요?」
0x92000	116	「음… 누라리횬 녀석에게 정보 제공을 받았다」
0x92000	117	「그놈이…?」
0x92000	118	「아아, 그놈은 예전부터 이 성의 존재를 눈치채고 있었다더구나.@그리고… 너무 깊이 알아 버린 탓에 놈들에게 붙잡혀, 최면술이 걸려 있었던 모양이다」
0x92000	119	「아키요시 동굴의 싸움 이후에도, 아직 살아 있는 인맥을 써서 이것저것 조사하고 있었던 모양이구나」
0x92000	120	「우리는 그에게서 배운 안전하게 지나갈 수 있는 루트를 써서 여기 온 거야」
0x92000	121	「그런가, 그래서…」@(저 녀석, 이러니저러니 해도 괜찮은 데가 있잖아)
0x92000	122	「누라리횬, 네가…?」
0x92000	123	「음, 나는 예전부터 이 성의 존재를 어렴풋이 눈치채고 있었다.@너희에게 협력하는 동안에도 아직 살아 있는 인맥을 써서 이것저것 조사시키고 있었는데…@그중 한 명에게서 네가 이 부근으로 옮겨졌다는 연락을 받고, 확신을 얻은 것이다」
0x92000	124	「그런가, 그래서…」
0x92000	125	「늑대인간 녀석, 여기로 전 세계에서 더 많은 요괴가 모여들고 있다고 했었지…」
0x92000	126	「그렇다는 건… 놈들을 쓰러뜨리려면 그놈들이 아직 도착하지 않은 지금이네!」
0x92000	127	「그렇구나, 또 자위대 따위가 개입하면 하기 어려워지고…@전력이 늘기 전인 지금, 게다가 키타로의 처형을 보기 위해 기가 녀석이 확실히 이 성에 있는@이때를 놓치면, 놈을 쓰러뜨릴 때는 이제 없을지도 모른다」
0x92000	128	「조금만 더 있었으면 때를 놓칠 뻔했네요… 죄송합니다, 아버지」
0x92000	129	「사과하지 마라, 아이를 꾸짖는 것은 부모의 역할이니까 말이다」
0x92000	130	「그 기대와 신뢰에… 지금부터 부응해 보이겠습니다!」
0x92000	131	「음, 가자!」
0x92000	132	「어~이! 살려 줘~!」
0x92000	133	「어라? 저기 감옥에 누군가 잡혀 있는 것이냐?」
0x92000	134	「여기 붙잡혀 있다는 것은 기가와 적대하고 있는 요괴라는 뜻이구나.@키타로, 구해 주지 않겠느냐?」
0x92000	135	「아, 네… 알겠습니다」
0x92000	136	「휴~~~! 살았다!」
0x92000	137	「너! 쥐인간 아니냐!」
0x92000	138	「그러는 너는 키타로 아니~냐!」
0x92000	139	「너… 어째서 잡혀 있는 거야?」
0x92000	140	「그렇다, 현상금을 노리고 우리를 배신한 것 아니었느냐?」
0x92000	141	「아, 아아… 헤헤, 그게 말이야… 너희를 못 쓰러뜨리는 바람에 현상금을 못 받게 됐잖아?@그래서 말이야… 헤헤헤, 여기 돈 되는 물건이라도 훔쳐서 팔면 돈이 될까 싶어서!」
0x92000	142	「너… 그건 그냥 도둑질이잖아」
0x92000	143	「무슨 소리야! 저놈들은 요전에 나를 실컷 부려먹고서@한 푼의 급료도 안 줬다고.@노동자의 당연한 권리를 획득하러 온 것뿐이다!」
0x92000	144	「이런이런…」
0x92000	145	「헤헤, 일단 구해 줘서 고맙다. 덕분에 목숨을 건졌어.
0x92000	146	 뭔가 사례를 해야겠군! 키타로, 이렇게 된 이상 나도 사나이다운 면을 보여 주지」
0x92000	147	「와! 뭐야, 갑자기 진지한 얼굴이 되고!」
0x92000	148	「이 몸도 진지해질 때 정도는 있다고!@키타로, 나는 이 성 안에서 일한 적이 있어」
0x92000	149	「뭐라고?」
0x92000	150	「정말이야?」
0x92000	151	「그럼. 그러니 내부 일이라면 너희보다 자세히 알지. 안내해 주마」
0x92000	152	「……좋은데… 돈이라면 안 줘?」
0x92000	153	「이 바보야! 이 몸을 언제까지고 수전노처럼 생각하지 마~?@사나이다움을 보여 주겠다고 했잖아? 물론 공짜다, 고~옹짜!」
0x92000	154	「뭔가, 이놈이 말하면 걸리는구나…」
0x92000	155	「뭐, 가끔은 믿어 주어도 좋겠지」
0x92000	156	「좋아, 안내를 부탁한다」
0x92000	157	「알았다!」
0x92000	158	「너, 너희들!? 어떻게 여기에!」
0x92000	159	「…………」
0x92000	160	「키타로 씨… 지금은 어쨌든 싸우세요!」
0x92000	161	「키타로! 정신 차리지 못할까!」
0x92000	162	(생각이… 아직 정리되지 않았지만… 이대로면 아버지 일행까지 붙잡혀 버려)@「알겠습니다. 아버지, 일단 지금은… 싸우겠습니다!」
0x92000	163	「음!」
0x92000	164	(음, 뭔가 낯선 놈이 섞여 있구나?)
0x92000	165	「너는… 누구냐!」
0x92000	166	「이 몸은 머리 둘 미라요괴… 드라큘라 님을 섬기는 자다!」
0x92000	167	「머리 둘… 미라?」
0x92000	168	「이제 도망칠 수 없다… 각오해라!」
0x92000	169	「어~이! 살려 줘~!」
0x92000	170	「어라? 저기 감옥에 누군가 잡혀 있는 것이냐?」
0x92000	171	「여기 붙잡혀 있다는 것은 기가와 적대하고 있는 요괴라는 뜻이구나.@키타로, 구해 주지 않겠느냐?」
0x92000	172	「아, 네… 알겠습니다」
0x92000	173	「휴~~~! 살았다!」
0x92000	174	「너! 쥐인간 아니냐!」
0x92000	175	「그러는 너는 키타로 아니~냐!」
0x92000	176	「너… 어째서 잡혀 있는 거야?」
0x92000	177	「그렇다, 현상금을 노리고 우리를 배신한 것 아니었느냐?」
0x92000	178	「아, 아아… 헤헤, 그게 말이야… 너희를 못 쓰러뜨리는 바람에 현상금을 못 받게 됐잖아?@그래서 말이야… 헤헤헤, 여기 돈 되는 물건이라도 훔쳐서 팔면 돈이 될까 싶어서!」
0x92000	179	「너… 그건 그냥 도둑질이잖아」
0x92000	180	「무슨 소리야! 저놈들은 요전에 나를 실컷 부려먹고서@한 푼의 급료도 안 줬다고.@노동자의 당연한 권리를 획득하러 온 것뿐이다!」
0x92000	181	「이런이런…」
0x92000	182	「헤헤, 일단 구해 줘서 고맙다.@우선은 물러나 있겠어, 나중에 또 보자…!」
0x92000	183	(크…… 남이 고민하고 있을 때 태평하기도 하군)
0x92000	184	「이놈 키타로 놈들…!@하지만, 우리를 쓰러뜨린들 이제 너희는 이 기가 성에서 도망칠 수 없다!」
0x92000	185	「뭐라고?」
0x92000	186	「여기에는, 네 처형을 보기 위해 세계 요괴의 간부가 집결하고 있다. 곧 여기 도착하실 터다!」
0x92000	187	「무, 뭐라고! 그런 놈들이 아직 더 늘어난다는 것이냐?」
0x92000	188	「그분들 모두를 적으로 돌리고… 살아남는 일 따위 할 수 없을 것이다…@후후후… 키타로. 동료들을 부른 것을 후회하게 될 거다.@자… 이 일을 드라큘라 님께 보고드려야겠군!」
0x92000	189	「기, 기다려!」
0x92000	190	「잘 있거라. 아~하하하하하!」
0x92000	191	「………」
0x92000	192	「방금 그걸로… 일단 전원 쓰러뜨린 모양이네요」
0x92000	193	「음, 어쨌든 서둘러 여기를 떠나는 편이 좋다. 따라오는 것이다!」
0x92000	194	「…………」
0x92000	195	「키타로! 무슨 일이냐!」
0x92000	196	「잠깐만… 기다려 주세요」
0x92000	197	「무엇이라…?」
0x92000	198	「으와와와와와~! 처, 철수다!!」
0x92000	1024	개발중
0x95800	0	「키타로가 도망쳤다… 지금, 그렇게 말한 것이냐 드라큘라?」
0x95800	1	「하하… 죄송합니다. 설마 놈들이 이렇게 빨리 행동할 줄은…」
0x95800	2	「…크크크!」
0x95800	3	「기가… 님?」
0x95800	4	「그런 보고 따위 불필요하다. 탈출한 것 정도는 이미 알고 있다」
0x95800	5	「그럴 수가… 그럼 어째서 손을 쓰지 않으시는 겁니까!」
0x95800	6	「드라큘라여, 지금은 둘뿐이다. 딱딱한 말투는 그만두지」
0x95800	7	「………………………… 그럼… 말하겠다 기가.@처음 만났을 때부터 생각했지만, 너에게는 불가해한 점이 너무 많다.@대체 무엇을 생각하고 있는 것이냐?」
0x95800	8	「물론… 우리의 비원인 요괴에 의한 세계 지배를 실현하는 것이다.@나는 네트의 정보에 개입해, 그것을 조종할 수 있는 요괴다.@나아가 거기에 깃든 인간의 욕망과 상념까지 받아들여, 크고, 강해진다.@괴기상을 만들어 내어, 영기의 흐름을 이 성으로 향하게 한 것에는,@영기와 함께 그런 상념이나 자기장을 도쿄에서 이곳으로 흘러들게 하기 위해서다.@그것이 무언가 이상한 일인가?」
0x95800	9	「이렇게 시간을 들여야만 했던 것이냐?@괴기상은… 더 일찍 일으킬 수 있었던 것 아니냐?@그리고… 키타로 일행도, 네 힘이 있으면, 금방 처리할 수 있었던 것 아니냐?」
0x95800	10	「내가 싸움을 길게 끌었다는 듯한 말투로군…? 그런 짓을 해서 나에게 무슨 득이 있지?」
0x95800	11	「너는 나에게 아무것도 말해 주지 않는다. 너는 애초에 무엇이냐?@그 후 오늘까지, 미안하지만 네 일을 나 나름대로 조사해 보았다.@하지만… 기가라는 이름… 어느 문헌에도 기록되어 있지 않다!」
0x95800	12	「드라큘라… 내가 너를 도왔을 때의 일… 기억하고 있나?」
0x95800	13	「그것은… 물론이다」
0x95800	14	「너는 요괴 사업에 실패해서… 막대한 부채를 안고 어찌할 바를 모르고 있었지?」
0x95800	15	「아아… 내 어깨에는 늘 일족의 명운이 걸려 있으니 말이다.@그때 나는… 절망의 밑바닥에 있었다.@금전의 일보다도… 나의 불명예스러운 실패가, 언젠가 집안에 두루 알려질 것을 생각하니… 말이다」
0x95800	16	「그런 너를 도운 것이 이 나다. 나는 네트를 조종해서 네 부채를 지워 주었지」
0x95800	17	「…그때는 네가 구세주로 보였다」
0x95800	18	「지금은 다르다는 것이냐?」
0x95800	19	「……………………」
0x95800	20	「슬프군, 드라큘라. 우리 야망의 성취는 이미 목전이다.@그런 지금에 와서, 내 존재가 성가셔졌다는 것이냐?@타워에서 그놈에게 마무리를 짓지 못한 것이 그렇게 분하냐?」
0x95800	21	「……그럴 생각은 아니다. 다만…」
0x95800	22	「분명히 말하지. 어차피 너로는 나를 앞지를 수 없다.@나를 두려워하는 마음은 알겠다. 하지만… 너는 키타로를 쓰러뜨리지 못했다.@이번에는 내 차례다. 너는 잠자코 내가 말한 것만 해 주면 된다」
0x95800	23	「……………………」
0x95800	24	「키타로는 어차피 여기서는 도망칠 수 없다. 서두를 것 없다.@걱정되면, 네가 놈을 찾아내서…… 죽여라.@내가 붙잡는 것은 간단하지만… 그러면 재미가 없으니 말이다. …알겠나?」
0x95800	25	「예, 기가 님」
0x95800	26	「그럼, 부탁한다. 너희 일은 어디에 있든 보고 있으니 말이다…」
0x95800	27	「있었나!?」
0x95800	28	「아니… 보이지 않는다」
0x95800	29	「대체 어디로 간 거냐? 더 샅샅이 잘 찾아라!」
0x95800	30	「…알겠다」
0x95800	31	「감시는… 간 모양이지?」
0x95800	32	「지금이오이다!」
0x95800	33	「헤헤헤… 자자, 서둘러 서둘러!」
0x95800	34	「그래서, 어디로 데려가겠다는 것이냐?」
0x95800	35	「이 정도로 큰 성쯤 되면, 성주가 절대로 모르는 길이라는 게 있거든.@지금부터 거기로 가겠다는 거지!」
0x95800	36	「구체적으로 말하면… 그건 어떤 곳이야?」
0x95800	37	「만드는 도중인 방이다. 거기를 지나면 천수각까지 상당한 지름길이야.@게다가 남의 눈에도 안 띈다. 더할 나위 없잖~아?」
0x95800	38	「확실히, 그게 사실이라면 의외로 편하게 기가가 있는 곳으로 쳐들어갈 수 있을지도 모른다」
0x95800	39	「뭐야, 당신도 가끔은 진짜로 도움이 되잖아」
0x95800	40	「당연하지~!」
0x95800	41	「좋아, 그럼 어쨌든 서둘러 그리로 향하자!」
0x95800	42	「어떻게든 돌파했네요…」
0x95800	43	「음, 나머지는 이 문을 지나면 기가에게 도달할 수 있을 터였지.@쥐인간을 따라온 것이, 뭐 정답이었나?」
0x95800	44	「그, 그렇지~!? 이 몸이 말하는 대로 하면 틀림없다니까!」
0x95800	45	「베어드 녀석이 나왔을 때는 어쩌나 했지만… 역시 키타로네」
0x95800	46	「이제… 평소의 키타로구나?」
0x95800	47	「네!」
0x95800	48	「키타로, 머지않아 최종 결전이다. 여기서 한번 숨을 돌리지 않겠느냐? 모두 준비 같은 것도 있겠지」
0x95800	49	「네, 그렇네요. 그렇게 합시다.@모두, 드디어 결전이야! 장비를 갖추고… 만전의 태세로 임해 줘!」
0x95800	50	「오~!」
0x95800	51	(기다려라… 기가!)
0x95800	52	「어라라~!?」
0x95800	53	「확실히 인기척은 없지만… 여기저기 통로가 끊겨 있어. 지나갈 수 있을 것 같지… 않네」
0x95800	54	「기가가 있는 방은 저 문을 지나면 바로인데…」
0x95800	55	「하지만, 못 지나가잖아! 어차피 이럴 줄 알았어!」
0x95800	56	(이봐 이봐… 이야기가 다르잖아? 곤란한데, 대체 어떻게 된 거지?)
0x95800	57	「기다리고 있었다, 키타로」
0x95800	58	「배, 백베어드!」
0x95800	59	「기다리고 있었다고? 무슨 소리냐!」
0x95800	60	「론론의 부하에게 너희 동향을 쫓게 하고 있었다.@늑대인간이나 드라큘라 일당에게 방해받으면 귀찮으니… 놈들을 멀리하면서,@네놈과 이렇게 만나기 위해서 말이다!」
0x95800	61	「뭐라고?」
0x95800	62	「네가 붙잡혔다고 들었을 때는 귀를 의심했다만…@너라면, 곧바로 행동을 개시할 거라고 생각했지!」
0x95800	63	(사실은… 그렇지도 않았지만 말이야)@「그래서? 나를 매복해서 어쩌겠다는 거냐?」
0x95800	64	「물론, 결착을 내는 거지, 나와 너의 인연을 오늘, 여기서 끊어 내기 위해!」
0x95800	65	「좋아, 베어드」
0x95800	66	「이, 이봐, 키타로!?」
0x95800	67	「아까까지의 나에게는 망설임이 있었다… 하지만 지금의 나는 달라.@지금의 나에게는, 너희를 쓰러뜨려야 하는 이유를 알겠어.@그것이 피할 수 없는 싸움이라면… 더더욱 그렇지. 나는 그것을 넘어서 보이겠다.@베어드, 승부다!」
0x95800	68	「오냐, 와라, 키타로!」
0x95800	69	「키타로, 어딘가에 저쪽으로 가기 위한 길을 놓는 장치가 있을 거야.@그걸 찾아 줘!」
0x95800	70	「알았다!」
0x95800	71	(부탁한다~! 나도… 이런 데서 포기할 수는 없으니까!)
0x95800	72	「응? 마녀 녀석을 쓰러뜨렸더니, 뭔가 땅에 쓰여 있구나?」
0x95800	73	「무언가의… 문양 같네요」
0x95800	74	「그렇다면 무언가의 스위치구나? 누군가를 위에 올려 대기시켜 보는 것이다!」
0x95800	75	「다리가… 놓였다!?」
0x95800	76	「음, 저것은 마법의 크레인이나 뭔가로구나.@어쨌든 이걸로 앞으로 나아갈 수 있겠구나!」
0x95800	77	「좋아, 그렇다면 장치를 움직여서 계속 나아갑시다!」
0x95800	78	「히! 당해 버리겠어!@더 이상 어울려 줄 수 없다, 잘 있어라, 베어드!」
0x95800	79	「기다려, 어디로 갈 셈이냐!?」
0x95800	80	「너와 어울리면 좋을 게 없어, 남은 놈들에게 알리러 갈 테니까!」
0x95800	81	「뭐라고? 그런 짓 하게 두지 않겠다!」
0x95800	82	「으와아! 눈… 눈이!? 으와아아아아아아아아~!」
0x95800	83	「뭐야… 내분인가?」
0x95800	84	「흥… 방해하게 두지 않겠다! 이건 나와 키타로의 싸움이니까!」
0x95800	85	「아야야… 꽤 얻어맞았군. …이렇게 된 이상 한잔 하도록 할까」
0x95800	86	「뭐냐? 술을 마셨구나?」
0x95800	87	「저건… 요괴 위스키네요. 그런 걸 가지고 있었나?」
0x95800	88	「후후후… 듣는군… 자 키타로, 여기서부터가 진짜 시작이다!」
0x95800	89	「으윽…!」
0x95800	90	「뭐야, 결국 그 정도인 거냐 베어드!?」
0x95800	91	「무, 뭐라고?」
0x95800	92	「그렇다면… 너는 내 적이 아니야. 얼른 네 나라로 돌아가는 게 좋겠군!」
0x95800	93	「쳇, 하고 싶은 말은 다 하는군… 내 진짜 힘을 보여 주마!」
0x95800	94	「와라! 베어드」
0x95800	95	「그하앗!」
0x95800	96	「내… 승리로군 베어드」
0x95800	97	「이… 이놈…」
0x95800	98	「베어드… 너는 어째서 동료를 따돌리면서까지 나와 결착을 내려 한 거냐?」
0x95800	99	「키타로, 내가 이번에 그 드라큘라 따위가 시키는 대로 하고 있는 것을…@이상하다고 생각하지 않았느냐?」
0x95800	100	「그러고 보니… 예전과는 입장이 반대군?」
0x95800	101	「그래, 우리 나라도 지금 불황이라… 부끄러운 이야기지만,@나는 그놈에게 협력하는 대신 원조를 받고 있는 거다」
0x95800	102	「그런 건가…」
0x95800	103	「하지만 말이야, 역시 그런 건… 남이 이래라저래라 해서 움직이는 건 성미에 안 맞아.@나는 역시 내가 생각한 대로 움직이고 싶었다…@그래서… 너와 이렇게 싸울 수 있는 상황을 만들어 냈다는 거지」
0x95800	104	「………」
0x95800	105	「헤, 기가 막힌다는 얼굴이군. …잘 있어라, 키타로」
0x95800	106	「어디로 가는 거냐!? 베어드!」
0x95800	107	「네가 말한 대로다… 나는 이제 내 나라로 돌아간다.@그리고… 내 손으로 너를 때려눕힐 힘을 기르고 나서 돌아와 주지!」
0x95800	108	「알았어… 하지만, 나도 지지 않아.@몇 번을 와도 소용없다는 걸 알게 해 주지!」
0x95800	109	「헤헤헤… 기대하고 있으마」
0x95800	110	「자, 우리도 서두르자!」
0x95800	111	「네! 일단 저 문 앞까지 이동합시다」
0x95800	1024	개발중
0x98000	0	「모두, 준비됐어?」
0x98000	1	「오냐, 언제든 좋다!」
0x98000	2	「이쪽도 OK다」
0x98000	3	「모두 준비는 된 모양이구나」
0x98000	4	「좋아, 그럼 갑시다!」
0x98000	5	「꽤 어둡군… 쥐인간, 이쪽이 맞아?」
0x98000	6	「오오, 이 복도를 빠져나가면, 적의 두목이 있는 방일 거다!」
0x98000	7	「꽤 기~인 복도다~!」
0x98000	8	「이런 곳에서 습격당하면 도망칠 곳이 없다만… 다행히 지금은 아직 아무도 없는 모양이구나.@지금 중에 여기를 가로질러 버리자!」
0x98000	9	「네!」
0x98000	10	「키타로 님, 서두르는 거요!」
0x98000	11	「아, 기다려 이탄모멘!」
0x98000	12	「으… 으으으…」
0x98000	13	「할멈… 고양이소녀의 상태는 어때요?」
0x98000	14	「죽지는 않겠지만… 급격히 피를 잃었다. 한동안은 움직이지 않는 편이 좋다」
0x98000	15	「좀 위험하다만… 여기 눕혀 두는 편이 나을지도 모르겠구나」
0x98000	16	「하지만, 혼자 이런 곳에 눕혀 두는 건 위험하다!」
0x98000	17	「혼자가 아니다, 내가 여기 남겠다」
0x98000	18	「그래도…」
0x98000	19	「헤헤헤… 그렇다면 나도 여기 남겠어!」
0x98000	20	「무엇이라!? 무슨 바람이 분 것이냐?」
0x98000	21	「무슨 바람이고 뭐고 없어! 어차피 나로는 이 근처의 벅찬 요괴를 상대할 수 없고,@그렇다면 후방 지원에 전념할까 싶어서 말이야~~~!」
0x98000	22	「하지만… 너와 고양이소녀는 견원지간… 그런 네가…?」
0x98000	23	"「옛날부터 그러잖아? ""싸울수록 사이가 좋다""고!@나와 고양이소녀는 혈통 탓에 서로 다가서지 못했지만…@마음 깊은 곳에서는… 제~대로 ""동료""라고 생각하고 있다고?@여기서는 나를 믿고 맡겨 줘!」"
0x98000	24	「쥐인간… 알았어, 아버지와 고양이소녀를 부탁할게」
0x98000	25	「헤헤, 맡겨 두라고!」
0x98000	26	「자, 이 앞에 그 기가라는 놈이 있는 것이구나?」
0x98000	27	「드디어 결전이다~~!」
0x98000	28	「으음으음… 무사 떨림이 멈추지 않소이다!」
0x98000	29	「아아, 모두 마지막 싸움이야. 힘내 줘!」
0x98000	30	「오~~~~!」
0x98000	31	"(엘리트가 ""기가는 정상적인 방법으로는 이길 수 없다""고 했었지…@그놈이 말할 정도다… 상당히 벅찬 상대겠지. 하지만, 나는 질 수 없어.@끝까지 포기하지 않고 싸워서… 반드시 기가를 쓰러뜨리겠다!)"
0x98000	32	「어라? 여기는?」
0x98000	33	「원래 왔던 곳과 비슷하구나…」
0x98000	34	「라기보다 같은 장소잖아! 우리 언제 유턴한 거야!?」
0x98000	35	「이거… 어떻게 된 거야?」
0x98000	36	「뭐, 괜찮지 않느냐 한 번 더 가 보자!」
0x98000	37	「이, 이건…?」
0x98000	38	「무슨 일이냐, 아기울음!?」
0x98000	39	「문이… 안 열린다!」
0x98000	40	「뭐라고?」
0x98000	41	「끼-!!」
0x98000	42	「꺅! 키타로!」
0x98000	43	「어?」
0x98000	44	「끼-끼-!!」
0x98000	45	「뭐야, 드라큘라 일당의 부하 박쥐잖아」
0x98000	46	「놀라게 하다니…」
0x98000	47	「후후후, 키타로… 그 문은 간단히 열리지 않는다!」
0x98000	48	「으와! 이놈, 박쥐 주제에 말을 했어!?」
0x98000	49	「아니, 다르다 쥐인간! 말한 것은 그놈이 아니다!」
0x98000	50	「뭐라고!?」
0x98000	51	「!? 아버지… 어쩐지 이 근처의 요기가 갑자기 높아져 가는 것을 느끼지 않으세요?」
0x98000	52	「아아… 전에도 한 번 이런 느낌을 느낀 적이 있구나…」
0x98000	53	「저… 저건!?」
0x98000	54	「무, 무엇이냐 무엇이냐!? 가, 갑자기 나타났구나!」
0x98000	55	「엘리트! 게다가, 라 세느 일행도!」@(그럴 수가… 아까까지 여기에 요괴의 기척은 거의 없었어…@이놈들… 아무것도 없는 곳에서 갑자기 나타났다는 건가?)
0x98000	56	「어디에 숨었나 했더니… 설마 이 루트에 눈독을 들이고 있었을 줄이야!」
0x98000	57	「한 방 먹을 뻔했어」
0x98000	58	「그렇군! 아키요시 동굴 때와 같은, 초음파를 쓴 순간이동이구나?」
0x98000	59	「그럼… 아까 그 박쥐는 놈들의 감시!?」
0x98000	60	「감시… 겸, 초음파 이동의 이동처를 유도하는 역할을 하고 있는 것이겠지.@초음파를 써서, 우리의 방향 감각을 흐트러뜨려 여기로 되돌아오게 한 것도 저놈 짓이겠지!」
0x98000	61	「문은 우리 둘의 마력으로 잠갔다! 여기서 앞으로는 가게 두지 않는다!」
0x98000	62	「나도… 마찬가지야」
0x98000	63	「서로… 이미 수는 다 알고 있군」
0x98000	64	「그렇군, 이제는 전력으로 부딪칠 뿐이다!」
0x98000	65	「나도 이번엔 죽을 각오로 해 보도록 할까…」
0x98000	66	「늘 실실 웃으며, 기타나 치고 있는 놈이라고 여겨지면 분하니까 말이야」
0x98000	67	「여기에는 곧 너희 동료가 도착하겠지?@그때까지 너희를 쓰러뜨리고… 여기를 지나가겠다. 기가를 만나야 하거든!」
0x98000	68	「정말로… 그런 일이 가능하다고 생각하나?」
0x98000	69	「너희야말로… 가샤도쿠로를 쓰고도 쓰러뜨리지 못했던 우리를,@너희만으로 쓰러뜨릴 수 있다고 생각하는 거냐?」
0x98000	70	「닥쳐라! 그 작전은 괴기상을 일으킨 단계에서 실질적으로 우리의 승리였다.@말하자면 그 후의 싸움은 여흥 같은 것… 우리는 진심이 아니었던 것이다!」
0x98000	71	「…………」
0x98000	72	「게다가 말이지…」
0x98000	73	「그만두자고, 라 세느」
0x98000	74	「뭐!?」
0x98000	75	「긍지 높은 흡혈귀 일족에게 변명 따위 어울리지 않아.@패배는 패배… 그리고, 우리가 지금부터 쟁취할 것이 진짜 승리… 그걸로 충분하잖아?」
0x98000	76	「아, 아아… 그렇군…」
0x98000	77	「대단한 자신감이군… 하지만, 나에게도 질 수 없는 이유가 있어.@잃을 수 없는 것이 있다고!」
0x98000	78	「좋아, 그럼 시작할까…」
0x98000	79	「아아, 간다!」
0x98000	80	「우리 공격이… 맞지 않아? …그렇군, 순간이동 능력인가!」
0x98000	81	「후후후… 봤느냐! 나와 엘리트에게 공격을 가하는 것은 불가능하다!」
0x98000	82	「너희로는 우리를 쓰러뜨릴 수 없어. 각오하는 게 좋겠군!」
0x98000	83	「뭐라고!?」@(하지만… 확실히 이대로는 놈들에게 공격을 가할 수 없어… 대체 어떻게 하면…?)
0x98000	84	「어찌 된 거냐, 우리를 쓰러뜨리고 기가 님이 계신 곳으로 가는 것 아니었나?」
0x98000	85	「아니면… 어떻게 여기서 도망쳐 돌아갈까… 하고 생각하는 중인가?@아~하하하하하!」
0x98000	86	「크… 어떻게 하면 좋지!」
0x98000	87	(…그렇구나… 어쩌면!)
0x98000	88	「키타로, 박쥐다!」
0x98000	89	「어?」
0x98000	90	「저놈들은 박쥐의 초음파를 써서 잦은 순간이동을 하고 있는 것이다. 그렇다면…」
0x98000	91	「그렇군요! 박쥐를 전부 쓰러뜨리면 되는 거군요?」
0x98000	92	「음, 그러면 빈번한 순간이동은 못 하겠지! 해 보는 것이다!」
0x98000	93	「뭐…? 박쥐들이 전멸했다고?」
0x98000	94	「이런… 우리 작전의 구조가 들통난 건가?」
0x98000	95	(구조? 무슨 소리지…?@잘 모르겠지만, 아무래도 놈들은 박쥐를 이용하고 있었던 모양이군.@그렇다면… 그것이 무너진 지금이 기회다!)
0x98000	96	「박쥐는 전부 쓰러뜨렸다… 이번엔 너희 차례다, 엘리트! 라 세느!」
0x98000	97	「키타로… 역시 만만치 않은 상대로군. …그렇다면!」
0x98000	98	「응? 뭘 할 셈이냐!」
0x98000	99	「회복하고 있다! 놈에게는 이런 것도 가능했던 것이냐!?」
0x98000	100	「음악에는 신기한 힘이 있다… 하물며, 내 테크닉이 있으면 이 정도 재주, 식은 죽 먹기지!」@(후… 하지만, 이렇게 혼이 담긴 연주는… 그렇게 여러 번 할 수는 없지만)
0x98000	101	「크…… 안 되겠다. 정신 차려 보니 이렇게 데미지를 입고 있지 않은가…」@(어떻게든 에너지를 보급해야…)
0x98000	102	「음… 저건…?」
0x98000	103	「자, 잠깐, 뭐 하는 거야! 놓으라니까!」
0x98000	104	「끼끼~~!!」
0x98000	105	「고양이소녀! 무슨 일이야?」
0x98000	106	「키타로! 이놈들 좀 어떻게 해 봐!@나를 끌어당겨서 어딘가로 데려가려고 한다고!」
0x98000	107	「끼끼~~!!」
0x98000	108	「너희들… 나에게 저 여자의 피를 빨라는 것이냐?」
0x98000	109	「끼~~~~~~!!」
0x98000	110	「뭐, 뭐야!?」
0x98000	111	「좋다, 찬밥 더운밥 가릴 때가 아니지. 네 피를 받겠다!」
0x98000	112	「꺅~! 그만둬 이 변태!」
0x98000	113	「잘 보면, 그럭저럭 미인인 것 같고… 이참에, 요괴 고양이라도 상관없다!」
0x98000	114	「꺄아아아아아아~~~!!」
0x98000	115	「고양이소녀!」
0x98000	116	「키타… 로…」
0x98000	117	「고양이소녀~~~~!!」
0x98000	118	「키타… 로…」
0x98000	119	「고양이소녀…! 괜찮아?」
0x98000	120	「미안… 키타로. 나… 실수했어…」
0x98000	121	「됐어… 말하지 마, 고양이소녀!」
0x98000	122	「키타로… 나… 역시… 그냥 짐이었나… 봐…」
0x98000	123	「무슨 소리야! 그런 일… 있을 리가 없잖아!」
0x98000	124	「그래… 다행… 이다…」
0x98000	125	「고양이소녀? 고양이소녀~!!」
0x98000	126	「괜찮다 키타로, 정신을 잃었을 뿐이다!@물러나게 해 두면 목숨에 지장은 없다.@고양이소녀가 걱정이라면… 이 싸움을 어서 끝내고, 치료해 주는 것이다!」
0x98000	127	「네, 네!」
0x98000	128	「퉤퉤퉤! 뭐냐 이 피는…@역시 하찮은 고양이의 피는 고귀한 이 몸의 입에 맞지 않는군…」
0x98000	129	「뭐라고!? 화났다… 이제 화났다고!」
0x98000	130	「자… 마지막 파티다. 즐겨 보지 않겠나!」
0x98000	131	「일족을 위해… 사력을 다해 주마!」
0x98000	132	「무, 뭐라고! 또다시… 또다시 너희에게 당하는 것이냐?」
0x98000	133	「몇 번을 해도 마찬가지야. 이 일본에 우리가 있는 한@나를… 믿어 주는 사람과 동료가 있는 한, 나는 지지 않아!@프랑스로 돌아가는 게 좋겠군, 라 세느!」
0x98000	134	「이놈… 키타로~! 철수다!」
0x98000	135	「졌… 나」
0x98000	136	「엘리트… 너희는 정말로 그 기가라는 놈과 진심으로 협력하고 있는 거냐?」
0x98000	137	「어째서… 그렇게 생각하지?」
0x98000	138	「너희에게서는… 강한 결속이 느껴지지 않아. 집단이라는 형태는 되어 있어도 결국은 뿔뿔이야」
0x98000	139	「그렇군… 그래서 너희에게 이길 수 없는 건지도 모르지」
0x98000	140	「어?」
0x98000	141	「기가는… 이 성에 온 일본에서 흘러드는 영기 에너지를 쌓아 두고 있다.@그건 어중간한 양이 아니야. 놈은 이미 무한이라 여겨질 만한 에너지를 가지고 있을 거다.@조심해라, 정상적인 방법으로는… 놈에게 이길 수 없어」
0x98000	142	「나에게… 충고해 주는 거냐? 어째서…」
0x98000	143	「나도… 그 기가라는 놈이 마음에 안 드는 거야. 놈은 우리의 궁상을 구하고, 은혜를 팔았지.@하지만… 우리가 경제적으로 궁해진 것 자체가, 근본을 따지면 놈이 꾸민 일이라고 나는 보고 있어.@놈은… 우리를 마음대로 가지고 놀고 있는 거다」
0x98000	144	「가지고 논다…? 무슨 소리냐?」
0x98000	145	「흥, 나머지는 네 눈으로 확인해라. 잘 있어라, 키타로. 또 보자고…」
0x98000	146	「전부 쓰러뜨린 모양이구나…」
0x98000	147	「문의 잠금도 해제되었나」
0x98000	148	「고양이소녀 상태를 봐야 해!」
0x98000	149	「오오, 그랬구나!」
0x98000	150	(괜찮을까… 고양이소녀…)
0x98000	1024	개발중
0x9a800	0	「이번에야말로… 정말로 도착한 모양이구나」
0x9a800	1	「기가… 결착을 내러 왔다, 모습을 드러내라!」
0x9a800	2	「키타로인가…」
0x9a800	3	「누구냐!?」
0x9a800	4	「나다… 키타로」
0x9a800	5	「드라큘라!」
0x9a800	6	「이렇게 쉽게 여기까지 침입을 허용하다니… 한심한 놈들이다」
0x9a800	7	「기가는 어디 있느냐!?」
0x9a800	8	「키타로… 너는 강하군…」
0x9a800	9	「뭐라고?」
0x9a800	10	「나처럼… 일족의 내일을 어깨에 짊어진 요괴에게는 젊은 네가 부럽다…@책임도 지지 않고… 두려움을 모르고…@그저 자신이 옳다고 생각한 것이 이루어지지 않는 데 분노하며, 무모하게 굴 수 있는 네가…@부럽다!」
0x9a800	11	「네가 어떤 고민을 안고 기가 밑에 있는지 따위 미안하지만… 흥미 없어.@나중에 해 주지 않겠나!」
0x9a800	12	「뭐라고!?」
0x9a800	13	「젊다느니… 두려움을 모른다느니… 마음대로 말해 주는군.@나도, 꺾일 것 같아질 때가 있어. 몇 번이나 질 것 같아진다고!@하지만, 나는 스스로 그것과 싸우거나, 모두의 도움을 받아 넘어서 왔어.@그것을… 너는 나이나… 일족 탓으로 돌리며 도망치고 있을 뿐이잖아!」
0x9a800	14	「키타로…… 네놈… 내가 도망치고 있다는 것이냐?」
0x9a800	15	「기가는 분명 사실은 강하지 않아. 우리가 그렇게 믿게 된 것뿐이야!@네트와… 정보를 조종해서… 우리를 마음대로 컨트롤하고 있는 거야!@기가를 만나게 해 줘! 놈과 직접 이야기하겠다」
0x9a800	16	「그렇게는 안 된다… 나는 네놈과 다시 결착을 낼 기회를 얻었다…@그런 나를 무시할 셈이라면… 그럴 수 없게 만들어 줄 뿐이다!」
0x9a800	17	「으으… 여기는?」
0x9a800	18	「어떻게든… 기가의 속박에서 풀려난 모양이군…」
0x9a800	19	「이 성이… 무너지나」
0x9a800	20	「여기 올 예정이던 요괴 동료들도, 이래서는 허둥지둥 돌아가 버렸겠군…」
0x9a800	21	「흥. 결국은 키타로에게 당했나」
0x9a800	22	「아아, 그런 셈이지. 우리도 물러날까, 치, 배를 내주지」
0x9a800	23	「음, 그렇구나… 키타로… 이대로 끝내지는 않겠다!」
0x9a800	24	「일본은… 언젠가 갖는다. 그때를 기다려라!」
0x9a800	25	「으으…」
0x9a800	26	「괜찮나 형제…」
0x9a800	27	「정신 차려…!」
0x9a800	28	「오오… 너희들!? 나를… 도우러 와 준 것이냐?」
0x9a800	29	「당연하지!」
0x9a800	30	「당해 버렸군. 키타로에게」
0x9a800	31	「미안하다, 일족의 수장인 내가 그 기가라는 자를 쉽게 믿은 탓에…」
0x9a800	32	「이미, 끝난 일이야」
0x9a800	33	「자, 돌아가자. 그리고 다음엔 우리 손으로 키타로를 쓰러뜨리고… 이 일본을 손에 넣는 거야!」
0x9a800	34	「아아… 그렇군」@(키타로… 역시 네놈은 강했군…@하지만 내가 이 일본을 원하고, 너를 쓰러뜨리기를 바라는 한, 우리의 싸움은 계속되는 것이다.@그것을… 잊지 마라!)
0x9a800	35	「키타로… 다음에 만날 때를 기대하고 있어라!」
0x9a800	36	「…잘 있거라, 재팬!」
0x9a800	37	「키타로 씨!」
0x9a800	38	「키타로! 서둘러라! 성이 무너진다!」
0x9a800	39	「다른 모두는!?」
0x9a800	40	「벌써 전원 배에 타 있느니라!」
0x9a800	41	「세계 요괴의 부하들은 도망친 모양이구나」
0x9a800	42	「모두 진작에 도망쳐 돌아간 모양이다. 무른 요괴 관계로다」
0x9a800	43	「아야야야…」
0x9a800	44	「앗! 쥐인간 녀석이 눈을 떴구나!」
0x9a800	45	「이 녀석~~! 혼~내~ 준~다~!」
0x9a800	46	「와~! 자, 자, 잠깐만!」
0x9a800	47	「각오해라… 이번만큼은…」
0x9a800	48	「키타… 로…」
0x9a800	49	「키타로, 고양이소녀가!」
0x9a800	50	「키타로… 거기 있어?」
0x9a800	51	「아아, 여기 있어 고양이소녀」
0x9a800	52	(사사사… 살았다~!)
0x9a800	53	「기가는… 쓰러뜨렸어?」
0x9a800	54	「아아, 너랑… 모두의 덕분이야」
0x9a800	55	(그, 그렇지!)@「그렇~지 키타로! 봤냐! 내 작전을!?」
0x9a800	56	「자, 작전~?」
0x9a800	57	「그럼… 기가의 편이 된 척하고서…@놈이 자랑하는 영력 공급 장치를 파괴할 기회를 엿보고 있었던 거야~!@뭐, 너무 잘 풀려서 무서울 정도의 결과가 되어 버렸지만 말이야!」
0x9a800	58	「끝까지………」
0x9a800	59	「으갸아아아아~~!」
0x9a800	60	「꼴사납다니까 너는! 정말이지… 마음 놓고 쉬지도 못하잖아!」
0x9a800	61	「하, 하하… 기운을 차린 모양이네」
0x9a800	62	「보세요! 키타로 씨!」
0x9a800	63	「기가의 성이 무너진다…」
0x9a800	64	「긴… 싸움이었네, 키타로」
0x9a800	65	「아아…」
0x9a800	66	(길고… 긴… 싸움이었어…)
0x9a800	67	「너희들은!」
0x9a800	68	「키타로… 벌써 이런 데까지 와 있었느냐?」
0x9a800	69	「백베어드와 라 세느 일행이 당한 모양이군…@진부한 말이지만… 과연 키타로라는 건가…」
0x9a800	70	「키타로! 우리 힘… 실컷 맛보는 것이 좋겠다!」
0x9a800	71	(역시 이렇게 되나… 어쨌든… 어떻게든 기가를 끌어내야…)
0x9a800	72	(흥, 지금 놈에게 대항할 수 있는 전력은 나를 포함해 이 정도인가…? 기가 이놈… 무엇을 하고 있는 것이냐!@정보를 조종할 수 있다느니 말해 놓고… 간단히 키타로 일행을 여기까지@침입시키고 있지 않느냐? 놈의 능력은… 진짜인가? 아니면…)
0x9a800	73	「드라큘라여」
0x9a800	74	「무엇이냐, 보자이」
0x9a800	75	「기가 녀석은… 정말로 믿을 수 있는 것이냐?」
0x9a800	76	「하! 무슨 소리를 하는 것이냐! 당연하지 않느냐!」
0x9a800	77	「아니, 너는 놈을 믿지 않는다. 네 비밀 병기를… 나는 찾아냈다」
0x9a800	78	「!? 저, 저건…」
0x9a800	79	「뭐, 나는 어느 쪽이든 좋다만.@하지만… 슬슬, 이런 촌극을 계속하는 것이 괴로워졌다…@기가의 힘은 무섭지만… 놈에게 정말로 세계를 정복할 힘이 있다면, 어서 보여 주었으면 하는군」
0x9a800	80	「우, 우리를 의심하는 것이냐?」
0x9a800	81	"「딱히… 다만, 우리는 당신과 기가가 내건@""요괴가 인간을 지배하는 세계""를 실현한다는 이상을 위해 모여 있는 것이다.@그런 우리를 속인다면 가만있지 않겠다…」"
0x9a800	82	「…………………………」
0x9a800	83	「그것뿐이다」
0x9a800	84	(크… 이놈이고 저놈이고!@하지만… 이제 되돌아갈 수는 없다. 나에게는… 기가를 믿고 나아가는 것 외에 길이 없는 것이다!)
0x9a800	85	「으학!」
0x9a800	86	「드라큘라! 이번에야말로 끝이다!」
0x9a800	87	「크… 내가 이렇게 쉽게…」
0x9a800	88	「쳇, 한심한 남자로군. 정체 모를 기가도 그렇고, 이 한심한 놈도 그렇고…@솔직히… 정나미가 떨어졌다!」
0x9a800	89	「확실히… 물러날 때라는 것인가」
0x9a800	90	「배, 배신하는 것이냐? 기가가 가만있지 않을 텐데!?」
0x9a800	91	"「무엇이 ""기가""냐! 정작 그놈은 키타로가 와 있는데도 모습도 보이지 않고,@우리에게 이 자리를 떠맡긴 채 무엇을 하고 있는 것이냐?」"
0x9a800	92	「설마… 꽁무니를 빼고 도망칠 준비를 하고 있는 것은 아니겠지!」
0x9a800	93	「크…」@(확실히… 그놈은 대체 무엇을 생각하고 있는 것이냐!)
0x9a800	94	「누오오오오~ 이 내가!」
0x9a800	95	「치! 각오해라!!」
0x9a800	96	「크… 치가 이렇게 쉽게 쓰러지다니…」
0x9a800	97	「치, 물러날 때다. 드라큘라와 어울려 봐야 앞이 뻔하다」
0x9a800	98	「확실히… 우리와 드라큘라의 일시적인 맹약도 여기까지라는 것인가」
0x9a800	99	「배, 배신하는 것이냐? 기가가 가만있지 않을 텐데!?」
0x9a800	100	"「무엇이 ""기가""냐! 정작 그놈은 키타로가 와 있는데도 모습도 보이지 않고,@우리에게 이 자리를 떠맡긴 채 무엇을 하고 있는 것이냐?」"
0x9a800	101	「설마… 꽁무니를 빼고 도망칠 준비를 하고 있는 것은 아니겠지!」
0x9a800	102	「크…」@(확실히… 그놈은 대체 무엇을 생각하고 있는 것이냐!)
0x9a800	103	「그아아아아아~~!」
0x9a800	104	「보자이! 각오해라!!」
0x9a800	105	「크… 보자이가 이렇게 쉽게 쓰러지다니…」
0x9a800	106	「쳇, 형세가 나쁘군… 드라큘라와 어울려 봐야 앞이 뻔하다는 느낌인가」
0x9a800	107	「확실히… 물러날 때라는 것이군」
0x9a800	108	「배, 배신하는 것이냐? 기가가 가만있지 않을 텐데!?」
0x9a800	109	"「무엇이 ""기가""냐! 정작 그놈은 키타로가 와 있는데도 모습도 보이지 않고,@우리에게 이 자리를 떠맡긴 채 무엇을 하고 있는 것이냐?」"
0x9a800	110	「설마… 꽁무니를 빼고 도망칠 준비를 하고 있는 것은 아니겠지!」
0x9a800	111	「크…」@(확실히… 그놈은 대체 무엇을 생각하고 있는 것이냐!)
0x9a800	112	「후후후…」
0x9a800	113	「음!? 뭐냐!?」
0x9a800	114	「이 목소리는… 기가 녀석인가?」
0x9a800	115	「나라면… 여기다」
0x9a800	116	「기가 녀석이 나오지 않는다 했더니… 그런 데 숨어 있었던 것이냐!?」
0x9a800	117	「치, 보자이, 이, 일단 안쪽으로 물러난다!」
0x9a800	118	「쳇, 뭐라는 것이냐…?」
0x9a800	119	「뭐 좋다. 슬슬 놈의 본심을 확인해 주지!」
0x9a800	120	「앗! 기다려!」
0x9a800	121	「기, 기가… 님!?」
0x9a800	122	「무, 무엇을 하고 계셨습니까! 키타로 일행은 여기까지 와 있었단 말입니다!?」
0x9a800	123	「후… 환영 준비가 있었지」
0x9a800	124	「…기가 씨, 할 이야기가 있다」
0x9a800	125	「뭐냐… 말해 보아라?」
0x9a800	126	「우리는 당신이 내건 이상에 찬동해서 오늘까지 협력해 왔다.@하지만… 솔직히, 당신이 정말로 강한지 어떤지… 우리는 모른다」
0x9a800	127	「호오… 그래서?」
0x9a800	128	「우리를 동료로 붙잡아 두고 싶다면… 당신이 강하다는 증거를 보여 달라」
0x9a800	129	「그렇다… 네트를 조종할 수 있는 것은 알겠지만, 네놈의 힘이 진짜라는 것을…@지금, 여기서 키타로 일행을 쓰러뜨려 제대로 형태로 보여 주었으면 하는데!」
0x9a800	130	"「후후… 어차피 ""힘""으로 보여 주지 않으면… 너희로는 이해할 수 없나?@낡은 요괴가 할 법한 소리로군」"
0x9a800	131	「뭐? 우리를 우롱할 셈이냐?」
0x9a800	132	「진정 이 세상을 제패하는 자는 정보를 제패하는 자다…@힘의 우열에 집착하는 것은 어차피 네놈들이 짐승과 다를 바 없는 하등한 존재이기 때문이다…@그런 네놈들이… 인간을 지배 따위 할 수 있을 것 같으냐!」
0x9a800	133	「무… 뭐라고?」
0x9a800	134	「마침내 본심을 뱉었구나」
0x9a800	135	「하하하하하! 즐겁구나!
0x9a800	136	 너희의 화난 얼굴… 당황한 얼굴…… 실로 유쾌하다!」
0x9a800	137	「보자이, 손을 빌려라! 이놈을 장사 지내 주겠다!」
0x9a800	138	「오냐!」
0x9a800	139	「정보가 부족하니… 상대와 자신의 역량을 잘못 보는 것이다」
0x9a800	140	「뭐?」
0x9a800	141	「누오아아아아아아!」
0x9a800	142	「우오오오오오오!」
0x9a800	143	「보자이, 치!」
0x9a800	144	「기가! 네놈은 대체 무엇이 목적이냐! 무엇을 위해 나를 돕고, 이상을 보게 한 것이냐!」
0x9a800	145	「상대의 정보도 가지지 않고… 교섭을 하려 드니까 속는 것이다」
0x9a800	146	「무…!?」
0x9a800	147	「기가… 어째… 서…!?」
0x9a800	148	「너희는… 이제 볼일이 끝났다」
0x9a800	149	「뭐야… 대체 무슨 일이 벌어지고 있는 거지?」
0x9a800	150	「키타로… 자, 즐거운 쇼의 시작이다!」
0x9a800	151	「쇼라고? 이게 대체 무슨 쇼라는 거냐!」
0x9a800	152	「뻔하지, 너의 공개 처형 쇼다!」
0x9a800	153	「무, 뭐!?」
0x9a800	154	「후후후… 재미있는 것을 보여 주지」
0x9a800	155	「!? 무, 뭐냐 저건?」
0x9a800	156	「나는 방금, 저놈들의 요괴 정보를 받아들였다.@이놈들은 그것을 바탕으로 만들어 낸 완전한 복제다!」
0x9a800	157	「요괴를 복제한다고? 그런 일이 가능한 거냐!?」
0x9a800	158	"「그렇고말고 키타로.@놈들은 ""우리를 동료로 붙잡아 두고 싶다면""… 따위 말했지만,@우쭐해도 정도가 있지. 예전의 나라면 몰라도… 지금의 나에게 동료 따위 불필요하다.@""정보""만 있으면… 나는 현실에 그것을 만들어 낼 수 있으니까 말이다!」"
0x9a800	159	「동료는… 불필요하다는 거냐?」
0x9a800	160	"「그렇고말고, 드라큘라는 잘 일해 주었다… 그리고 앞으로도 도움이 되어 줄 것이다.@""동료""가 아니라 ""도구""로서 말이다!」"
0x9a800	161	「기가… 나는 네가 무엇을 하고 싶은 건지 잘 모르겠어.@하지만, 어쩐지 몹시 화가 난다…! 너를 쓰러뜨리고 모두에게 사과하게 해 주겠다!」
0x9a800	162	「바라던 바다… 와라, 키타로!」
0x9a800	163	「소용없다… 너희로는 나를 쓰러뜨릴 수 없다」
0x9a800	164	「닥쳐! 우리는 너를 쓰러뜨린다!」
0x9a800	165	「후후… 한 번 호되게 당한 것만으로는 아직 모르는 모양이군…」
0x9a800	166	「너는 자기가 힘을 기르기 위해 드라큘라 일당을 이용한 거냐?」
0x9a800	167	「그 말대로다」
0x9a800	168	「하지만… 너라면, 더 능숙하게, 들키지 않도록 계획을 진행할 수 있었을 텐데… 아니냐?」
0x9a800	169	「그렇다. 교토든 오가사와라든… 그만한 작전은 필요 없었다.@괴기상의 발생만 해도 작전을 앞당기는 일 따위 간단했으니까 말이다!」
0x9a800	170	「그럼… 어째서 그렇게 대규모의 계획이 필요했던 거냐!?」
0x9a800	171	「즐겁기 때문이다」
0x9a800	172	「뭐라고!?」
0x9a800	173	「내가 정보를 주면 놈들은 필사적으로 그대로 행동하려 한다.@내가 말하는 대로 놈들은 싸우다 패하고, 나에게 드라마를 보여 준다. 그것이 즐거운 것이다!」
0x9a800	174	「기가… 너…!?」
0x9a800	175	「자, 너도 나를 즐겁게 해 다오! 크크크… 아~하하하하!」
0x9a800	176	「크… 정말로 화났다!」
0x9a800	177	「후후후… 소용없다고 했건만…」
0x9a800	178	「뭐!?」
0x9a800	179	「회복… 한 건가?」@(기가 아래에 있는 저건… 대체 뭐지?)
0x9a800	180	「키타로… 이 성에는 지금, 온 일본의 영기가 흘러들고 있다.@그리고 모인 영기는 저장되어, 내 힘으로 바뀐다!@말했지 키타로, 나를 쓰러뜨리는 것은 불가능하다!」
0x9a800	181	(정말인가? …아니, 포기하면 안 돼!)@「기가… 나는 꺾이지 않아! 네놈을 반드시 쓰러뜨리겠다!」
0x9a800	182	「후후후… 통하지 않는다!」
0x9a800	183	「뭐!?」
0x9a800	184	(이래서는 끝이 없어… 놈은 정말로 쓰러뜨릴 수 있는 걸까?)
0x9a800	185	"「후후후… 키타로. ""꺾이지 않는다""느니 말했다만…@얼굴에 포기가 드러나기 시작했군. 그럼 겸사겸사… 진짜 절망을 맛보게 해 주지」"
0x9a800	186	「뭐라고!?」
0x9a800	187	「헤헤헤! 어이 키타로!」
0x9a800	188	「아~! 쥐, 쥐인간! 너, 뭐 하는 거야!」
0x9a800	189	「어이쿠 움직이지 마라 키타로! 움직이면 고양이소녀랑 영감이 어떻게 될지 모른다고!?」
0x9a800	190	「뭐라고!?」
0x9a800	191	「키… 타… 로?」
0x9a800	192	「에휴! 키타로, 미안하다! 쥐인간은 기가의 앞잡이가 되어 있었던 모양이다!」
0x9a800	193	「수고했다, 쥐인간」
0x9a800	194	「헤헤헤! 기가 님의 부탁이니까요!@하지만, 여기까지 안내하는 건 힘들었습니다요~」
0x9a800	195	「뭐라고?@그럼… 너는 처음부터 우리를 여기까지 안내하는 게 목적이었다는 거냐?」
0x9a800	196	「그럼, 기가 님의 부탁으로 말이야! 드라큘라 일당에게 들키지 않도록@여기까지 키타로 일행을 데려오라고 부탁받았다는 거지!」
0x9a800	197	「어째서냐… 기가, 우리를 만나고 싶다면, 어째서 직접 나를 여기로 데려오게 하지 않았지!」
0x9a800	198	"「말했을 텐데 키타로. ""즐겁기 때문""이다.@허둥지둥 찾아다니는 간부들… 필사적으로 들키지 않으려 행동하는 너희…@내가 꾸민 상황인 줄도 모르고, 우왕좌왕하는 네놈들을 보는 것은 최고로 즐거웠다!」"
0x9a800	199	「그럴 수가… 우리가 여기까지 온 것도… 네 뜻대로였다는 거냐!?」
0x9a800	200	「알겠느냐, 키타로. 너로는 나에게 이길 수 없다.@육친을 인질로 잡히고… 게다가 체력을 계속 회복하는 이 나를 상대로…@너에게 아직 맞설 마음이 있느냐?」
0x9a800	201	「………………………」@(윽… 어떻게 하면 좋지?)
0x9a800	202	「키, 키타로! 우리는 상관없다, 기가를 쓰러뜨리는 것이다!」
0x9a800	203	「키타… 로… 신경 쓰지 말고… 싸워…!」
0x9a800	204	「하지만…」
0x9a800	205	「키타로! 기가는 여기 있는 기계로 회복을 하고 있다!@기계라면… 부술 수 있을 터! 파괴할 수 있는 곳을 찾는 것이다!」
0x9a800	206	「파괴할 수 있는… 곳?」
0x9a800	207	(저건가!? 저것을 둘 다 부수면… 기가의 회복 장치를 멈출 수 있을지도 몰라!)
0x9a800	208	「무슨 생각을 하는 거냐 키타로!? 이쪽에는 인질이 있다고! 이상한 짓을 하면…」
0x9a800	209	「기다려라, 쥐인간…… 재미있군, 인질에게는 아직 손대지 마라!」
0x9a800	210	「엥? 그, 그래도 되겠습니까요?」
0x9a800	211	"「어차피 놈은 나에게 이길 수 없다. 그렇다면 조금쯤 어울려 주지 않겠느냐.@""게게게의 키타로의 마지막 싸움""에… 말이다!」"
0x9a800	212	「기가… 상당히 여유롭군! 나는 절대 포기하지 않는다! 너를 쓰러뜨려 보이겠다!」@(내 예상아… 맞아 다오!)
0x9a800	213	「몇 번을 말하게 할 셈이냐? 소용없다… 통하지 않는다!」
0x9a800	214	「역시 정면으로 싸워서는 승산이 없어… 먼저 회복 장치를 어떻게든 해야 해!」
0x9a800	215	(후후후…)
0x9a800	216	「좋아! 우선 하나다!」
0x9a800	217	「으음…… 안 되겠다! 그것에 눈독을 들였구나!」
0x9a800	218	(역시 이것이 놈의 회복 장치의 약점이야!)
0x9a800	219	「해냈다! 이걸로…」
0x9a800	220	「이, 이런~~!」
0x9a800	221	(그럴 수가… 아무 일도 일어나지 않아!?)
0x9a800	222	「후하하! 유감이었군 키타로!」
0x9a800	223	「뭐!?」
0x9a800	224	「중요한 회복 장치의 핵심 부분을 그런 곳에 드러내 놓고 둘 거라고 생각했느냐?」
0x9a800	225	「젠장… 기가가 조급해하는 것처럼 보인 건 연기였나!? 내 짐작이 빗나간 건가…」
0x9a800	226	「조금 더 즐길 수 있을까 했다만… 거기까지인 모양이군. 놀이 시간은 끝이다…@쥐인간!」
0x9a800	227	「히히히! 움직이지 마라 키타로! 움직이면 이번에야말로 영감과 고양이소녀의 목숨은 보장 못 한다!」
0x9a800	228	「여기까진가…」
0x9a800	229	「무, 무슨 짓을 하는 거야!」
0x9a800	230	「쥐인간! 아버지와 고양이소녀를 놔줘!」
0x9a800	231	「헤헤~ 싫거든!」
0x9a800	232	(아버지 일행이 인질인 채로는 곤란해…… 쥐인간을 어떻게든 해야…)
0x9a800	233	「아야야야! 제기랄! 잘도 해 줬겠다! 이렇게 된 이상…」
0x9a800	234	「고양이소녀를 방패로 삼을 셈이냐!?」
0x9a800	235	「그럼, 쓸 수 있는 건 고양이라도 쓴다. 그게 이 몸의 방식이야!」
0x9a800	236	「크, 이래서는 아버지 일행을 구하는 건 무리인가…」
0x9a800	237	(이대로는… …나… 정말로 키타로의 짐이야…@그런 건… 그런 건 절대로 싫어~~~~!)
0x9a800	238	「데야아~~~~~!!」
0x9a800	239	「으와! 무, 뭐야!」
0x9a800	240	「테야테야테야~~~~!!」
0x9a800	241	「히이이이이이~~~~!!」
0x9a800	242	「우오오! 바, 바보 녀석! 무슨 짓을」
0x9a800	243	「으… 으갸갸갸갸~!!」
0x9a800	244	「으와! 쥐인간이 포, 폭발했다!?」
0x9a800	245	「이런… 영기 에너지 공급 장치가!」
0x9a800	246	(어쨌든… 지금이 기회다!)
0x9a800	247	「아버지! 무사하셨어요!?」
0x9a800	248	「으, 음! 고양이소녀 덕분에 살았구나!」
0x9a800	249	「으와! 뭔가 냄새나요 아버지!」
0x9a800	250	「킁킁… 이건… 쥐인간 녀석의 체내에 있는 가스에 불이 붙은 것이구나?」
0x9a800	251	「가스… 라면 설마…」
0x9a800	252	「음, 방귀구나!」
0x9a800	253	「으윽, 내, 내 장치가! 자, 잘도~~~!」
0x9a800	254	「그렇군… 저기가 기가의 회복 장치의 진짜 중추 부분이었구나!?」
0x9a800	255	「이걸로 놈은 이제 회복을 할 수 없을 터!」
0x9a800	256	「이, 이놈~~~!!」
0x9a800	257	「키타로!」
0x9a800	258	「고양이소녀… 잘해 줬어」
0x9a800	259	「이걸로 이제… 놈은 체력을 회복할 수 없겠지!」
0x9a800	260	「나… 도움이 됐으려나…」
0x9a800	261	「아아, 됐어… 그러니, 이제 쉬어!」
0x9a800	262	「응…!」
0x9a800	263	「저건… 뭐냐?」
0x9a800	264	「으와!」
0x9a800	265	「이건… 뭐지? 기가의 짓인가?」
0x9a800	266	「아니, 그 영기 공급 장치인지 뭔지가 파괴되어서… 짙은 영기가 새어 나오고 있는 것이다!@그것이 이 방에 가득 차서 이공간처럼 되어 버린 것이다!」
0x9a800	267	「이놈… 어째서 이런 일이… 이렇게 된 이상!」
0x9a800	268	「저건!?」
0x9a800	269	「음… 우리와 동료의… 복제인 모양이구나」
0x9a800	270	「이래서는 네놈의 패배를 전 세계에 방송할 수도 없다!@잘도 내 즐거운 시간을 망쳐 놓았구나.@네놈들이 저지른 죄는… 네놈들 자신이 치러라!」
0x9a800	271	「키타로, 기가는 쓰러뜨릴 수 있다! 지금 중에 서둘러 마무리를 짓는 것이다!」
0x9a800	272	「네, 네!」
0x9a800	273	「그아아아아아아아아~~!! 어째서다! 어째서 이 내가 이런 곳에서!」
0x9a800	274	「기가, 네 패배다. 포기하고 네 나라로 돌아가라」
0x9a800	275	「내 나라라고…? 나에게 내 나라 따위 없다!」
0x9a800	276	「뭐라고… 무슨 소리냐?」
0x9a800	277	「키타로… 나는 네트에 소용돌이치는 인간의 상념이 만들어 낸 요괴다…@나는… 씨앗 같은 것이었다. 네트를 들여다본 어떤 요괴와 동조하고, 융합해서 내가 태어났다」
0x9a800	278	(어떤 요괴…? 누구를 말하는 거지?)
0x9a800	279	「나는… 기뻤다. 그때까지 정보의 세계에서밖에 존재할 수 없었던 자신이@진짜 세계에 영향을 미칠 수 있게 되었으니까 말이다!@네트의 계좌 숫자를 조금 만져 주면 간단히 동료가 생겼다.@정보를 바꿔 주면 손쉽게 누구나 그것을 믿었다!@나는… 즐거워서 견딜 수가 없었던 것이다!」
0x9a800	280	「웃기지 마! 너는 장난 삼아 한 것일지도 몰라…@하지만 분명 그것 때문에 엄청난 피해를 입은 인간이나 요괴가 있었을 거야!@다치고… 목숨을 잃은 사람도 있었을지 몰라!@그게 즐겁다고? 제정신이 아니야!」
0x9a800	281	「후후후… 그게 어쨌다는 거냐」
0x9a800	282	「뭐!?」
0x9a800	283	「네트 안에는 온갖 것이 넘쳐 나고 있다.@인간의 욕망과 질투, 슬픔과 광기, …그런 것들로 그 안은 가득 차 있다!@인간도 요괴도 아름다운 것이 아니다, 더 사악하고 혼돈스러운 것이다!@그렇다면… 그놈들을 조종할 힘을 가진 내가, 놈들을 마음대로 쓴들 무엇이 나쁘냐!@그리고 그 결과, 놈들이 아무리 죽든 살든… 죄책감 따위 느끼지 않는다!」
0x9a800	284	「닥쳐! 확실히 나쁜 마음을 가진 놈도 있어.@하지만 그런 놈들만 있는 건 아니야!@적어도… 내 동료들은 네가 생각하는 것 같은 존재와는 달라!」
0x9a800	285	「어째서 그렇게 믿을 수 있지?@내가 정보를 조금 조작한 것만으로, 일본의 요괴들은 너에게 이빨을 드러냈고, 인간들은 총구를 겨눴다.@동료라는 애매한 말에 매달려… 그것을 믿고 있는 너희 쪽이@내가 보기에는 훨씬 잘못된 것이다!」
0x9a800	286	「그, 그건…」
0x9a800	287	「응? 키타로… 뭔가 들리지 않느냐?」
0x9a800	288	「어? 그러고 보니 어쩐지 성 밖이 소란스러운 것 같은……
0x9a800	289	 !? 혹시…!」
0x9a800	290	"「음, 그 ""혹시""일지도 모른다!」"
0x9a800	291	「뭐냐…? 무슨 이야기를 하고 있는 것이냐!」
0x9a800	292	"「기가… ""동료""라는 말은 애매하다고 했지…」"
0x9a800	293	「아아, 그것이 어쨌다는 거냐!」
0x9a800	294	「성 밖의 광경을 모니터에 비춰 봐.@그러면 그것이 사실인지 어떤지 알 수 있을 거야!」
0x9a800	295	「뭐라고!」
0x9a800	296	「이, 이건!?」
0x9a800	297	「키타로~! 어디냐~! 다 같이 도우러 왔다!」
0x9a800	298	「나눠서 찾자!」
0x9a800	299	「남은 졸개들은 우리에게 맡겨 주면 돼!」
0x9a800	300	「우리 말고도, 말을 걸었더니 의외로 모여 줬구나…」
0x9a800	301	「모두… 이러니저러니 해도 인터넷이나 TV보다 키타로를 믿었던 거지…@말을 걸었더니 다들 금방 모여 주었어」
0x9a800	302	(키타로 씨… 키타로 씨가 구해 준 사람들과 요괴분들이 모두… 일어서 주었어…@키타로 씨가 열심히 했으니까… 꺾일 것 같아도… 죽을힘을 다해 해 왔으니까…@모두 키타로 씨를 믿어 준 거야!)@「키타로 씨가 처형된다는 말을 듣고… 다들 속으로 걱정하고 있었던 거죠?」
0x9a800	303	「음, 키타로와 우리의 인연이 거짓 정보를 이긴 것이다!」
0x9a800	304	「분명 지금쯤 모두 기가와 싸우고 있을 거예요…@어서 키타로 씨와 여러분을 찾아서… 도와드립시다!」
0x9a800	305	「그럴… 그럴 수가! 위험을 무릅쓰면서까지…@게다가, 내 정보 조작을 아랑곳하지 않고… 키타로를 믿고 찾아왔다는 것이냐?」
0x9a800	306	「그래, 기가. 네… 패배다」
0x9a800	307	「아니다… 나는 완벽했다! 너는 우연히 이긴 것에 지나지 않는다! 패배 따위… 인정할까 보냐!」
0x9a800	308	「확실히 우연에 도움받은 경우도 있었을지 몰라… 하지만, 그것만이 아니야.@겉치레 정보만으로는 마음을 움직일 수 없어. 거기에는 오랜 시간을 들인 신뢰가 필요해.@너는 정보를 제패한 것만으로, 모든 것을 손에 넣은 기분이 들었던 거야.@그것이… 네가 진 이유다!」
0x9a800	309	「우오오오오오~~! 말도 안 돼… 말도 안 돼 말도 안 돼 말도 안 돼~~~~~~~!!!
0x9a800	310	 나의… 패배… 라고…? 싫어… 싫어~~~~~!」
0x9a800	311	「기가를… 쓰러뜨린 건가?」
0x9a800	312	「응? 저건 뭐냐?」
0x9a800	313	「………」
0x9a800	314	「뭐지… 요괴인가?」
0x9a800	315	「안 되겠다! 이 성은 곧 무너진다!」
0x9a800	316	「영기 공급 장치를 부순 것이 잘못이었나…?@어쨌든 그를 회수해서 모두와 합류합시다!」
0x9a800	317	「음, 그렇구나!」
0x9a800	1024	개발중
0x9f800	0	「…다음은, 사이버 테러 사건의 속보입니다.@우리나라를 덮친 미증유의 사이버 테러 사건은 그 후, 각 기관에 의한 필사적인 복구 작업이 이어지고 있습니다.@정부 발표에 따르면 이번 바이러스 사건의 범인은 특정하지 못했으나,@백신 개발은 용이하여 최소한의 피해로 끝날 것이라는 낙관적 예상이 제시되고 있습니다.@그러나, 전문가들 사이에서는 미확인 영역에 잠복해 있을 가능성이 있어, 결코 안이하게@결론을 서둘러서는 안 된다는 의견도 나오고 있어, 혼란은 아직 이어질 것으로 보입니다.@또한, 지난 방송에서 일부 잘못된 사실관계가 있었습니다.@사과드리며 정정합니다. 그럼 CM에 이어서 각지의 날씨…」
0x9f800	1	「후~, 살 것 같구나!」
0x9f800	2	「아버지, 물 온도는 어떠세요?」
0x9f800	3	「음, 지쳤을 때는 이 정도 미지근한 온도가 딱 좋다, 나무랄 데 없다!@내 몸 상태까지 내다보고 물 온도를 맞출 수 있다니… 실력이 늘었구나 키타로!」
0x9f800	4	「나도 꽤 늘었다고 생각하는데… 키타로한테는 아직 못 당하겠어…」
0x9f800	5	「그러고 보니 고양이소녀, 이제 몸 상태는 괜찮아?」
0x9f800	6	「어? 응, 덕분에 이제 전혀 괜찮아」
0x9f800	7	「그런가, 다행이다」
0x9f800	8	「그 후에 온 일본을 덮친 바이러스라는 게… 역시…」
0x9f800	9	「내 몸에서 흩어진 기가로서의 구성 요소가 컴퓨터에 침입해서@일어난 것이겠죠. 마치… 진짜 바이러스처럼요…」
0x9f800	10	「죽어서도 여전히… 라는 것이구나」
0x9f800	11	「그러고 보니… 우리는 자네 이야기를 자세히 듣지 못했구나…」
0x9f800	12	「그럼, 새삼스레… 저는… 그렘린이라고 합니다」
0x9f800	13	「그렘린? 분명… 기계를 좋아하는 서양 요괴로구나?」
0x9f800	14	「네.@저희는 기계에 장난을 치거나, 반대로 고장을 고쳐 주며 살아가는 요괴입니다.@어느 날… 인터넷 단말이라는 것에 흥미가 생겨서… 태어나 처음으로 만져 봤어요.@그랬더니… 제 몸에 갑자기 온갖 정보가 흘러들어 와서…」
0x9f800	15	「그래서~ 기가가 태어난 건가~」
0x9f800	16	「그렘린의 몸은 기계나 전기와 궁합이 좋으니 말이다…」
0x9f800	17	(이렇게 작은 요괴에게 그만한 힘을 준 네트 속의 세계…@거기에는, 그만큼 눈에 보이지 않는 힘이 소용돌이치고 있었구나…)
0x9f800	18	「제 의식은 거의 기가에게 점령당해 있었지만… 자신이 무엇을 하고 있었는지는 기억합니다.@여러분 덕분에 자유로워질 수 있었어요. 정말로 감사합니다」
0x9f800	19	「한동안 깨어나지 않아서 걱정했는데, 큰 부상이 없어서 무엇보다 다행이야」
0x9f800	20	「그, 그렘린 씨! 준비, 되셨나요?」
0x9f800	21	「앗! 루카 양!」
0x9f800	22	「준비… 라니 무슨 말이오?」
0x9f800	23	「그녀… 아버지 일 때문에 잠시 해외에 가게 되었대.@마침 잘됐으니, 그렘린을 데려가 달라고 하기로 했어」
0x9f800	24	「호오… 그거 잘됐구나」
0x9f800	25	「이야기는 들었습니다. 당신은… 제가 무섭지 않으신가요?@제가 다시 기가가 되어 당신을 습격할 가능성도 있는데요?」
0x9f800	26	「괜찮아요… 왜냐하면 키타로 씨가 있으면@기가가 몇 번을 되살아나도 분명 달려와서 도와줄 테니까요」
0x9f800	27	「그 말대로야 루카 양!」
0x9f800	28	「어라어라… 키타로. 이거 큰일이 됐구나」
0x9f800	29	「하하… 되도록 기대에 부응하도록 노력할게」
0x9f800	30	(키타로… 기가 너머로 본 당신들은, 언제나 아주 격렬하게 투지를 불태우고 있었어…@그것은… 서로 이렇게 믿을 수 있는 동료와…@그 사람들과의 이런 평온한 나날을 지키기 위해서였군요)@「그, 그렇네요, 분명 괜찮겠죠. 기가가 다시 나타나더라도」
0x9f800	31	「그럼, 슬슬 갈까요, 그렘린 씨!」
0x9f800	32	「조심해, 둘 다」
0x9f800	33	「네!」
0x9f800	34	「안녕히 계세요, 키타로 씨」
0x9f800	35	「이런이런… 한 고비 넘겼구나」
0x9f800	36	「결국… 기가는 무엇이었을까」
0x9f800	37	"「모르겠지만… 놈은 능력도 사고방식도 우리 같은 요괴와는 달랐어.@한마디로 말하면 ""완전히 새로운 요괴""였던 거겠지」"
0x9f800	38	「완전히 새로운 요괴… 인가. 분명 앞으로도 새로운 요괴는 태어나겠지.@인간도 우리가 알던 옛날 인간들에게서 변해 가고 있다.@인간과 요괴는… 함께 새로워져 가는 것이 아니겠느냐…」
0x9f800	39	「그 이야기대로라면 기가 같은 놈이 농담이 아니라 정말로 또 나타날지도 모르겠구나.@우리가 태평하게 은거할 날도 당분간 오지 않는다는 것이구나」
0x9f800	40	「어쩐지… 무서운 이야기구나. 일본은 어떻게 되어 버리는 것이냐.@게다가 우리는 지금 이대로 그놈들에게 맞설 수 있는 것이냐?」
0x9f800	41	「아~~~ 안 되겠다!!」
0x9f800	42	「무슨 일이야, 고양이소녀!?」
0x9f800	43	「루카 양한테 외국에서 사다 달라고 할 물건 하나를 부탁하는 걸 깜빡했어!@서둘러 가야겠다! 그럼 키타로, 또 봐~!」
0x9f800	44	「이런이런, 뭔가 했더니… 시끄러운 녀석이구나!」
0x9f800	45	「확실히 앞으로 어떻게 되어 갈지 불안하지만…@시대가 바뀌어 인간과 요괴가 새로워져 간다 해도 기가 같은 놈만이 아니라@저 아이들처럼 사이좋게 지낼 수 있는 사람들도 분명 많이 만나게 될 거예요」
0x9f800	46	「음, 그, 그렇구나」
0x9f800	47	「헤헤헤… 키타로 군~, 있나~~?」
0x9f800	48	「쥐인간! 그 후로 모습을 감추더니… 어디에 가 있었느냐!」
0x9f800	49	「아니, 뭘…@내가 다니던 회사가… 아무래도 기가나 드라큘라의 입김이 닿은 회사였던 모양이라!@귀찮은 일이 되기 전에 튀어 있었지」
0x9f800	50	「이런이런… 너는 귀찮은 일에만 머리를 들이미는구나」
0x9f800	51	「그런 것보다 말이야… 오늘은 좋은 물건 가져왔다고~?」
0x9f800	52	「좋은 물건… 이라고?」
0x9f800	53	"「짜~잔! 이-거-다! 획기적 영어 회화 습득용 소프트 ""술술토크 2003""이다!」"
0x9f800	54	「…가지고 돌아가」
0x9f800	55	"「그러지 마 키타로! 시대는 지금 ""글로벌 커뮤니케이션""@줄여서 ""글로커뮤""의 시대라고~!?@앞으로의 새로운 시대, 요괴 퇴치도 영어 정도는 못 하면 못 해 먹는다고~!@지금이라면 부가세와 할부 수수료는 내가 부담해 줄 테니까~!」"
0x9f800	56	「포기해라, 쥐인간」
0x9f800	57	「영감은 잠자코 있어! 뭐, 일단 소프트를 실행해서 시험해 보라고!」
0x9f800	58	「없어」
0x9f800	59	「엥… 뭐가?」
0x9f800	60	「컴퓨터가」
0x9f800	61	「무… 뭐라~~~!」
0x9f800	62	「버려 버렸어. 기가의 바이러스 건도 있고 나한테는 필요 없는 것 같으니까」
0x9f800	63	「뭐라고? 어, 어쩔 거야!@기가 같은 새로운 놈이 앞으로 점점 나올지도 모르는데~!?@그런데도… 네가 시대에 뒤처져서 어쩔 거냐고~~!?」
0x9f800	64	「시대에 뒤처져도 되잖아」
0x9f800	65	「무… 뭐라고?」
0x9f800	66	「확실히 시대는 새로워져 간다. 사람도 요괴도 새롭게 변해 가겠지.@하지만, 새로워져서 좋은 세상이 되었느냐고 하면… 반드시 그렇다고는 할 수 없어.@오히려… 나빠졌는지도 몰라.@그렇다면, 새로운 것 속에 위험한 것이 숨어 있는지도 몰라.@나는 그것을 가려낼 때까지 예전 그대로의 마음으로 있기로 했어.@나는 이 숲에서 인간들을 계속 지켜보겠어. 그들의… 좋은 친구로서 말이야」
0x9f800	67	「호오…」
0x9f800	68	「헤! 마, 마음대로 해라@이런 원시적인 집에 있는 건 시간 낭비다! 나는 돌아가겠어!」
0x9f800	69	「…화내고 돌아가 버렸네요」
0x9f800	70	「음…」@(키타로… 많이 컸구나. 과연… 나와 네 어머니의 자랑스러운 아들이다!)
0x9f800	71	「역시 예로부터의 생활이 최고네요, 아버지」
0x9f800	72	「그렇구나… 키타로」
0x9f800	73	「어? 어라? 어디서 울리는 거지? 휴대폰… 휴대폰이…」
0x9f800	74	"「이런이런… 조금 감탄했다 싶었더니 이 모양이구나.@기계에 휘둘려서는… 한심하도다! ""예로부터""가 우습기도…@응?」"
0x9f800	75	「무슨 일이십니까, 아버님?」
0x9f800	76	「키타로… 미안하다 울린 것은 내 휴대폰인 모양이구나」
0x9f800	77	「네!?」
0x9f800	78	「어흠! 여보세요?」
0x9f800	79	「아, 아버지! 어, 언제 휴대폰을!?」
0x9f800	80	「게다가 그건~ 방수식 신기종~!」
0x9f800	81	「뭐, 그… 뭐랄까. 예로부터도 좋지만 편리한 것은 써야 하지 않겠느냐?」
0x9f800	82	「하, 하지만…」
0x9f800	83	「하하하! 아버님도 제법이시구나!」
0x9f800	84	「오? 오오, 자네였나!? 그래그래, 그거 무엇보다 다행이구나」
0x9f800	85	(이런이런… 그 아버지가 휴대폰이라니… 뭐, 그래도, 괜찮으려나)
0x9f800	86	「모, 모두들! 나쁜 요괴가 날뛰고 있다는구나! 당장 출발이다!」
0x9f800	87	「정말입니까!? 알겠습니다. 모두! 곧바로 출발하자!」
0x9f800	88	「오~~!」
0x9f800	89	(여러 가지가 새로워져 간다
0x9f800	90	 그것은 오래된 것 하나가 사라져 간다는 뜻일지도 몰라…
0x9f800	91	 하지만 나에게는 새로워져도 잃고 싶지 않은 것이 있어.
0x9f800	92	 모두에게도, 잃어서는 안 되는 소중한 것이 있을 거야.
0x9f800	93	 서둘러 변하려 하면 그것을 어딘가에서 떨어뜨려 버릴지도 몰라.
0x9f800	94	 나는… 천천히 계속 변해 가겠어.
0x9f800	95	 시대가… 점점 새로워져도…)
0x9f800	1024	개발중
0xa2000	0	「그런가… 키타로 이놈… 네놈의 암약을 눈치채고, 함정을 칠 정도가 되었나…」
0xa2000	1	「예, 죄송합니다」
0xa2000	2	「뭐, 좋다. 방해되는 회사를 습격해, 약화시키려는 계획은 일단 성공했으니 말이다」
0xa2000	3	「그건 그렇고… 페낭가란이 키타로와 교전하고 패주 중이라고 합니다」
0xa2000	4	"「…보고는 받았다. 게다가 키타로 일행에게 미행당한 모양이더군.@마침 잘됐다, 키타로의 현재 위치 근처에는 ""그놈""이 있다.@페낭가란을 회수하는 김에 ""그놈""에게 처리시키도록 하지」"
0xa2000	5	「그럼, 저는 이제부터 설국 요괴들의 비호를 받아, 한동안 몸을 숨기겠습니다. 그럼 이만…」
0xa2000	6	(키타로… 언젠가 나타나리라 생각했다만… 지금은 아직 놈에게 방해받을 수는 없다)@「호우코우에게 연락은 되었느냐?」
0xa2000	7	「그, 그것이… 호출에 응하지 않습니다」
0xa2000	8	「뭐라고…? 어떻게 된 것이냐?」@(쳇…… 뜻대로 되지 않는군)
0xa2000	9	「이탄모멘… 정말로 이쪽으로 그놈이 도망쳐 온 거야?」
0xa2000	10	「그럼, 틀림없소! 이 근처에 숨어 있을 거요!」
0xa2000	11	「이런이런… 이렇게 멀리까지 올 줄은 몰랐구나!@그 후로 계속 걷기만 했다, 노인네에게는 힘들구나」
0xa2000	12	「그렇구나, 역시 젊은 사람들에게는 못 당하겠구먼… 조~금 쉬었다 가지 않겠나?」
0xa2000	13	「그렇네요… 하지만, 모처럼 여기까지 쫓아왔는데, 쉬는 사이에 놓치지 않을까 걱정이네요」
0xa2000	14	「걱정 없소! 내가 망을 보겠소이다!」
0xa2000	15	「고마워 이탄모멘, 그럼, 부탁할게!」
0xa2000	16	「이런이런, 좀 쉬도록 할까, 자 영차 하고!」
0xa2000	17	「뭐야 뭐야! 하나같이 이런 데서 뻗어 있다니~!」
0xa2000	18	「…이 목소리는…?」
0xa2000	19	「캬~! 일본은 고령화가 진행되고 있다고는 들었지만,@요괴 세계부터가 이 모양이니, 무리도 아니겠구먼」
0xa2000	20	「쥐, 쥐인간!」
0xa2000	21	「너, …그 후로 지금까지 얼굴도 안 비치고 뭐 하고 있었어?」
0xa2000	22	「어? 아니, 그… 헤헤헤! 일, 일이지!」
0xa2000	23	「역시 뭔가 수상하네…」
0xa2000	24	「무, 뭐야! 내 사생활은 상관없잖아!」
0xa2000	25	「그래서, 지금은 이런 데서 무엇을 하고 있는 것이냐?」
0xa2000	26	「뭐라니… 온천이지 뭐겠어」
0xa2000	27	「온천?」
0xa2000	28	"「뭐야, 모르는 거야? 이 안쪽에 말이야, ""인적 드문 환상의 비탕""이라는 게 있거든!」"
0xa2000	29	「너… 빚투성이인 주제에 용케 온천 여행할 돈이 있었군」
0xa2000	30	「뭐, 그게, 큰일 하나를 끝내고 말이야, 그에 걸맞은 보수를 받았으니@열심히 한 나에게 주는 상이라는 거지.@뭐, 좀 옥신각신은 있었지만… 틈을 봐서 도망쳐 왔다」
0xa2000	31	「도망쳐 왔다고?」
0xa2000	32	「…역시 어쩐지 수상해…」
0xa2000	33	「뭐 이제 그만, 의심만 하는 것도 딱하잖아. 일단 믿어 주자.@쥐인간도 휴식 정도는 취할 테고, 딱히 이상한 일도…」
0xa2000	34	"「호호… ""뼈""라고 하지 마~~!!」"
0xa2000	35	「무, 무엇이냐!? 갑자기 큰 소리를 내고!」
0xa2000	36	「아, 미, 미안…」
0xa2000	37	「뭐야… 모처럼 변호해 줬더니」
0xa2000	38	「어쨌든, 온천이라는 게 있는 것이구나?@마침 잘됐다, 이런 때에 뭣하다만, 좀 들어가 볼까」
0xa2000	39	「앗! 나도 갈까」
0xa2000	40	「윽, 노인네에 더해 고양이랑 혼욕이냐!」
0xa2000	41	「아파~~~~!!」
0xa2000	42	「누가 너랑 들어간다고 했어!? 이 변태!」
0xa2000	43	「자, 잘도 해 줬겠다!」
0xa2000	44	「저기…」
0xa2000	45	「으와! 이번엔 뭐냐!?」
0xa2000	46	「이 앞의 온천에 온천욕 하러 오신 분들인가요…?」
0xa2000	47	「당신은?」
0xa2000	48	「저는 이 근처 마을 사람입니다. 안타깝지만… 온천은 지금 영업하지 않습니다」
0xa2000	49	「뭐? 그게 무슨 소리야!?」
0xa2000	50	「실은…」
0xa2000	51	「뭐라고요…? 이 근처 마을에서 밭작물이 잇따라 도둑맞고 있다고요?」
0xa2000	52	「네, 이 근처 마을은 가난해서 얼마 안 되는 농작물이 몇 안 되는 수입원인데…@그런 사건이 일어나 버려서 큰 피해가 난 데다, 찾아오는 손님도 줄어 버려서@온천 여관은 며칠 전에 문을 닫아 버렸습니다」
0xa2000	53	「그렇습니까… 경찰 같은 데에도 상담을?」
0xa2000	54	「네, 하지만 아무래도 시골 경찰이라 별다른 진전도 없이 피해만 자꾸 커져서…@마을을 떠나는 사람도 끊이지 않습니다. 이대로면, 이 마을은 없어져 버리겠죠」
0xa2000	55	「딱한 이야기로구나」
0xa2000	56	「어쩔 수 없죠. 원래 노인들뿐이었습니다. 물러날 때라는 것이겠죠.@모처럼 와 주셨는데 죄송합니다, 제가 대신 사과할 테니 용서해 주세요…」
0xa2000	57	「아버지, 어떻게 생각하세요?」
0xa2000	58	"「흠, 단순한 도둑질로도 보이지만…@요즘 우리가 자주 목격하는 ""요괴의 암약""이 없다고도 단정할 수 없구나」"
0xa2000	59	「그렇게 생각하면…@그 정체불명의 요괴가 이 근처로 도망쳐 든 것도 우연이라고는 생각되지 않는구나…」
0xa2000	60	「뭐야? 너희들… 아직 그런 걸 조사하고 있었어?」
0xa2000	61	「그런 사정이니, 이제 돌아가시는 편이 좋습니다. 그럼 저는 이만 실례…」
0xa2000	62	「키, 키타로 니~임!」
0xa2000	63	「앗! 이탄모멘! 그 요괴를 찾았어?」
0xa2000	64	「아니오! 뭔가… 이상한 게 있소!」
0xa2000	65	「이상한… 것?」
0xa2000	66	「그 도망친 요괴와 뭔가 관계가 있을지도 몰라… 가 봅시다!」
0xa2000	67	「너도 도와!」
0xa2000	68	「윽… 농담이…」
0xa2000	69	「갸아아~~!!」
0xa2000	70	「이런이런… 한동안 떠들썩해질 것 같군」
0xa2000	71	「네… 그럼 이게 도둑맞은 작물의 말로입니까?」
0xa2000	72	「네, 절임이 되어 버렸습니다만…@여러분 밭에서 도둑맞은 것으로 봐서 틀림없다고 생각합니다」
0xa2000	73	「적어도, 이 상태로라도 돌려주는 편이 낫다고 생각해서 말이다」
0xa2000	74	「하지만… 이런 정체 모를 절임이 되어 버려서는, 이제 와서 돌려받은들…」
0xa2000	75	「뭐, 좀 먹어 봐」
0xa2000	76	「괜찮은 겁니까…? 그럼 조금만…」
0xa2000	77	「이, 이건…!?」
0xa2000	78	「어때요, 제법 괜찮죠?」
0xa2000	79	"「화, 확실히! 이거라면 마을 명물이 되겠어요! 이러고 있을 때가 아니야!@상표를 등록해서, 팔아 봅시다! 이름은… ""요괴 절임""!」"
0xa2000	80	(으…… 그대로네…)
0xa2000	81	「헤헤헤… 이것도 키타로 선생 덕분, 그렇지?@그래서 말인데.@사례로 매출의 20%는, 키타로 선생의 매니저인 이 몸의 은행 계좌로…」
0xa2000	82	「쥐인간… 등 뒤에서 살기가 느껴지지 않아…?」
0xa2000	83	「…………………………」
0xa2000	84	「아, 아니야~! 농담! 농담이라니까 고양이소녀. 진지해지지 마~!」
0xa2000	85	「마을을 떠난 동료들을 서둘러 다시 불러서 이 절임을 계속 만들 수 있도록 힘을 합쳐 노력하겠습니다!@그럼, 저는 이만… 정말, 감사했습니다!」
0xa2000	86	「다행이네요, 아버지」
0xa2000	87	「음, 이걸로 이 마을에도 활기가 돌아오겠구나!」
0xa2000	88	「으으… 여기는?」
0xa2000	89	「정신이 들었느냐, 호우코우」
0xa2000	90	「나는… 무엇을 하고 있었지?」
0xa2000	91	「무엇을… 라니 기억나지 않느냐?」
0xa2000	92	「어쩐지… 밭을 습격해서 대량의 채소를 절임으로 만들고 있었던 것 같은데…」
0xa2000	93	「뭐냐, 기억하고 있지 않느냐!」
0xa2000	94	「으으… 아무것도 떠오르지 않아…」
0xa2000	95	「저기, 이놈… 일부러 그러는 거야?」
0xa2000	96	「아직 좀 혼란스러운 모양이군. 진정되면 이야기를 나눠 보자」
0xa2000	97	「쳇! 호우코우와 함께 키타로에게 반격할 셈이었는데, 먼저 호우코우가 쓰러질 줄이야…@이렇게 되면 어쩔 수 없다. 혼자 힘으로 그분에게 향할까」
0xa2000	98	「김치? 김치라면 한국의 그 맵~은 절임?」
0xa2000	99	「그렇다, 나는 한국 요괴가 연 절임 파티에 주빈으로 초대받았다.@그리고… 거기서 대접받은 기가 막히게 맛있는 김치 더미를 먹고 나서…@아무래도… 기억이 흐릿해」
0xa2000	100	「후움… 아무래도 그 김치에 정신을 조종하는 성분이 들어 있었던 모양이구나」
0xa2000	101	「일단, 아까 그 절임에는 그런 성분은 들어 있지 않았던 모양이지만…@앞으로 섞을 예정이었을 가능성은 있겠네요」
0xa2000	102	「으음음… 이건 내버려 둘 수 없구나!」
0xa2000	103	「호우코우, 파티 참석자 중에 이런 요괴를 보지 않았나?」
0xa2000	104	(아아, 거울사자로 위장하고 있던 그 요괴의 그림이구나…? 잘 그렸구나.@나도 어딘가 책에서 본 적 있는 요괴라고는 생각한다만… 확실히 떠오르지 않는구나…)
0xa2000	105	「오오! 있었다! 있었어!」
0xa2000	106	「아버지!」
0xa2000	107	「결정이구나. 호우코우… 우리를 한국으로 안내해 주지 않겠나?」
0xa2000	108	「뭐라고!? 그건… 상관없지만…」
0xa2000	109	「아버님! 그놈 말을 믿는 겁니까?」
0xa2000	110	「불길한 예감이 든다… 외국 요괴는 일본 요괴보다 벅차니 말이다…@만약 무언가 움직임이 있다면 서둘러 손을 써야 한다」
0xa2000	111	「하지만… 어떻게 바다를 건너오? 나 혼자서 전원을 나르는 건 무리요!」
0xa2000	112	「확실히… 그것도 그러네」
0xa2000	113	「헤헤헤! 여러분 곤란하신 모양이구먼요?@그런 일이라면 이 쥐인간에게 맡겨 주시오!」
0xa2000	114	「좋은 방법을 알고 있는 거야?」
0xa2000	115	「이 몸은 세계를 무대로 월~드와이드하게 돈을 버는 남자다, 그 정도는 식은 죽 먹기지!@뭐… 받을 건 받겠지만… 뭘, 싸게 해 주도록 하지!」
0xa2000	116	「좋다, 그렇게 정해졌으면 준비가 되는 대로, 한국으로 출발이다!」
0xa2000	117	(한국… 인가, 설마 그런 곳에 가게 될 줄은…@어쨌든, 여러 사건 뒤에 있는 요괴들의 진짜 목적을 어서 밝혀내야 해!)
0xa2000	118	「이건… 뭘까요?」
0xa2000	119	「무언가… 커다란 통처럼 보이는데…?」
0xa2000	120	「이건… 혹시」
0xa2000	121	「응? 너희들은…!?」
0xa2000	122	"「쳇… 키타로냐! ""그놈""의 상태를 보러 온 참에 마주칠 줄이야…」"
0xa2000	123	「들여우들의 동료인가! 너희가 있다는 것은 무지나도 근처에 있는 것이냐?」
0xa2000	124	「쓸데없는 말을 할 입은 없다…」
0xa2000	125	「그 통은 뭐냐? 안에 뭐가 들어 있는 거냐?」
0xa2000	126	「말할 입은 없다고 했다…!」
0xa2000	127	「사정을 알 수 없지만… 또 뭔가 꾸미고 있는 모양이군.@어쩔 수 없다, 상대해 주지!」
0xa2000	128	(이런이런… 어쩔 수 없군, 여기서는 키타로에게 협력해서 은혜를 팔아 둘까…)
0xa2000	129	「아버지… 또 이놈들이에요」
0xa2000	130	「후움… 뭐냐 이 해골들은?」
0xa2000	131	「후아아아아아아~~!」
0xa2000	132	「뭐야… 이놈?」
0xa2000	133	「후우, 아~주 잘 잤다!」
0xa2000	134	「으와! 뭔가 이놈 몸에서 굉장한 냄새가 나!」
0xa2000	135	「이건 절임 냄새… 그렇다는 건 저 통은 절임 통이었던 것이냐?」
0xa2000	136	「이 거대한 통이 절임 통…? 그렇다는 건 채소가 들어 있는 거군요?@그럼 이 근처의 작물을 훔치던 범인은 혹시…」
0xa2000	137	「뭐냐 너희는…? 설마… 채소를 되찾으러 온 마을 사람들이냐?」
0xa2000	138	「역시! 네가 채소 도둑이냐!」
0xa2000	139	"「그렇군, 알았다! 이놈은 ""호우코우""다!」"
0xa2000	140	「호우코우… 말입니까?」
0xa2000	141	「음, 원래는 중국 요괴로 말이다, 절임을 아주 좋아하는 별난 놈이다」
0xa2000	142	「이놈… 내 절임은 누구에게도 주지 않는~다! 전부 내 것이다~!」
0xa2000	143	「뭐야 이놈… 마치 어린애 같아…」
0xa2000	144	「어쨌든 말이 통할 놈은 아닌 모양이구나」
0xa2000	145	「거친 짓은 싫지만, 저놈이 범인이라면 어쩔 수 없어!@일단 이야기를 듣게 하기 위해 얌전해지게 만듭시다!」
0xa2000	146	「음, 그렇구나!」
0xa2000	147	「젠장… 이 몸을 쓰러뜨리다니…」
0xa2000	148	「해냈다 키타로!」
0xa2000	149	「후하하! 아직이다… 아직 끝나지 않았다!」
0xa2000	150	「뭐?」
0xa2000	151	「키, 키타로! 저놈 분리했구나!」
0xa2000	152	「후후후… 놀랐느냐?」
0xa2000	153	「이것이 나의 진짜 모습!」
0xa2000	154	「그리 간단히는 못 쓰러뜨린다!」
0xa2000	155	「자…」
0xa2000	156	「각오해라!」
0xa2000	157	「지수화풍… 네 가지 원소로 자기 몸을 분해한 건가? 무슨 엉터리 같은 놈이야!」
0xa2000	158	「꽤나 끈질기군… 이렇게 된 이상!」
0xa2000	159	「음… 무엇을 할 셈이냐?」
0xa2000	160	「오… 통 안의 절임을 전부 먹어 치웠다…」
0xa2000	161	「무, 무슨 식욕이야…」
0xa2000	162	「후~, 진정됐다」
0xa2000	163	「꽤나 벅차군…」
0xa2000	164	「이대로는 안 되겠구나」
0xa2000	165	「이렇게 된 이상…」
0xa2000	166	「좋아, 저것을 먹을까…」
0xa2000	167	「음… 무엇을 할 셈이냐?」
0xa2000	168	「오… 통 안의 절임을 전부 먹어 치웠다…」
0xa2000	169	「무, 무슨 식욕이야…」
0xa2000	170	「크… 회복당하고 말았나!」
0xa2000	171	「젠장… 이번에야말로 정말 당해 버렸군…」
0xa2000	172	「잘했다, 키타로」
0xa2000	173	「나중에 사정을 들읍시다」
0xa2000	174	「아~~! 역시 키타로다!」
0xa2000	175	"「너는… 오키나와의 요괴 ""시사"" 아니냐!」"
0xa2000	176	「귀에 익은 목소리가 들려서 혹시… 하고 생각했는데… 역시 키타로 일행이었구나.@어쩐지… 큰일인 때에 와 버린 걸까?」
0xa2000	177	「아아, 그래. 솔직히, 한창 고전하는 중이야…」
0xa2000	178	「좋아, 그럼, 나도 도울게」
0xa2000	179	「고마워! 부탁해!」
0xa2000	180	「시사, 도와주는 건 기쁘지만… 무리하지는 마」
0xa2000	181	「그렇게 말해도… 그래! 키타로, 나에게 지시를 내려 줘」
0xa2000	182	「그렇군… 알았어!」
0xa2000	183	「헤헤, 잠깐 돕기만 할 생각이었는데, 의외로 즐겁네.@좋아, 나도 키타로를 따라갈래!」
0xa2000	184	 |<시사가 동료가 되었다!>
0xa2000	185	「으… 내 힘으로는 모두에게 도움이 못 되는 것 같아…… 그럼 이만!」
0xa2000	186	「시사가… 당해 버렸나」@(그의 싸움 방식에 맡겨 뒀는데, 말을 걸어 연계를 취해 둘걸 그랬나…)
0xa2000	187	「이놈… 키타로 놈들!」
0xa2000	188	「이놈… 키타로 놈들!」
0xa2000	189	「좋아, 이제 아무것도 나오지 않는 모양이야」
0xa2000	190	「음. 일단 이 근처를 조사하고, 그다음에 호우코우에게 이야기를 듣도록 할까」
0xa2000	1024	개발중
0xa5000	0	「어떠냐! 이 몸이 수배한 이 최신식 헬리콥터의 승차감은!」
0xa5000	1	「…저기」
0xa5000	2	「오냐, 뭐냐?」
0xa5000	3	"「나 탈것에 밝지 않아서 잘 모르겠는데…@이거… 어디가 ""최신식""이라는 거야?」"
0xa5000	4	"「어험! 설명하겠다!@…지구 온난화가 부르짖어지고, 자연환경에 대한 신속하고 항구적인 대응이 요구되는 요즘…@우리 문명사회에서 그 혜택을 받는 자가 해야 할 일은 무엇인가?@즉! 저공해이고 에콜로지컬한 탈것의 개발과 운영이다!@""저공해"" ""저소음"" ""저비용""@이 세 가지를 겸비한 그야말로 완벽한 21세기의 탈것… 그것이야말로…… 짜~~잔!」"
0xa5000	5	「이-거-다!」
0xa5000	6	「저기, 아기울음영감… 쥐인간한테 뭐라고 좀 해 줘요!」
0xa5000	7	「저소음… 이라는 게 좀 걸리는구나」
0xa5000	8	(…………나는 전부 걸리는데)
0xa5000	9	「제법 괜찮잖아 쥐인간… 마음에 들었어」
0xa5000	10	「뭐야… 키타로까지!」
0xa5000	11	「단, 약속한 돈은 한 푼도 안 줄 거야」
0xa5000	12	「그그그… 그건 아니지 키타로~~~~!!」
0xa5000	13	「요괴 까마귀들에게는 나중에 맛있는 걸 줄게! 저 녀석 말은 무시해도 돼!@어차피 저 녀석은 앵무새 모이나 뭔가로 얼버무릴 셈이니까!」
0xa5000	14	「까~~~~~~!」
0xa5000	15	「이런이런… 하지만 생각해 보면 이게 제일 마음 편한 방법이었구나」
0xa5000	16	「정말 그렇구나」
0xa5000	17	「곧 도착이오이다!」
0xa5000	18	「좋아, 무사히 도착이구나」
0xa5000	19	「음… 틀림없다. 절임 파티가 있었던 것은 이 근처다」
0xa5000	20	「무슨 일이냐 모래뿌리기, 괜찮으냐?」
0xa5000	21	「으으으… 편안하기는 편안한 탈것이었다만…@역시 장시간 비행은 힘들구나. 미안하지만 쉬게 해 주지 않겠느냐?」
0xa5000	22	「헤, 뭐야 뭐야? 좀 전에도 그런 소리 했잖아~.@정말이지… 이래서 노인네랑 여행하는 건 번거롭다니까!」
0xa5000	23	「뭐라고~? 에~잇!」
0xa5000	24	「어이쿠! 더 이상 할퀴이는 건 사양이다! 헤헤! 그럼 이만」
0xa5000	25	「아~~! 기다려!」
0xa5000	26	「어이, 어디 가는 거야 쥐인간!?」
0xa5000	27	「보수를 못 받는다면 동행해 봐야 소용없고, 이 몸은 여기서부터 별도 행동!@매~운 음식과 피부 반들반들 에스테틱가 이 몸을 부르고 있어! 그런 고로… 잘 있어~~~~!」
0xa5000	28	「하고 싶은 말만 하고 가 버렸구나… 무슨 놈이냐!」
0xa5000	29	「일일이 저놈에게 신경 쓰면 이쪽이 불쾌해진다. 내버려 두면 되겠지」
0xa5000	30	「호우코우, 그 파티 회장은 구체적으로 어디쯤이었어?」
0xa5000	31	「으… 으윽… 그오오!」
0xa5000	32	「꺄아아! 무, 뭐야?」
0xa5000	33	「무슨 일이냐 호우코우!」
0xa5000	34	「정신 차려!」
0xa5000	35	「으바바바바~~~!!」
0xa5000	36	「으와아!」
0xa5000	37	「으가아아아아아~~~~!!」
0xa5000	38	「대체… 무슨 일이라는 것이냐?」
0xa5000	39	「키타로… 뭔가 멀리서 음악 같은 것이 들리는구나?」
0xa5000	40	「무슨 노래네… 호우코우가 달려간 것과 같은 쪽에서 들려와…」
0xa5000	41	「그런 것보다, 호우코우가 걱정이야!」
0xa5000	42	「음… 아마도 호우코우의 몸에서, 아직 김치의 독소가 다 빠지지 않았던 것이다.@또 누군가에게 조종당해 버린 것이겠지」
0xa5000	43	「이거 쉬고 있을 수가 없구나! 서둘러 쫓아가자!」
0xa5000	44	「호우코우 녀석… 분명 이 근처로 달려왔다고 생각하는데…」
0xa5000	45	「으~음… 놓쳐 버렸나」
0xa5000	46	「…으으으……」
0xa5000	47	「앗! 사람이 있어!」
0xa5000	48	「요괴는… 아닌 모양이구나」
0xa5000	49	「저기요… 이 근처 분이신가요?@지금, 이쪽으로 도깨비 같은 차림의 남자가 달려오지 않았나요?」
0xa5000	50	「이 목소리… 키타로… 인가?」
0xa5000	51	「나를 알고 있는 건가…? 누구지!」
0xa5000	52	「무슨… 소리를 하는 거야… 나야…」
0xa5000	53	「쥐… 인간… 이다…」
0xa5000	54	「무, 무엇이라?」
0xa5000	55	「이거… 어떻게 된 거야?」
0xa5000	56	「설마 너… 매운 음식이랑 에스테틱로 순식간에 이렇게 된 거야…」
0xa5000	57	「바! 바바… 바보야~! 농담을 해도… 콜록!@할 때와 안 할 때가… 콜록콜록!」
0xa5000	58	「아~ 알았어 알았어! 나, 내가 잘못했어!」
0xa5000	59	「완전히 꼬부랑이 되어 있구나…」
0xa5000	60	「조금 전까지 멀쩡했는데… 이건 대체 어떻게 된 일이냐?」
0xa5000	61	「거기 계신 분들! 여기서 뭐 하고 계세요!?」
0xa5000	62	「어? 너는」
0xa5000	63	「이 근처는 위험해요! 어서 돌아가시는 편이…」
0xa5000	64	「으으으…」
0xa5000	65	「늦었나요. 벌써 희생자가 나와 버린 모양이네요…」
0xa5000	66	「네 얼굴… 그… 혹시 너도 이 남자와 마찬가지로?」
0xa5000	67	(음… 또 그 노래가…?)
0xa5000	68	「어쨌든 여기 있는 건 위험합니다. 자, 그분을 데리고 어서 이쪽으로!」
0xa5000	69	「뭔지 모르겠다만…」
0xa5000	70	「어쨌든 갑시다!」
0xa5000	71	「으으으…」
0xa5000	72	「쥐인간 녀석… 노인이 된 충격으로 앓아누워 버렸구나」
0xa5000	73	「고소하다, 노인을 무시하니까 벌을 받은 것이다!」
0xa5000	74	"「자기소개가 늦었네요. 제 이름은 ""도라지"" 이 근처에 사는 사람입니다.@…이런 얼굴을 하고 있지만 이래 봬도 열 살이에요」"
0xa5000	75	「열 살!」
0xa5000	76	「나는 키타로… 이들은 내 동료야.@대체… 너나, 이 남자는 어째서 이렇게 갑자기 늙어 버린 거지?」
0xa5000	77	"「키타로!? 혹시 ""게게게의 키타로"" 씨인가요?」"
0xa5000	78	「오오… 키타로를 알고 있느냐?」
0xa5000	79	"「누, 눈알이 말을 하고… 걷고 있어… 그럼 당신이 ""눈알아버지"" 씨?」"
0xa5000	80	「놀라게 하면 안 된다고… 숨어 있었다만…@키타로를 안다면 모습을 보여도 괜찮을 것 같구나」
0xa5000	81	「지, 진짜다아!」
0xa5000	82	「어쩐지… 어딘가의 누군가와 비슷한 반응이구나…」
0xa5000	83	「후후… 확실히…」
0xa5000	84	(………뭐야, 키타로도 참)
0xa5000	85	"「키타로 씨라면 이야기가 빠르겠네요!@실은… 이 일대는 ""수수께끼의 노화 현상""에 시달리고 있습니다」"
0xa5000	86	「노화 현상?」
0xa5000	87	「그럼, 쥐인간도 그 영향으로 저런 꼴이 되어 버렸다는 거야?」
0xa5000	88	"「네, 여러분도 들으셨죠? 그… ""민요""를」"
0xa5000	89	"「""민요""? 그 음악은 대체 뭐지?」"
0xa5000	90	"「이 근처에서는, 몇 달 전부터 밤이 되면 그 ""민요"" 가락과 함께@밤마다 수상한 ""움직이는 석상""이 나타나서…@그것을 본 자는 순식간에 이렇게 나이를 먹어 버립니다」"
0xa5000	91	「후움, 누구인지는 모르겠다만… 요괴의 짓으로 보아 우선 틀림없겠구나!」
0xa5000	92	"「도라지 군, 그 ""움직이는 석상""이 가장 자주 목격되는 장소를 알려 주지 않겠니?」"
0xa5000	93	「퇴치해… 주시는 거군요!?」
0xa5000	94	「아아, 이런 일을 당한 사람이 많이 있다면 내버려 둘 수 없으니까」@(쥐인간 녀석… 저놈도 일단 친구니까, 도와줘야지)@「게다가 우리도, 어떤 사건을 쫓고 있어. 그쪽과도 관계가 있을지도 몰라」
0xa5000	95	「가, 감사합니다! 바로 지도를 만들게요!」
0xa5000	96	"「도라지 군… 저승길 선물로 알려 주지 않겠나…@""젊음""이란 걸 한국말로는 뭐라고 하느냐…?」"
0xa5000	97	"「""청춘""입니다」"
0xa5000	98	"「""청춘""인가… 다른 나라 말이라도 제법 좋은 울림이구먼.@하지만 신도 참 가혹한 짓을 하는군…@겨우 그 여자 손에서 벗어나 자유를 만끽할 수 있다고 생각했는데…@환상의 비탕에는 들어가지도 못하고…@이렇게 꼬부랑이 되어서는 맛있는 것도 속이 거북해서 못 먹고…@에스테틱 같은 데 갔다간 살이 떨어져 나가겠구먼…"
0xa5000	99	 콜록콜록!」
0xa5000	100	"「쥐인간 씨는 여자분과 사귀어 본 적이 있으니 낫잖아요…@저 같은 건… 만약 평생 이대로라면… 제… 제 ""청춘""이…」"
0xa5000	101	「야, 기다렸지. 쥐인간, 좋은 게 있어. 잠깐 이쪽으로 와 줘」
0xa5000	102	「뭐야… 나는 이제 인생에 꿈도 희망도 없다.@위로 따위…」
0xa5000	103	「위로 따위… 따위…@응응?@돌아왔다… 돌아왔어!」
0xa5000	104	「오오… 역시 그렇군. 이것은 젊음의 엑기스였나.@이것을 쓰면 노인이 된 인간을 원래대로 되돌릴 수 있다!」
0xa5000	105	「예예예예예예이 야호~!!」
0xa5000	106	「흠, 다행이구나, 쥐인간!」
0xa5000	107	「이걸로 혼났으면, 조금은 노인을 아끼는 마음을 갖는 것이다」
0xa5000	108	「헤헤헤… 무슨 소리 하는 거야! 원래대로 돌아오면 이쪽 세상이다, 누가 그런 걸 갖겠어!」
0xa5000	109	「아버지… 준 엑기스를 돌려받을까요?」
0xa5000	110	「자자자… 자, 잠깐만!@알았어 알았어! 공경한다! 공경할 테니까 봐줘!」
0xa5000	111	「혹시… 원래대로 돌아온 건가요?」
0xa5000	112	「자, 거울이다」
0xa5000	113	「저, 정말로 돌아왔다! 가, 감사합니다!」
0xa5000	114	「다행이구나, 역시 아이에게는 웃는 얼굴이 최고구나!」
0xa5000	115	「도라지 군, 젊음의 엑기스는 되찾아 왔어.@너에게서 젊음을 빼앗긴 사람에게 이걸 돌려주지 않겠니?」
0xa5000	116	「모두 기뻐할 거예요! 키타로 씨… 정말로 감사합니다!」
0xa5000	117	「미안해, 도라지 군. 되찾은 젊음의 엑기스는 방금 것과, 조금밖에 없어.@나머지 젊음의 엑기스는 가져가 버렸어…」
0xa5000	118	「그렇습니까… 하지만 조금이라도 모두에게 나누면 얼마간 젊음을 되찾을 수 있을 거예요.@키타로 씨. 감사했습니다」
0xa5000	119	(크… 내 힘은 이 정도인가… 한심하다!)
0xa5000	120	「흐, 흥… 쓸데없는 짓을…」
0xa5000	121	「아~! 너, 정신이 들었구나?」
0xa5000	122	「너희는 어째서 이런 짓을 하는 거냐?」
0xa5000	123	「이 땅을 봐라…」
0xa5000	124	「무엇이라…? 무슨 뜻이냐?」
0xa5000	125	「나나 형님들도, 딱히 다툼이 좋은 건 아니야…@하지만 말이야, 올해는 예년에 없던 한파로 밭은 전멸이다. 우리가 먹을 게 없다고」
0xa5000	126	「뭐야, 한심하네… 일을 하든가 하면 되잖아!」
0xa5000	127	「말은 쉽게 하는군… 우리 요괴에게 그리 좋은 일자리가 있을 것 같으냐!」
0xa5000	128	「너희가 힘든 건 알겠어… 하지만, 그렇다고 남을 괴롭혀도 된다는 건…」
0xa5000	129	「흥! 겉만 번지르르한 소리군… 이… 인간의 앞잡이 놈!」
0xa5000	130	「나는… 인간의 편도 요괴의 편도 아니야…@그저 곤란에 처한 사람들을 내버려 둘 수 없을 뿐이야!」
0xa5000	131	「그렇다! 이 나쁜 요괴야!」
0xa5000	132	「꼬마야… 너는 너희를 도와준 키타로에게 감사하고 있느냐?」
0xa5000	133	「무슨 뜻이야…? 다, 당연하잖아?」
0xa5000	134	"「그래… 당연하지… 우리 형제는 키타로가 아니라 ""제""에게 목숨을 구원받았다.@그래서 제를 위해 공물을 모은다… 당연한 일이지!」"
0xa5000	135	「그 제라는 것은 누구냐?」
0xa5000	136	「제께서는 부유한 분이다. 우리가 공물을 바치면, 그에 배가 되는 포상을 내려 주신다.@머지않아 이 나라의 지배권을 우리에게 양도해 주시겠다고까지 말씀하셨다」
0xa5000	137	"「""양도""라고? 말도 안 된다… 이 나라가 그놈의 소유물이라도 된다는 것이냐?」"
0xa5000	138	「거친 짓은 싫다만… 그놈이 누구인지 불어 주겠느냐?」
0xa5000	139	「그건 무리다…」
0xa5000	140	「그렇게 허세를 부려 봐야 소용없소!」
0xa5000	141	「으… 으와!!」
0xa5000	142	「무, 무엇이냐?」
0xa5000	143	「지금이다! 눗페라보!」
0xa5000	144	「아, 저놈은!?」
0xa5000	145	「우리가 쫓아온 그 요괴!」
0xa5000	146	「살았습니다! 페낭가란 씨!」
0xa5000	147	「페낭가란이라고?」
0xa5000	148	「사례는 그분께 하는 게 좋겠군… 한발 먼저 가겠다!」
0xa5000	149	「키타로… 잘 있거라!」
0xa5000	150	「기다려! 제가 누구인지 말해라!」
0xa5000	151	「너희에게 원한을 품은 자… 라고만 해 두지… 뭘, 곧 만날 수 있어.@제께서는 너를 아주 마음에 두고 계시니까 말이야! 아~하하하하하!」
0xa5000	152	「안 되겠다! 저놈은 모습을 감출 수 있었지!」
0xa5000	153	「어디로 간 거지…?」
0xa5000	154	「사내답지 못하잖아! 나와~!」
0xa5000	155	「키타로, 아직 그리 멀리 도망치지는 못했을 터!@서둘러 쫓아가면 붙잡을 수 있다!」
0xa5000	156	「네! 서두릅…」
0xa5000	157	「누구냐!? 이 바쁜 때에!」
0xa5000	158	「키… 타로… 들리느냐?」
0xa5000	159	「!? 너는 누구냐…?」
0xa5000	160	「후후후… 목소리만으로는 모르겠느냐…?」
0xa5000	161	「누구냐고 묻고 있잖아!」
0xa5000	162	「나다… 누라리횬이다!」
0xa5000	163	「뭐라고…? 누라리횬이라고!?」
0xa5000	164	「무, 무엇이라?」
0xa5000	165	「눗페라보들이 신세를 진 모양이더군…」
0xa5000	166	「일련의 사건은… 네가 뒤에서 조종한 것이냐?」
0xa5000	167	「그렇고말고… 잘도 내 계획을 방해해 주었구나…」
0xa5000	168	「과연… 저놈이 흑막이었구나!」
0xa5000	169	「듣고 보니… 이보다 딱 들어맞는 놈은 없구나!」
0xa5000	170	「너는 뭐가 목적이냐!@요괴를 속여 조종하고, 외국 요괴들을 부하로 삼아 무엇을 꾸미는 거냐!?」
0xa5000	171	「뻔한 일이지… 온갖 요괴를 부하로 삼아 인간을 멸하고, 내가 일본의 왕이 되는 것이다!」
0xa5000	172	「또 엄청난 소리를…」
0xa5000	173	「그런 일… 할 수 있다고 생각하는 거냐!」
0xa5000	174	"「할 수 있고말고… ""다이다라봇치""가 있다면 말이다!」"
0xa5000	175	「다이다라봇치라고! 설마!」
0xa5000	176	「안 된다… 그만두거라 누라리횬!」
0xa5000	177	(뭐라고? 이거… 큰일 나게 생겼구먼…)
0xa5000	178	「너는… 지금 어디에 있는 거냐!」
0xa5000	179	「흥, 다이다라봇치라면 집결할 장소는 하나다. 네가 모를 리 없겠지!」
0xa5000	180	「뭐!」
0xa5000	181	「나는… 너와 그 장소에서 최후의 결착을 낼 생각이다.@네놈을 쓰러뜨려 오랜 원한을 풀고… 상쾌한 기분으로 일본의 왕이 되기 위해서 말이다!」
0xa5000	182	「그런 짓… 하게 두지 않겠어!」
0xa5000	183	「그렇다면 여기까지 오는 것이다. 다이다라봇치가 완전히 부활하기 전에 말이다…@그럼 잘 있거라… 또 보자 키타로…」
0xa5000	184	「기다려!」
0xa5000	185	(…………젠장!)
0xa5000	186	「…눗페라보들을 쫓을 필요는 없어졌네」
0xa5000	187	「이럴 수가… 누라리횬이 움직이기 시작했다니…」
0xa5000	188	"「모든 계획은 놈의 지시에 의한 것인가… ""제""라는 것도 그놈을 말한 것이었구나」"
0xa5000	189	「우리에게 결전을 걸 셈인 모양이구나…」
0xa5000	190	「다이다라봇치의 부활 따위… 절대로 하게 두지 않아! 기다려라, 누라리횬!」
0xa5000	191	"「아무래도 이 근처가 그 ""움직이는 석상""인지를 자주 본다는 장소인 모양이구나」"
0xa5000	192	「틀림없네요」
0xa5000	193	「뭔가… 쓸쓸한 느낌의 장소네」
0xa5000	194	「쥐인간 녀석은 어떻게 됐나?」
0xa5000	195	「저래서는 싸우는 건 무리다… 도라지 군에게 맡겨서 쉬게 하고 있다」
0xa5000	196	「키타로, 저기!」
0xa5000	197	「!? 이놈들은!?」
0xa5000	198	「여우들… 또 나왔네!」
0xa5000	199	「이놈들은 그냥 병졸이겠지. 그렇다면 두목이 있을 터인데…」
0xa5000	200	「……………………」
0xa5000	201	「저건… 호우코우다!?」
0xa5000	202	「호우코우! 내 말을 알아듣겠어?」
0xa5000	203	「으으으… 키타로…?」
0xa5000	204	「그래! 키타로다!」
0xa5000	205	「으윽! 키타로… 죽인다!」
0xa5000	206	「!? 또다… 또 그 민요…」
0xa5000	207	「흠… 아무래도 호우코우는 저 민요에 마음을 조종당하고 있는 모양이구나. 그렇다는 건…@그 김치 성분과 이 민요는 어떤 연결이 있다…@민요를 부르는 놈들과, 우리가 쫓고 있는 요괴는 관계가 있다는 것이다」
0xa5000	208	「과연… 하지만, 호우코우는 어떻게 하면 될까요, 아버지?」
0xa5000	209	「…한 방 때려서 얌전하게 만들어 주어라@그것이 놈을 위한 것이다」
0xa5000	210	「네… 네… 알겠습니다」
0xa5000	211	"「아직, 그 ""움직이는 석상""인지의 모습이 보이지 않는다. 방심하지 마라 키타로!」"
0xa5000	212	「네!」
0xa5000	213	「으으으…」
0xa5000	214	「호우코우! 정신이 들었어?」
0xa5000	215	「으… 키타로냐? 나는… 어떻게 하고 있었지?」
0xa5000	216	「기억 안 나?」
0xa5000	217	「어쩐지… 수상한 음악에 조종당해서@키타로 일행에게 덤벼들고 있었던 것 같은데… 으으… 생각이 안 나…」
0xa5000	218	(……충분히 기억하고 있는 것 같은데)
0xa5000	219	「음… 이 음악은!」
0xa5000	220	「네… 드디어 등장인 모양이네요…@호우코우! 또 조종당해 버릴 테니 너는 물러나 있어 줘!」
0xa5000	221	「미안하군… 그렇게 하지」
0xa5000	222	「나타났구나, 움직이는 석상아!」
0xa5000	223	「우~라~」
0xa5000	224	「라라라라~」
0xa5000	225	「우~라라~」
0xa5000	226	「민요는 이놈들이 부르고 있었던 것이냐…」
0xa5000	227	「노화당하기 전에 서둘러 쓰러뜨려 버립시다!」
0xa5000	228	「좋아! 쓰러뜨렸다!」
0xa5000	229	「으으으으…」
0xa5000	230	「뭐냐… 말할 수 있는 것이냐?」
0xa5000	231	「크… 이놈!」
0xa5000	232	「너는… 눗페라보냐?」
0xa5000	233	"「잘도 아는군… 그렇고말고… 내 이름은 ""눗페라보""다!」"
0xa5000	234	「너도 무지나나, 거울사자로 둔갑했던 요괴의 동료냐!?」
0xa5000	235	「호우코우의 절임에 마음을 조종하는 성분을 넣어, 수하 요괴를 늘릴 계획이었는데…@너희 탓에 전부 엉망이 됐다!」
0xa5000	236	「역시 그건… 너희 계획이었구나!?」
0xa5000	237	"「게다가 우리가 ""젊음의 엑기스""를 모으는 것까지 방해하다니… 두고두고 괘씸하다!」"
0xa5000	238	「젊음의 엑기스라고? 그렇군, 도라지 군 일행이나 쥐인간은 그것을 빼앗겨서 노인이?」
0xa5000	239	"「이렇게 된 이상 네놈의 목을 ""제""께 바치지 않으면, 성에 차지 않는다! 죽어라, 키타로!」"
0xa5000	240	"「""제""? 그게 이놈들의 보스인가?」"
0xa5000	241	「모두! 이제 정체를 숨길 필요 없다, 나와서 이놈들을 상대해 줘라!」
0xa5000	242	「눗페라보가… 셋!?」
0xa5000	243	「아마도 눗페라보의 형제들이겠지」
0xa5000	244	「이야기는 끝이다… 죽어 줘야겠다. 각오해라 키타로!」
0xa5000	245	「키타로, 놈들은 무언가 꾸미고 있는 모양이다,@얌전하게 만들면 뭔가 알아낼 수 있겠지. 쓰러뜨려 버리는 것이다」
0xa5000	246	「알겠습니다!」
0xa5000	247	「아직 놈의 형제가 숨어 있을 가능성도 있다. 서둘러 해치워 버려라!」
0xa5000	248	「네!」
0xa5000	249	「으윽! 건방진… 일단 물러난다!」
0xa5000	250	「앗! 놓쳤다!」
0xa5000	251	「동료를 부르면 성가시다. 키타로, 어서 이놈들을 쓰러뜨려 버리는 것이다!」
0xa5000	252	「쳇, 나까지 당하다니! 이, 이렇게 된 이상…」
0xa5000	253	「앗! 어디에 숨은 거지?」
0xa5000	254	「또 놓쳐 버렸나…」
0xa5000	255	「이… 이놈…」
0xa5000	256	「각오해라, 눗페라보!」
0xa5000	257	「여, 여기… 까진가…」
0xa5000	258	「눗페라보! 모두에게서 훔친 젊음을 돌려줘!」
0xa5000	259	「으으… 그, 그건…」
0xa5000	260	「으와아!」
0xa5000	261	「무, 뭐냐 이놈은!」
0xa5000	262	「우오오오오오오오오오오~~!」
0xa5000	263	「기다렸지 형제!」
0xa5000	264	「오오, 와 주었구나!」
0xa5000	265	「크… 동료를 불렀나!」
0xa5000	266	「키타로… 좋은 것을 보여 주지」
0xa5000	267	「뭐!?」
0xa5000	268	"「혹시, 그게… 인간들에게서 빼앗은 ""젊음의 엑기스""인가!?@이 거대한 눗페라보는… 그것을 저장하기 위한 탱크 같은 역할을 하고 있는 건가?」"
0xa5000	269	「후후… 그 말대로다!@좋아, 철수다!」
0xa5000	270	「안 되겠다, 저놈들, 저걸 가지고 갈 셈이다!」
0xa5000	271	「그걸 원래 인간들에게 돌려줘!」
0xa5000	272	「그건 들어줄 수 없는 부탁이지…@너희 상대는… 우리 막냇동생이 해 줄 것이다.@잘 있거라 키타로! 하하하하하~!」
0xa5000	273	「기다려!」
0xa5000	274	「놓쳐 버렸나…」
0xa5000	275	「우오오오오오오오오오오~~!」
0xa5000	276	「이렇게 된 이상… 이놈을 쓰러뜨리고 놈들이 어디로 도망쳤는지 알아냅시다!」
0xa5000	277	「이… 이놈…」
0xa5000	278	「각오해라, 눗페라보!」
0xa5000	279	「여, 여기… 까진가…」
0xa5000	280	「눗페라보! 모두에게서 훔친 젊음을 돌려줘!」
0xa5000	281	「으으… 그, 그건…」
0xa5000	282	「우오오오오오오오오오오~~!」
0xa5000	283	「으와아!」
0xa5000	284	「무, 뭐냐 이놈은!」
0xa5000	285	「오오, 와 주었구나!」
0xa5000	286	「아직 동료가 숨어 있었나!」
0xa5000	287	「후후후… 너희 상대는… 우리 막냇동생이 해 줄 것이다.@잘 있거라 키타로! 하하하하하~!」
0xa5000	288	「기다려!」
0xa5000	289	「놓쳐 버렸나…」
0xa5000	290	「우오오오오오오오오오오~~!」
0xa5000	291	「이렇게 된 이상… 이놈을 쓰러뜨리고 놈들이 어디로 도망쳤는지 알아냅시다!」
0xa5000	292	「나를 쓰러뜨린다고~~~~! 그리 간단히 될까~~~」
0xa5000	293	「뭐!? 사, 사라졌다?」
0xa5000	294	「그러고 보니 들은 적이 있다…@눗페라보 중에는 모습을 감출 수 있는 자가 있다고…… 자네가 그것이냐!?」
0xa5000	295	「그 말대로다~~. 보이지 않는 상대는 공격할 수 없겠지~!@건방진 소리를 한 것을 후회하게 해 주마~~!!」
0xa5000	296	「으음음… 상대가 보이지 않아서는 평범하게 공격을 걸 수 없구나!」
0xa5000	297	「대체 어떻게 싸워야 할까요?」
0xa5000	298	「음. 조급하게 돌아다녀도 보이지 않는 상대와 부딪쳐 빈틈을 만들게 될 뿐이다.@눈에는 보이지 않아도, 가까이 가면 기척을 느끼는 정도는 할 수 있을 것이다…@그것을 의지해서 눗페라보가 숨어 있다고 여겨지는 곳에 요괴 안테나를 쓰는 것이다」
0xa5000	299	「그렇군요, 안테나가 있었죠! 모습은 감춰도 요기까지는 지울 수 없을 테니까요」
0xa5000	300	「기합을 넣어야 하니, 공격이나 도구를 쓰는 것은 한 번 쉬어야 하지만,@안테나를 썼을 때 탐지 범위에 상대가 숨어 있었다면 그것으로 있는 곳을 알 수 있을 것이다.@나도 영력을 빌려주마. 그곳에 리모컨 게타를 박아 넣는 것이다.@그러면 상대는 모습을 드러낼 것이다!」
0xa5000	301	「과연… 알겠습니다!」
0xa5000	302	「이~ 노~~옴~~~!」
0xa5000	303	「찾았다… 각오해라!」
0xa5000	304	「그그그…… 잘도~~!!」
0xa5000	305	「우오오오오오오오오~~!」
0xa5000	306	「아! 또 놈의 모습이…!」
0xa5000	307	「음, 하지만 있는 곳은 짐작이 간다. 키타로, 침착하게 안테나를 쓰거라!」
0xa5000	308	「어딜 보는 거냐~~! 받아라~~~!」
0xa5000	309	「아프잖아~~!」
0xa5000	310	「으… 으으… 우오오오오오오오~!!」
0xa5000	311	「으으… 형님들… 미안해…」
0xa5000	312	「후우… 별난 힘을 가진 놈이었네요…」
0xa5000	313	「이제 저항할 기운은 없겠지. 이놈을 묶어서, 도라지 군에게 보고하러 가자」
0xa5000	314	「응? 뭐냐?」
0xa5000	315	「이건… 젊음의 엑기스 아닐까요?」
0xa5000	316	「그렇군, 아직 이놈 체내에 남아 있었구나?@키타로, 이것을 전부 도라지 군에게 가져가는 것이다」
0xa5000	317	「응? 뭐냐?」
0xa5000	318	"「혹시, 이건… 인간들에게서 빼앗은 ""젊음의 엑기스"" 아닐까요?@아까 그 거대한 눗페라보의 몸은… 이것을 저장하기 위한 탱크였던 게 아닐까요?」"
0xa5000	319	「음, 있을 법하구나… 키타로, 이것을 전부 도라지 군에게 가져가는 것이다」
0xa5000	1024	개발중
0xa9800	0	「아야야야야… 여기는… 어디지…?」
0xa9800	1	「오오… 정신이 들었느냐 키타로…」
0xa9800	2	「아… 아버지! …무사하셨어요…?」
0xa9800	3	「음… 요란하게 굴렀다만… 어떻게든 괜찮다」
0xa9800	4	「우리는… 어떻게 된 걸까요?@분명… 배가 가라앉기 시작해서 서둘러 집 안으로 들어갔는데…」
0xa9800	5	「모르겠다… 캄캄해서 아무것도 보이지 않는다는 것은 해상으로 나온 것도 아닌 모양이다…@이거, 곤란한 일이 되었구나」
0xa9800	6	「으, 으음……? 어라? 우리 살아 있는 거야?」
0xa9800	7	「누~리~카~베~! 물 막았다~~!」
0xa9800	8	「오오, 누리카베! 순간적으로 틈을 막아 준 것이냐!」
0xa9800	9	「그래서 어떻게든 공기가 남아 있는 거네… 누리카베, 훌륭해!」
0xa9800	10	「모두도… 어떻게든 무사한 모양이네」
0xa9800	11	「후움, 아무래도 여기는 바다 밑바닥이구나. 누리카베 덕분에 공기가 고여 있기는 하다만…@이대로는 늦든 빠르든 질식은 시간문제다」
0xa9800	12	「으음음음… 어떻게 하면 좋으냐…」
0xa9800	13	「어~이, 모두들~」
0xa9800	14	「앗, 수달! 너도 무사했구나!」
0xa9800	15	「아아, 나는 헤엄칠 수 있으니, 당황하지 않아도 됐거든. 곧바로 가까운 것을 붙잡았어」
0xa9800	16	「미안하다, 자네 배가…」
0xa9800	17	「신경 쓸 것 없어. 뭐, 밭은 이제 완전히 못 쓰게 됐겠지만.@아, 맞다. 지금, 내 배 상태를 조사하고 왔어」
0xa9800	18	「어떤 상태야?」
0xa9800	19	「대단한 파손은 아닌데… 도구와 재료가 없어. 한번 지상으로 돌아가지 않으면 수리는 무리야」
0xa9800	20	「그런가…… 그럼 어쨌든 언제까지고 여기 있을 수는 없겠군……@좋아, 놈들이 가라앉은 우리 상태를 보러 올 가능성도 있어. 일단 지상으로 돌아가자」
0xa9800	21	"「저기… 물론 ""헤엄쳐서""…… 겠지?」"
0xa9800	22	「아아, 그런 거야」
0xa9800	23	「푸하!」@(히이~! 죽는 줄 알았다!)
0xa9800	24	「후우…」
0xa9800	25	「이런이런… 어떻게든 지상으로 돌아왔구나…」
0xa9800	26	「역시 신선한 공기는 좋소이다~!」
0xa9800	27	「정말 그렇구나」
0xa9800	28	「그런데… 여기는 어디냐」
0xa9800	29	「아무래도… 어촌이나 뭔가인 모양이네요」
0xa9800	30	「으~음, 혼슈 쪽으로 돌아오게 되어 버린 모양이구나」
0xa9800	31	「응?」
0xa9800	32	「키타로~? 무슨 일이냐~~?」
0xa9800	33	「강한 요기가 느껴져…! 아버지, 이 근처에 요괴가 숨어 있어요. 그것도 잔뜩!」
0xa9800	34	「무엇이라!?」
0xa9800	35	「보자이의 부하들인가?」
0xa9800	36	「어쨌든, 상황을 보러 가 봅시다」
0xa9800	37	「이런 장소에서도 세계 요괴들의 앞잡이가 흉계를 진행하고 있었다니…」
0xa9800	38	「무섭네요, 아버지. 우연히 우리가 여기 도달해서 발견할 수 있었지…@그냥 지나쳤다면, 또 놈들의 암약을 허용할 뻔했어요」
0xa9800	39	「하지만… 우연이든 뭐든 우리가 놈들 계획의 일부를 봉쇄한 것은 사실이다.@하늘이 우리 편을 들고 있는 것이다. 지금은 그것을 순순히 기뻐하지 않겠느냐!」
0xa9800	40	「네, 네…」
0xa9800	41	「그래 키타로! 럭키였잖아!」
0xa9800	42	「럭키… 그렇군, 그럴지도 모르겠네」
0xa9800	43	「저기…」
0xa9800	44	「아, 붙잡혀 계시던 분들이군요? 다들 다친 데는 없으신가요?」
0xa9800	45	「저놈들을 쫓아내 주셔서… 정말 살았습니다」
0xa9800	46	「우리 조금만 있었으면 저 괴물들에게 맛있게 잡아먹힐 뻔했다니께!」
0xa9800	47	「아무것도 없는 마을이지만… 하다못해 밥이라도 드시고 가세요」
0xa9800	48	「아니요, 저희 앞길을 서두르고 있어서요」
0xa9800	49	「바쁜 분들이군… 저런 놈들과 한판 붙어 놓고 이번엔 어디로 가시는 겁니까?」
0xa9800	50	「오가사와라야, 거기에 볼일이 있어」
0xa9800	51	「하지만… 어떻게요? 이 근처에서는 오가사와라로 가는 배가 안 뜨는데요?」
0xa9800	52	「그, 그랬지! 내 배는 바다 밑바닥이었지!」
0xa9800	53	「좋아, 서둘러 배를 끌어 올려서 수리하자!」
0xa9800	54	「저… 도와주신 사례라고 하기는 뭣하지만…@그 가라앉았다는 배를 끌어 올리는 것을… 도와드릴까요?」
0xa9800	55	「괜찮은 거야?」
0xa9800	56	「목숨의 은인을 위해서라면 이 정도 쉬운 일입니다!@다행히 이쪽에는 남자 일손이 있습니다. 그렇지, 다들!」
0xa9800	57	「오오~~~!!」
0xa9800	58	「하하… 고마운걸」
0xa9800	59	「좋아, 내가 지시할 테니 어떻게든 끌어 올려서 수리하자!」
0xa9800	60	「온 마을이 총출동으로 수리해 주다니…」
0xa9800	61	"「정말 좋은 분들이네요」@(고양이소녀가 말한 대로야… 이런 사람들을 ""우연히"" 만날 수 있다니…@나는 아주 ""럭키""한지도 모르겠어…)"
0xa9800	62	「이런 사람들뿐이라면 요괴와 인간도 더 잘 지낼 수 있을 텐데…」
0xa9800	63	「옛날에는… 우리와 인간은 참으로 좋은 관계를 쌓고 있었지」
0xa9800	64	「하지만… 요즘 젊은이들은 요괴 따위 믿지도 않겠지.@그놈들은 무엇을 생각하는지 도무지 모르겠구나!」
0xa9800	65	「뭐… 시대의 흐름이겠지…」
0xa9800	66	「하지만… 루카 양 같은 아이도 있어.@모두가 다 요괴를 믿지 않는 건 아니야」
0xa9800	67	「그, 그랬지! 뭐, 사람마다 다르겠지만…」
0xa9800	68	「앗! 휴대폰!」
0xa9800	69	「내 거다…」@(누굴까… 혹시?)
0xa9800	70	「앗! 드디어 연결됐다! 키, 키타로… 씨?」
0xa9800	71	「이 목소리는… 루카 양이니?」
0xa9800	72	「네, 네! 다행이다… 키타로 씨, 무사하셨군요?@사실 계속 그 전화로 걸고 있었는데 어쩐지 연결이 안 돼서…@또 큰일이 난 게 아닐까 하고… 거, 걱정했어요!」
0xa9800	73	「미안해. 과연… 바다 밑바닥은 통화권 밖이었던 모양이야」
0xa9800	74	「바다… 밑바닥!?」
0xa9800	75	「아… 아, 아니야. 아무것도 아니야. 그보다… 무슨 일이야?」
0xa9800	76	「앗! 그랬지! 크, 크, 큰일이에요! 실은…」
0xa9800	77	「뭐! 뭐라고!?@그 요괴의 모습은… 정말로 그것으로 틀림없니?」
0xa9800	78	「네, 네, 뭔가… 큰일 나는 요괴인가요?」
0xa9800	79	「아, 아아…」
0xa9800	80	「틀림없다고 생각하지만… 저도… 정보를 더 모아 볼게요!@일단, 키타로 씨께 알려야겠다 싶어서…」
0xa9800	81	「고마워, 또 뭔가 정보가 있으면, 연락을 부탁할게」
0xa9800	82	「알겠습니다. 저… 키타로 씨…?」
0xa9800	83	「응? 뭐야?」
0xa9800	84	「힘드시겠지만… 너무 무리하지 마시고 힘내세요!」
0xa9800	85	「아아… 알았어. 그럼 이만」
0xa9800	86	「뭐냐, 무슨 일이냐 키타로?」
0xa9800	87	「실은… TV 뉴스에서 나왔다는데요…@마침… 우리가 지금 있는 이 마을 근처에서, 커다란 요괴가 날뛰고 있다고 합니다」
0xa9800	88	「커다란… 요괴?」
0xa9800	89	「그건… 어떤 요괴냐?」
0xa9800	90	「목격자 이야기로는… 두 개의 커다란 뿔이 난 소 같은 얼굴에, 몸은 거미 같다고…」
0xa9800	91	「무엇이라!?」
0xa9800	92	「서, 설마…!?」
0xa9800	93	「어, 어? 뭐? 그거 무슨 요괴야?」@(소 같은 얼굴에, 몸이 거미이고 거대… 으~음, 생각날 것 같은데…)
0xa9800	94	「놈이 부활했다… 우연치고는 지나치게 잘 맞아떨어지는구나」
0xa9800	95	(아아! 나만 모르고 있어!@됐어, 이렇게 된 이상 오기로라도 스스로 떠올릴 거야!)
0xa9800	96	「어~이! 이제 곧 배가 고쳐져!」
0xa9800	97	「오가사와라도 중요하다만, 그쪽 건도… 내버려 둘 수 없구나…」
0xa9800	98	「좀 돌아가게 되는데… 어쩌겠느냐?」
0xa9800	99	「루카 양의 정보가 만약 사실이라면… 그놈을 막지 않으면 큰일이 납니다!」
0xa9800	100	「하지만… 타이밍이 너무 좋다!@우리 발을 묶기 위한 가짜 정보일 가능성도 있다. 무턱대고 믿는 것은 위험하다!」
0xa9800	101	「흠, 그것도 일리가 있구나」
0xa9800	102	「하지만…」
0xa9800	103	「가령 말이다… 정보가 사실이라 해도,@오가사와라에서 요괴수의 증식을 막지 않으면 온 일본은 대혼란이 되어 버린다. 그렇게 되면 아무 소용도 없다!」
0xa9800	104	「화, 확실히」
0xa9800	105	「키타로, 어쩌겠느냐? 우리는 너를 따라가겠다」
0xa9800	106	「그렇네요…」
0xa9800	107	(어떡하지…?)|　「날뛰는 요괴를 막으러 가자!」|　「오가사와라로 서두르자!」
0xa9800	108	「확실히… 거짓 정보일 가능성은 있습니다. …하지만 사실이라면 큰일이 나요.@돌아가게 되더라도… 저는 곤란에 처한 사람을 돕고 싶습니다.@루카 양의 정보에 있던, 날뛰는 요괴를 막으러 갑시다!」
0xa9800	109	「……………………」
0xa9800	110	「무슨 일이야… 키타로?」
0xa9800	111	「지금까지, 드라큘라 일당은 TV나 인터넷 뉴스를 눌러 왔어…@그런데도, 이제 와서 갑자기 정보가 들어오는 건 확실히 이상해…」
0xa9800	112	「하지만, 루카 양이 준 정보잖아?」
0xa9800	113	「하지만, 그 아이가 가짜 정보에 속고 있다는 것도 생각할 수 있구나」
0xa9800	114	「아… 그런가…」
0xa9800	115	「전화를 다시 걸어서, 더 자세히 물어보면 어떻겠느냐…?」
0xa9800	116	"「그게… 지금 보니 ""통화권 밖""이 되어 있어요」"
0xa9800	117	「어…! 하지만 방금… 전화를… 아! 내 것도 안 돼!」
0xa9800	118	「내 것도 안 되오! 이 근처에는 전파가 안 오는 모양이오!」
0xa9800	119	「우연일지도 모르지만…」
0xa9800	120	「으음… 이건 수상하구나」
0xa9800	121	「모처럼 정보를 준 그 아이에게는 미안하지만… 우리 발을 묶기 위한 가짜 정보일 가능성이 높아…@그만큼 적은 절박한 건지도 몰라. …그렇다면, 지금은 오가사와라로 서두릅시다!」
0xa9800	122	「음, 키타로가 정했다면 우리는 불만 없다」
0xa9800	123	「그럼, 그쪽으로 결정!」
0xa9800	124	「결~정~!」
0xa9800	125	「출발이오이다!」
0xa9800	126	「아버지, 마을 분들에게 감사 인사를 하고 오겠습니다」
0xa9800	127	「음, 그렇구나 나는 여기서 기다리마. 잘 전해 주고 오너라」
0xa9800	128	「알겠습니다」
0xa9800	129	「…………키타로는 이쪽을 골랐나…」@(…………………………@앞으로의 싸움이 어떻게 될지… 아무도 모른다.@하지만, 키타로. 너는… 강운의 소유자다.@나는, 네 결단이 우리를 좋은 결과로 이끌어 주리라고 믿는다.@그래, 분명… 말이다!)
0xa9800	130	「아앗! 키타로, 저것 봐!」
0xa9800	131	「그그… 키타로…!」
0xa9800	132	「크… 또 이놈들과 싸우는 건가…」@(지금, 쓸데없는 싸움은 되도록 피하고 싶은데… 어쩌지, 도망치는 수도 있지만…)
0xa9800	133	「키타로! 저기!」
0xa9800	134	「어?」
0xa9800	135	「뭐야 저건? …우리처럼 보이는데…」
0xa9800	136	「우리? 어째서 이런 곳에…」
0xa9800	137	「오오!? 거기 누군가 있는 거요? 사, 살려 주시오~!」
0xa9800	138	「안에 사람이 있어!」
0xa9800	139	「? 어부인 모양이구나」
0xa9800	140	「어, 어서 여기서 꺼내 주시오~!」
0xa9800	141	「인간을 붙잡아서… 너희는 여기서 무엇을 꾸미고 있는 거냐!?」
0xa9800	142	「뻔한 일이지… 식량으로 삼는 거야! 우리도 식솔이 늘었으니 말이야…@혼이든, 피와 살이든, 보급 물자는 부족해. 즉… 현지 조달이라는 거지!」
0xa9800	143	「뭐라고…!?」@(그렇군… 무지나 녀석이 여기저기 돌아다니며 인간의 생기를 모으던 뒤에는@이런 이유도 있는 건가?)
0xa9800	144	「어쨌든… 그런 짓을 하게 둘 수는 없어! 그분들을 놓아줘!」
0xa9800	145	「흥, 싫거든!」
0xa9800	146	「그쪽이 그럴 셈이라면… 실력 행사다!」
0xa9800	147	「키타로, 싸우면서 저 붙잡힌 사람들도 구하는 것이다!」
0xa9800	148	「알겠습니다!」
0xa9800	149	「갸갸아!」
0xa9800	150	「갸아갸아!」
0xa9800	151	「으와! 뭐야 이놈!?」
0xa9800	152	「음… 이놈들은…… 어쩌면…」
0xa9800	153	「아버지… 아세요?」
0xa9800	154	「키타로, 요괴수 이야기는 했지?」
0xa9800	155	「네, 우리가 향하고 있는 오가사와라에 있다는 거대 흡혈 식물 요괴 말이죠?@그놈에게 요괴 혈액을 주면 종자를 만들어, 자기 분신을 낳는다… 던가.
0xa9800	156	「앗! 서, 설마!?」
0xa9800	157	「음, 아마도 이놈들은 그 요괴수의 분신… 말하자면 작은 요괴수다!」
0xa9800	158	「갸갸아~~~!!」
0xa9800	159	「의욕 만만인 모양이네요」
0xa9800	160	「아아, 먹이 냄새를 맡고 기다리지 못해 찾아온 것이겠지!」
0xa9800	161	「우리가 여기를 지나지 않았다면 희생자가 늘어날 뻔했네요…」
0xa9800	162	「키타로, 이놈들을 방치하는 것은 위험하다, 모두 한꺼번에 쓰러뜨려 버려라!」
0xa9800	163	 |<우리의 자물쇠를 열었다!>
0xa9800	164	「사, 살았다!」
0xa9800	165	「으, 은혜는 잊지 않겠수!」
0xa9800	166	「어서 어딘가에 숨으세요!」
0xa9800	167	「알겠습니다요!」
0xa9800	168	 |<우리의 자물쇠를 열었다!>
0xa9800	169	「사사… 살았다~! 다행이다, 이제 포기하고…」
0xa9800	170	「이야기는 나중이다, 지금은 어쨌든 도망치는 것이다!」
0xa9800	171	「네, 네! 감사합니다!」
0xa9800	172	 |<우리의 자물쇠를 열었다!>
0xa9800	173	「해, 해냈다! 이제 안 먹혀도 되겠어!」
0xa9800	174	「자, 서둘러 숨으세요!」
0xa9800	175	「아아, 말 안 해도!」
0xa9800	176	「이놈 키타로 놈들… 식량 조달을 방해하다니!」@(이대로는 인간을 통째로 데려가는 건 무리겠네… 생기만이라도 받아 갈까!)@「감옥의 자물쇠여… 내 마법에 응해 열려라!」
0xa9800	177	「뭐지?」
0xa9800	178	「생기여! 내게로 모여라!」
0xa9800	179	「으와아! 무, 뭐야! 몸에 힘이 안 들어가!」
0xa9800	180	「으와아! 무, 뭐야! 몸에 힘이 안 들어가!」
0xa9800	181	「으와아! 무, 뭐야! 몸에 힘이 안 들어가!」
0xa9800	182	「히히히! 이걸로 됐고! 그럼 이만, 키타로 놈들!」
0xa9800	183	「아! 놓쳐 버렸네요…」
0xa9800	184	「생기만 가져가 버렸나…」
0xa9800	185	(어, 어쨌든 기회다! 지금 중에 도망치자!)
0xa9800	186	「마을 사람은 어떻게든 탈출한 모양이구나.@아직 움직일 수 있었다는 것은 목숨에 관계될 만큼 생기를 빼앗기지는 않은 것이겠지.@걱정은 없다고 생각하지만 만일을 위해 나중에 상태를 봐 주어야겠구나.@우선은 어서 전투를 끝내는 것이다!」
0xa9800	187	「네!」
0xa9800	188	「방금 그걸로 전부네요…」
0xa9800	189	「침몰한 데다 헤엄쳐서… 게다가 연달아 전투다.@모두 과연 녹초겠지…@한동안 쉬면서 앞으로의 대책을 세우도록 하자」
0xa9800	1024	개발중
0xac800	0	「제대로 항행하고 있는 모양이구나」
0xac800	1	「서둘러 수리해 받았으니 말이다. 좀 불안했다만…」
0xac800	2	「그 짧은 시간에 훌륭하게 수리해 주었구나」
0xac800	3	「아아, 전보다 상태가 좋아졌을 정도야」
0xac800	4	「………………………」
0xac800	5	「키타로…?」
0xac800	6	「응… 왜?」
0xac800	7	「역시 신경 쓰고 있는 거야? 그… 마을을 습격하고 있다는 요괴 정보 말이야」
0xac800	8	「아, 아아…」
0xac800	9	「원한다면, 지금부터 나랑 이탄모멘이 상황을 보러 가도 되는데?」
0xac800	10	「아니, 괜찮아. 고양이소녀, 요괴수… 봤지?」
0xac800	11	「어, 응… 그 걸어 다니는 풀 같은 요괴 말이지?」
0xac800	12	「오가사와라에 있다는 요괴수의 본체를 치지 않는 한,@그런 게 우글우글 온 일본을 뒤덮어 버린다고 해…@우리는 요괴수 본체를 서둘러 쳐야 해. 때를 놓치기 전에 말이야」
0xac800	13	「어… 응, 그렇지…」
0xac800	14	(키타로도 고민하고 있구나…@아무리 수상한 정보라 해도 요괴가 정말로 나오지 않았다는 확증은 없다.@하지만, 그 작은 요괴수들이 나타났다는 것은, 본체의 부활이 상당히 진행되었을 가능성이 있다.@오가사와라로 먼저 향해야 한다는 것이 옳은 결단이다.@키타로는 틀리지 않았다. 다만, 자기 마음을 정리할 수 있느냐 하는 것이다)
0xac800	15	「까~~~~~!!」
0xac800	16	「오! 왔소이다!」
0xac800	17	「까~! 까~까~!」
0xac800	18	「흠흠… 그, 그렇소이까…!?」
0xac800	19	「이탄모멘? 까마귀들을 써서 뭘 하고 있는 거야?」
0xac800	20	「아, 아니… 좀 알아볼 것이 있어서요…」
0xac800	21	「알아볼 것?」
0xac800	22	「아, 아무것도 아니오이다!」
0xac800	23	「…그 루카 양의 정보 건이야?」
0xac800	24	「뭐라고?」
0xac800	25	「아, 아니오! 우귀(규키) 정보 같은 건 모으고 있지 않소이다…」
0xac800	26	「역시…」
0xac800	27	(아, 이런~!)
0xac800	28	"「우귀!? …생각났다! 키타로가 말했던@""두 개의 커다란 뿔이 난 소 같은 얼굴에 거미 같은 몸의 요괴""란…@우귀를 말하는 거네!?」"
0xac800	29	「뭐냐, 모르고 있었느냐?」
0xac800	30	「아직 공부가 부족하구나…」
0xac800	31	「그런 것보다… 역시 우귀가 정말로 나타났던 거군?」
0xac800	32	「만약 그렇다면 키타로에게는 잠자코 있으려 했소이다만… 그 말대로요…@루카 양의 정보에 있던 마을에 우귀가 나타나서, 마을 사람을 습격하고 있다고 하오」
0xac800	33	「…그런… 가」@(크… 역시 정보는 사실이었어… 나는, 구할 수 있었던 사람의 목숨을 못 본 척…)@「젠장! 이럴 수가…!」
0xac800	34	「키타로… 네 탓이 아니다」
0xac800	35	「하지만, 아버지!」
0xac800	36	「키타로의 결단은 우리 모두의 결단이야」
0xac800	37	「그 시점에서는, 그렇게 하는 것이 최선이었다」
0xac800	38	「그건… 머리로는 알고 있습니다만…」
0xac800	39	「이탄모멘 바보! 왜 그런 걸 알아보고 오는 거야!@키타로가 침울해졌잖아!」
0xac800	40	「미, 미안하오…!」
0xac800	41	「으와아~! 무, 무슨 짓이오!?」
0xac800	42	「저… 저건…!?」
0xac800	43	「아이고- 키를 당해 버렸잖아…」
0xac800	44	「미안하다, 수달. 내가 한심한 탓에…」
0xac800	45	「고칠 수 있겠어?」
0xac800	46	「뭐, 이 정도라면 시간은 좀 걸리지만…」
0xac800	47	「다행이다… 미안하지만 부탁한다, 수달!」
0xac800	48	「결국… 오가사와라에 가기까지 시간을 빼앗겨 버렸네요…」
0xac800	49	「아아, 그렇구나」
0xac800	50	(이게… 구할 수 있었던 사람을 못 본 척하면서까지 얻는 결과인가? 크… 나는, 바보다!)
0xac800	51	「키타로…」
0xac800	52	「………………」@(키타로 일도 곤란하다만, 보자이의 태도가 이상했던 것도 마음에 걸리는구나.@뭔가, 있었던 것일까?)
0xac800	53	「까~~~~!」
0xac800	54	「? 요괴 까마귀… 또 뭔가 정보를 가져온 거야?」
0xac800	55	「까~! 까~까~!」
0xac800	56	「흠흠… 아니!?」
0xac800	57	「무엇이냐, 무엇이라고 하더냐?」
0xac800	58	「우귀가… 누군가에게 봉인당했다고 하오이다!」
0xac800	59	「무엇이라?」
0xac800	60	「어!? 그럼… 마을 사람들은…」
0xac800	61	「모두 무사한 모양이오이다!」
0xac800	62	「대체… 누가? 아부라스마시 일행은 지금쯤 교토일 텐데…」
0xac800	63	"「그 ""누군가""라는 것이 누구인지… 그 정보는 없어?」"
0xac800	64	「우귀를 봉인하고 곧바로 사라졌다고 하오이다…」
0xac800	65	「어쩌면…」
0xac800	66	「아버지… 뭔가 아셨어요?」
0xac800	67	「아, 아니, 누구라도 좋다.@중요한 것은 네 결단이 최종적으로 좋은 결과로 이어졌다는 것이다.@잘됐구나, 키타로」
0xac800	68	「하지만… 이건 분명 무언가의 우연이에요. 제 실력으로는…」
0xac800	69	「키타로, 운도 실력의 일부다」
0xac800	70	「그, 그래! 나도 그렇게 생각해!」
0xac800	71	「모두…」
0xac800	72	「다들 네가 고민하는 것을 신경 쓰고 있었던 것이다…」
0xac800	73	「고, 고마워, 모두. 미안해…」
0xac800	74	(역시 키타로는 눈에 보이지 않는 힘을 지니고 있다. 그것은 노력해도 얻을 수 없는 힘이다…)@「키타로, 이유야 어떻든, 걱정거리는 없어졌지?」
0xac800	75	「네, 네!」
0xac800	76	「좋아, 그럼 배 조정을 마치면 곧바로 출발하자.@모두, 다음은 오가사와라야. 단단히 준비해 줘!」
0xac800	77	「오~!」
0xac800	78	「보자이!?」
0xac800	79	「후후 키타로, 해저 산책은 즐거웠느냐?」
0xac800	80	「뭐어!?」
0xac800	81	「그렇게 정성 들여 이 배를 가라앉혔는데…@짧은 시간에 여기까지 복귀하다니. 너희에게는 놀랄 일뿐이군!」
0xac800	82	「놀랄 일뿐이라고?」
0xac800	83	「그렇고말고… 모처럼 우귀라는 미끼까지 준비해 주었는데…@설마 천하의 키타로가 인간을 버리고 오가사와라로 직행할 줄은 읽지 못했다.@…대접이 헛수고가 되어 버렸군」
0xac800	84	「그럼, 역시 너희가 우귀의 봉인을 푼 거냐?@그 정보도… 우리 발을 묶기 위해, 일부러 TV로 내보낸 거지!」
0xac800	85	「후후… 눈치가 빠르군. 겸사겸사 일부러 전화가 연결되도록 손도 썼다만」
0xac800	86	「무엇이라? 어떻게 그런 일을…?」
0xac800	87	「흥! 마술의 비밀 공개는…」
0xac800	88	「…이쪽 공연이 전부 끝나고 나서 해 주지」
0xac800	89	「와, 왔구나!? 바다 위인데도, 또 우글우글!」
0xac800	90	「보자이 님, 어찌할까요?」
0xac800	91	「배 밑바닥에 구멍을 뚫은 정도로는 통하지 않는 모양이군…@이렇게 되면, 이 배의 항행 기능 자체를 빼앗아 주어야겠다」
0xac800	92	「…라고 하시면?」
0xac800	93	「…저기에 집이 서 있지 않느냐?」
0xac800	94	「…아마도 저 집에 이 배의 키가 있다. 그곳을 철저히 파괴해 주는 것이다.@그러면 키타로 일행은 이 바다 한가운데서, 나아갈 수도 돌아갈 수도 없게 된다」
0xac800	95	「그렇게 되면… 키타로 일행을 천천히 요리할 수 있겠군요」
0xac800	96	「음, 가능하면 놈들을 고기 양갱으로 만들어 먹어 보고 싶다고 생각하고 있었다.@마침 잘됐다, 페낭가란. 그 준비… 너에게 맡기겠다」
0xac800	97	「하하! 맡겨 주십시오!」
0xac800	98	「도망칠 셈이냐!?」
0xac800	99	「후후후… 도망치고 자시고… 바다 위는 전부 내 정원 같은 것이다!@너희는 어차피 내 영역에 잘못 들어온 가엾은 일본 원숭이에 지나지 않는다」
0xac800	100	「무엇이라!?」
0xac800	101	「너무한 소리를 듣는구나…」
0xac800	102	「실컷 발버둥 쳐 보는 것이 좋겠다. 나는 우귀의 상태를 보러 가겠다.@슬슬 놈도 배를 채웠을 무렵이겠지.@기분이 좋아졌을 때 우리 동료가 되도록 교섭해야지!」
0xac800	103	「크…」
0xac800	104	「그럼, 잘 있거라… 봉, 보야주!」
0xac800	105	「이놈… 마음에 안 드는 놈이구나」
0xac800	106	「어쨌든, 놈들을 쓰러뜨린다!」
0xac800	107	「네, 갑시다, 아버지!」
0xac800	108	「……………」
0xac800	109	「……………」
0xac800	110	「? 누리카베, 무슨 일이야?」
0xac800	111	「키~타로~ 누리카베, 전투에 참가하고 싶다~!」
0xac800	112	「어? 무슨 소리…?」
0xac800	113	「키타로, 누리카베에게 뭔가 생각이 있는 모양이다. 맡겨 봐도 좋지 않겠느냐?」
0xac800	114	「맡~겨~라~」
0xac800	115	「알았어. 그럼 부탁할게, 누리카베」
0xac800	116	(우귀 일… 내 결단은 틀렸을지도 몰라…@하지만… 후회해도 소용없어. 지금은 전원이 오가사와라에 도착하는 것을 생각하는 거야!)
0xac800	117	「키타로, 놈들은 이 배의 키를 노리고 올 셈이다!」
0xac800	118	「키… 라면?」
0xac800	119	「이 집을 말한다」
0xac800	120	「이 집에 적을 접근시켜서는 안 된다!」
0xac800	121	「접근당하면… 어떻게 되나요?」
0xac800	122	「키가 파괴되어서… 오가사와라에 완전히 갈 수 없게 되어 버린다!@어쨌든 지금 우리가 있는 곳은 바다 한가운데다, 수리하려 해도 재료가 없으니 말이다」
0xac800	123	「큰일이네요… 놈들을 접근시키지 않으면 되는 거군요? 알겠습니다!」
0xac800	124	「더 이상 실패할 수 없다… 각오해라, 키타로 놈들!」
0xac800	125	「이놈, 또다시… 이, 이다음에야말로!」
0xac800	126	「이런!」
0xac800	127	「역시 싸우면서 집을 지키는 것은 무리였나…」
0xac800	128	「보자이! 돌아온 것이냐!」
0xac800	129	「키타로… 운 좋은 놈」
0xac800	130	「운? …무슨 소리냐?」
0xac800	131	「우귀를 동료로 삼는 데 실패한 모양이구나?」
0xac800	132	「어?」
0xac800	133	「…………………」
0xac800	134	(운이 좋다는 게, 그런 뜻인가…?@어쩐지 좀 상태가 다른 것 같기도 한데…)
0xac800	135	「키타로… 너를 붙잡아서 내 취향의 방법으로 천천히 조리해 주려 했다만…@흥이 깨졌구나… 너희를 지금 당장 처리해 주마!」
0xac800	136	「우리를 간단히 쓰러뜨릴 자신이 없으니까, 가짜 정보까지 써서 시간을 번 거잖아?@뒤에서 몰래 잔꾀만 부리는 놈에게… 질 것 같으냐!」
0xac800	137	「지껄여라… 내 무서움을 뼈저리게 알려 주마!」
0xac800	138	「크윽! 아직도 나오는 것이냐!」
0xac800	139	「바다 위에서… 큰소리치게 두지 않는다!」
0xac800	140	「너, 너희들 제법이구나…?」
0xac800	141	「바다 위에서 큰소리치게 두지 않겠다고 했지?@그렇게 따지면 우리도 일본에서 너희에게 큰소리치게 둘 것 같으냐!」
0xac800	142	「쳇, 건방진… 오늘은 아무래도 컨디션이 안 나는군… 철수다!」
0xac800	143	「기다려! 놓치지 않겠다!」
0xac800	144	「키, 키타로! 요괴수의 분신들이다!」
0xac800	145	「후후후… 잘 있거라 키타로!」
0xac800	146	「…보자이 이놈…!」
0xac800	147	「…………」
0xac800	148	「…………」
0xac800	149	「! 아버지! 누리카베가…」
0xac800	150	「진흙논귀신들은 몸의 대부분이 물이다.@그 점을 물을 다루는 보자이에게 잘 이용당해, 동료가 된 것이겠지만…」
0xac800	151	「누리카베에게는… 그들을 설득할 자신이 있는 모양이네요」
0xac800	152	「누~리~카베~」
0xac800	153	「…………」
0xac800	154	「너~ 조종당하고 있다~ 도와준다~」
0xac800	155	「무슨~ 소리냐~」
0xac800	156	「그아아아아아아!!」
0xac800	157	「그가아아아아……?」
0xac800	158	「이걸로~ 됐다~」
0xac800	159	「……? 나~ 여기서 뭘~?」
0xac800	160	「이제~ 괜찮다~ 조종하는~ 나쁜 물~ 씻어~ 냈다~」
0xac800	161	「음~ 너~가~ 도와~줬느냐~」
0xac800	162	「그렇~다~」
0xac800	163	「너~ 친구다~ 나~ 너의 편이~ 되겠다~」
0xac800	164	 |<진흙논귀신이 동료가 되었다!>
0xac800	165	「아, 아버지… 어쩐지 별난 설득이었네요…」
0xac800	166	「으, 음, 하지만 동료로는 만든 모양이구나」
0xac800	167	(아직 보자이에게 조종당하는 진흙논귀신은 많이 있지만… 전원을 구하는 건 무리겠군.@나머지 진흙논귀신들은 세계 요괴들을 쓰러뜨려서 구하기로 하자)
0xac800	168	「………………」
0xac800	169	「전원… 해치운 모양이구나」
0xac800	170	(결국 시간을 빼앗겨 버렸어… 뭘 하고 있는 거야, 나는)
0xac800	1024	개발중
0xaf000	0	「그런가… 보자이의 계획은 실패로 끝났나…」
0xaf000	1	「아아… 내가 우귀의 상태를 보러 갔을 때는 이미 놈이 오가사와라로 향한 뒤였다」
0xaf000	2	「이놈 키타로… 놈들 슬슬 오가사와라에 도착해 버리겠구나!」
0xaf000	3	「뭐… 괜찮지 않나. 거기에는 함정이 설치되어 있잖아?@키타로에게는, 기껏해야 힘내 달라고 하면… 되지」
0xaf000	4	「어라어라… 엘리트 님씩이나 되시는 분이,@키타로의 피에는 흥미가 없어 보이시는데… 그건 어째서입니까?」
0xaf000	5	「확실히… 나는 유명인이나 지위 높은 인간의 생피를 빠는 걸 아주 좋아하지.@하지만, 지금은 그럴 때가 아니거든」
0xaf000	6	「호오…? 그럼, 드디어 소문의 그것이…」
0xaf000	7	「엘리트! …쓸데없는 소리는 하지 마라!」
0xaf000	8	「아, 아아…」
0xaf000	9	(쳇, 시끄러운 놈이군!)
0xaf000	10	「베어드, 예전까지의 너라면 몰라도, 지금의 너는 내 부하에 지나지 않는다.@모든 계획을 알 수 있는 입장이 아니다. 분수를 알아 주지 않겠나?」
0xaf000	11	"「알았다고, 드라큘라… ""님"". …그럼 이만」"
0xaf000	12	「기다려, 어디로 가느냐!」
0xaf000	13	「나는 내 나라에서 여기로 와서, 다짜고짜 정찰까지 하게 됐다.@이미 녹초야, 좀 쉬겠어… 그럼… 또 보자고」
0xaf000	14	(쳇, 아직 자기 입장을 모르는 모양이군…)
0xaf000	15	「드라큘라 형님, 저놈을 저렇게 방치해도 되는 거야?@저놈은 키타로에게 개인적인 감정을 품고 있을 텐데. 독주할 우려는 없나…?」
0xaf000	16	「저놈에게는 아직 이용 가치가 있다. 죽이는 것 따위 언제든 할 수 있어. 지금은 일본을 제압하는 것이 먼저다」
0xaf000	17	「지금쯤 오가사와라 결전 제1라운드인가… 후후, 구경하러 가지 못하는 게 아쉽군.@그럼, 나는 슬슬 출발하겠다 뒤를 부탁한다, 형제」
0xaf000	18	「아아, 맡겨라」
0xaf000	19	「그러고 보니 형님, 새로 들어온 그 밥 담당이 안 보이는데… 어디 간 거야?」
0xaf000	20	「밥 담당? 아아, 쥐인간 말이냐? 페낭가란 녀석이 여기를 뜰 때 데려갔다」
0xaf000	21	「페낭가란이? 왜?」
0xaf000	22	「글쎄… 남방 요괴들이 생각하는 건 모르겠군…」
0xaf000	23	「…그분의 생각도… 그렇지?」
0xaf000	24	「라 세느! 말투를 조심해라. 지금, 그분을 적으로 돌릴 수는 없다」
0xaf000	25	「아아… 알고 있어. 그럼, 나도 오가사와라로 향하겠어… 나머지 준비는 맡길게」
0xaf000	26	「아아, 남방 요괴들을 단단히 다스려라…」
0xaf000	27	「알았다고…」
0xaf000	28	「…………………………」
0xaf000	29	「그런데 키타로…」
0xaf000	30	「응, 왜? 수달」
0xaf000	31	「놈들이 오가사와라에서 요괴수인지에게 요괴 혈액을 줘서, 그 분신을 늘리려 한다는 이야기…@확실한 거야?」
0xaf000	32	「뭐냐? 우리를 의심하는 것이냐?」
0xaf000	33	「그런 건 아니지만… 키타로 일행은 한 번, 아키요시 동굴에서 속았잖아?@이번에는 그렇지 않다는 확증이 있는 걸까 싶어서…」
0xaf000	34	「확실히 그렇구나. 오가사와라 제도라면, 오키나와만큼이나 남쪽 땅이다.@어지간해서는 되돌아올 수 없다… 꾀어내기에는 안성맞춤인 장소구나.@보자이 일행이 방해해 오는 것도, 위장 공작이라고 생각할 수 없는 것은 아니고…」
0xaf000	35	「나도 이번 이야기를 듣고, 두말없이 맡아 버렸지만…@그 부분은, 어떻게 된 거야?」
0xaf000	36	「확증은… 없어」
0xaf000	37	「그렇구나! 그렇겠지. 여기까지 오게 해 놓고 확증이 없을 리가…
0xaf000	38	 라니, 없는 거냐!」
0xaf000	39	「…미안해」
0xaf000	40	(교과서에 실어도 될 만큼 멋진 맞장구 태클이네…)
0xaf000	41	「뭐, 뭐… 이미 도쿄에서 구백 킬로 이상 와 버렸으니, 이제 와서 돌아갈 수도 없지만…」
0xaf000	42	「괜찮아, 아마 틀림없을 거야」
0xaf000	43	「하지만 말이야, 오가사와라라고 한마디로 말해도 꽤 넓다고?@무코지마 열도에 치치지마 열도, 하하지마 열도, 게다가 이오지마까지 있으니까.@그놈들이 어디에 있는지… 찾을 단서라도 있는 거야?」
0xaf000	44	「단서 같은 게 있을 리 없소!」
0xaf000	45	「에휴… 없는 것투성이인가…」
0xaf000	46	「저쪽에 도착하면 수색 개시구나」
0xaf000	47	「오가사와라는 온난한 기후에 훌륭한 숲이 있다고 들었다.@따뜻한 것은 다행이다만… 숲 전체를 찾자면 꽤 고생이겠구나」
0xaf000	48	「꾸물거리다간… 때를 놓쳐 버려!」
0xaf000	49	「단서가… 없는 건 아니야」
0xaf000	50	「어!?」
0xaf000	51	「정말이오이까?」
0xaf000	52	「실은… 아까부터 느껴져」
0xaf000	53	「…요기… 로구나?」
0xaf000	54	「네. 우리가 향하는 앞쪽에 커다란 요기가 모여 있는 장소가 있어요…」
0xaf000	55	「그럼… 거기가 요괴수가 있는 장소!?」
0xaf000	56	「뭐야, 키타로도 짓궂군… 제대로 단서는 잡고 있었잖아!」
0xaf000	57	「아… 아아」
0xaf000	58	「키타로… 이 요기의 출처는 어디라고 생각하느냐?」
0xaf000	59	「아마도… 지도로 말하면 이 근처겠죠」
0xaf000	60	「어디 보자…? 과연, 치치지마… 로군. 거기라면 금방 갈 수 있어」
0xaf000	61	「음, 당장 향해 다오」
0xaf000	62	「알았어」
0xaf000	63	「………………」@(마음에 걸리는군…)
0xaf000	64	「무슨 일이야? 키타로?」
0xaf000	65	「아아, 아무것도 아니야…」@(한 군데 더… 지금 향하는 곳과 다른 장소에 요기를 뿜는 존재가 느껴져…@거기는 그렇게 강한 요기를 뿜는 건 아니지만…)
0xaf000	66	「섬이 보이기 시작했어!」
0xaf000	67	「저것이… 오가사와라 제도인가…」
0xaf000	68	「확실히 요기가 느껴지네. 평소라면 멋진 섬이겠지만…@지금의 우리에게는 도저히 그렇게 보이지 않아」
0xaf000	69	「키타로, 여기까지 온 것이다. 저기에 직접 가서 확인해 보는 편이 빠르겠지」
0xaf000	70	「그, 그렇네요, 일단 치치지마로 향합시다」
0xaf000	71	「상~~륙~~~!!」
0xaf000	72	「………」
0xaf000	73	「오오, 이거 이거 라 세느 님, 잘 오셨습니다…」
0xaf000	74	「인사 따위 됐다. 준비는 되어 있느냐?」
0xaf000	75	「네, 이제 키타로 일행이 오기를 기다릴 뿐입니다」
0xaf000	76	「잘만 하면… 보수는 뜻대로다. 잘 부탁한다」
0xaf000	77	(갔… 나)
0xaf000	78	「방금 그 기척… 놈인가? 상황을 살피다니… 느긋한 일이군」
0xaf000	79	「흥… 지금 동안은 순순히 말을 들어 주지.@보자이 님께 발판도 마련해 두고 싶고 말이야…@그런데, 페낭가란. 네가 여기 왔다는 건…?」
0xaf000	80	「아아, 키타로 일행이 왔어」
0xaf000	81	「준비 쪽은 어떠냐…?」
0xaf000	82	「완벽해」
0xaf000	83	「그런가, 좋다. 맞아 칠 준비다!」
0xaf000	84	(히히히! 예정대로군!)
0xaf000	85	「으… 으으으… 방금 건… 폭발?」
0xaf000	86	「당했군…」
0xaf000	87	「아버지, 괜찮으세요?」
0xaf000	88	「아… 나, 살아 있는 거야?」
0xaf000	89	「아야야… 아직 귀가 울리는구나!」
0xaf000	90	「지독한 폭발이었다… 하지만… 그 치고는 우리 별로 다치지 않았구나?」
0xaf000	91	「누리카베~~!!!」
0xaf000	92	「누리카베! 그렇구나, 네가 방패가 되어 준 거구나!」
0xaf000	93	「고마워, 누리카베!」
0xaf000	94	「키타로 님, 아무래도 여기는 시간을 벌기 위한 미끼였던 모양이오이다…」
0xaf000	95	「음, 그리고 잘하면 우리도 처리하려던 함정이기도 했던 것이다」
0xaf000	96	「우리가 느낀 요기의 고조는 우리를 꾀어내는 미끼임과 동시에,@방금 그 폭발을 일으키기 위한 에너지를 축적한 결과였다는 것이지」
0xaf000	97	「놈들의 본체는 따로 있다… 그런 거군요, 아버지!」
0xaf000	98	「음, 그 말대로다!」
0xaf000	99	(이럴 수가… 내 결단 실수인가!?)
0xaf000	100	「으으으… 누, 누구… 살려… 주… 세요…」
0xaf000	101	「저쪽에 누군가 쓰러져 있소이다!」
0xaf000	102	「아이고~, 심하게 다친… 모양이네…」
0xaf000	103	「방금 폭발에 휘말린 이 섬 사람일지도 몰라!@서둘러 수달의 배로 옮겨서, 치료하는 거야!」
0xaf000	104	「알았다~~~!!」
0xaf000	105	「아버지, 일단 배로 돌아갑시다」
0xaf000	106	(………………치치지마인가, 여기에는 분명 그놈이…)
0xaf000	107	「아버지, 무슨 일이세요? 아마, 놈들은 더 남쪽의 하하지마 열도에 있을 겁니다.@그쪽으로 서둘러야…!」
0xaf000	108	「키타로, 먼저 가 주지 않겠느냐?」
0xaf000	109	「네? 어째서요!?」
0xaf000	110	「옛날에, 치치지마에 대한 문헌을 읽었을 때의 일이 떠올랐다.@어쩌면 이 섬에서 진짜 요괴수를 확실히 쓰러뜨릴 방법을 찾을 수 있을지도 모른다!」
0xaf000	111	「아버님, 그게 사실입니까!?」
0xaf000	112	「이 섬에 상륙해서 풍경을 보고 떠올린 것이다.@나는 조사가 끝나면 요괴 까마귀로 뒤쫓아 가겠다. 모두는 먼저 가 다오」
0xaf000	113	「알겠습니다, 조심하세요」
0xaf000	114	「음. 너도 말이다, 키타로」
0xaf000	115	「후우… 훌륭한 숲이구나」
0xaf000	116	「꽤 안쪽까지 왔구나…」
0xaf000	117	「특히 강한 요기가 느껴지는 것은 이 근처구나…」
0xaf000	118	「여기까지 오면 과연 나라도 확실히 느껴지네…
0xaf000	119	 라니 키타로!」
0xaf000	120	「어?」
0xaf000	121	「저… 저건!」
0xaf000	122	「…………」
0xaf000	123	「요… 요요… 요괴수!」
0xaf000	124	「저것이… 요괴수? 무슨 별난 모습이야!」
0xaf000	125	「드디어 만났군, 키타로!」
0xaf000	126	「너는…?」
0xaf000	127	「내 이름은 란스빌!」
0xaf000	128	「라… 란스빌! 키타로, 이놈은 남방 나라에 사는 마녀다!」
0xaf000	129	「남방? 분명… 페낭가란 녀석도 남방 요괴였죠?」
0xaf000	130	「그렇고말고, 함께 스카우트되어 온 것이다!」
0xaf000	131	「너희를 쓰러뜨리면… 이 오가사와라는 우리 것이 된다」
0xaf000	132	「그런 사정이니… 얌전히 쓰러져 줘야겠어, 키타로!」
0xaf000	133	「멋대로 지껄이지 마! 너희야말로, 내가 당장 해치워 주마!」
0xaf000	134	「후후후… 그럼, 시작할까!?」
0xaf000	135	「바라던 바다!」
0xaf000	136	「키타로! 저것을 보는 것이다!」
0xaf000	137	「모습이… 보이지 않게 돼 간다!?」
0xaf000	138	「키타로, 보이지 않는 놈들은 어디서 공격해 올지 모른다…… 조심해라!」
0xaf000	139	「으그그…」
0xaf000	140	「각오해라! 페낭가란!」
0xaf000	141	「이놈 키타로…!」
0xaf000	142	「히히히! 도우러 왔다!」
0xaf000	143	「로, 론론!」
0xaf000	144	「후후… 잘 되고 있군~」
0xaf000	145	「뭐, 뭐 그렇지…」
0xaf000	146	「그런데… 너, 쥐인간을 어디로 보낸 거지?」
0xaf000	147	「뭐냐… 이런 때에?」
0xaf000	148	「그 아이는 내 마음에 든 아이였다고! 어디로 보냈어!」
0xaf000	149	「흥, 그거 딱하게 됐군…@그놈은 우리 작전에 이용했다. 이제 네 곁으로는 돌아오지 않는다!」
0xaf000	150	「무, 뭐라고~!?」
0xaf000	151	「그런 것이다… 잘 있거라!」
0xaf000	152	「앗! 잠깐, 기다려!」
0xaf000	153	「? 무슨 이야기를 하는 거지?」
0xaf000	154	「쥐인간이… 어쨌다고 하던데?」
0xaf000	155	「흥! 뭐, 됐어. 키타로 놈들! 각오해라!」
0xaf000	156	「노, 노인에게 무슨 짓이냐…!」
0xaf000	157	「어리광 부리는 소리 지껄이다니… 요괴는 평생 현역이다!」
0xaf000	158	「쳇! 쥐인간도 없어져 버렸고…@이제 이런 곳에 볼일 없어, 철수다!」
0xaf000	159	「물러날 때… 로군. 철수하겠어」
0xaf000	160	「큰소리를 친 것치고는 유난히 순순히 철수하네요…」
0xaf000	161	「으음… 그렇구나. 도저히 못 당하겠다고 안 것 아니겠느냐?」
0xaf000	162	「그러면 좋겠는데요…」
0xaf000	163	「갸~오!」
0xaf000	164	「또 이놈들인가!」
0xaf000	165	「요괴수 본체에 접근시키지 않을 셈이다!@키타로, 어떻게 해서든 이놈들을 돌파해서 요괴수를 쓰러뜨리는 것이다!」
0xaf000	166	「알겠습니다!」
0xaf000	167	「요괴수! 너는 우리가 쓰러뜨린다!」
0xaf000	168	「………………」
0xaf000	169	「물러날 때… 로군. 철수하겠어」
0xaf000	170	「흥… 철수한다!」
0xaf000	171	「쳇! 쥐인간도 없어져 버렸고…@이제 이런 곳에 볼일 없어, 철수다!」
0xaf000	172	「너를 도와줄 동료는 이제 아무도 없다! 얌전히 항복해라!」
0xaf000	173	「………………」
0xaf000	174	(뭐지… 어째서 이놈은 잠자코 있는 거지!?)
0xaf000	175	「여기까지 오는 것이 힘들었던 것치고는, 본무대의 싸움은 의외로 간단했구나」
0xaf000	176	「이놈만 쓰러뜨리면… 이제 그 작은 요괴수들을 만들어 낼 수 없다는 것이구나」
0xaf000	177	「얼른 쓰러뜨린다~~!」
0xaf000	178	「이제 너밖에 안 남았으니까! 각오해!」
0xaf000	179	「…………」
0xaf000	180	「잠깐! 무시하지 마!」
0xaf000	181	「뭐지 이놈… 어쩐지 상태가 이상해요, 아버지!」
0xaf000	182	「……………………!? 이런, 당했다!」
0xaf000	183	「네! 당했다니… 무슨 소리예요!?」
0xaf000	184	「이놈은… 겉모습만 요괴수와 비슷하게 만든 가짜다!」
0xaf000	185	「그럴 수가! 하지만, 희미하게 움직이고 있고, 강한 요기도 느껴지는데요?」
0xaf000	186	「정교한 가짜… 라는 것이오이다.@이렇게 가까이서 봐도, 말해 주지 않으면 가짜인 줄 모르겠소!」
0xaf000	187	「우산요괴 때의 조끼도 그렇고…@용케도, 여기까지 공들인 가짜를 만들 수 있구나.@어지간히 진짜의 자세한 정보가 없으면, 이렇게는 못 만들 텐데…」
0xaf000	188	「응!? 키타로, 잠깐 이놈에게 귀를 대 보아라」
0xaf000	189	「귀…? 이렇게요?」
0xaf000	190	「뭔가 들리지 않느냐?」
0xaf000	191	「시계… 소리 같은데요… 서, 설마!?」
0xaf000	192	「모, 모두! 엎드려!」
0xaf000	193	「무엇이라!?」
0xaf000	194	「무슨…」
0xaf000	195	「됐으니까!」
0xaf000	196	「이… 이건!」
0xaf000	197	「으와아아아아아아아아아아아아 아아아아아~~~~~~!!」
0xaf000	1024	개발중
0xb2000	0	「드라큘라 님. 키타로의 처형 준비가 갖춰졌습니다…」
0xb2000	1	「수고했다… 놈은 어떻게 하고 있느냐?」
0xb2000	2	「잠자코 얌전히 있습니다. …무서울 정도입니다」
0xb2000	3	「…그런가」
0xb2000	4	「하지만… 기가 님의 힘은 무섭구먼…@자위대 놈들은 우리에게 키타로를 넘겨주고도 아무렇지 않은 건가?」
0xb2000	5	「자위대도 어차피 조직이다. 놈들은 명령서대로 움직일 뿐이지. 설령 그것이 가짜라도… 말이다」
0xb2000	6	「정말이야? 헤헤헤! 그렇다면 이제 무서울 게 없겠군!」
0xb2000	7	「흥. 일본인은 근면하다고들 하지만… 어차피 윗사람 말에 고분고분 따르기만 하는 무능의 집단이다.@확실히… 기가 님의 힘을 발휘하기에는… 안성맞춤인 나라라는 것이군」
0xb2000	8	「물론 그것뿐만은 아니다」
0xb2000	9	「아아, 알고 있고말고. 이 땅이 지닌 영력은 헤아릴 수 없는 데가 있지」
0xb2000	10	「평소 그것은 영력의 흐름이 되어 눈에는 보이지 않지만 온 일본을 완만하게 떠돌고 있다.@우리는 그 모든 흐름을 괴기상 발생으로 통괄-조정해 한곳에 모으는 데 성공했다.@덕분에 기가 님은 순식간에 힘을 증폭시켜, 온 일본의 네트를 장악할 수 있었다」
0xb2000	11	「그때까지도 그분 덕분에 제한적으로 정보 통제는 하고 있었지만 말이야.@괴기상을 발생시키는 건 솔직히 준비에 시간이 걸렸지.@그분이 좀처럼 GO 사인을 내주지 않아서 말이야…@어쨌든, 한 번 괴기상을 발생시켜 영력의 흐름을 바꿔 버리면 이쪽 것이지.@이대로 이 나라에서 그분의 파워 업에 쓸 영력을 계속 모아 나가면…」
0xb2000	12	「그렇고말고. 그분이 세계 정복에 필요한 영력을 다 모으는 날에는…@전 세계의 네트와 네트에 접속된 기계는 전부 우리 손안에 들어온다.@한순간에 세계는 우리 것이다!」
0xb2000	13	「키타로도 손에 넣었고 이제 그것도 시간문제네」
0xb2000	14	(정말로… 그렇다면 좋겠다만)
0xb2000	15	(드라큘라 이놈… 역시 그놈 일이 마음에 걸리는 것인가…?)
0xb2000	16	(아직… 미련이 있는 것이냐? 아니, 승부는 났다. 포기해라, 드라큘라여…)
0xb2000	17	「별일 없느냐…?」
0xb2000	18	「옛! 이상 없습니다!」
0xb2000	19	「그런가… 조용하구나. 김이 빠지는군」
0xb2000	20	「키타로라는 버팀목을 잃고 의기소침해 있는 것이겠지요. 별것 아닙니다」
0xb2000	21	「흠… 상황은 알았다. 감시를 계속하고 있어라」
0xb2000	22	「하하!」
0xb2000	23	「………………」
0xb2000	24	「………………」
0xb2000	25	「………………」
0xb2000	26	「우리… 이제 어떻게 되는 거요…?」
0xb2000	27	「어떻게 될까…」
0xb2000	28	「키타로가 없으니 놈들에게 저항해 봐야 소용없을 테고…」
0xb2000	29	「………………아버님은… 어떻게 생각하세요?」
0xb2000	30	「어쨌든 키타로가 걱정이다…」
0xb2000	31	「그럼… 키타로를 구하러 가는 거예요?」
0xb2000	32	「그래야 하겠지만…@나도 충격으로 어찌해야 할지 모르겠다.@포기를 모르던 그 아이가… 저렇게 어깨를 떨구고…」
0xb2000	33	「………………」
0xb2000	34	「? 누가 왔다~!」
0xb2000	35	「무엇이라? 지금은 이 숲에 자유로이 드나들 수 없을 텐데… 누구냐?」
0xb2000	36	「영차, 실례하네」
0xb2000	37	「자네는… 오키나와의 요괴 시사!」
0xb2000	38	「헤헤, 오랜만이야, 아버님.@TV, 봤어. 어쩐지 큰일이 난 모양이더군.@이 숲에도 어쩐지 감시가 붙어 있고…」
0xb2000	39	「그렇다, 여기는 지금 격리되어 있다. 자네, 어떻게 여기에?」
0xb2000	40	「영차, 실례하네」
0xb2000	41	「시사!」
0xb2000	42	「여기는 지금 격리되어 있다. 용케도 들키지 않고…」
0xb2000	43	「헤헤, 나는 땅속에 들어갈 수 있으니까. 흙 속까지는 놈들 눈도…」
0xb2000	44	「늑대인간 님! 이런 곳에 터널이 파여 있습니다!」
0xb2000	45	「뭐라고? 놈들… 얌전하다 했더니 그런 거였나!」
0xb2000	46	「어찌할까요?」
0xb2000	47	「저항할 의지를 보이면 죽여도 상관없다고 들었다.@더 이상 봐줄 수 없다. 놈들째로 이 숲을 태워 버려라!」
0xb2000	48	「하하!」
0xb2000	49	「시, 시사 님!」
0xb2000	50	「하하… 땅속에 들어가 있는 동안은 완벽했는데… 미안!」
0xb2000	51	「어쩌지… 놈들 숲에 불을 질렀다!」
0xb2000	52	「으음, 어쩔 수 없다… 여기서는 일단 도망치는 것이다!」
0xb2000	53	「………」
0xb2000	54	「고양이소녀, 미안하지만 네 머리에 나를 태워 주지 않겠느냐? 어쨌든 키타로가 없으니 말이다」
0xb2000	55	「어, 네. 알겠어요」
0xb2000	56	「오오, 불이 꺼졌다!」
0xb2000	57	「이걸로 한시름 놓았네」
0xb2000	58	「일단은… 그렇지 하지만… 놈들도 이것만으로 물러나지는 않을 것이다.@다음에 올 때는 더 큰 병력으로 완전히 우리 숨통을 끊으러 오겠지.@여기 머무를 수는 없구나…」
0xb2000	59	「그러고 보니… 시사, 자네 뭔가 정보를 가져왔다고 하지 않았느냐?」
0xb2000	60	「아, 아아… 실은…」
0xb2000	61	「무, 무엇이라!? 키타로가 처형된다는 것이냐?」
0xb2000	62	「큰일이다~~!!」
0xb2000	63	「아아, 듣자 하니 처형은 오소레잔에서 이루어진다더군.@그 기가라는 놈이 직접 형을 집행한다는 모양이야!」
0xb2000	64	「이럴 수가… 끌려가서 무사히 끝나리라고는 생각하지 않았다만…@이렇게 빨리 키타로의 처형을 할 셈이라니…」
0xb2000	65	「키타로… 미안하다. 아비인 내가 곁에 있으면서, 이런 일이 되어 버리다니…」
0xb2000	66	「자, 잠깐만요! 아직 키타로가 죽은 건 아니잖아요!@어째서 그런 소리를 하세요!」
0xb2000	67	「하지만… 어떻게 하면 좋으냐. 처형은, 그 기가라는 놈들의 두목이 하는 것이다?@키타로가 없는 지금의 우리로 그런 놈을 상대로 무엇을 할 수 있다는 것이냐!」
0xb2000	68	「………」
0xb2000	69	「우리 말고 다른 요괴들도 조금씩 세계 요괴들에게 세뇌당해 가는 모양이오이다.@아군은 점점 줄어들고 있소이다!」
0xb2000	70	「나쁜 요소뿐이다. 이제… 우리로서는 어찌할 도리가」
0xb2000	71	「좋아요, 알겠어요. …시사」
0xb2000	72	「응? 뭐야?」
0xb2000	73	「키타로가 처형된다는 장소… 자세히 알려 줘」
0xb2000	74	「어, 어쩔 셈이냐, 고양이소녀!」
0xb2000	75	「뻔하잖아요. 나 혼자라도… 키타로를 구하러 갈 거예요!」
0xb2000	76	「무, 무모하오!」
0xb2000	77	「뭐야 뭐야! 다들 축 처져서는! 지금이라면… 아직 늦지 않았어요.@아니… 키타로를 되찾으려면 그 기회는… 지금밖에 없어요!」
0xb2000	78	「고양이소녀…」
0xb2000	79	「하지만… 키타로는 스스로 잡힌 것이다?@우리가 구해도 다시 싸워 줄지 어떨지…」
0xb2000	80	「키타로는 열심히 해 왔어요. 그러니까, 누구보다도 지쳐 있는 거예요…@우리가, 그걸 가장 잘 알고 있을 텐데요?」
0xb2000	81	「…………………」
0xb2000	82	「나도… 키타로가 저놈들을 따라갔을 때는 아무것도 못 했어요…@하지만, 점점 그게 잘못이었다는 걸 깨달았어요.@아무것도 하지 않는다니… 포기한다니… 절대 안 돼요!@우리… 오늘까지 무엇을 위해 싸워 왔나요?@여기서 멈춰 서면… 전부… 전부 헛수고가 되어 버리잖아요!」
0xb2000	83	「……무엇을 위해… 인가」
0xb2000	84	「확실히… 그렇구나」
0xb2000	85	「누리카베 간다~~!」
0xb2000	86	「그렇소이다… 이렇게 된 이상 될 대로 되라지! 다 함께 갑시다!」
0xb2000	87	「어쩌겠나, 아기울음영감?」
0xb2000	88	「모래뿌리기…@젊은 사람들이 이렇게까지 말하는데 우리가 꼴사나운 모습을 보일 수야 없잖은가!」
0xb2000	89	「그렇구나」
0xb2000	90	「…모두들…」
0xb2000	91	「아버님… 키타로를… 구하러 갑시다…」
0xb2000	92	「미안하다… 고양이소녀」
0xb2000	93	「네!?」
0xb2000	94	「아비인 내가…@본래라면 가장 먼저 키타로를 구하자고 말했어야 했는데…@뒤처지고 말았구나」
0xb2000	95	「그럼…」
0xb2000	96	「하지만… 목숨의 보장은 못 한다? 모두 그래도 괜찮으냐?」
0xb2000	97	「키타로를 위해서라면… 불 속이든 물 속이든!」
0xb2000	98	「이왕이면… 마지막으로 한 송이 꽃을 피워 주지!」
0xb2000	99	「누리카베~~~! 기가, 한 방 후려친다~!」
0xb2000	100	「우리도 모두 같은 마음이오이다!」
0xb2000	101	「모두… 미안하다」
0xb2000	102	「그런 말 말게, 아버님. 진다고 정해진 것도 아니다.@이쪽에서 치고 나가면 의외로 승산도 있을지 모른다!」
0xb2000	103	「이대로면, 어차피 저놈들이 일본이나 세계를 정복하는 것은 불 보듯 뻔하고 말이다」
0xb2000	104	「음… 그렇구나!」
0xb2000	105	「그럼… 서둘러 출발합시다! 시사, 안내 부탁해!」
0xb2000	106	「아아, 맡겨 줘!」
0xb2000	107	(키타로… 미안하다. 나는 꾸물거리다 너를 못 본 척할 뻔했다.@하지만 이제 주저하지 않겠다. 키타로… 곧 구하러 가마!)
0xb2000	108	「크윽… 이럴 수가! 불이 완전히 번졌구나…」
0xb2000	109	「어디로 갈 셈이냐! 놓치지 않겠다!」
0xb2000	110	「기, 기다려! 우리는 딱히 저항하려는 것이 아니다!」
0xb2000	111	「흥! 그런 건 어느 쪽이든 상관없다. 여기서 전원 처형해 주지!」
0xb2000	112	「우리를 놓아줄 마음은 눈곱만큼도 없는 모양이구나…」
0xb2000	113	「싸워요…」
0xb2000	114	「고, 고양이소녀!」
0xb2000	115	「아버님. 지금, 싸우지 않으면 우리가 당해 버려요…」
0xb2000	116	「그, 그건 그렇다만…」
0xb2000	117	「나도 도울게!」
0xb2000	118	 |<시사가 동료가 되었다!>
0xb2000	119	「돌아오자마자 바로 전투라니… 괜찮아? 시사?」
0xb2000	120	「아아, 실은 모두에게 정보를 가져왔거든.@어서 싸움을 끝내고, 그걸 전해야지!」
0xb2000	121	(정보…? 뭘까?)
0xb2000	122	「에잇, 어쩔 수 없다. 이놈들을 해치운다!」
0xb2000	123	「이번에야말로… 너희를 쓰러뜨려 주마!」
0xb2000	124	「늑대인간! 도우러 왔다!」
0xb2000	125	「머리 둘! 도움은 고맙다만 …이놈들은 내 사냥감이다, 손대지 말아 주었으면 하는데」
0xb2000	126	「지껄여라… 이놈들에게 호되게 당한 건 너뿐이 아니다.@독차지하려 해도 그렇게는 안 되지!」
0xb2000	127	「늑대인간! 도우러 왔다!」
0xb2000	128	「너는… 누구냐!」
0xb2000	129	「이 몸은 머리 둘 미라요괴… 드라큘라 님을 섬기는 자다!」
0xb2000	130	「머리 둘… 미라?」
0xb2000	131	「이 몸이 온 이상 이제 도망칠 수 없다… 각오해라!」
0xb2000	132	「우부메! 모습이 안 보인다 했더니 어디에 갔었느냐!」
0xb2000	133	「헤헤… 잠깐 동료를 찾으러 갔었어」
0xb2000	134	「자네는… 우부메!」
0xb2000	135	「헤헤헤! 오랜만이네!」
0xb2000	136	「…당신도 우리와 싸우러 온 거야!?」
0xb2000	137	「자, 잠깐만 기다려 줘. 나는 너희 편이야…」
0xb2000	138	「편?」
0xb2000	139	「너희에게 져 버린 뒤에, 드라큘라 일당에게 다시 봉인을 풀어 달라고 했지.@그런데 말이야, 어쩐지 놈들 편을 들 마음이 안 생기더라고~!」
0xb2000	140	「벼, 변덕스럽네」
0xb2000	141	「너희들 어쩐지 험한 꼴을 당하고 있는 모양이잖아…@너희 편인 척하던 요괴까지 태도가 확 바뀐 게@아무래도 마음에 안 들어서 말이야… 너희 편을 들어 주지」
0xb2000	142	 |<우부메가 동료가 되었다!>
0xb2000	143	「그리고… 너희 동료가 되고 싶다는 요괴를 데려왔어」
0xb2000	144	「동료… 라고?」
0xb2000	145	「아아, 좀 훈계했더니 개심했어」
0xb2000	146	「자네는…」
0xb2000	147	「이야기… 들었어」
0xb2000	148	「그 TV… 거짓말이라며」
0xb2000	149	「우부메에게 듣고 냉정하게 생각해 봤더니… 생각이 바뀌었어」
0xb2000	150	「흥! 이제 와서 뭐야!」
0xb2000	151	「고양이소녀… 이놈들에게는 내가 아~주 잘 타일러 뒀어.@다들 나처럼 생각을 고쳐먹었어. 동료로 삼아 줘」
0xb2000	152	「어쩌겠느냐? 고양이소녀」
0xb2000	153	「………………좋아요. 인정할게요」
0xb2000	154	「괜찮아?」
0xb2000	155	「미안해. 반성하고 있어」
0xb2000	156	「고마워 고양이소녀… 나… 심한 말 한 만큼 열심히 도움이 될게…」
0xb2000	157	「사실은 마음에 안 들지만… 지금은 한 명이라도 전력이 필요하니까… 특별히야!」
0xb2000	158	「흠… 그렇구나」
0xb2000	159	「좋아, 그럼 저놈들을 해치우는 거야!」
0xb2000	160	「오~!」
0xb2000	161	 |<우산요괴가 동료가 되었다!>
0xb2000	162	 |<수달이 동료가 되었다!>
0xb2000	163	 |<누케쿠비가 동료가 되었다!>
0xb2000	164	「쳇… 키타로도 없는 이런 놈들에게 불찰을 범하다니…」
0xb2000	165	「늑대인간…」
0xb2000	166	「아~ 저 녀석!」
0xb2000	167	「무지나냐… 뭐 하러 왔느냐!?」
0xb2000	168	「나머지는 내가 하겠다. 너는 물러나라…」
0xb2000	169	「뭐라고!? 이놈… 갑자기 나서서는, 무슨 속셈이냐!」
0xb2000	170	"「…지금 나에게 현장 지휘를 넘기면, 너는 ""놈들을 놓쳤다""는 오명을 쓰지 않아도 된다?@게다가… 드라큘라에게 어서 알리러 가는 편이 낫지 않겠나?」"
0xb2000	171	"「드라큘라… ""님""이 빠졌다, 란도셀 놈」"
0xb2000	172	「어이쿠… 이거 실례했군…」
0xb2000	173	(크, 이놈… 대체 무엇을 생각하고 있는 거냐!?)@「흥! 알겠다… 나머지는 맡기지」
0xb2000	174	「처음부터 순순히 그렇게 말했으면 좋았을 것을…」
0xb2000	175	「흥… 조금은 배짱 있어 보이는 놈이 나왔구나…」
0xb2000	176	「좋다… 덤벼라!」
0xb2000	177	「어째서냐~! 어째서 이길 수 없는 거냐~~!!」
0xb2000	178	(이 정도면 되겠지…)@「물러날 때다… 철수한다」
0xb2000	179	「무엇이라?」
0xb2000	180	「무지나 녀석… 유난히 간단히 물러났군…」
0xb2000	181	「흥! 못 당하겠다는 걸 알고 포기한 거야!」
0xb2000	182	(지나친 생각인가…)
0xb2000	183	「어떻게든… 쓰러뜨린 모양이구나」
0xb2000	184	「아버님, 일단 불을 끕시다!」
0xb2000	185	「아, 아아 그렇구나」
0xb2000	186	「자~ 옜다!」
0xb2000	187	「누리카베~!」
0xb2000	188	(음? 우부메의 모습이 보이지 않는구나… 저 녀석, 이런 때에 어디로 간 것이냐?)
0xb2000	1024	개발중
0xb5000	0	「오소레잔인가… 여기 오는 것도 오랜만이구나…」
0xb5000	1	「설마… 이런 형태로 오게 될 줄은 몰랐다만」
0xb5000	2	「시사. 키타로는 어디 있어?」
0xb5000	3	「실은… 자세한 건 나도 몰라」
0xb5000	4	「무엇이라? 그럼, 어떻게 하겠다는 것이냐!?」
0xb5000	5	「다 같이 그 장소를 찾는 것이오?」
0xb5000	6	「아니, 실은 안내인을 붙잡아 뒀어」
0xb5000	7	「안내인~?」
0xb5000	8	「후가후가~~!」
0xb5000	9	「이 통 안에 붙잡아 뒀어. 모두가 잘 아는 놈이야」
0xb5000	10	「후가~~!」
0xb5000	11	「………………어~쩐지, 이미 누군지 알겠는데…」
0xb5000	12	「그렇구나. 이런 취급을 당하는 놈은, 우리 식구 중에는 하나밖에 없으니 말이다」
0xb5000	13	「꺼내 주어라, 시사」
0xb5000	14	「알았어」
0xb5000	15	「푸하~~! 사, 살았다!」
0xb5000	16	「쥐인간… 역시 너였구나」
0xb5000	17	「으윽! 여, 영감!」
0xb5000	18	「잠깐 너! 요전에 잘도 배신해 주었겠다!」
0xb5000	19	「히에~~~~!!」
0xb5000	20	「자, 잠깐 잠깐! 고양이소녀!」
0xb5000	21	「지금은 그럴 때가 아니지 않느냐!」
0xb5000	22	「윽, 그, 그것도 그렇네」
0xb5000	23	(사… 살았다~~)
0xb5000	24	「언제나처럼 운 좋은 놈이오이다!」
0xb5000	25	「이 오소레잔에 놈들이 모여 있다길래 좀 조사하고 있었는데…@그러다 이놈을 발견해서, 꽁꽁 묶어 뒀지!」
0xb5000	26	「쥐인간, 네가 여기 있다는 것은, 키타로의 처형 일도 알고 있겠지?@키타로가 있는 곳을 알고 있다면 말하는 것이다!」
0xb5000	27	「아아, 알고 있었던 건 알고 있었지」
0xb5000	28	"「알고… ""있었""다고? 무슨 소리야!?」"
0xb5000	29	「한발 늦었군. 키타로는… 이미…」
0xb5000	30	「무엇이라!?」
0xb5000	31	「자, 자세히 말해!」
0xb5000	32	「자, 자 흥분하지 마! 말한다. 말할 테니까~~!」
0xb5000	33	「후후후… 시끄럽다 했더니… 손님인가?」
0xb5000	34	「무, 누구냐! 어디 있느냐!」
0xb5000	35	「후후후… 어디를 보고 있는 거지 …여기다…!」
0xb5000	36	「이런… 우리는 터무니없는 장소에서 이야기를 하고 있었던 모양이구나」
0xb5000	37	「설마… 요괴수가 이 오소레잔에 와 있었을 줄이야…」
0xb5000	38	「저런 거대한 놈을 오가사와라에서 여기까지 옮겨 오다니…@아마도 라 세느 녀석의 짓이겠지」
0xb5000	39	「쥐인간! 어서 키타로의 처형이 이루어지는 장소로 안내해!」
0xb5000	40	「…………………」
0xb5000	41	「어, 어떻게 된 거야! 왜 잠자코 있는 거야!」
0xb5000	42	「…요괴수 이야기를 못 들었냐.@놈이 흡수하던 피에는 키타로의 피도 섞여 있었다고?@즉 키타로는 이미 피를 뽑히고… 해체된 거야」
0xb5000	43	「그럴… 거짓말이야! 안 믿어!」
0xb5000	44	「……………………」
0xb5000	45	「너는… 그것을 실제로 봤느냐?」
0xb5000	46	「아니, 키타로가 제 발로 잡혀 버려서, 현상금을 못 받게 됐지만…@떼를 쓰면 경비 정도는 나오지 않을까 싶어서 여기 와 봤는데,@…문전박대였지. 처형 광경 같은 걸 볼 수 있겠나!」
0xb5000	47	「그럼… 실제로 확인한 건 아니라는 거네?」
0xb5000	48	「하지만… 처형 예정 시간은 진작에 지났다. 이미… 늦었어」
0xb5000	49	「그럴… 수가…」
0xb5000	50	「정말이냐? 쥐인간?」
0xb5000	51	「헤, 키타로도 매정한 놈이야. 어차피 해체될 거였다면@내 주머니라도 따뜻하게 해 줬으면 좋았을 텐데 말이야!」
0xb5000	52	「뭐, 뭐라고~!」
0xb5000	53	「무, 뭐야. 사실이잖…!」
0xb5000	54	「으갸아아~~!」
0xb5000	55	「아직 멀었어!」
0xb5000	56	「으갸갸갸갸 아아아아아아아~~~~!!!」
0xb5000	57	「하아… 하아… 어때? 그 험한 입버릇 좀 고쳐졌어?」
0xb5000	58	「예… 예에…」
0xb5000	59	「쥐, 쥐인간… 살아 있느냐?」
0xb5000	60	「어쨌든… 이놈에게 그 처형장인지를 안내시키자」
0xb5000	61	「가까이 가면, 내가 땅에 터널을 팔 테니, 거기를 통해 내부로 침입하자」
0xb5000	62	「음, 키타로가 지금 어떤 상태인지 모르겠다만… 어쨌든 서두르는 것이다!」
0xb5000	63	「그래요!」
0xb5000	64	(키타로… 무사히 있어 다오…)
0xb5000	65	「저건… 설마!?」
0xb5000	66	「후후후… 또 만났군, 아버님」
0xb5000	67	「다… 당신은… 요괴수!?」
0xb5000	68	「살아 있었느냐…?」
0xb5000	69	「크… 뿌리자르기벌레로도 자네를 완전히 멸하지는 못했나…」
0xb5000	70	「그렇고말고. 나는 살아남아… 이 오소레잔에 뿌리를 내릴 수 있었다!」
0xb5000	71	「갸~오!」
0xb5000	72	「………」
0xb5000	73	「또 이놈들인가!」
0xb5000	74	「또 만났군…」
0xb5000	75	「너희도… 여기 와 있었어?」
0xb5000	76	「남국 요괴 총출동이구나…」
0xb5000	77	「나는 여기서 키타로의 피를 받아… 더욱 힘을 기르는 것이다!」
0xb5000	78	「저놈은…?」
0xb5000	79	"「후후후… 처음 뵙는군. 내 이름은 ""요괴수""」"
0xb5000	80	「요괴수!?」
0xb5000	81	「그, 그럼, 이놈이 우리가 교토에 가 있는 동안@아부라스마시 일행이 싸워서 쓰러뜨렸다는 상대?」
0xb5000	82	"「그렇다… 오가사와라에서는 너희 동료에게 신세를 졌지.@하지만, 공교롭게도, 나를 완전히 멸하지는 못했다.@그놈들은 나를 쓰러뜨렸다고 생각했겠지만…@지하에 뻗어 놓은 내 ""뿌리""의 존재를 눈치채지 못하다니… 어설프구나!」"
0xb5000	83	「갸~오!」
0xb5000	84	「………」
0xb5000	85	「뭐냐 이놈들은!?」
0xb5000	86	「요괴수의 분신… 그리고 물로 된 병사인 모양이구나.@물 병대 쪽은… 아마도 물을 다루는 보자이 녀석의 부하겠지」
0xb5000	87	「페낭가란에… 저놈은?」
0xb5000	88	「내 이름은 란스빌!」
0xb5000	89	「라… 란스빌!? 고양이소녀, 이놈은 남방 나라에 사는 마녀다!」
0xb5000	90	「남방? 분명… 페낭가란도 남방 요괴지?」
0xb5000	91	「그렇고말고, 드라큘라에게 함께 스카우트되어 왔다!」
0xb5000	92	「남방 요괴 총집합이구나…」
0xb5000	93	「나는 여기서 키타로의 피를 받아… 더욱 힘을 기르는 것이다!」
0xb5000	94	「뭐라고!? 키타로의 피를?」
0xb5000	95	「그렇고말고. 키타로를 처형하는 것만이라면 간단하지.@하지만, 그 기가라는 놈은 꽤나 멋진 생각을 하더군. 키타로를 해체해서…@그 피와 살을 우리에게 주어 힘을 기르게 하겠다는 거야!」
0xb5000	96	「무…!?」
0xb5000	97	「무서운 일이로다…」
0xb5000	98	「으음음… 키타로의 몸의 부위가 놈들 체내에 흡수되어 버리면,@아무리 키타로라도, 두 번 다시 되살아날 수 없다…@어떤 의미에서 가장 효과적인 처리 방식이라 할 수 있구나… 잘도 생각했구나」
0xb5000	99	「감탄하고 있을 때냐!?@이놈을 방치해 두면… 차례차례 자기 분신을 만들어 내서 큰일이 난다고 하지 않았느냐?」
0xb5000	100	「확실히! 그런 이야기였지」
0xb5000	101	「키타로의 처형이 어떻게 됐는지 나는 모르지만… 일단 피는 받아 왔다」
0xb5000	102	「무엇이라? 설마… 이 땅을 흐르는 피는!?」
0xb5000	103	"「그 설마… 다. 요괴 혈액과 블렌드한 ""키타로의 피""다!」"
0xb5000	104	「이, 이럴 수가…」
0xb5000	105	「아아… 힘이 넘친다… 오가사와라에서 입은 상처 따위 순식간에 나아 버렸다!@겸사겸사… 너희 피도 받도록 할까…」
0xb5000	106	「히히히히! 이놈들이 쳐들어오다니, 꽤나 재미있어졌잖아」
0xb5000	107	「론론… 당신 손을 빌릴 것도 없다. 보고 있어 주면 돼」
0xb5000	108	「무슨 소리야! 나는 심심하다고.@당신의 소중한 생명줄은 우리가 지켜 주지. 한번 해 보겠어!」
0xb5000	109	「저 항아리에서 흐르는 피 속에… 키타로의 피가 섞여 있다는 것이냐?」
0xb5000	110	「요, 용서 못 해!」
0xb5000	111	「키타로는 어떻게 된 것일까…? 역시, 이미…」
0xb5000	112	「에잇, 아기울음! 지금은 어쨌든 이놈을 쓰러뜨린다! 이야기는 그다음이다!」
0xb5000	113	「고양이소녀… 저것을 보아라」
0xb5000	114	「항아리… 네요. 저기서 키타로의 피가 섞인 요괴 혈액이 흘러들고 있는 거군요…」
0xb5000	115	「저것이 요괴수로 흘러드는 한, 놈은 체력을 회복해 버릴 것이다.@우선은 저 항아리를 부수는 것이다!」
0xb5000	116	「알겠어요!」@(그러려면 항아리를 지키는 마녀들과 론론을 쓰러뜨려야겠네)
0xb5000	117	「제, 제기랄……!」
0xb5000	118	「크… 너희에게는 못 당하겠어…」
0xb5000	119	「아야야…… 다, 당했다…」
0xb5000	120	「좋아, 이걸로 남은 항아리는 두 개다…!」
0xb5000	121	「앞으로 하나다…!」
0xb5000	122	「꺅! 뭐…?」
0xb5000	123	「으음음… 항아리가 원래대로 돌아왔구나!」
0xb5000	124	「어떻게 된 거예요?」
0xb5000	125	"「저건… 아마도 세 개 한 조인 ""세쌍둥이 마법의 항아리""다!@고양이소녀, 저 항아리는 되도록 한꺼번에 파괴하지 않으면, 방금처럼 재생되어 버린다!」"
0xb5000	126	「드, 들은 적 없어요! 그런 게 어딨어…!?」
0xb5000	127	「나도 실물을 보는 것은 처음이다…@어, 어쨌든…… 세 개의 항아리를 되도록 동시에 부수는 것이다!」
0xb5000	128	「알겠어요!」
0xb5000	129	"「으음음… 항아리가 원래대로 돌아왔구나!@저것은 오가사와라에서도 본 세 개 한 조인 ""세쌍둥이 마법의 항아리""다!@고양이소녀, 저 항아리는 되도록 한꺼번에 파괴하지 않으면, 방금처럼 재생되어 버린다!」"
0xb5000	130	「그, 그렇지 그랬었죠…! 괜찮아요, 이번엔 실패하지 않을 거예요!」
0xb5000	131	「!? 이런!」
0xb5000	132	「이런이런… 또 다시 하는 건가」
0xb5000	133	「해냈어요!」
0xb5000	134	「으으으… 잘도!」
0xb5000	135	「좋아, 이걸로 요괴수 놈은 체력을 회복할 수 없을 터! 단숨에 쓰러뜨려 버려라!」
0xb5000	136	「네~!」
0xb5000	137	「키타로의 동료들인가… 여기까지 와 있었을 줄이야!」
0xb5000	138	「아아아…! 소중한 마법의 항아리가~~!」
0xb5000	139	「!? 증원인가!」
0xb5000	140	「저 항아리는 드라큘라 님께 맡아 둔 소중한 물건이었는데~~!@잠깐 눈을 뗀 사이에… 이놈… 이놈~~!」
0xb5000	141	「와아! 의욕 만만이네…」
0xb5000	142	「밀랍인형들아… 이 장소에는 키타로의 피와 대량의 요괴 혈액이 스며들어 있다.@그 요기를 온몸으로 들이마셔라! 놈들을 쓰러뜨릴 힘으로 삼는 것이다!」
0xb5000	143	「크… 성가신 놈들이구나!」
0xb5000	144	「우리는 키타로를 구해야 한단 말이야!@미안하지만… 후딱 해치워 버리겠어!」
0xb5000	145	「으윽! 네, 네놈들…!」
0xb5000	146	「카리카… 이제 네 나라로 돌아가지 그래?」
0xb5000	147	「젠장… 이런 계집애에게까지 우롱당하다니… 철수다!」
0xb5000	148	「그~~러~~언~~~!!?」
0xb5000	149	「그럴… 이 내가 또다시~~~!?」
0xb5000	150	「모처럼 이 땅에 뿌리를 내렸는데 딱하다만… 너는 이제 끝이다」
0xb5000	151	「이쪽에 온 건 최근일 테니…@땅속에 뿌리를 뻗을 시간은 없었겠죠!」
0xb5000	152	「이, 이, 이, 이놈~~~!!」
0xb5000	153	「요괴수… 키타로의 피는… 맛있었어?」
0xb5000	154	「뭐라고…?」
0xb5000	155	「미안하지만… 나는 키타로와 달리 성질이 급해. 너 따위… 이렇게야!」
0xb5000	156	「으갸아아아아아아아아아아아아 아아아아아아아아아아아아아아아 아아아아아~~~~!!!!!」
0xb5000	157	「흥, 꼴좋다! …하나 처리 완료!」
0xb5000	158	「따, 딱하게 됐구나… 운이 나빴구나…」
0xb5000	159	「젠장… 철수다!」
0xb5000	160	「그~~러~~언~~~!!?」
0xb5000	1024	개발중
0xb7800	0	「영차…」
0xb7800	1	「모두… 내 터널은 무사히 지나왔어?」
0xb7800	2	「우리는 괜찮았는데… 누리카베가…」
0xb7800	3	「누리… 카… 베…」
0xb7800	4	「누리카베! 조금만 더요!」
0xb7800	5	「뭐… 어떻게든 될 것 같구나」
0xb7800	6	「여기가 키타로의 처형장인가?」
0xb7800	7	「아아, 이 근처일 거다…」
0xb7800	8	 |<………쥐 죽은 듯 고요………>
0xb7800	9	「…조용하네」
0xb7800	10	「처형은… 역시 벌써 끝나 버린 것일까…」
0xb7800	11	「그럴…」
0xb7800	12	「그러니까 말했잖아? 이미… 소 잃고 외양간 고치기야」
0xb7800	13	「다, 닥쳐!」
0xb7800	14	「어, 어쨌든 키타로를 찾는 것이다!@확인해 보지 않고서는 아무것도 모를 테니 말이다!」
0xb7800	15	「그, 그렇구나」
0xb7800	16	「응? 저건…?」
0xb7800	17	「……………………」
0xb7800	18	「너는…!?」
0xb7800	19	「!?」
0xb7800	20	「자, 잠깐! 기다려 줘!」
0xb7800	21	「아버님… 방금 그건, 설마!?」
0xb7800	22	「쫓는 것이다!」
0xb7800	23	「맡겨 둬!」
0xb7800	24	「후우… 나왔다~!」
0xb7800	25	「누리카베, 너도 어서 오는 것이다!」
0xb7800	26	「누리카베~~! 알았다~~~~!」
0xb7800	27	「키… 키타로~~~!!」
0xb7800	28	「고양이소녀, 걱정을 끼쳤네」
0xb7800	29	「키타로… 거짓말 같아… 아까까지, 뼈였는데…@지금 눈앞에 있는 건 평소의 키타로야!@아하하! 나… 너무 기뻐!!」
0xb7800	30	「이런이런… 운 지독하게 좋은 놈이군… 너는 말이야!」
0xb7800	31	「할멈, 아버지 상태는 어떻습니까?」
0xb7800	32	「이제 괜찮다…@많이 약해졌지만 이대로 안정을 취하면 죽지는 않는다」
0xb7800	33	「으으… 키타로…」
0xb7800	34	「아버지!」
0xb7800	35	「키타로… 기가는…?」
0xb7800	36	「쓰러뜨렸습니다… 아버지 덕분이에요!」
0xb7800	37	「그런가… 잘했구나」
0xb7800	38	「네!」
0xb7800	39	「정말… 정말… 다행이다…」@(키타로… 네 얼굴을 다시 볼 수 있다… 나는 그것만으로 충분하다.@어머니에 이어 너까지 잃었다면… 나에게는 이제 아무것도 남지 않으니 말이다)
0xb7800	40	「놈들은 놓쳐 버렸다만… 총대장이 저 꼴이니 이제 놈들도 와해되겠지」
0xb7800	41	「이걸로 일단락이구나」
0xb7800	42	「일단락~~~!!」
0xb7800	43	「일단… 게게게의 숲으로 돌아갑시다!」
0xb7800	44	「그래… 키타로. 아버님은 내가 살~살 옮길게!」
0xb7800	45	「아아, 고양이소녀. 부탁할게」
0xb7800	46	(아아… 키타로 목소리야. 그 밀랍인형 목소리 따위와는 달라. 진짜… 멋진 목소리…)
0xb7800	47	「고양이… 소녀」
0xb7800	48	(무… 뭐야? 이 쉰 목소리는…)
0xb7800	49	「기샤아아아~~!」
0xb7800	50	「꺄아아! 너, 너는!」
0xb7800	51	「꺄아아!」
0xb7800	52	「우오오!」@(키, 키타로…)
0xb7800	53	「고양이소녀!? 아버지?」
0xb7800	54	「저놈은… 박쥐고양이!?」
0xb7800	55	「아직 이 근처를 어슬렁거리고 있었던 것이냐!?」
0xb7800	56	「키타로… 고양이소녀와 눈알 녀석은 가져가겠다…!」
0xb7800	57	「뭐라고!? 두 사람을 놓아줘!」
0xb7800	58	「후후후… 그렇게는 안 되지. 잘 있거라!」
0xb7800	59	「기다려!」
0xb7800	60	「이탄모멘, 쫓는 것이다!」
0xb7800	61	「마, 맡겨 주시오!」
0xb7800	62	(크… 뭐라는 거야? 기가를 쓰러뜨렸는데!)
0xb7800	63	「하아, 하아…」
0xb7800	64	「………………」
0xb7800	65	「저건… 역시 그런가!?」
0xb7800	66	「키, 키타로…? 키타로야!?」
0xb7800	67	「………고양이… 소녀…?」
0xb7800	68	「키타로야!」
0xb7800	69	「키타로…! 살아 있었구나!」
0xb7800	70	「우히히히…!!」
0xb7800	71	「어, 어떻게 된 것이냐 키타로!?」
0xb7800	72	「우히히… 햐~핫핫핫하!!」
0xb7800	73	「으와앗!!」
0xb7800	74	「키타로가… 폭발했다!?」
0xb7800	75	「키… 키타로~!?」
0xb7800	76	「후후후…」
0xb7800	77	「누구냐!」
0xb7800	78	「너, 너는」
0xb7800	79	「드라… 큘라…」
0xb7800	80	「이런 곳까지 일부러 와 주시다니 걸음 하시게 해서 송구하군…」
0xb7800	81	「그 숲에서 조용히 살고 있었으면 좋았을 것을…」
0xb7800	82	「흥, 너희는 어지간히 거친 일을 좋아하는 모양이더군…?」
0xb7800	83	「지, 지금의 키타로는…!?」
0xb7800	84	「후후후… 아가씨에게는 자극이 강했나?@카리카에게 만들게 한 키타로의 밀랍인형이다」
0xb7800	85	「악취미로다…」
0xb7800	86	「진짜 키타로는 어디 있느냐!」
0xb7800	87	「후후후… 만나고 싶으냐? 만나게 해 주어도 좋다?」
0xb7800	88	「이, 이번엔 누구!?」
0xb7800	89	「이 목소리…」
0xb7800	90	「마침내… 나타났구나…!」
0xb7800	91	「…어서 오너라, 새로운 역사의 출발점… 오소레잔에!」
0xb7800	92	「대요괴… 기가!」
0xb7800	93	「호오… 이름을 기억해 주고 있었나?@아직 노망은 나지 않은 모양이군… 눈알아버지?」
0xb7800	94	"「""새로운 역사의 출발점""…? 무슨 소리요!?」"
0xb7800	95	「후후후… 설명 전에, 감동의 상봉이라도 하지 않겠나!@그것을 위해 여기까지 온 것 아닌가?」
0xb7800	96	「뭐!? 키타로가… 살아 있는 것이냐?」
0xb7800	97	「우리… 시간을 맞춘 거야…?」
0xb7800	98	「라 세느!」
0xb7800	99	「아아…」
0xb7800	100	「무, 무엇이냐 저것은…」
0xb7800	101	「서, 설마…」
0xb7800	102	「어찌 된 거냐…? 감동의 상봉이라는데 기뻐 보이지 않는군!」
0xb7800	103	「그럴 수가…! 이, 이것이… 키타로란 말이냐!?」
0xb7800	104	「거짓말… 이런 건 거짓말이야! 시, 싫어~~~~!!」
0xb7800	105	「놈의 처형은 끝났다…」
0xb7800	106	「키타로의 피와 살과 장기는… 우리가 넘겨받았다!」
0xb7800	107	(놈들의 몸이 굉장한 요기를 뿜고 있다… 키타로의 육체를 받아들인 탓인가…?)
0xb7800	108	「후후후…@우리의 고귀한 몸에 키타로의 몸 일부를 받아들이다니… 처음에는 어떨까 싶었다만@웬걸, 꽤나 몸에 익숙해지지 않는가!」
0xb7800	109	「키타로… 키타로!」
0xb7800	110	「이럴 수가…」
0xb7800	111	「키타로가… 이런 모습으로…」
0xb7800	112	「………………」
0xb7800	113	「으와~~~~!! 키타로~~~~~~!!」
0xb7800	114	「이제… 끝이오이다~~!」
0xb7800	115	「이, 이탄모멘! 잠자코 있지 못할까!」
0xb7800	116	「어라어라… 안 되지, 슬픔에 잠긴 친구에게 그런 큰 소리를 내다니!」
0xb7800	117	「요, 용서 못 해! 너희들… 각오해!」
0xb7800	118	「재미있군, 할 수 있는지 어떤지 시험해 보는 게 어떠냐?」
0xb7800	119	「우리는 이 땅에서 최대의 적인 키타로를 쓰러뜨리고, 게다가 그 힘을 내 것으로 삼았다!」
0xb7800	120	「이제… 무서운 것 따위 아무것도 없어…」
0xb7800	121	「우리는 새로운 한 걸음을 내디딘 것이다, 그런 우리에게 맞서겠다면…@너희를 우리가 손에 넣은 새로운 힘의 기념할 만한 첫 제물로 삼아 주마!」
0xb7800	122	「흥! 간단히는 당하지 않을 테니까!」
0xb7800	123	「고양이소녀, 무슨 소리를 하는 것이냐! 이렇게 되면 승산은 없다. 도망치는 것이다!」
0xb7800	124	「도망쳐서… 그래서 어떻게 된다는 거예요!@우리는 이미 수배자라고요!」
0xb7800	125	「그건…」
0xb7800	126	(크윽! 이대로는 우리는 물론, 세계는 놈들의 것이다… 대체 어떻게 하면…)
0xb7800	127	「키타로만 있으면 희망도 있었을 텐데…」
0xb7800	128	(………………………………… …………………이렇게 되면, 방법은, 이제 그것밖에 없다!)
0xb7800	129	「아버님! 아버님도 이 아이에게 뭐라고 좀 해 주게!」
0xb7800	130	「……고양이소녀」
0xb7800	131	「아버님도 저를 말릴 셈이에요!?」
0xb7800	132	「고양이소녀… 이기지 못해도 된다. 저놈들을 상대로 실컷 날뛰어 주지 않겠느냐?」
0xb7800	133	「어? 므, 무슨 말씀이세요!?」
0xb7800	134	「고양이소녀… 그리고 다른 모두도 들어 다오. 한동안… 아주 잠깐이면 된다,@놈들이 키타로의 유해에 손대지 못하게 해 주지 않겠느냐?」
0xb7800	135	「므, 무슨 말인가 아버님!?」
0xb7800	136	「설명할 틈은 없다. 우리의… 일본과 세계의 미래가 걸려 있다!@나를 믿고… 부탁한다!」
0xb7800	137	「아버님… 알겠다. 뭔가 계책이 있는 것이구나? 협력하겠다!」
0xb7800	138	「잘 모르겠지만, 나… 마구 날뛰어 주겠어요!」
0xb7800	139	「어쩔 수 없군… 나도 목숨은 아까우니까 지키기만 하는 거라면… 좋아」
0xb7800	140	「누리카베 키타로 지킨다~~!」
0xb7800	141	「그렇게 말해도 키타로는 뼈만 남아 버렸잖소?@어쩌실 셈이오이…」
0xb7800	142	「네네네! 이제 이러쿵저러쿵하지 마! 간다!」
0xb7800	143	「음… 끝까지 싸우다 죽는 길을 택할 셈이냐?」
0xb7800	144	「순사인가… 아름다운 일이군…」
0xb7800	145	「조심해라… 놈들 키타로의 뼈를 써서 뭔가 꾸미는 모양이다…」
0xb7800	146	「뼈만으로는 아무것도 못 할 텐데… 뭐, 드라큘라 님이 그리 말씀하신다면」
0xb7800	147	「만일을 위해 파괴해 줄까…!」
0xb7800	148	「모두, 나는 지금부터 이 키타로의 뼈에 어떤 일을 행하겠다.@모두는 이 뼈에 놈들을 접근시키지 않도록, 방해해 다오!」
0xb7800	149	「알겠어요!」
0xb7800	150	(자, 여기가 고비다… 잘 되어 다오…)
0xb7800	151	「으음음… 이건!?」
0xb7800	152	「후하하하! 너희 공격 따위 키타로의 힘을 얻은 우리에게는 통하지 않는다!」
0xb7800	153	「크윽… 역시 정공법으로는 어림도 없나!」@(서둘러 그 술법을 완성해야 한다!)
0xb7800	154	「이제 우리는 막을 수 없다! 세계는 우리 것이다!」
0xb7800	155	「저항하겠느냐? 쓸데없는 짓을. 우리의 승리는 이제 흔들리지 않는다!」
0xb7800	156	「개죽음을 택하다니… 어리석군.@키타로도 그렇고, 너희도 그렇고… 나는 너희를 과대평가했던 모양이군!」
0xb7800	157	「미안하지만… 우리는 지금 최고조야. 봐줄 수 없다고!」
0xb7800	158	「여기 왔다는 것은 요괴수 아주머니를 쓰러뜨렸다는 것이냐? 이놈… 용서 못 한다!」
0xb7800	159	「모두, 이유도 설명하지 않고 싸우게 해서 미안하다.@하지만, 조금만 더 하면 술법이 완성될 것 같다! 조금만 더 견뎌 다오!」
0xb7800	160	「!? 이런!」
0xb7800	161	「후후후후… 무엇을 꾸미고 있었는지 모르겠다만… 끝이군」
0xb7800	162	「으… 으와아아아아아~~!」
0xb7800	163	(좋아, 모두가 시간을 벌어 준 덕분에, 내 영력과 요력을 충분히 단련할 수 있었다!)@「지금이다!」
0xb7800	164	「으음! 무, 무엇이냐 이건!」
0xb7800	165	「이건… 대체 무슨 일이 일어나고 있는 거지?」
0xb7800	166	「간다… 키타로!」
0xb7800	167	(………)
0xb7800	168	(어라… 나… 어떻게 된 거지…)
0xb7800	169	(분명… 싸우는 게 싫어져서… 드라큘라 일당에게 잡혀서… …그래서…)
0xb7800	170	「…타로」
0xb7800	171	「누구냐!?」
0xb7800	172	「키타로…」
0xb7800	173	「! 이 목소리는… 아버지!」
0xb7800	174	「오오… 내 목소리가 들리는 모양이구나」
0xb7800	175	「아버지!? 어떻게 저와 이야기를…? 저는… 죽었잖아요…?」
0xb7800	176	「나는… 지금, 유령족에게 전해지는 비술을 써서 너와 이야기하고 있다.@그렇지 않아도 여기는 오소레잔이다 키타로.@영혼과 교신하는 데 여기보다 적합한 장소는 없을 것이다. 놀랄 일도 아니다」
0xb7800	177	「……………………」
0xb7800	178	「키타로… 너, 대체 어떻게 된 것이냐? 놈들에게 간단히 잡혀서는…」
0xb7800	179	「아버지… 그런 이야기를 하러 오신 겁니까?@그렇다면… 이제 돌아가 주시지 않겠습니까」
0xb7800	180	「무, 무엇이라!?」
0xb7800	181	「…아버지 저는 어쩐지, 몹시 허무해져 버렸습니다.@오해나, 사소한 계기로 반목하게 되어 버린 사람과 요괴의 관계를 지킬 생각으로@죽을힘을 다해 모두를 위한다고 생각하며 싸워 왔는데@저는, 그들에게 아무런 신뢰도 신용도 쌓지 못했습니다… 그게 슬펐습니다」
0xb7800	182	「그것은 그 기가라는 놈이 정보를 교묘하게 조작했기 때문이다!@그렇지 않았다면… 누가 너를 나쁘게 여기겠느냐!」
0xb7800	183	「그랬다 해도 마찬가지예요.@그런… 기가라는 요괴 하나의 정보 조작으로…@그것은 간단히 뒤집을 수 있는 정도의 것밖에 되지 않았던 겁니다」
0xb7800	184	「키타로…」
0xb7800	185	「어쩐지… 의욕이 사라져 버렸습니다.@이제, 여러 가지가 아무래도 좋게 느껴집니다」
0xb7800	186	「………」
0xb7800	187	「이제, 아무것도 생각하지 않고 조용한 마음으로 있고 싶습니다. 저를… 가만 놔둬 주세요」
0xb7800	188	「그래서… 되겠느냐? 키타로」
0xb7800	189	「…네」
0xb7800	190	「이대로는 일본은… 세계는… 그 기가라는 놈의 뜻대로다.@그래도 괜찮으냐?」
0xb7800	191	「저에게는… 이제 상관없어요…」
0xb7800	192	「너를 믿고 싸워 준 동료도… 어떻게 되든 상관없느냐?」
0xb7800	193	「그건…」
0xb7800	194	"「기가 막힌 놈이구나… 무엇이 ""조용한 마음으로 있고 싶다""냐!@많은 동료를 저버리고서 정말로 조용한 마음으로 있을 수 있겠느냐?」"
0xb7800	195	「……………………」
0xb7800	196	「너는… 확실히 지쳤겠지.@그렇지 않고서야 내 자랑스러운 아들의 입에서 그런 말이 나올 리 없다.@포기를 몰랐던 네 마음을 꺾이게 만든 것은 대체 누구냐!?」
0xb7800	197	「그건… 모두가… 저를 믿어 주지 않았으니까…」
0xb7800	198	「모두에게 오해를 심어 놓은 것은 누구냐!?」
0xb7800	199	「그건… 기가 녀석이…」
0xb7800	200	「그래. 모든 원인은 기가다. 네가 전의를 잃는 것도, 전부 계산 안에 있었던 것이다!」
0xb7800	201	「그건… 화, 확실히… 그렇습니다만…」
0xb7800	202	「지금의 너는… 중요한 것에서 눈을 돌리고, 귀를 막고 있을 뿐이다.@아직 늦지 않았다. 다시 한번, 모두에게 오해를 풀게 하는 것이다. 기가를… 쓰러뜨려서 말이다!@그러면, 너는 마음으로부터 진정한 안식을 얻을 수 있다. 아니, 다른 방법은 없다!」
0xb7800	203	「그렇게… 듣고 보니… 확실히, 그랬는지도 모르겠습니다.@제가… 도망치고 있었을 뿐인지도 모르겠습니다.@하지만… 이미 모든 것은 끝났습니다.@제 몸은 잘게 잘려서 놈들 체내에 흡수되어 버렸습니다.@이제 어찌할 수도…」
0xb7800	204	「키타로… 잃은 것은 되찾으면 된다, 잃기 전으로 돌아가서 말이다!」
0xb7800	205	「어? 그런… 어, 어떻게요?」
0xb7800	206	「보아라 키타로」
0xb7800	207	「이… 이건… 기차? 어째서 이런 곳에!?」
0xb7800	208	"「이것은 나와 너에게만 보이는 ""환상의 기차""다」"
0xb7800	209	「환상의… 기차!?」
0xb7800	210	「자, 간다 키타로 타는 것이다!」
0xb7800	211	「간다니… 어디로요?」
0xb7800	212	「됐으니까! 어서 타는 것이다!」
0xb7800	213	「네, 네!」
0xb7800	214	「으… 뭐지… 방금 그 감각은?」
0xb7800	215	「놈들… 뭔가 술법이라도 건 것인가?」
0xb7800	216	「아무 일도 일어난 기색은 없는데?」
0xb7800	217	「뭔가 꾸미고 있던 모양이다만… 아무래도 실패로 끝난 모양이군.@슬슬 여흥은 끝내고, 단숨에 결판을 내도록 할까」
0xb7800	218	「그렇군… 그럼…
0xb7800	219	 으윽!」
0xb7800	220	「!? 뭐냐?」
0xb7800	221	「무슨 일이냐!?」
0xb7800	222	「모르겠다… 키타로의 살을 이식한 부분이 갑자기 아파 오기 시작해서…
0xb7800	223	 그아아아아아아!」
0xb7800	224	「라 세느!? 정신 차려라!」
0xb7800	225	「그하악! 이, 이건!?」
0xb7800	226	「으윽! 나, 나까지!」
0xb7800	227	「치! 엘리트!
0xb7800	228	 그와아아아아아!」
0xb7800	229	「그오오오오오! 나도인가!」
0xb7800	230	「그와아아아아아아아!」
0xb7800	231	「우리 몸에 이식한 키타로의 살이…!」
0xb7800	232	「이… 이건!?」
0xb7800	233	「………………」
0xb7800	234	「그럴… 믿을 수 없다!」
0xb7800	235	「내 몸이 되살아났다!? 아버지, 이건 대체?」
0xb7800	236	「환상의 기차는 시간을 거스르는 기차다… 네 몸을 처형되기 전으로 되돌린 것이다.@그래서, 산산조각 났던 육체가 다시 원래대로 돌아온 것이다.
0xb7800	237	 으… 으오오오오!」
0xb7800	238	「아, 아버지! 왜 그러세요!?」
0xb7800	239	「환상의 기차는… 내 요괴로서의 힘을 거의 다 써 버리는 술법이다… 미안하지만 나는… 이제…」
0xb7800	240	「그럴 수가! 아버지! 어째서, 저 따위를 위해 그런 위험한 일을!?」
0xb7800	241	「키타로… 젊다는 것은 잘못을 저지른다는 것이다.@하지만… 젊다는 것은 다시 할 수 있다는 것이기도 하다. 너는… 나와 어머니의 아들이다.@잘못을 바로잡고… 강하게… 살아가는 것이다… 키타로… 알겠… 느냐…」
0xb7800	242	「아버지! 아버지~!」
0xb7800	243	「으윽… 그 늙은이의 짓인가…! 잘도 해 주었구나!」
0xb7800	244	「크윽… 데미지가 크다. 이럴 수가」
0xb7800	245	「키타로, 다시 만나게 될 줄은 몰랐다.@하지만, 동료에게 배신당한 너에게 이제 투지는 남아 있지 않겠지.@얌전히… 다시 처형되는 것이 좋겠다!」
0xb7800	246	「………………………그건 어떨까? …기가」
0xb7800	247	「뭐!?」
0xb7800	248	(아버지… 치사하세요.@아버지 대신 받은 목숨… 이제 두 번 다시 헛되이 할 수 있을 리 없잖아요)
0xb7800	249	「기가. 나는 틀렸었다. 아버지가… 그것을 나에게 가르쳐 주셨다.@나는… 그 잘못을 바로잡을 기회를 받았다. 이제 헤매지 않겠다.@기가… 너를 쓰러뜨린다. 온 세계를… 적으로 돌리더라도!」
0xb7800	250	「으으으으… 건방진! 좋다! 숨통을 끊어 주마!」
0xb7800	251	「안 됩니다, 기가 님. 방금 그 충격으로 저희는 정상이 아닙니다.@게다가, 지금의 키타로는 우리 힘도 흡수한 모양입니다.@여기서는 일단 철수하시는 게…」
0xb7800	252	「에잇 닥쳐 닥쳐! 나에게 거스를 셈이냐! 이 M자 이마 박쥐 주제에!」
0xb7800	253	「무, 뭐라고!?」
0xb7800	254	「키타로를 죽여라! 죽여라 죽여라 죽여라~~~!!」
0xb7800	255	「뭐야 이놈… 제정신이 아니군…」
0xb7800	256	「크… 이 정도 사고로 지나치게 흥분하는군」
0xb7800	257	「예정대로 일이 진행되는 동안은 괜찮지만, 그것이 무너지는 것은 견디지 못하는 모양이군…」
0xb7800	258	「이놈에게 이대로 붙어 있어도 되는 건가? …형제」
0xb7800	259	「……………………@지금은 이러니저러니 할 때가 아니다. 어, 어쨌든 키타로를 쓰러뜨리는 것이다!」
0xb7800	260	「………………………」
0xb7800	261	「아버지… 갑니다!」
0xb7800	262	「그오오오! 재생 능력이 듣지 않는다! 이, 이런 곳에서…!」
0xb7800	263	「이제 끝이다, 드라큘라.@너희 두목도 이제 냉정한 판단은 못 하겠지.@목숨까지는 빼앗지 않는다. 일본에서 나가라!」
0xb7800	264	「크… 기억해 둬라!」
0xb7800	265	「어째서 이길 수 없느냐… 이놈들에게 어째서 이길 수 없는 것이냐~~~!?」
0xb7800	266	「설마 그 상태에서 키타로를 되살릴 줄이야… 칭찬할 만하군.@이번에는 얌전히 물러나도록 하지. …잘 있거라」
0xb7800	267	「놓쳤나…」
0xb7800	268	「크… 천명은… 내가 아니라 놈들의 편을 들었다. 우리의 패배다.@더 이상 이놈들과 함께 행동하는 것은 그만이다. 나는 중국으로 돌아가겠다」@(하지만… 언젠가 나는 돌아온다. 그놈의… 원수를 갚기 위해서 말이다!)@「잘 있거라, 키타로!」
0xb7800	269	"「도망쳤나…」@(""중국 요괴 치"" 그 실력은 잘 알 수 없었지만, 만만찮은 상대임에는 틀림없었어.@그놈과는… 제대로 결착을 내고 싶었는데…)"
0xb7800	270	「으가아아아아아아아아아~~! 이런… 이럴 수가~!」
0xb7800	271	「기가, 네 패배다. 포기하고 네 나라로 돌아가라」
0xb7800	272	「내 나라라고…? 나에게 내 나라 따위 없다!」
0xb7800	273	「뭐라고… 무슨 소리냐?」
0xb7800	274	「받아라!」
0xb7800	275	「뭐라고!?」
0xb7800	276	「기가! 마무리다!」
0xb7800	277	「그오오오오오~~!」
0xb7800	278	「끝이다… 기가」
0xb7800	279	「이… 노…… 옴~! 이놈 이놈 이놈~!」
0xb7800	280	「기가 님!」
0xb7800	281	「무, 무지나!? 어떻게 여기에」
0xb7800	282	「이런 일도 있을까 해서 대기하고 있었습니다. 자, 이쪽으로!」
0xb7800	283	「이 마당에 도망칠 셈이냐!?」
0xb7800	284	「그그그… 알았다…」
0xb7800	285	「잘 있거라…」
0xb7800	286	「크… 놓쳤나…」@(하지만, 기가도 상당한 중상을 입었을 터.@한동안은 아무것도 못 하겠지. 무리해서 쫓을 것도 없나)
0xb7800	287	「…아버지, 해냈어요」@(저는… 싸움에서 도망치고 있었던 거군요. 아버지 덕분에… 그것을 깨달았습니다)@「고맙습니다… 아버지」
0xb7800	288	「…으으…」
0xb7800	289	「!?」@(아버지는 아직 죽지 않았어!?@그렇구나… 내 몸이 재생될 때, 함께 빼앗은 놈들의 요력과 영력이 아버지에게도 흘러든 거야!)@「서둘러 치료하자!」
0xb7800	1024	개발중
0xbb800	0	「기가 녀석은 어떻게 됐지…?」
0xbb800	1	「어디에도 없어…」
0xbb800	2	「무지나 녀석이 어딘가로 데려간 모양이던데…」
0xbb800	3	「어쩔 거야… 형제. 기가를 찾으러 돌아갈까?」
0xbb800	4	「…………………아니, 이대로 일단 우리 나라로 돌아가자」
0xbb800	5	「………」
0xbb800	6	「…그걸로, 괜찮은 거야? 지금까지의 우리 노력이 헛수고가 되어 버리는데?」
0xbb800	7	「기가의 부하가 된 것은 놈이 나를 대신해, 그 키타로를 처리해 주리라 봤기 때문이다.@그렇기에, 승부를 버리고, 놈에게 모든 것을 맡겼다. 하지만, 결과는 이 모양이다.@놈도 어차피, 키타로에게는 당하지 못했다. 키타로는, 역시 만만치 않다.@우리가 힘을 길러… 직접 치는 수밖에 방법은 없는 것이다」
0xbb800	8	「작전을 다시 짠다… 그런 건가?」
0xbb800	9	「그렇다. 엘리트, 박쥐들을 써서 다른 요괴들에게 연락을 해 다오.@일단 우리는 이 일본에서 철수한다… 고 말이다」
0xbb800	10	「알겠어」
0xbb800	11	「라 세느, 초음파 순간이동을 부탁한다. 철수다」
0xbb800	12	「아아… 알았어」
0xbb800	13	(키타로… 너는 역시 나의 최대의 적이다.
0xbb800	14	 다음번에야말로, 네 숨통을 끊어 보이겠다… 각오해 두어라!)
0xbb800	15	「그으으…」
0xbb800	16	「상처가 아프십니까? 기가 님」
0xbb800	17	「음. 설마 이만한 데미지를 입을 줄이야… 불찰이었다.@그런데… 나를 어디로 데려갈 셈이냐?」
0xbb800	18	「이미… 도착했습니다」
0xbb800	19	「뭐?」
0xbb800	20	「여기는… 어디냐?」
0xbb800	21	「잘 왔구나 기가…」
0xbb800	22	「뭐!? 너는!?」
0xbb800	23	「후후후… 받아라!」
0xbb800	24	「무… 무엇을…?」
0xbb800	25	「그오오오오오오오오~!」
0xbb800	26	「후후후… 이걸로 준비는 갖춰졌다. 나머지는 주빈의 도착을 기다릴 뿐이군…」
0xbb800	27	「이탄모멘. 박쥐고양이가 날아간 게 이 근처야?」
0xbb800	28	「그렇소이다! 이 근처가 틀림없소!」
0xbb800	29	「고양이소녀도 걱정이다만… 아버님이 더 걱정이다. 어쨌든 상태가 상태이니 말이다」
0xbb800	30	「무사하시면 좋겠구나…」
0xbb800	31	「어쨌든. 이러쿵저러쿵 말해 봐야 소용없다. 얼른 둘을 되찾아서 돌아가자!」
0xbb800	32	「!? 저쪽에 뭔가 있다~!」
0xbb800	33	「저건… 동굴인가!?」
0xbb800	34	「놈은 여기로 도망쳐 든 것이냐?」
0xbb800	35	「희미하게 요기가 느껴져… 틀림없어. 어쨌든… 가 보자!」
0xbb800	36	「자, 베어드. 아버지를 돌려받겠다」
0xbb800	37	「흥…… 옜다!」
0xbb800	38	「히이이이이~~! 끈적끈적하구나!」
0xbb800	39	「아버지!」
0xbb800	40	「오오, 키타로!」
0xbb800	41	「무사하셨습니까, 아버님」
0xbb800	42	「음, 삼켜졌을 때는 이제 끝인가 했다만…@드라큘라 일당의 체내에 흡수되었을 때의 키타로 일이 떠올라서 견뎠다.@아들에게 잘난 척 말해 놓고 내가 포기할 수야 없으니 말이다!」
0xbb800	43	「어쩐지… 아버님 전보다 기운차 보이시오!」
0xbb800	44	「음, 이번에 놈이 나를 삼켜서 힘을 얻은 것은 눈알끼리의 동조에 의한@상승효과 같은 것이다. 덕분에 나까지 어쩐지 힘이 났구나!」
0xbb800	45	「뭐냐, 걱정한 게 손해로다!」
0xbb800	46	「후후후! 정말이네!」
0xbb800	47	「아~하~하~하~~!」
0xbb800	48	(쳇… 싱거운 결말이군… 역시 나로는 이 정도 막 내림밖에 준비하지 못했나…)
0xbb800	49	「베어드… 네 패배다. 네 나라로 돌아가는 게 좋겠군」
0xbb800	50	「흥! 게임 오버… 인가 내 나쁜 버릇이 나와 버렸군…」
0xbb800	51	「베어드… 너…」
0xbb800	52	「헤! 너희에게 들키지 않고 악마를 소환하는 방법도 있었다.@하지만… 나는 그러지 않았지.@나쁜 버릇이 나와 버린 거야. 너와 결착을 내고 싶다는 나쁜 버릇이 말이지…@나도… 드라큘라 일당과 다를 바 없는… 어중간한 놈이야」
0xbb800	53	「베어드…」
0xbb800	54	「꺅!」
0xbb800	55	「아, 안 되겠다! 이 진동은… 설마!?」
0xbb800	56	「그렇고말고… 이 얼음 마법진 안에 모아 둔 에너지가 갈 곳을 잃고…@곧 폭발하는 거야!」
0xbb800	57	「뭐라고!?」
0xbb800	58	「내 야망의 막 내림에 어울리는 커다란 불꽃이다… 마지막으로 즐기고 가라!」
0xbb800	59	「얌전히 있다 했더니… 그런 거였나!?」
0xbb800	60	「키타로… 이번엔 내 패배다.@하지만, 나는 포기하지 않아. 이 나라에는 아직 나의 강한 아군이 남아 있거든」
0xbb800	61	「지고서 억지를 부리다니!」
0xbb800	62	「억지인지 아닌지는 곧 알게 돼.@이번 원정에서, 나는 이 나라에도 키타로를 곱게 보지 않는 요괴가 있다는 걸 알았다.@나는 이 나라에 머무르겠다. 그리고… 그놈들과 함께 힘을 길러 주지@너희를 쓰러뜨릴 만한 힘을 말이야」
0xbb800	63	「…………………」
0xbb800	64	「너는 기가와의 싸움에서 자기 이상을 계속 믿겠다고 했었지…@그렇다면 나도 포기하지 않겠어… 언젠가 반드시… 네놈을 쓰러뜨려 주지.@내… 이 손으로 말이야!」
0xbb800	65	「알았어… 하지만, 나도 지지 않아@몇 번을 와도 소용없다는 걸 알게 해 주지!」
0xbb800	66	「헤헤헤… 그런가. 그럼, 기대하고 있으마」
0xbb800	67	(나도… 어쩌면 즐기고 있는 건지도 몰라.@이놈들과의… 언제 끝날지 모르는 싸움을…)
0xbb800	68	「폭~발~한다~~~!!」
0xbb800	69	「안 되겠다, 키타로 도망치는 것이다!」
0xbb800	70	「좋아, 달립니다, 아버지!」
0xbb800	71	「오냐! 전속력이다!」
0xbb800	72	「잘 있어라… 키타로」
0xbb800	73	「아아… 또 보자, 백베어드!」
0xbb800	74	「이… 이건!?」
0xbb800	75	「동굴 안에… 뭔가 묘한 게 생겨 있구나?」
0xbb800	76	「대체… 뭐냐? 고양이소녀 일행이 납치된 것과 무슨 관계가 있는 것이냐?」
0xbb800	77	「어이, 저것 봐!」
0xbb800	78	「어?」
0xbb800	79	「잠깐… 이거 무슨 짓이야! 풀어 달라니까~!」
0xbb800	80	「저건… 고양이소녀!?」
0xbb800	81	「아, 키, 키타로! 사, 살려 줘~~~~!」
0xbb800	82	「서둘러 구하는 것이다!」
0xbb800	83	「어이쿠… 그렇게는 안 되지」
0xbb800	84	「이번엔 누구냐!? 나와라!」
0xbb800	85	「아~! 너는!」
0xbb800	86	「어서 오너라… 라스트 스테이지에!」
0xbb800	87	「박쥐고양이! 너 따위가… 인질을 잡은 정도로 이긴 셈이냐?」
0xbb800	88	「당장 되찾아 주마!」
0xbb800	89	「호오… 그거 든든하군」
0xbb800	90	「이 목소리는…!?」
0xbb800	91	「백베어드!?」
0xbb800	92	「그렇다… 키타로」
0xbb800	93	「베어드… 너, 무슨 속셈이냐!?@기가도… 드라큘라도 이미 내가 쓰러뜨렸다!@이제 와서 네가 나와서… 어쩌겠다는 거냐!」
0xbb800	94	"「후후후… ""이제 와서""라고? 그건 틀렸다 키타로. 나는 이때를 기다리고 있었다!」"
0xbb800	95	「뭐라고!? 무슨 소리냐!」
0xbb800	96	「나는 기가나 드라큘라의 이상이나 계획에 흥미 없다.@처음부터 나 자신이 힘을 기르기 위해 놈들을 이용하고 있었던 거다」
0xbb800	97	「이용… 이라고?」
0xbb800	98	「그렇다, 너희를 싸우게 해서 서로 피폐해지는 동안에@나는 놈들의 부하들이 모아 온 인간의 생기와 영기 에너지를 조금씩 착복해서, 쌓아 두었다.@살아남은 쪽을… 나 자신이 쓰러뜨리기 위해서 말이다!」
0xbb800	99	「뭐라고!?」
0xbb800	100	「과연… 너 정도의 요괴가 별로 모습을 보이지 않았던 것은 그런 까닭인가」
0xbb800	101	「뭐야… 나보다 악당이 이미 있었잖아!」
0xbb800	102	「키타로… 네가 쓰러지고, 그 몸이 기가 일당에게 흡수되었다고 들었을 때는,@과연 작전은 실패했다고 생각했다. 기가 일당은… 피폐해지기는커녕 힘을 얻어 버렸으니까 말이다.@하지만, 눈알아버지 녀석이라면… 반드시 환상의 기차를 써서 너를 되살릴 거라고 생각했지!」
0xbb800	103	(환상의 기차를 알고 있었나? 무슨 놈이야!)
0xbb800	104	「그래야만… 시사 녀석을 못 본 척하거나 무지나에게 봐주게 하거나@이래저래 잔꾀를 부린 보람이 있는 것이지」
0xbb800	105	「네 잔소리는 됐다. 고양이소녀를 놔줘! 그리고… 아버지를 어디로 보냈나!」
0xbb800	106	「놈들을 네놈들에게 줄 수는 없지… 어쨌든 소중한 제물이니까 말이다!」
0xbb800	107	「제물… 이라고!?」
0xbb800	108	「나와 다오… 둘 다!」
0xbb800	109	「저, 저건!?」
0xbb800	110	「히히히!」
0xbb800	111	「또 만났군… 키타로」
0xbb800	112	「너희는… 악마 부엘에 악마 베리알!」
0xbb800	113	「그 야칸즈루에게 삼켜지고도 살아 있었느냐!」
0xbb800	114	「우리는 이래 봬도 악마다… 간단히는 죽지 않는다!」
0xbb800	115	「그런 것이다. 기가가 쓰러진 것으로 이미 계약은 해소되었다.@앞으로는 이 백베어드와 함께 일하도록 하지…@간다!」
0xbb800	116	「몸이… 갈라졌다? 그 몸의 각 부위를 백 배로 만드는 기술인가!?」
0xbb800	117	「베리알… 나는 소환 준비로 바쁘다. 내 몫까지 단단히 부탁하지」
0xbb800	118	「히히히! 나는 악마 부엘!」
0xbb800	119	「내 이름은 베리알! 후후후… 처음 뵙겠다고… 하는 편이 나으려나?」
0xbb800	120	「이놈들은…!?@우리가 오가사와라에 가 있는 동안 교토에서 아부라스마시 일행이 쓰러뜨린 악마들 아닌가!」
0xbb800	121	「살아 있었느냐…?」
0xbb800	122	「우리는 이래 봬도 악마다… 간단히는 죽지 않는다!」
0xbb800	123	「그런 것이다 간다!」
0xbb800	124	「몸이… 갈라졌다?」
0xbb800	125	「놀랐느냐…? 베리알은 몸의 각 부위를 백 배로 증폭할 수 있다!」
0xbb800	126	「배, 백 배!?」
0xbb800	127	「무슨 엉성한 기술이냐!?」
0xbb800	128	「베어드! 이 악마들과 손잡고… 무엇을 꾸미는 거냐!」
0xbb800	129	「제물을 바쳐… 악마의 왕을 소환하는 것이다!」
0xbb800	130	「악마의 왕이라고? 헛소리를!」
0xbb800	131	「나는… 누군가의 밑에서 일하는 건 성미에 안 맞아서 말이야…@전부터 내 뜻대로 할 수 있는 강대한 힘이 갖고 싶었다고!」
0xbb800	132	「베어드, 이 동굴의 마법진 아래에, 지금까지 모은 전 에너지를 봉해 넣었다.@준비는 완료됐어」
0xbb800	133	「오오, 수고했다」
0xbb800	134	「보자이! 너도 이놈과 같은 배신자의 한패냐!」
0xbb800	135	「배신이라고…? 그건 틀렸다.@바다의 요괴는 여기저기 항구와 거래를 한다. 그것은 지극히 당연한 일이지」
0xbb800	136	「키타로, 잘 봐 두어라! 나는 악마들의 힘을 빌려, 이 마법진으로@초강력한 악마… 악마의 왕을 불러들이겠다!@너는 거기서 얌전히 보고 있는 게 좋겠다!」
0xbb800	137	「뭐라고!? 그만둬, 베어드!@그런 것을 불러내서… 네 말을 들으리라는 보장이 어디 있나!@일본이… 아니, 세계가 엉망진창이 되는 게 고작이다!」
0xbb800	138	「악마는 올바른 절차로 소환해 주면, 소환자의 말을 듣는 법이다.@소환에 필요한 준비는 끝냈다. 나머지는 부엘이 술법을 완성하면 소환은 완료된다.@막고 싶다면… 실컷 발버둥 쳐서 나를 즐겁게 해 봐라」
0xbb800	139	"「……………………」@(베어드… 너는 이것을 즐기고 있는 거냐?)@「좋다… 받아 주지. 네 ""게임""을!」"
0xbb800	140	"「후후… ""게임""인가. 잘 아는군, 그래야 키타로다!@자, 무대는 갖춰졌다. 너희가 싸우는 모습… 보여 다오!@나는 일단 물러나서 한동안 구경하도록 하지. 그럼… 나중에 보자!」"
0xbb800	141	(크… 베어드 이놈!)
0xbb800	142	「놈들은 소환 의식을 행해서 강력한 악마를 되살릴 셈이야.@어떻게 해서든 그 전에 고양이소녀를 구해 내야 해.@모두, 서둘러 부엘을 쓰러뜨리는 거야!」
0xbb800	143	「어찌 된 거냐 키타로? 의식 완료까지 남은 시간 10분이다?」
0xbb800	144	「아직 멀었어… 승부는 이제부터다!」
0xbb800	145	「후후후… 앞으로 5분이다」
0xbb800	146	「앞으로 1분이면 악마의 왕이 소환된다. 자… 드디어다!」
0xbb800	147	「뭐라고!? 벌써 그런 시간인가!?」
0xbb800	148	「후후후… 시간을 맞추지 못한 모양이군?」
0xbb800	149	「그럴… 벌써, 시간인가?」
0xbb800	150	「후하하하! 나오너라! 악마의 왕이여!」
0xbb800	151	「으와아!」
0xbb800	152	(이제… 끝인가…@이런 곳에서… 아버지… 고양이소녀… 모두… 미안해…)
0xbb800	153	「박쥐고양이…! 너는 언제부터 베어드의 동료가 된 거냐!?」
0xbb800	154	「바로 최근이지! 드라큘라 일당은 언제까지고 나를 잔챙이 취급해서 열이 받았거든!@거기에 말을 걸어 온 거다!」
0xbb800	155	「일본을 받아서… 일본의 대통령이 될 셈이냐?」
0xbb800	156	「크… 대통령 대통령이라고… 무시하듯이 말하지 마~~~!!」
0xbb800	157	(꽤, 꽤나 신경 쓰고 있군)
0xbb800	158	「무지나! 너였나!?」
0xbb800	159	「키타로, 각오해라! 이 얼음 무대가 너희가 죽을 곳이다!」
0xbb800	160	「뭐라고? 그럴 수 있다면… 해 봐라!」
0xbb800	161	「무지나! 너는 드라큘라 일당의 심복 아니었나?@기가를 배신하고… 무엇을 생각하는 거냐!?」
0xbb800	162	「흥, 배신이니 아니니… 그런 가치관으로밖에 사물을 보지 못하느냐?」
0xbb800	163	「뭐라고?」
0xbb800	164	「상황을 가늠하고, 더 현명한 쪽에 붙는다… 그저 그것뿐인 일이다.@기가는 베어드의 반의를 간파하지 못했다. 그것이 놈의 얕은 바닥이지!@그런 주인… 이쪽에서 사양이다!」
0xbb800	165	「한 번 당했으니 큰 힘은 못 내지만…@그래도 너희를 쓰러뜨리기에는 충분하다는 걸 보여 주지!」
0xbb800	166	「드디어 왔나… 기다리다 지쳤다!」
0xbb800	167	「고양이소녀를 놔줘! 그리고… 아버지도 너희가 붙잡고 있을 터.@어디에 숨겼나! 아버지를 돌려줘!」
0xbb800	168	「이러쿵저러쿵 시끄럽군!@이 몸에게 명령하는 것은 싸워서 이기고 나서 하시지!」
0xbb800	169	「제~기랄! 나는… 나라는 놈은… 역시 이 정도인가~!?」
0xbb800	170	「역시… 여기까지 오면 내 힘으로는 맞설 수 없나…」
0xbb800	171	「너와의 싸움도 이걸로 끝이다. 각오해라!」
0xbb800	172	「흥. 각오라고? 어처구니없군.@키타로, 확실히 이번에는 너희의 승리다.@하지만, 나와 너희의 싸움은 이제 막 시작되었을 뿐이다」
0xbb800	173	「뭐!?」
0xbb800	174	「너는 아직 인간과 요괴가… 정말로 공존할 수 있다고 믿는 것이냐?@인간과 요괴는 물과 기름… 섞으려 하면 할수록 커다란 소용돌이가 생길 뿐이다.@거기에 내가 살아갈 길이 있다. 내가… 양식을 버는 길이 말이다…」
0xbb800	175	「우리가… 혼란을 부르고 있다는 거냐?」
0xbb800	176	「잘 생각해 봐라. 잘 있어라, 키타로」
0xbb800	177	「……뭐라고 하든… 나는 인간과 요괴가 공존할 수 있다고 믿는다!」
0xbb800	178	「크윽… 잘도 해 주었구나!?@이렇게 된 이상 잔꾀 없이 나 자신이 상대해 주마!」
0xbb800	179	「우오오오! 내가… 내가 또다시 패배를!」
0xbb800	180	「몇 번을 해도 마찬가지야… 우리가 있는 한,@너 같은 이상한 차림의 악마 따위에게 질 것 같으냐!」
0xbb800	181	「으으으… 메이지 원년부터 계속 입고 있는 내 옷을 무시하다니!」
0xbb800	182	「몇 년을 계속 입었든 이상한 건 이상해」
0xbb800	183	「크… 이놈… 언젠가 울상 짓게 해 주마!」
0xbb800	184	「내뱉는 말까지 케케묵었군…」
0xbb800	185	「우오오오~~! 마, 말도 안 돼!」
0xbb800	186	「보자이… 일본에는… 너라는 배를 받아들일 항구는 없다.@얼른 네 나라로 돌아가는 게 좋겠군!」
0xbb800	187	「크……」@(쳇, 이럴 줄 알았으면 드라큘라 일당과 순순히 손잡을걸…)@「이번에는 물러나 주지…@하지만 잊지 마라. 나는 이대로 끝나지 않는다@언젠가 너를 고기 양갱으로 만들어 먹어 주마!@기대하고 있어라! 아~하하하하!」
0xbb800	188	「고아아아아아아~! 잘도 해 주었구나, 키타로!?」
0xbb800	189	「베어드, 네 계획은 이미 끝이다!」
0xbb800	190	「…이렇게 된 이상…」
0xbb800	191	「저놈… 이 마당에 뭘 할 셈이지?」
0xbb800	192	「그와아아아아아아아~~!」
0xbb800	193	「부엘! 각오해라!」
0xbb800	194	「이놈… 또다시 우리 악마가 하등한 요괴 따위에게!」
0xbb800	195	「일본은 우리 모두의 나라다! 너희 악마 따위에게 더럽히게 두지 않겠다!」
0xbb800	196	「흥… 들은 풍월로 지껄이다니…! 알겠느냐? 악마는 어느 시대, 어느 장소에도 나타난다.@그것은… 인간이 마음속 깊은 곳에서 악마를 원하고 있기 때문이다!」
0xbb800	197	「어느 쪽이 들은 풍월로 지껄이는 건지… 얼른 악마의 나라로 돌아가라!」
0xbb800	198	「쳇… 언젠가 울상 짓지나 마라. …그럼 이만!」
0xbb800	199	「우오오오오! 또다시 우리 계획을 방해해 주었구나!」
0xbb800	200	「몇 번을 해도 마찬가지야… 우리가 있는 한,@너 같은 이상한 차림의 악마 따위에게 질 것 같으냐!」
0xbb800	201	「으으으… 메이지 원년부터 계속 입고 있는 내 옷을 무시하다니!」
0xbb800	202	「몇 년을 계속 입었든 이상한 건 이상해」
0xbb800	203	「크… 이놈… 언젠가 울상 짓게 해 주마!」
0xbb800	204	「고양이소녀!」
0xbb800	205	「키타로!」
0xbb800	206	「괜찮아 고양이소녀?」
0xbb800	207	「응! 어떻게든!」
0xbb800	208	「어쨌든… 지금 구해 줄게」
0xbb800	209	「이놈… 부엘을 쓰러뜨린 것이냐!?」
0xbb800	210	「베어드, 네 계획은 이미 끝이다!」
0xbb800	211	「…이렇게 된 이상…」
0xbb800	212	「저놈… 뭘 할 셈이지?」
0xbb800	213	「꺅! 뭐, 뭐야 방금!?」
0xbb800	214	「부엘이 쓰러졌으니까… 마법진이 그 효과를 잃은 거야」
0xbb800	215	「그럼… 이제 악마는 불러낼 수 없는 거네?」
0xbb800	216	「아아, 그럴 거야」
0xbb800	217	「미안해, 나… 키타로한테 폐를 끼쳐서…」
0xbb800	218	「무슨 소리야, 나도 너에게 도움받았잖아.@사과해야 하는 건 나야. 특히 너나… 아버지에게는…」
0xbb800	219	「아버… 님? 그러고 보니… 아버님은 어디?」
0xbb800	220	「아! 그러고 보니!?」
0xbb800	221	「나랑 같이 있지는 않았는데…」
0xbb800	222	「후하하하하하하~!」
0xbb800	223	「베어드! 어디 있느냐!」
0xbb800	224	「훌륭하다 키타로… 소환 의식은 네 덕분에 대실패다!@하지만, 공연은 아직 이걸로 끝이 아니다!」
0xbb800	225	「베어드! 이제 포기해! 이 이상 너에게 무슨 비장의 수가 남아 있다는 거냐?」
0xbb800	226	「…잊었느냐, 키타로. 내 거대한 눈은 장식이 아니다.@이 눈은 상대의 눈을 멀게 할 뿐 아니라,@마음만 먹으면 최면 상태로 만들어 조종할 수도 있다. 예를 들면… 이런 식으로 말이다!」
0xbb800	227	「……………」
0xbb800	228	「기, 기가!」
0xbb800	229	「베어드 님… 무엇이든 명령을…」
0xbb800	230	「기가, 키타로 놈들을 쓰러뜨려라!」
0xbb800	231	「…알겠습니다」
0xbb800	232	「조종당하고 있는 거야? 이럴 수가…」
0xbb800	233	「하하하! 봤느냐! 내 손에 걸리면 저 기가조차 이 꼴이다!@나는 준비가 있으니 아직 상황을 지켜보도록 하지.@실컷 즐기거라!」
0xbb800	234	「키타로… 쓰러뜨린다!」
0xbb800	235	「꺅! 저게 뭐야!」
0xbb800	236	「기가가 만들어 낸… 우리의 복제라는 건가… 성가신 놈이 나왔군.@어쨌든, 베어드 녀석은 아직 아버지를 인질로 잡고 있을 거야.@기가를 쓰러뜨려서 베어드를 끌어내는 거야!」
0xbb800	237	「나도 여기서 도울게!」
0xbb800	238	「좋아! 가자!」
0xbb800	239	「그오오오오오오오오~~!」
0xbb800	240	「기가… 내 목소리가 들리나?」
0xbb800	241	「그으윽… 키타로…? …그렇군! 백베어드의 최면술로!」
0xbb800	242	「기가, 정신이 들었나?」
0xbb800	243	「키타로… 너는 아직 이 일본을 지키기 위해 싸우고 있었던 것이냐?」
0xbb800	244	「뭐?」
0xbb800	245	「키타로. 신뢰 따위 무른 것이다.@사소한 오해를 부를 정보를 주면, 그런 것은 날아가 버린다.@내 정보 조작은 마음속 깊은 곳에 있는 불신과 의심을 증폭시키는 것이다.@즉… 네가 오해를 받고, 박해당하는 것도,@따지고 보면 너희 마음에 그 씨앗이 있기 때문이다.@네가 아무리 사람과 요괴가 공존할 수 있는 세상을 바라도… 이루어지지 않는다.@나는 그것을 증명했을 터… 너도 한 번은 그것을 알고 싸움을 포기했을 터다…@그런데 어째서!? 어째서 너는 아직 싸울 수 있는 것이냐!」
0xbb800	246	「나에게도 확신이 있는 건 아니야.@그 증거로 네 탓에 확실히 나는 한 번, 싸울 의미를 잃었어…@나 자신, 그렇게 불안정하고, 흔들리기 쉬운 존재야.@하지만… 아버지가 목숨을 걸고 가르쳐 주셨어.@헤매도… 틀려도 좋다. 몇 번이든 도전하라고… 계속 싸우라고 말이야!」
0xbb800	247	「헤매면서도 계속 믿고… 계속 물어 나가겠다는 것이냐? 자신의 이상을?」
0xbb800	248	「아아, 그래. 믿어 주지 않는다면… 시간을 들여 신뢰를 얻어 보이겠어.@오해도 언젠가 반드시 풀어 보이겠어. 그 가능성은 제로가 아니니까!」
0xbb800	249	「흥… 어처구니없군. 네놈을 보고 있어도 재미도 뭣도 없다!@나는… 이 나라를 떠나겠다」
0xbb800	250	「기다려, 기가! …너는 대체 무엇이냐?」
0xbb800	251	「키타로… 잊지 마라… 이런 것은… 승리가 아니다.@너희는 어차피, 기적이라는 이름의 가느다란 줄타기를 우연히 건넜을 뿐이다!@다음번에야말로… 반드시 완벽하게 네놈들을 짓밟아 주겠다!@잘 있거라… 아~하하하하!」
0xbb800	252	「기가…」@(결국… 정체는 알아내지 못한 채인가…)
0xbb800	253	「기가를 쓰러뜨렸나…」@(계속 믿고… 계속 물어 나가겠다고? 건방진…! 이러쿵저러쿵 시끄럽다고!)
0xbb800	254	「베어드! 드디어 나왔구나!」
0xbb800	255	「키타로, 이것을 봐라!」
0xbb800	256	「키, 키타로!」
0xbb800	257	「아버지! 베어드, 무슨 짓을 할 셈이냐! 아버지를 놔줘!」
0xbb800	258	"「흥… ""놔주라""고? 싫거든!@이놈은… 이러기 위해 붙잡아 둔 것이다!」"
0xbb800	259	「그, 그만두는 것이다! 으… 으와~~~!!」
0xbb800	260	「으와아아아~~!!? 아, 아버지!?」@(그럴 수가… 아버지를 먹다니!)
0xbb800	261	「무… 이건!?」
0xbb800	262	「헤헤… 생각한 대로다. 힘을 다 써 버렸다고는 해도,@같은 눈알 요괴다… 자꾸자꾸 힘이 솟아난다!」
0xbb800	263	「너… 무슨 짓을!」@(아버지는 아직 저놈 안에서 살아 있을 거야! 어서 구해 내야 해…)@「아버지… 지금, 구해 드릴게요!」
0xbb800	264	「흥… 간단히는 안 되지!」
0xbb800	265	「뭐?」
0xbb800	266	「베어드가 셋!? 그렇군, 놈이 환영을 만들어 내고 있는 건가!」
0xbb800	267	「진짜가 어느 쪽인지 모르겠지… 자, 와라, 키타로!」
0xbb800	268	「아니야… 진짜 베어드가 아니야!」
0xbb800	269	「또 가짜 베어드다… 진짜는 어디지!」
0xbb800	270	「결착을 내자, 키타로!」
0xbb800	271	「네가 진짜 베어드로군? 찾았다!」
0xbb800	272	「그와아아아아~~!!」
0xbb800	273	「백베어드! 이번에야말로 정말로 네 최후다!」
0xbb800	274	「베, 베어드나 기가까지 당해 버린 거냐? 이거 도저히 당해 낼 수 없겠어!@철수다~!!」
0xbb800	275	「이놈… 잘도 잘도~!」
0xbb800	276	「보자이… 일본에는… 너라는 배를 받아들일 항구는 없다.@얼른 네 나라로 돌아가는 게 좋겠군!」
0xbb800	277	「크……」@(쳇, 이럴 줄 알았으면 드라큘라 일당과 순순히 손잡을걸…)@「이번에는 물러나 주지…@하지만 잊지 마라. 나는 이대로 끝나지 않는다@언젠가 너를 고기 양갱으로 만들어 먹어 주마!@기대하고 있어라! 아~하하하하!」
0xbb800	278	「키타로…」
0xbb800	279	「너와의 싸움도 이걸로 끝이군!」
0xbb800	280	「흥. 끝이라고? 어처구니없군.@키타로, 확실히 이번에는 너희의 승리다.@하지만, 나와 너희의 싸움은 이제 막 시작되었을 뿐이다」
0xbb800	281	「뭐!?」
0xbb800	282	「너는 아직 인간과 요괴가… 정말로 공존할 수 있다고 믿는 것이냐?@인간과 요괴는 물과 기름… 섞으려 하면 할수록 커다란 소용돌이가 생길 뿐이다.@거기에 내가 살아갈 길이 있다. 내가… 양식을 버는 길이 말이다…」
0xbb800	283	「우리가… 혼란을 부르고 있다는 거냐?」
0xbb800	284	「잘 생각해 봐라. 잘 있어라, 키타로」
0xbb800	285	「……뭐라고 하든… 나는 인간과 요괴가 공존할 수 있다고 믿는다!」
0xbb800	1024	개발중
0xc0800	0	"「…다음은, 아오모리현에서 일어난 수수께끼의 폭발 사고 속보입니다.@경찰의 필사적인 수사에도 불구하고, 아직 폭발의 원인은 밝혀지지 않았습니다.@일부 정보에 따르면, 일본 정복 계획에 관여했다고 여겨지는 ""K""가 현장 근처에서 목격되었으며,@경찰의 조사가 진행되고 있습니다.@""K""의 광역 지명수배에 관해서는 컴퓨터 오작동에 의한 억울한 누명이었음이 판명되었습니다만…@이번 사건의 진전에 따라서는, 다시 ""K"" 주변에 수사의 메스가 들어갈 것으로 보입니다.@그럼 CM에 이어서 각지의 날씨…」"
0xc0800	1	「후~, 살 것 같구나!」
0xc0800	2	「아버지, 물 온도는 어떠세요?」
0xc0800	3	「음, 지쳤을 때는 이 정도 미지근한 온도가 딱 좋다, 나무랄 데 없다!@내 몸 상태까지 내다보고 물 온도를 맞출 수 있다니… 실력이 늘었구나 키타로!」
0xc0800	4	「나도 꽤 늘었다고 생각하는데… 키타로한테는 아직 못 당하겠어…」
0xc0800	5	「계속 집에 있으면서 아버지 목욕 시중을 들고 있으니까…@기가가 사라져서, 괴기상을 일으킨 범인이라는 의심은 풀렸고,@TV도 속보가 끊겨서, 모두 새로운 화제에 빠져 우리 일은 잊혀 가고 있지만…@…그래도 아직 요괴 퇴치 의뢰는 없으니까 말이야…」
0xc0800	6	「흐지부지되었을 뿐이지 확실하게 결백이 증명된 것은 아니니 말이다.@결국… 우리는 오해받은 채인가…」
0xc0800	7	「아아, 하지만 어쩔 수 없어. 내가 한심했던 것도 잘못이었으니까」
0xc0800	8	「결국… 기가는 무엇이었을까.@드라큘라는 어떻게 그 기가와 알게 된 것이냐?」
0xc0800	9	「놈이 어떤 요괴였는지도, 결국 알아내지 못한 채요!」
0xc0800	10	"「후움, 그 후로 여러 문헌을 조사했다만, ""기가""라는 이름은 찾지 못했다.@정말이지 수수께끼로구나」"
0xc0800	11	「키타로… 우리 이제부터 어떻게 하면 좋을까?@모두의 오해를 풀기 위해 뭔가 하지 않으면 곤란하겠지?」
0xc0800	12	「…아무것도 할 필요 없어」
0xc0800	13	「어?」
0xc0800	14	「이대로 이렇게 평소처럼 살아가면 돼」
0xc0800	15	「하지만…」
0xc0800	16	「기가는 정보를 조종해서 우리를 함정에 빠뜨리려 했어.@나도… 거기에 보기 좋게 당해서 처형까지 됐지.@하지만, 그것을 구해 준 것은 고양이소녀나 아버지나… 모두가 나를 도와줬기 때문이야.@나에게는 믿어 주는 육친과 동료가 있어.@그리고 그 모두와 쌓아 온 인연이 있었어. 나는 그것을 잊고 있었던 거야.@지금은 확실히 세상 모두에게 오해받고 있을지도 몰라. 하지만, 오해는 분명 풀려.@내가 지금까지 쌓아 온 것이 의미 없는 것이 아니라면… 말이지만」
0xc0800	17	「키타로…」
0xc0800	18	「음, 우리는 나쁜 짓을 하지 않았다. 조급해할 것 없다. 뭐, 느긋하게 할 일이다!」
0xc0800	19	「그렇구나, 베어드와 드라큘라 일당도 언젠가 다음 수를 두어 오겠지.@진짜 싸움은… 이제부터일 테니 말이다」
0xc0800	20	「그렇네, 할멈」
0xc0800	21	「하지만, 우선은 평화가 찾아왔다! 한동안 느긋하게 지내도록 할까!」
0xc0800	22	「느긋하게…? 그, 그럴 틈… 없어요!」
0xc0800	23	「누~구~게~~?」
0xc0800	24	「오, 오오… 오랜만이에요!」
0xc0800	25	「루카 양! 상처, 나았어? 게다가… 그럴 틈 없다니… 무슨 소리야?」
0xc0800	26	「후후… 곧 알게 되실 거예요!」
0xc0800	27	「와! 무, 뭐냐!」
0xc0800	28	「전화네요… 오랜만에 걸려 왔네…」
0xc0800	29	「여보세요」
0xc0800	30	「여보세요~! 키타로 군인가~?」
0xc0800	31	「쥐인간! 너 한동안 모습을 안 보이던데 어디 있는 거야!?」
0xc0800	32	「그런 건 아무래도 좋잖아! 사, 살려 줘~~!」
0xc0800	33	「뭐야? 대체 무슨 일이 있었던 거야?」
0xc0800	34	「그 후에 나쁜 요괴를 퇴치하는 회사를 만들어서…@키타로한테 안 가게 된 일을, 이 몸이 맡아서 하고 있었거든!@평소에는 요괴들과 잘 교섭해서 원만하게 해결했는데…@실수해서 화나게 만들어 버렸어… 지금, 도망치는 중이야!
0xc0800	35	 위험해, 들켰다! 아~~니~~~!!」
0xc0800	36	「끊겼어…」
0xc0800	37	「이런이런… 실력도 없는 주제에 돈에 눈이 멀어 그런 짓을 하고 있었던 것이냐…」
0xc0800	38	「자업자득이네」
0xc0800	39	「키타로 씨. 쥐인간 씨 회사 평판이 나빠요. 이번 사건도 감당 못 하는 거 알고 있었어요.@역시 키타로 씨가 아니면 안 된다고 다들 생각하고 있어요.@구하러 가서… 제대로 사건을 해결해 주세요 제가… 안내할게요!」
0xc0800	40	「루카 양…」
0xc0800	41	「요괴분들만 나쁜 게 아니에요. 인간에게도 나쁜 부분은 있어요.@그것을 잘 수습할 수 있는 것은 역시 키타로 씨뿐이에요. 자, 어서!」
0xc0800	42	「루카 양… 당신은 우리를 믿어 주는군요?」
0xc0800	43	「물론이에요!」
0xc0800	44	「고마워… 루카 양」
0xc0800	45	「이런이런… 짧은 휴식이었구나.@하지만… 이상하구나 조금도 귀찮지가 않구나!」
0xc0800	46	「자, 오랜만에 날뛰어 볼까!」
0xc0800	47	「우선은 쥐인간 녀석을 혼내 줘야겠네!」
0xc0800	48	「누리카베~~!」
0xc0800	49	「그렇게 정해졌으면 서두르는 거요!」
0xc0800	50	「키타로, 준비는 됐느냐?」
0xc0800	51	「네!」
0xc0800	52	「그럼, 갑시다!」
0xc0800	53	「오~~~!」
0xc0800	54	(기가는… 정보를 조종하는 것으로 우리의 신뢰를 무너뜨려 보였다.
0xc0800	55	 하지만… 그래도 나를 믿어 주는 사람은 있다. 필요로 하는 사람과 요괴가 있다.
0xc0800	56	 나는 일단 그에게 이겼다고 할 수 있을지도 모른다.
0xc0800	57	 하지만 안심할 수는 없다. 기가는 또 분명 나타날 것이다.
0xc0800	58	 그리고… 정보를 사실이라고 믿어 버리는 사람들을 함정에 빠뜨려 뭔가를 꾸며 오겠지.
0xc0800	59	 그때 나와 모두는… 놈의 정보 조작을 떨쳐 낼 수 있을까?
0xc0800	60	 아니면… 이번에야말로 보기 좋게 속아 버리는 걸까…
0xc0800	61	 혹은… 이미 벌써…)
0xc0800	1024	개발중
0xc2800	0	「음… 키타로! 이건?」
0xc2800	1	「아까 지나갔을 때와 전혀 분위기가 다르네요, 아버지.@병원 안에 요기가 가득 차 있는 것 같아요」
0xc2800	2	「역시, 이 병원은 무언가의 요괴에게 완전히 지배당하고 있는 모양이구나.@조심해서 가는 것이다, 키타로」
0xc2800	3	「네, 알겠습니다!」
0xc2800	4	「음, 열릴 것 같지 않구나」
0xc2800	5	「점점 요기가 강해지고 있네요, 아버지」
0xc2800	6	「무엇이 일어날지 모른다. 조심해서 가는 것이다, 키타로」
0xc2800	7	「예사롭지 않은 요기다, 저놈과 엮이지 말고 앞으로 나아가는 것이다」
0xc2800	8	「뭘까요, 저건…」
0xc2800	9	「예사롭지 않은 요기다, 일단 저기 방에 숨는 것이다, 키타로」
0xc2800	10	「알겠습니다. 아버지」
0xc2800	11	「무엇을 하고 있느냐, 어서 숨지 못할까」
0xc2800	12	「들키면 성가시다 가만히 있는 것이다 키타로」
0xc2800	13	「알겠습니다, 아버지」
0xc2800	14	「가만히 있는 것이다 키타로」
0xc2800	15	「죄송합니다」
0xc2800	16	「아무래도 넘긴 모양이네요」
0xc2800	17	「그런 모양이구나」
0xc2800	18	「키타로, 자물쇠가 열린 모양이다」
0xc2800	19	「아버지, 자물쇠가 걸려 있습니다」
0xc2800	20	「무, 무엇이라」
0xc2800	21	「역시 안 열리는 모양입니다」
0xc2800	22	「윽, 크윽」
0xc2800	23	「괜찮으냐, 키타로」
0xc2800	24	「괜찮습니다, 아버지」
0xc2800	25	「그런가」
0xc2800	26	「아버지, 저기서 나갈 수 있을 것 같습니다」
0xc2800	27	「앞을 서두르는 것이다, 키타로」
0xc2800	28	「무엇을 하고 있느냐 키타로, 어서 도망치는 것이다!」
0xc2800	29	「아버지, 자물쇠가 걸려 있습니다」
0xc2800	30	「무, 무엇이라」
0xc2800	31	「역시 안 열리는 모양입니다」
0xc2800	1024	개발중
0xc3800	0	「이 지하도라는 것은 복잡하구나… 길은 이쪽이 맞느냐?」
0xc3800	1	「지도에 따르면… 우리가 고른 루트는 이것으로 틀림없을 겁니다」
0xc3800	2	「하지만… 루카 양도 지하에서 우리를 도쿄로 침입시킬 생각을 다 했구나.@브리가둔 현상이 가장 효과를 발휘하는 것은, 안개로 덮인 지상 부분이다.@이렇게 지하에서 침입하면 중심부까지 갈 수 있을 가능성은 확실히 있다」
0xc3800	3	"「그래서 그… ""브리가둔""이라는 것은 구체적으로 말하면 어떤 것입니까?」"
0xc3800	4	「오오, 그렇구나. 키타로에게는 아직 가르쳐 주지 않았던가?@강한 영소로 만들어 낸 짙고 두꺼운 안개의 벽을 말한다.@그 안개로 덮인 지역은, 백일몽 같은 세계가 된다… 그것이 브리가둔 현상이다」
0xc3800	5	「백일몽 같은… 세계?」
0xc3800	6	"「음, 쉽게 말하면 요괴의 세계라고 하면 되려나?@어쨌든, 그 안개의 안쪽은 이미 도쿄이면서 도쿄가 아닌, ""이공간""이다.@그리고… 이대로 그 괴기상이 점점 넓어져서, 온 일본을 덮게 되면…」"
0xc3800	7	「일본은… 괴멸이네요」
0xc3800	8	"「음, 하지만, 아까도 말한 대로, 괴기상을 없앨 방법은 있다.@도쿄에 괴기상을 정착시키고 있는 ""요기 정착 장치""를 멈추면 된다!」"
0xc3800	9	「루카 양이 조사한 바로는 괴기상은 타워를 중심으로 발생하고 있다고 합니다.@요기 정착 장치가 있다면… 거기가 틀림없겠지요」
0xc3800	10	「음, 저렇게 높은 장소라면 안성맞춤일 테니 말이다」
0xc3800	11	「하지만 루카 양의 아버님은, 과연 토목 관계 회사의 사장님이시네요.@이 복잡한 도쿄의 하수도와 사람이 지날 수 있는 곳을 훤히 알고 계셔서 곧바로 지도를 그려 주셨어요.@그녀가 있어 줘서 정말 도움이 되네요」
0xc3800	12	「음, 요괴 훈장감이구나!」
0xc3800	13	「음…」
0xc3800	14	「무슨 일이냐, 키타로?」
0xc3800	15	「여기서부터는… 섣불리 나아가지 않는 편이 좋을 것 같네요」
0xc3800	16	「으…! 바람을 타고 요기가?」
0xc3800	17	"「확실히… 아무리 지하라 해도 괴기상의 중심부 근처다.@이 앞은… ""요괴의 세계""다. 그 지도도 이 앞에서는 소용없을 것이다」"
0xc3800	18	「나쁜 요괴가… 기다리고 있는 걸까요…?」
0xc3800	19	「모르겠다만… 세계 요괴들의 부하에 한하지 않고, 괴기상 속에서는 무엇이 출현해도 이상하지 않다.@만에 하나 어딘가의 길이 막혀 있을 때라도, 누군가가 중심부까지 도달할 수 있도록 생각해서@알려 준 몇 가지 루트 중에서 각자 다른 길로 나아가기로 했다만…@그렇게 한 것이 정답이었을지도 모른다. 어쨌든 조심해서 나아가야겠지」
0xc3800	20	「네!」
0xc3800	21	「겨우 빠져나온 모양이구나」
0xc3800	22	「아버지, 이 사다리로 지상에 나갈 수 있을 것 같습니다」
0xc3800	23	「좋다, 이 사다리를 써서 지상으로 올라가는 것이다」
0xc3800	24	「아버지, 안 열립니다!」
0xc3800	25	「무엇이라, 다른 곳을 알아보는 것이다!」
0xc3800	26	「역시 안 열리는 모양입니다」
0xc3800	27	「이 공간은 무엇일까요」
0xc3800	28	「음, 대체 도쿄는 어떻게 되어 있는 것이냐」
0xc3800	29	「문이 있어요」
0xc3800	30	「달리 길은 없다. 어쨌든 가 보는 것이다」
0xc3800	31	「키타로, 여기를 지나갈 것이냐?」
0xc3800	32	「잠깐 기다려 주세요……」
0xc3800	33	「………………………」
0xc3800	34	「아버지, 저기에 불빛이…」
0xc3800	35	「음, 저것인가…」
0xc3800	36	「아마 저기서 빠져나갈 수 있을 겁니다」
0xc3800	37	「좋다, 가 보는 것이다」
0xc3800	38	(…방금 건…)
0xc3800	39	「응?」
0xc3800	40	「무엇이냐 이 요기는…」
0xc3800	41	「키타로, 어서 여기서 나가는 것이다!」
0xc3800	42	「네, 아버지」
0xc3800	43	「아버지, 방금 그건…」
0xc3800	44	「음, 앞을 서두르는 것이다!」
0xc3800	45	「키타로, 저기를 보아라」
0xc3800	46	「희미하게 요기가 느껴집니다」
0xc3800	47	「조사해 보는 것이다」
0xc3800	48	(확실히 요기가 느껴져)
0xc3800	49	「아버지, 이 벽 너머에 뭔가 있는 것 같습니다」
0xc3800	50	「좋다 키타로, 그 벽을 부숴 보아라」
0xc3800	51	「해 보겠습니다」
0xc3800	52	「안 부서지는군…」
0xc3800	53	「키타로! 어서 이 벽을 부숴 버리는 것이다」
0xc3800	54	「아버지, 이건…」
0xc3800	55	「문… 인 모양이구나」
0xc3800	56	「아버지, 엄청난 요기입니다」
0xc3800	57	「무언가 사연 있는 문인 모양이다만… 그렇다 해도 앞으로 나아가는 수밖에 없겠지」
0xc3800	58	「단단하군…」
0xc3800	59	「아버지!」
0xc3800	60	「조심해서 나아가는 것이다 키타로」
0xc3800	61	「여기는…」
0xc3800	62	「아무래도 여기는 옛날 묘지인 모양이구나」
0xc3800	63	「아마도 지하 수도를 만들 때, 나온 것이겠지」
0xc3800	64	「그래서 봉인되어 있었던 거군요」
0xc3800	65	「음…………」
0xc3800	66	「!?」
0xc3800	67	「키타로! 뭔가 왔다!」
0xc3800	68	「안 되겠다! 괴기상의 영향을 그대로 받아 버렸구나」
0xc3800	69	「굉장한 요기입니다! 아버지」
0xc3800	70	「키타로! 어서 여기서 떠나는 것이다」
0xc3800	71	「네, 아버지」
0xc3800	1024	개발중
0xc5000	0	21세기가 되고…|어느새 벌써 몇 년이 지났다.
0xc5000	1	달력상으로는 시대가 새로워졌지만…|세상은 아무것도 변하지 않았다.
0xc5000	2	확실히, 고층 빌딩의 수는|굉장한 기세로 계속 늘고 있다.
0xc5000	3	과학도 발전했다.
0xc5000	4	하지만… 인간은 이 시대가 되어서도|아무것도 진보하지 않았다.
0xc5000	5	나라와 나라의 다툼은 아직 이어지고 있고,|젊은이의 마음도 거칠어져 갈 뿐이다.
0xc5000	6	오히려… 옛날보다|나빠지고 있는 것이 아닐까…?
0xc5000	7	인간의 세계가|균형을 잃고 있다면…
0xc5000	8	"길고 긴 시간, 인간과 함께 살아온|""그들""은 얌전히 있을까?"
0xc5000	9	어라… 정전인가?
0xc5000	10	…………………………
0xc5000	11	인간들은 그들의 거처를 빼앗고,|제 세상인 양 살아왔다.
0xc5000	12	이제는 그들의 존재를…|믿지 않는 사람도 많을 것이다.
0xc5000	13	하지만, 그들은 있다.
0xc5000	14	오히려 이런 지금이기에, 그들은|인간 세계를 노려 올지도 모른다…
0xc5000	15	이 위험을 전해|두어야만 하겠구나.
0xc5000	16	"그들에게… ""요괴""를 상대할 수 있는,|가장 믿음직한 인물에게…!"
0xc5000	17	안 되겠군… 편지지도 봉투도|다 떨어졌던가…
0xc5000	18	…아아! 그렇지. 지금은 그런 것이|없어도 연락할 수 있는 시대였지.
0xc5000	19	 저
0xc5000	20	 전략
0xc5000	21	 전략 게게게의키타로님
0xc5000	22	 전략 게게게의 키타로 님
0xc5000	23	「후~, 살 것 같구나!」
0xc5000	24	「아버지, 물 온도는 어떠세요?」
0xc5000	25	"「음, 지금 계절에는 이 정도가 딱 좋다, 나무랄 데 없다!@완전히 밥공기 목욕의 ""요령""을 터득했구나… 키타로!」"
0xc5000	26	「요즘, 심심했으니까요.@덕분에 아주 아버지 목욕 준비가 특기가 되어 버렸어요」
0xc5000	27	「음, 옛날과 비교하면, 확실히 요괴 관련 사건의 수는 줄어들었다.@인간과 자연의 거리가 멀어져서, 요괴와 접촉할 기회가 줄었기 때문이겠지」
0xc5000	28	「그렇네요… 쓸쓸한 이야기지만요. 하지만, 사건이 적은 건 좋은 일이죠」
0xc5000	29	「음… 그렇구나」
0xc5000	30	(살벌한 뉴스는 여전히 많지만… 요괴와 얽힌 사건은 없는 것 같군…)
0xc5000	31	「키타로. 전부터 물어보려고 했다만…@그 딸깍딸깍 하고 있는 것은 무엇이냐? 새로운 요괴 TV냐?」
0xc5000	32	「네? 아아, 이거요. 이건 요괴 컴퓨터예요」
0xc5000	33	「호오, 그것이 컴퓨터라는 것이냐. 그래서, 무엇을 하고 있는 것이냐?」
0xc5000	34	「요괴 네트로 사건을 조사하고 있어요」
0xc5000	35	「요괴 네트?」
0xc5000	36	「네. 지금은 인터넷으로 앉은자리에서 전 세계의 정보를 볼 수 있으니까요」
0xc5000	37	「……키타로. 요즘 툭하면, 그 컴퓨터인지 앞에 앉아 있는 모양이다만…」
0xc5000	38	「여러모로 편리하니까요. 어떠세요, 아버지도 해 보시겠어요?」
0xc5000	39	「……………………키타로, 거기 앉아라」
0xc5000	40	「무슨 일이십니까 아버지?」
0xc5000	41	「됐으니 앉는 것이다!」
0xc5000	42	「아, 아버지?」
0xc5000	43	「헤헤헤, 실례한다, 키타로!」
0xc5000	44	「으와!」
0xc5000	45	「아, 아버지!」
0xc5000	46	「어이쿠, 있었나 영감!」
0xc5000	47	「있었나가 뭐냐!」
0xc5000	48	「미안 미안. 그렇게 화내지 말라고.
0xc5000	49	 그보다 키타로 군. 좋은 물건 가져왔다고」
0xc5000	50	「좋은 물건? 수상한걸」
0xc5000	51	「짜~잔! 이-거-다!」
0xc5000	52	「뭐야… 그냥 요괴 휴대전화잖아」
0xc5000	53	"「캬아~, 여전히 뒤처졌구먼~ 키타로 군!@이거야말로 요괴 TV의 CM으로 익숙한 Y모드 대응, 최신 휴대 단말 ""M-666y""다!@음악 다운로드 지원에, 사진도 찍히고 커버도 갈아 끼우기 OK!@TV 전화 기능과 GPS도 달렸는데 접으면 이 얇기!@어~때 키타 군. 갖고 싶어지지 않~아~?」"
0xc5000	54	「너, 아직 전화 회사 세일즈맨을 계속하고 있었냐… 나에게는 그런 건 필요 없어.@애초에 네가 가져오는 물건 중에 변변한 게 없으니까. 얼른 돌아가!」
0xc5000	55	"「자, ""얼른 돌아가""라고? 이 자식! 좋게 대해 줬더니 기고만장해져서는…@거기 있는 컴퓨터를 싸게 넘겨준 은혜를 잊은 거냐!」"
0xc5000	56	"「무엇이 ""넘겨준 은혜""냐. 네가 휴대폰을 너무 써서, 생활비가 없어졌으니까@인수해 달라고 울며 매달렸던 거잖아!」"
0xc5000	57	「으윽, 젠장! 말대꾸만 하고… 더는 못 참겠다! 이거나 받아라!」
0xc5000	58	「으와! 자, 잘도 했겠다, 이 자식!」
0xc5000	59	「아야! 제, 제기랄~!」
0xc5000	60	「에~잇! 그만두지 못할까 시끄럽구나! 싸울 거면 둘 다 나가라!」
0xc5000	61	「아, 아버지!? 그런! 어째서 저까지요?」
0xc5000	62	「시끄럽다! 어쨌든 나가라고 하면 나가라~!」
0xc5000	63	「기다려 주세요, 아버지. 아직 조사하던 도중입니다.@적어도 인터넷으로 모은 요괴 정보만이라도 확인하게 해 주세요」
0xc5000	64	「그래, 나도 휴대폰 계약을 못 따면 이번 달 지불이…」
0xc5000	65	"「시-끄-러~! 잠자코 있지 못할까! 무엇이 ""인터넷""이냐! 무엇이 ""휴대전화""냐!@이놈이고 저놈이고 정말이지 한심하도다!@조사하고 싶은 것이 있으면 제 발로 직접 조사하면 어떠냐!」"
0xc5000	66	「하, 하지만!」
0xc5000	67	「나는 불쾌하다. 아무래도 좋으니 둘 다 당장 여기서 나가라~!」
0xc5000	68	「키타로, 네 아비는 여전히 머리가 딱딱하구나.@네 마음고생은, 나에게는 뼈저리게 이해된다고~!」
0xc5000	69	「……잘도 지껄이는군」
0xc5000	70	「너도 저런 아비가 집에서 감시하고 있으면 마음 놓고 네트도 못 하겠구나.
0xc5000	71	 아앗! 그렇지! 여기 키타로 군에게 가져온 휴대폰이 있잖아!@게다가 최신식이라 네트도 OK! 역시, 키타로, 이건 네가 가질 운명이라니까~!」
0xc5000	72	「일일이 뻔뻔하다니까! 어쨌든 안 산다면 안 사니까!」
0xc5000	73	「키타로~!!」
0xc5000	74	「윽! 이 목소리는…!?」
0xc5000	75	「다행이다, 여기 있었구나 키타로!」
0xc5000	76	「무슨 일이야, 고양이소녀」
0xc5000	77	「아~! 너! 여기서 뭐 하는 거야!@더러운 몸으로 키타로에게 다가가지 말라고 했잖아!」
0xc5000	78	"「흥! 나는 키타로와 ""비-즈-니-스"" 이야기를 하고 있다고.@너야말로 저리 가!」"
0xc5000	79	「무엇이 비-즈-니-스야! …어라! 잠깐 그 휴대폰… 제일 최신 거잖아!
0xc5000	80	 마침 잘됐네, 지금 쓰는 내 거랑 공짜로 바꿔!」
0xc5000	81	「바~보, 왜 너한테 공짜로 줘야 하는데!」
0xc5000	82	「아, 아파~~~~~~!!!」
0xc5000	83	「누가 바보야! 요전에, 나를 속여서 구식 고물 휴대폰을 팔아넘겼잖아!@이러쿵저러쿵 말 말고 내놔!」
0xc5000	84	「앗!」
0xc5000	85	「오~ 제법 괜찮잖아! 이걸로 요전 일은 없던 걸로 해 줄게」
0xc5000	86	「어… 엉망진창이군…」
0xc5000	87	「뭐야!」
0xc5000	88	「아, 아무것도 아니야…」@(쳇, 이놈한테 거스르면 귀찮아. 어쩔 수 없군…)@「쳇, 마음대로 해라! …그럼 이만!」
0xc5000	89	「기다려!」
0xc5000	90	「어, 아직 뭐가 더 있냐!?」
0xc5000	91	「한 대 더 갖고 있잖아. 그것도 내놔!」
0xc5000	92	「윽! 왜, 왜 두 대나 필요한 거야!?」
0xc5000	93	「히, 히이이이이이~!@아, 알았어, 알았다고. 주면 되잖아, 주면!」
0xc5000	94	「처음부터 순순히 내놓으면 되잖아」
0xc5000	95	「제~기랄, 기억해 둬~!」
0xc5000	96	「키타로… 휴대폰 없었지? 자! 이거, 괜찮으면 써!」
0xc5000	97	「어? 하, 하지만…」
0xc5000	98	「사양하지 마. 쥐인간한테는 늘 폐를 당하고 있으니까 위자료라고 생각하면 돼」
0xc5000	99	「그, 그래? 그럼…」
0xc5000	100	 |<요괴 휴대전화를 손에 넣었다>
0xc5000	101	「후후후… 이걸로 우리 커플 휴대폰이네!」
0xc5000	102	「아, 참 고양이소녀. 나한테 무슨 볼일이 있었던 거 아니야?」
0xc5000	103	「맞다 깜빡했어! 큰일이야! 아기울음영감이 폭한에게 습격당했대!」
0xc5000	104	「뭐라고!?」
0xc5000	105	「지금, 아파트에서 모래뿌리기할멈이 치료하고 있어. 키타로도 가 봐!」
0xc5000	106	「알았어! 서두르자!」
0xc5000	1024	개발중
0x01000	44	눈아이
0x01000	45	설녀
0x01000	46	설남
0x01000	47	설국 합체 요괴
0x01000	48	들여우
0x01000	49	기호
0x01000	50	진흙논귀신
0x01000	51	타쿠로비
0x01000	52	타쿠로비
0x01000	53	가샤도쿠로
0x01000	54	박쥐
0x01000	55	흡혈박쥐
0x01000	56	드라큘라
0x01000	57	늑대인간
0x01000	58	프랑켄슈타인
0x01000	59	머리 둘 미라요괴
0x01000	60	카리카
0x01000	61	마녀 론론
0x01000	62	흡혈귀 라 세느
0x01000	63	흡혈귀 엘리트
0x01000	64	요괴수 분신체
0x01000	65	요괴수
0x01000	66	페낭가란
0x01000	67	보자이
0x01000	68	고곤
0x01000	69	박쥐고양이
0x01000	70	치
0x01000	71	백베어드
0x01000	72	흡혈화 라그레시아
0x01000	73	악마 부엘
0x01000	74	악마 베리알
0x01000	75	베리알 손
0x01000	76	베리알 발
0x01000	77	베리알 눈
0x01000	78	베리알 입
0x01000	79	눗페라보
0x01000	80	거대 눗페라보
0x01000	81	란스빌
0x01000	82	대요괴 기가
0x01000	83	지네
0x01000	84	물 병사
0x01000	85	환상의 박쥐고양이
0x01000	86	마녀
0x01000	87	미라남
0x01000	88	밀랍인형
0x01000	89	늑대인간 부하
0x01000	90	움직이는 석상
0x01000	91	성 쥐인간
0x01000	92	젊어진 론론
0x01000	93	두레박떨구기
0x01000	94	메아리요괴
0x01000	95	카마이타치
0x01000	96	천장핥기
0x01000	97	그렘린
0x01000	98	노즈치
0x01000	99	우물선인
0x01000	100	가루라
0x01000	101	까마귀텐구
0x01000	102	아부라스마시
0x01000	103	무지나무지나
0x01000	104	야칸즈루
0x01000	105	오베베
0x01000	106	까마귀
0x01000	107	살인박쥐
0x01000	108	지옥박쥐
0x01000	109	대나무 정령
0x01000	110	회사원
0x01000	111	청년
0x01000	112	누케쿠비
0x01000	113	아저씨
0x01000	114	정예 기호
0x01000	115	근위 기호
0x01000	116	해골 중사
0x01000	117	해골 상사
0x01000	118	해골 소대장
0x01000	119	중급 마녀
0x01000	120	상급 마녀
0x01000	121	미라 병사
0x01000	122	미라 귀족
0x01000	123	늑대인간 아우
0x01000	124	늑대인간 심복
0x01000	125	물 병사
0x01000	126	어둠 물 병사
0x01000	127	요괴수 분신체
0x01000	128	고양이소녀
0x01000	129	수수께끼의 요괴
0x01000	130	요괴수 강화분신체
0x01000	131	환상의 박쥐고양이
0x01000	132	환상의 박쥐고양이 에이스
0x01000	133	밀랍인형 나이트
0x01000	134	오보로구루마
0x01000	135	우산요괴
0x01000	136	가뭄신
0x01000	137	와뉴도
0x01000	138	우귀
0x01000	139	카타키라우와
0x01000	140	수달
0x01000	141	붉은혀
0x01000	142	누케쿠비
0x01000	143	우부메
0x01000	144	누케쿠비
0x01000	145	누라리횬
0x01000	146	진흙논귀신
0x01000	147	큰 돼지
0x01000	148	카리카 밀랍인형
0x01000	149	염화 가뭄신
0x01000	150	복제 키타로
0x01000	151	복제 모래뿌리기할멈
0x01000	152	복제 아기울음영감
0x01000	153	복제 고양이소녀
0x01000	154	복제 이탄모멘
0x01000	155	복제 누리카베
0x01000	156	복제 드라큘라
0x01000	157	복제 보자이
0x01000	158	복제 치
0x01000	159	키타로
0x01000	160	모래뿌리기할멈
0x01000	161	아기울음영감
0x01000	162	고양이소녀
0x01000	163	이탄모멘
0x01000	164	누리카베
0x01000	165	시사
0x01000	166	두레박불
0x01000	167	수달
0x01000	168	붉은혀
0x01000	169	누케쿠비
0x01000	170	우부메
0x01000	171	가뭄신
0x01000	172	우산요괴
0x01000	173	눗페라보
0x01000	174	샐러리맨
0x01000	175	마을 사람
0x01000	176	대요괴 기가
0x01000	177	가루라
0x01000	178	까마귀
0x01000	179	결계 박쥐
0x01000	180	백베어드
0x01000	181	베리알 손
0x01000	182	베리알 발
0x01000	183	베리알 눈
0x01000	184	베리알 입
0x01000	185	마녀 론론
0x01000	186	불덩이
0x01000	187	미사용
0x01000	188	미사용
0x01000	189	미사용
0x01000	190	미사용
0x01000	191	미사용
0x01000	192	병원 원장
0x01000	193	병원 간호사
0x01000	194	요괴 퇴치 의뢰로 찾아온 여자아이
0x01000	195	의뢰인 여자아이의 아버지
0x01000	196	거리 사람A
0x01000	197	거리 사람B
0x01000	198	시골 마을 사람
0x01000	199	한국 마을 사람
0x01000	200	자위대 대원 상반신
0x01000	201	아기를 되찾은 어머니
0x01000	202	키타로의 어머니
0x01000	203	경비원
0x01000	204	사다코
0x01000	205	미사용
0x01000	206	미사용
0x01000	207	미사용
0x01000	208	미사용
0x01000	209	미사용
0x01000	210	미사용
0x01000	211	미사용
0x01000	212	미사용
0x01000	213	미사용
0x01000	214	미사용
0x01000	215	미사용
0x01000	216	미사용
0x01000	217	미사용
0x01000	218	미사용
0x01000	219	미사용
0x01000	220	미사용
0x01000	221	미사용
0x01000	222	미사용
0x01000	223	미사용
0x01000	224	항아리
0x01000	225	얼음 기둥
0x01000	226	얼음 기둥
0x01000	227	마법의 항아리
0x01000	228	장치
0x01000	229	나무통
0x01000	230	얼음 기둥
0x01000	231	미사용
0x01000	232	다이다라봇치
0x01000	233	다이다라봇치
0x01000	234	미사용
0x01000	235	미사용
0x01000	236	미사용
0x01000	237	미사용
0x01000	238	미사용
0x01000	239	미사용
0x01000	240	미사용
0x01000	241	미사용
0x01000	242	미사용
0x01000	243	미사용
0x01000	244	미사용
0x01000	245	미사용
0x01000	246	미사용
0x01000	247	미사용
0x01000	248	미사용
0x01000	249	미사용
0x01000	250	미사용
0x01000	251	미사용
0x01000	252	미사용
0x01000	253	미사용
0x01000	254	미사용
0x01000	255	미사용
0x09000	0	모노노케WEB 주의사항
0x09000	1	투고자 : 간모키드(관리인)
0x09000	2	여기는 요괴, 주로 게게게의 키타로에 대해 이야기하는 게시판입니다.||비방 중상이나 개인 프라이버시에 관한 내용은 작성을 금지합니다.
0x09000	3	다시 한번…
0x09000	4	투고자 : 간모키드(관리인)
0x09000	5	"에~, 요괴 팬 관리인, ""간모키드""입니다.||이 게시판은 제 사이트에서 운영하던 BBS의 휴대폰판으로, 사실 본업이 바빠져서 외출 중에도 손쉽게 정보 교환을 할 수 있도록… 하고 생각해 휴대폰과 함께 쓸 수 있는 게시판을 만들어 봤습니다.||요괴를 좋아하는 사람들끼리 교류할 수 있으면 좋겠으니 부디 즐거운 글 부탁드립니다."
0x09000	6	처음 뵙겠습니다
0x09000	7	투고자 : 고집태랑
0x09000	8	처음 뵙겠습니다, 고집태랑이라고 합니다. 올해는 왠지 요괴가 뜰 것 같은 예감. 분위기를 띄워 봅시다.
0x09000	9	Re : 처음 뵙겠습니다
0x09000	10	투고자 : 시게루사랑둥이
0x09000	11	"저도 ""처음 뵙겠습니다""예요! ""시게루사랑둥이""라고 하는 사람입니다!||>요괴가 뜰 것 같은 예감. 저도 그렇게 생각해요! 띄워 봐요~! (>_<)||그런데 여러분은 무슨 요괴를 좋아하시나요? 저는 눈알아버지예요! 밥공기 목욕 최고!"
0x09000	12	Re : Re : 처음 뵙겠습니다
0x09000	13	투고자 : SIN
0x09000	14	나도 처음이야. 눈알아버지는 잘 생각해 보면 완전 눈알이라 징그러워야 하는데 귀엽게 느껴지니 수수께끼다. 내가 좋아하는 요괴는 베어드.
0x09000	15	반갑습니다
0x09000	16	투고자 : 간모키드(관리인)
0x09000	17	"세 분, 바로 글 남겨 주셔서 정말 감사합니다. 제가 좋아하는 건 ""우산요괴""입니다.||정통파 요괴 같으면서도 키타로의 조끼를 써서 사람으로 둔갑하거나, 열선을 방사하는 등 꽤 다채로운 점이 매력입니다."
0x09000	18	Re : 반갑습니다
0x09000	19	투고자 : 고집태랑
0x09000	20	최면술 같은 것도 썼었죠.||사람으로 둔갑하는 힘은 조끼 덕분이니 그의 실력은 아니겠지만 확실히 다재다능한 놈입니다.
0x09000	21	Re : Re : 반갑습니다
0x09000	22	투고자 : 간모키드(관리인)
0x09000	23	>최면술 같은 것도 아아, 맞아요 맞아요.||남에게 부추김당해 키타로를 습격해 버리는 그이지만, 천성이 나쁜 놈은 아니니 제대로 이야기했다면 키타로와 사이좋게 지낼 수 있었을 텐데요…||그런데 잘도 기억하시네요? 떠오르지 않는 요괴가 있으면 글 올릴 테니 알려 주세요. (공부 부족한 관리인)
0x09000	24	수달
0x09000	25	투고자 : SIN
0x09000	26	천성이 나쁜 놈이 아니라면 우산요괴 이상으로 수달이지.||배가 고파서 키타로를 습격했을 뿐이고, 원래는 키타로의 친구였잖아.
0x09000	27	뭐였더라
0x09000	28	투고자 : 시게루사랑둥이
0x09000	29	여쭤봅니다… 미인화에 봉인되어 있어서 본 인간의 생기를 빨아 버리는 요괴가 뭐라는 이름이었죠?
0x09000	30	Re : 뭐였더라
0x09000	31	투고자 : SIN
0x09000	32	내 기억으로는 검은중. 화령이라 불리는 카테고리로, 물이 약점.
0x09000	33	그거라면…
0x09000	34	투고자 : 고집태랑
0x09000	35	분명, 누리카베가 물을 뿌려서 쓰러뜨렸죠.||저는 누리카베 팬이라 잘 기억합니다.
0x09000	36	누케쿠비
0x09000	37	투고자 : SIN
0x09000	38	팬이라면 내 취향으로는 누케쿠비 같은 것도 좋으려나. 그 콤플렉스가 훤히 드러나는 점이 귀엽지.
0x09000	39	Re : 누케쿠비
0x09000	40	투고자 : 고집태랑
0x09000	41	>누케쿠비 같은 것도 좋으려나. 착각이 심해서 좀 민폐인 놈이지만요.||분명… 목과 몸통이 너무 멀리 떨어지면 폭발해 버렸죠.
0x09000	42	만약 정말로
0x09000	43	투고자 : SIN
0x09000	44	만약 정말로 그를 만난다면 서둘러 몸통을 확보해서, 목과 붙여 줄 거야.||내가 다치기 싫어서가 아니라 누케쿠비가 위험하니까.
0x09000	45	그럼
0x09000	46	투고자 : 간모키드(관리인)
0x09000	47	사자춤이 하늘을 나는 놈, 그건 뭐라고 하는 놈이었죠?
0x09000	48	이야기는 알아요!
0x09000	49	투고자 : 시게루사랑둥이
0x09000	50	이야기는 기억나는데…(-_-) 여자아이가 납치되는 거 맞죠~?||그리고 분명, 까마귀가 있는 곳을 알려 줘서 구해 주는 거였죠?||아아~ 뭐였더라!?
0x09000	51	불찰…
0x09000	52	투고자 : SIN
0x09000	53	알아보고 싶을 때에 한해서 그게 실린 자료가 안 보이는 함정.
0x09000	54	조사 중
0x09000	55	투고자 : 고집태랑
0x09000	56	"이름은 분명 ""거울사자"". 환술을 쓰는 요괴입니다. 돈을 훔치거나 여자아이를 습격하거나 합니다.||이런 놈은 정말로 있다면 빨리 쓰러뜨리지 않으면 큰일이 나겠네요."
0x09000	57	이야기를 바꿔서…
0x09000	58	투고자 : 시게루사랑둥이
0x09000	59	키타로에는 여러 무서운 요괴가 등장하는데, 여러분은 뭐가 무서웠나요?
0x09000	60	1등은 아니지만…
0x09000	61	투고자 : 간모키드(관리인)
0x09000	62	붉은혀 같은 건 싫었죠… 삼켜져서 수분을 빨린다는 게 단순히 먹히는 것보다도 서서히 괴롭힘당하는 느낌이라 기분 나빴달까요.||기본적으로는 둔한 요괴지만 물을 이용해 고속 이동하니까 숲속 같은 데서 정말로 만난다면 도망칠 수 없겠죠…
0x09000	63	그건…
0x09000	64	투고자 : 고집태랑
0x09000	65	그 이야기는 해골여인이 포인트죠.
0x09000	66	해골여인이라면
0x09000	67	투고자 : SIN
0x09000	68	해골여인이라면, 큰머리 이야기에도 나왔지, 나는 붉은혀보다 이 큰머리 쪽이 무서웠어.||키타로도 실력으로는 못 당했으니까. 어쨌든 놈은 불사신이니까.
0x09000	69	뭐 그렇지
0x09000	70	투고자 : 간모키드(관리인)
0x09000	71	하지만, 키타로가 그놈을 지치게 해서 마지막에는 승리한 거니까. 키타로가 실력으로 이겼다고 해도 되지 않을까요?||해골여인이라면 쥐인간과의 미묘한 관계도 볼거리.
0x09000	72	무섭다면…
0x09000	73	투고자 : 시게루사랑둥이
0x09000	74	키타로에는 여러 요괴가 등장하는데, 여러분은 뭐가 제일 무서웠나요?
0x09000	75	강한 놈이 무섭다
0x09000	76	투고자 : SIN
0x09000	77	내 취향으로는 가뭄신. 어떤 기상 조건을 채우면 출현하는 요괴라던데. 전체적으로 설정이 수수께끼고, 게다가 강한 점이 무섭달까.||키타로도 실력으로는 못 당했으니까.
0x09000	78	분명…
0x09000	79	투고자 : 시게루사랑둥이
0x09000	80	뱀 같은 커다란 요괴에게 가뭄신을 먹게 해서 쓰러뜨렸었죠.||그 뭐든 먹는 요괴는 어떻게 불러냈던 거죠?||시사가 부르러 가 줬던가요?
0x09000	81	무서울지도
0x09000	82	투고자 : 고집태랑
0x09000	83	가뭄신은 확실히 무서울지도. 하지만 잘 이끌면 친구가 되어 줄 것 같아요.||익살스러운 얼굴을 하고 있고 말이 안 통하는 놈은 아닐 거예요.
0x09000	84	나는 추운 게 싫어
0x09000	85	투고자 : 고집태랑
0x09000	86	저는 추운 걸 싫어해서 설국 요괴 연합 이야기에는 몸서리가 쳐졌습니다.||혼을 아이스캔디로 만들어 버린다든가 그런 것에도… 부들부들이었습니다.||지금도 귀성으로 외가(북쪽)에 갈 때는 이 이야기가 떠오릅니다. 뭐, 실제로 만날 일은 없겠지만요…
0x09000	87	그럴 때에는
0x09000	88	투고자 : 시게루사랑둥이
0x09000	89	분명 혼을 얼려서 빼앗기는 거였죠… 만에 하나 진짜를 만나도 두레박불 같은 애도 함께 나와 준다면 걱정 없을 텐데요.||그 아이라면 얼음 같은 걸 녹여서, 혼을 되찾아 줄 것 같아요! 우산요괴 같은 애도 좋을지도~!
0x09000	90	무섭다면…
0x09000	91	투고자 : 시게루사랑둥이
0x09000	92	"키타로에는 여러 요괴가 등장하는데, 여러분은 뭐가 무서웠나요?||저는 ""호우코우""려나… 왠지 깊은 산속 같은 데 가면 정말 있을 것 같잖아요.||일본에서 일어나는 채소 도둑 중 몇 %는, 호우코우의 짓이에요, 분명(>_<)!"
0x09000	93	호우코우…
0x09000	94	투고자 : 고집태랑
0x09000	95	"채소 도둑이라… 그러고 보니 요전에 뉴스에서도 하던데…||호우코우는 절임을 좋아하는 요괴죠. 분명 분열해서 네 가지 원소별 개체로 나뉠 수 있었을 텐데.||머릿수가 늘어난 반면 ""불 호우코우는 물에 약하다""처럼 도리어 약점이 생기는 점이 재미있죠."
0x09000	96	눗페라보
0x09000	97	투고자 : 간모키드(관리인)
0x09000	98	눗페라보 같은 것도 무서웠죠… 특히 디자인이. 젊음을 빨린다는 것도 싫은 느낌이었고요.
0x09000	99	젊음
0x09000	100	투고자 : 시게루사랑둥이
0x09000	101	눗페라보가 젊음을 빨아들이는 요괴인가요!? 그림은 본 적 있는데 이야기는 안 읽었어요. 그건 싫은 놈이네요…||그런 요괴가 만약 나온다면 한시라도 빨리 키타로에게 퇴치받아야겠어요!
0x09000	102	<알-림>
0x09000	103	투고자 : 간모키드(관리인)
0x09000	104	어쩐지 서버 상태가 나쁜 모양이라, 당분간 이곳의 글쓰기가 불가능해집니다. 재개하면 다시 알려 드릴 테니, 불편을 끼쳐 드리지만 양해 부탁드립니다.
0x09000	105	부활!
0x09000	106	투고자 : 간모키드(관리인)
0x09000	107	고쳐졌습니다~.
0x09000	108	어쩐지…
0x09000	109	투고자 : 고집태랑
0x09000	110	어쩐지 여기저기 서버 상태가 나빠지고 있는 모양이네요… 무슨 일이 있는 걸까요?
0x09000	111	처음 뵙겠습니다
0x09000	112	투고자 : 성게마신(개)
0x09000	113	"처음 뵙겠습니다, 성게마신(개)라 하는 사람입니더. 요괴 좋아하는 이들이 모인다 캐서, 참가하려꼬 왔심더. 잘 부탁합니더.||여러분, 중요한 요괴 잊아뿌린 거 아입니꺼! 그래예, ""백베어드""라예! 그 위압감 있는 풍모… 눈속임이나 최면 효과가 있는 강력한 안력… 그거야말로 키타로의 라이벌. 나쁘고 무서운 요괴의 대표 아입니꺼?"
0x09000	114	강하기도 하고
0x09000	115	투고자 : SIN
0x09000	116	처음 뵙겠습니다, SIN이라고 합니다. 나도 베어드는 좋아해. 랭크를 매기면 항상 베스트 3에 들지. 하지만 거울 같은 물건에는 안력이 되받아쳐지는 게 약점이려나.
0x09000	117	뭔 소리 하십니꺼!
0x09000	118	투고자 : 성게마신(개)
0x09000	119	허접한 거울쯤은 그분 안력에 걸리믄, 금방 쨍그랑 나가 뿌립니더! 베어드 님 최고!
0x09000	120	매니악
0x09000	121	투고자 : SIN
0x09000	122	좋아하는 것과 무서운 건 알았으니 좀 매니악한 요괴 이야기로 가 볼까.||카타키라우와 알아?
0x09000	123	헤헤헤…
0x09000	124	투고자 : 시게루사랑둥이
0x09000	125	알아요~!(^-^) 돼지 요괴 맞죠! 꽤 귀엽죠. 이 요괴분이라면 실제로 만나 보고 싶어요. 이야기해서 친구가 되어 달라고 하는 것도 좋을지도.
0x09000	126	그럴까?
0x09000	127	투고자 : SIN
0x09000	128	친구라… 되고 싶을까? 그야 돼지잖아? 나라면 패스. 정말로 만나면 재빨리 도망칠 거야. 그때 상황에 따라 다르겠지만.
0x09000	129	매니악
0x09000	130	투고자 : SIN
0x09000	131	좋아하는 것과 무서운 건 알았으니 좀 매니악한 요괴 이야기로 가 볼까.||라그레시아 알아?
0x09000	132	물론
0x09000	133	투고자 : 고집태랑
0x09000	134	거대한 꽃 요괴죠. 만약 숲에서 길을 잃고 이놈을 만난다면 싫겠네… 뭐가 약점일까. 식물이니까, 역시 불에 약하려나?
0x09000	135	어떨까?
0x09000	136	투고자 : SIN
0x09000	137	뿌리를 뻗고 있어서 움직임이 둔할 것 같으니 달려서 도망치는 게 단순하고 좋을지도.
0x09000	138	하지메마시테
0x09000	139	투고자 : L-DEAD
0x09000	140	처음 뵙겠습니다. 첫 글 이네요. 여러분. 서양 요괴 이저버린 거 아닌가요? 고곤이나 마녀 론론도 일단, 훌륭한 요괴 이네요!
0x09000	141	처음 뵙겠습니다
0x09000	142	투고자 : 간모키드(관리인)
0x09000	143	처음 뵙겠습니다, L-DEAD 님. 확실히, 베어드 말고 서양 요괴 이야기는 안 했었네요.||고곤이라면, 머리카락이 뱀으로 되어 있어서 돌이 되어 버리니까 절대 그녀 앞에 서면 안 되는 요괴죠. 이 요괴에게는 한순간에 돌이 되어 버린다는 공포가 있습니다. 만약 정말로 만난다면 그늘에 숨어 넘겨야겠네요.
0x09000	144	그렇제
0x09000	145	투고자 : 성게마신(개)
0x09000	146	좋다, 서양 요괴에 각광을 비춰 보입시더. 우선은 뻔한 데서 늑대인간이라예. 이놈은… 별 특징이 없네예. 기동력이 있는 정도랄까…||안 되겠다, 각광 비추기 실패다…
0x09000	147	그렇네요…
0x09000	148	투고자 : 고집태랑
0x09000	149	다이아몬드를 좋아했던 건 기억하는데… 장점이 그거라면 단점을 파고들어 보는 건 어떨까요? 이놈은 뭐가 약점일까… 반은 짐승이니까 역시 불에 약하겠죠…||안 되겠다, 각광 비추기 실패다…(웃음)
0x09000	150	다이아라면…
0x09000	151	투고자 : 시게루사랑둥이
0x09000	152	다이아라면 와뉴도! 이놈은 사람이나 요괴를 다이아로 만드는 힘이 있죠~!(*_*) 좋겠다, 다이아. 어떻게든 와뉴도와 친구가 될 수 없을까~ (그 얘기뿐) 아, 그 전에 제가 다이아가 될지도… (라니, 전혀 서양 요괴 얘기를 안 하고 있네… 반성)
0x09000	153	으~음
0x09000	154	투고자 : 성게마신(개)
0x09000	155	서양 요괴 이야기는 그렇다 치고(웃음) 다이아는 매력적이라예. 잘 친해져서 은혜를 입어야 안 되겠나.||근데 그놈은 우째야 맘에 들어 할까… 일단. 이쪽이 적의가 없다는 걸 보여 줘야 안 되겠나?
0x09000	156	그렇제
0x09000	157	투고자 : 성게마신(개)
0x09000	158	좋다, 서양 요괴에 각광을 비춰 보입시더. 우선은 이야기에도 나온 마녀 론론이라예. 마녀라 카믄 역시 저런 풍격 있는 노파가 최고라예. 오래 살았을 테니 재밌는 얘기 많이 알 것 같기도 하고예.
0x09000	159	하지만…
0x09000	160	투고자 : SIN
0x09000	161	그놈 꽤 흉포하다고. 강하긴 강하겠지만… 내 취향으로는 별로야. 라니, 각광을 비추는 게 취지였지… 놈의 요괴로서의 능력부터 검증해 보자. 마력을 만들어 내는 건 지팡이, 이게 놈 최대의 무기다. 방어에도 쓸 수 있겠지. 그렇다고는 해도 나무로 되어 있으니 튼튼하다고는 못 해. 아무쪼록 부수고 싶지 않겠지. 이탄모멘의 무명천 베기 같은 걸 이 지팡이로 받는 날에는 위험하겠지.||아, 역시 각광을 못 비추고 있네…
0x09000	162	아리가토
0x09000	163	투고자 : L-DEAD
0x09000	164	바로 반응, 감사 합니다. 서양에는 악마도 있습니다. 베리알 같은 게 그것 입니다. 제가 좋아하는 건 베리알. 그의 패션은 VERY COOL 이네요!
0x09000	165	복장은 그렇다 치고
0x09000	166	투고자 : 간모키드(관리인)
0x09000	167	악마 베리알! 있었죠. 몸의 기관을 백 배로 증식할 수 있는 거죠.
0x09000	168	악마라…
0x09000	169	투고자 : SIN
0x09000	170	부엘이라는 악마도 있었지. 그놈들은 악마니까 어쨌든 강할 거야. 내 취향. 특별히 큰 약점 같은 것도 없지 않을까?
0x09000	171	그렇네요
0x09000	172	투고자 : 고집태랑
0x09000	173	서양 요괴가 집단으로 악마에게 힘을 빌려주면 일본 정복쯤은 간단히 되어 버릴지도 모르겠네요.
0x09000	174	후움
0x09000	175	투고자 : 간모키드(관리인)
0x09000	176	그 가능성은 있죠. 도당을 짜기 전에 확실히 쓰러뜨려 두지 않으면, 때를 놓칩니다. 뭐 현대는 인간이 일으키는 테러 쪽이 위협일지도 모르지만요…
0x09000	177	부활!
0x09000	178	투고자 : 간모키드(관리인)
0x09000	179	고쳐졌습니다~.
0x09000	180	어쩐지…
0x09000	181	투고자 : 고집태랑
0x09000	182	어쩐지 여기저기 서버 상태가 나빠지고 있는 모양이네요… 무슨 일이 있는 걸까요?
0x09000	183	하지메마시테
0x09000	184	투고자 : L-DEAD
0x09000	185	처음 뵙겠습니다. 첫 글 이네요. 여러분. 외국 요괴 이저버린 거 아닌가요? 보자이나 마녀 이야기 안 나오네요!
0x09000	186	처음 뵙겠습니다
0x09000	187	투고자 : 간모키드(관리인)
0x09000	188	처음 뵙겠습니다, L-DEAD 님. 확실히, 외국 요괴 이야기는 거의 안 했었네요. 보자이라면 분명 러시아 요괴로 물을 자유롭게 다루는 능력을 가지고 있죠? 불 계열 요괴들이 두려워할 것 같네요.
0x09000	189	처음 뵙겠습니다
0x09000	190	투고자 : 성게마신(개)
0x09000	191	처음 뵙겠습니다, 성게마신(개)라 하는 사람입니더. 요괴 좋아하는 이들이 모인다 캐서, 참가하려꼬 왔심더. 잘 부탁합니더.||뭐꼬 지금까지 별로 이야기에 안 나온 요괴를 픽업하고 있는 모양이네예? 그라믄… 매니악한 데서 요괴수 이야기는 어떻습니꺼?||씨앗에서 분신을 낳는데 이 분신이 익살스러워서 또 맛이 좋다 아입니꺼!
0x09000	192	확실히
0x09000	193	투고자 : 고집태랑
0x09000	194	확실히 그 분신은 좀 미워할 수 없는 느낌이죠,||하지만 차례차례 증식하는 무서운 요괴죠. 만약 정말로 나타나면 어떻게 해야 할까요? 역시 식물 계열이니까 불에 약하려나요?
0x09000	195	각광을 못 받았다면…
0x09000	196	투고자 : SIN
0x09000	197	그러고 보니 우귀 이야기가 아직 안 나왔네… 메이저한 요괴인데.
0x09000	198	어~ 그러니까…
0x09000	199	투고자 : 시게루사랑둥이
0x09000	200	"우귀 이야기는 분명… 키타로만으로는 감당이 안 돼서 뭐라던 신에게 도움을 받았던 거죠? ""까마귀텐구""는 아니고… 뭐였더라(?_?)"
0x09000	201	가루라 님이야
0x09000	202	투고자 : 간모키드(관리인)
0x09000	203	그건 가루라 님이야. 키타로에 등장하는 캐릭터 중에서도 상당히 강력한 캐릭터 중 하나지. 참고로 정확히는 신이 아닙니다.||우귀는 쓰러뜨려도 쓰러뜨린 자가 우귀가 되어 버리니까 끝이 없어. 그래서 그의 등장을 기다릴 필요가 있었지.
0x09000	204	그거였어요!
0x09000	205	투고자 : 시게루사랑둥이
0x09000	206	답글 감사~. 우귀는 잘 보면 귀엽죠. 잘 이야기해서 친구가 될 수 있다면 재미있을지도. 그런데 어떻게 하면 이야기할 수 있을까요?||역시 자기도 한 번 우귀가 되어서 그의 마음이 되어 보지 않으면 안 되려나…
0x09000	207	이야기 안 나왔다 카믄
0x09000	208	투고자 : 성게마신(개)
0x09000	209	"남방 요괴 같은 것도 별로 이야기 안 나왔지예. ""페낭가란""이나 ""란스빌"" 같은 거."
0x09000	210	맞아 맞아
0x09000	211	투고자 : SIN
0x09000	212	거울사자에 들어 있던 것도 페낭가란이었지. 목과 위장으로 된 남방의 흡혈 요괴… 였던가? 꽤 날쌜 것 같은 요괴네.||그런데 남방이나 외국 요괴에 집착하는 모양인데 내 생각엔 딱히 신경 안 써도 되지 않나 싶은데… 애초에 요괴에게 인간이 정한 나라의 차이 같은 건 별로 상관없지 않을까. 진흙논귀신이라든가, 아직 별로 화제에 안 나온 요괴가 산더미인데…
0x09000	213	국적
0x09000	214	투고자 : 고집태랑
0x09000	215	국적은 중요하지 않지만 굳이 집착해 보는 것도 좋지 않을까요? 겸사겸사 진흙논귀신 이야기. 자손이 돈이 탐나서 논을 판 것에 화난 죽은 조상의 영이 자기들이 필사적으로 지켜 온 논을 돌려 달라며 진흙논귀신이 되어 나타나는 거죠. 개발이 진행되는 현대에는 논이 줄고 있으니, 지금도 어딘가에 출몰하고 있을 가능성은 있습니다. 저희 할아버지 댁이 농가였으니 위험할지도. 저, 조상님께 원한을 사서 습격당하면 어떻게 해야 할까요… 물과 인연이 깊은 요괴니까 물에 흘려보내고 잊어 달라고 하는 건 안 될까요?(웃음)
0x09000	216	아리가토
0x09000	217	투고자 : L-DEAD
0x09000	218	바로 반응, 감사 합니다. 일본 이외의 요괴에게도 흥미를 가져 주셨으면 했던 겁니다. 남방 요괴 이야기도 GOOD 이라고 생각합니다. 왜냐하면 란스빌은 제가 좋아하는 요괴 중 하나 입니다. 그녀의 차림은 VERY COOL 이네요!
0x09000	219	흥미는 당연히 있습니다
0x09000	220	투고자 : 간모키드(관리인)
0x09000	221	물론 외국 요괴를 따돌린 것은 아닙니다. 여러 이야기를 해 나갑시다. 란스빌 말인가요, 분명 남방의 마녀로 흡혈 요괴죠. 자세한 것은 모르지만 날카로운 송곳니를 가지고 있죠. 그걸로 물리면 아프겠네… 정말로 볼 기회가 있어도 솔직히 별로 가까이 가고 싶지 않네요 보기만 해도 충분합니다.
0x09000	222	흡혈 요괴라면…
0x09000	223	투고자 : 시게루사랑둥이
0x09000	224	흡혈 요괴 이야기가 나왔는데 피를 빠는 요괴라면 역시 요괴수가 가장 큰 어른이려나?
0x09000	225	요괴수라…
0x09000	226	투고자 : 고집태랑
0x09000	227	흡혈 요괴의 대가라면 확실히 그렇게 되겠네요, 드라큘라의 이모뻘일 테고. 간단히는 죽지 않는 생명력을 가지고 있으니까요.
0x09000	228	대가이긴 하지만…
0x09000	229	투고자 : SIN
0x09000	230	대가이긴 하지만, 땅에 뿌리를 박고 있어서 움직이지 못하잖아. 별로 강하지 않은 거 아닐까. 역시 내 취향으로 흡혈 요괴 1위는 드라큘라야.
0x09000	231	기준에 따르겠지만
0x09000	232	투고자 : 간모키드(관리인)
0x09000	233	1위의 기준에 따르겠지만 제 의견으로는 요괴수려나. 놈은 요괴 혈액을 흡수해서 분신을 만들어 내는 능력이 있었죠. 즉 혈액과 시간이 넉넉히 있으면 점점 힘을 키울 수 있는 요괴일 겁니다. 속공으로 쓰러뜨릴 수 있다면 몰라도… 요괴수에게 힘을 기를 시간을 줘 버리면 분명 감당할 수 없게 될 테니까요.
0x09000	234	후우
0x09000	235	투고자 : 간모키드(관리인)
0x09000	236	겨우 복귀했습니다. 전화선도 혼란스러워서 서버에도 연결되지 않아 애먹었습니다.||도쿄의 그 수수께끼의 기상 현상은 대체 뭐였을까요. 마치 키타로의 세계를 그대로 옮긴 듯한 영상에 한동안 아연해지고 말았습니다. 대체 그 안에서 무슨 일이 일어나고 있었을까요?
0x09000	237	말도 안 나온다…
0x09000	238	투고자 : SIN
0x09000	239	나름 스펙터클해서 재미있었어. 사라져 버려서 내 입장에서는 아쉽네.||뭔가 그 건은 인위적인 사건이라는 의혹이 있는 모양이야. 일본에도 드디어 대규모 테러가 일어나는 시대가 됐다는 건가… 수도가 위태롭다는 건가?
0x09000	240	그때는
0x09000	241	투고자 : 성게마신(개)
0x09000	242	도쿄가 엉망이 되믄 일본의 수도는 오사카라예! 그게 테러라 카믄 범인은 의외로 간사이 사람일지도 모르지예.
0x09000	243	무서워
0x09000	244	투고자 : 시게루사랑둥이
0x09000	245	일본 여기저기가 그런 것에 뒤덮인다고 생각하면 무서운데요! 뭐, 만약 인위적이라는 게 사실이라도 경찰도 범인 체포에 분명 움직이고 있겠죠. 어서 범인이 잡혔으면 좋겠네요… 쇼핑 갔다가 그런 것에 갇히면 싫으니까(>_<)
0x09000	246	꺄~~!
0x09000	247	투고자 : 시게루사랑둥이
0x09000	248	TV 보셨나요! 범인이라니 키, 키타로 씨 아닌가요! 닮은 사람? 아니면…
0x09000	249	저도 봤습니다.
0x09000	250	투고자 : 간모키드(관리인)
0x09000	251	눈을 의심하는 영상이었죠… 저건 진짜 키타로 씨 일행인 걸까요? 그렇다 해도… 그들이 그 괴기상을 써서 일본에 혼란을 일으키려 했다니… 이제 뭐라고 해야 할지… 머리가 혼란스러워집니다.
0x09000	252	하지만…
0x09000	253	투고자 : 고집태랑
0x09000	254	아직 의혹 단계이고… 억측으로 범인이라고 단정 지으면 안 되죠. 과거에도 그런 억울한 사건이 있었잖아요. 저게 진짜 키타로 씨 일행 일이라면, 그런 짓을 할 리 없고 뭔가 잘못된 겁니다 분명.
0x09000	255	NO!
0x09000	256	투고자 : L-DEAD
0x09000	257	일본인은 너무 사람이 좋아요. 흉악 범죄를 저지른 자에게는 엄한 처벌을 줘야 합니다! 꾸물거리다간 다음은 정말로 일본이 THE END 이네요!
0x09000	258	………
0x09000	259	투고자 : SIN
0x09000	260	"키타로라는 건 반은 요괴야. 우리 동료라는 게 아니지. ""그럴 리 없다""고는 말할 수 없다고? 어쨌든 TV 보도가 옳다면 놈은 다른 여러 사건도 일으킨 흉악범이라는 얘기가 돼. 동정의 여지는 없네."
0x09000	261	얼굴
0x09000	262	투고자 : 시게루사랑둥이
0x09000	263	TV로 보는 한, 엄청난 극악인이라는 얼굴이었죠… 이게 키타로 씨인 걸까요… 죄송합니다. 저 당분간 이 BBS에 안 올 것 같아요. 진실이 어떠냐보다 그 영상이 눈에 박혀 버려서…||죄송합니다. 신세 많이 졌습니다.
0x09000	264	에…
0x09000	265	투고자 : 간모키드(관리인)
0x09000	266	모처럼 개설한 BBS였습니다만, 이런 일이 되어 버려, 계속해 나갈 자신이 없어졌습니다. 키타로 씨가 실재했다는 기쁨보다 알고 싶지 않았던 사실 쪽이 무겁게 저를 짓누르고 있습니다. 이 BBS는 이것으로 일시 휴지하고자 합니다. 짧은 동안이었지만 정말 감사했습니다.
0x09000	272	알림
0x09000	273	*알림*||서버 트러블 때문에 한동안 쉬고 있던 본 출장소가, 이번에 리뉴얼을 진행해 공사 종료와 함께 활동을 재개하게 되었습니다.||폐를 끼친 만큼, 스태프 일동 지금까지 이상으로 노력하겠사오니, 많은 이용 부탁드립니다.
0x09000	274	유아 유괴 사건
0x09000	275	*유아 유괴 사건 해결*||중앙병원에서 일어난 유아 유괴 사건은 요괴 우부메와 대나무 정령의 소행으로 판명. 키타로 씨의 활약으로 사건은 해결되었고, 피해자와 그 가족에게서 감사의 목소리가 나오고 있다.||동시에 발생하던 묻지마 사건도 그들의 범행이었음이 밝혀져, 중앙병원 일대의 야간 통행은 이제 안전해진 것으로 보인다. (요괴공동통신)
0x09000	276	심야의 무차별 방화
0x09000	277	*심야의 무차별 방화*||어젯밤 미명, 게게게의 숲 근처 여러 곳에서 방화에 의한 화재가 발생. 키타로 씨의 활약으로 범인인 우산요괴는 설득되었고 화재도 조기에 진화되었다. 다행히 부상자는 없었으나 전소-일부 피해를 합쳐 가옥 17채에 피해가 나 있으며, 인간의 경찰이 조사를 진행 중이다.||우산요괴는 이번 사건을 일으킨 것을 후회하고 있으며, 키타로 씨의 조끼를 다시 빌려 공사 인부로 둔갑해, 사후 처리를 도와 보상으로 삼을 생각인 듯하다. (기일신문)
0x09000	278	기업에서 괴사건
0x09000	279	"*기업에서 괴사건*|대형 전화 회사 ""HEY-DDY""(헤이디디와이)의 본사 금고가 누군가에게 뜯겨, 수억 엔 상당의 현금과 주권이 도난당한 사실이 오늘 판명됐다.||범행은 커다란 해머 같은 것으로 금고 문을 부수고, 안의 금품을 강탈하는 대담한 수법. 이는 지난주 발생한 통신업계 최대 기업 ""N++""(엔투플러스)의 금고 털이와 거의 같은 수법으로, 경찰은 동일범의 범행으로 보고 수사를 진행 중이다.||본 신문사는 이를 요괴의 소행으로 보고, 동향을 쫓을 방침이다. 속보를 기대해 주시길.||""HEY-DDY""는 휴대전화 서비스 ""HEY-YOU""를 운영하는 업계 2위 기업으로, ""N++""가 제공하는 휴대전화 서비스 ""코레모""와 치열한 점유율 다툼을 벌이고 있었다."
0x09000	280	회사원 실종
0x09000	281	*회사원 실종 잇따라*|이번 달 들어 인간들 사이에서 수수께끼의 행방불명자가 잇따라 화제가 되고 있다.||행방을 알 수 없게 된 것은 모두 10~30대의 회사원이나 학생들로, 평소대로 수업을 마친 뒤나 퇴근-귀가 도중에 모습을 감춘 경우가 대부분.||경찰은 어떤 사건에 휘말렸을 가능성이 있다고 보고 수사를 벌이고 있다.
0x09000	282	누케쿠비 폭사!?
0x09000	283	*누케쿠비 폭사!?*||자기 현시욕이 강해 요괴들 사이에서도 멀리하는 일이 많았던 그 요괴 누케쿠비가 키타로 씨와의 싸움으로 폭발-사망했다.||자세한 경위는 밝혀지지 않았으나 누케쿠비의 착각으로 인한 사소한 오해가 다툼의 발단으로 보인다.||그의 사인은 자기 몸통과의 장시간 분리에 의한 오버히트 폭사. 부활에는 50년쯤 걸릴 것으로 보이며, 본지는 그 회복을 기다려 인터뷰를 할 예정이다.
0x09000	284	사라진 채소
0x09000	285	*사라진 채소*||니치니치현의 산간 농촌에서 농작물의 대량 도난이 이어지고 있다. 도난당한 것은 채소뿐으로 종류 등에 일관성은 없다. 지역 주민과 경찰이 경계에 나섰으나 범행은 멈추지 않았다. 피해는 이미 수천만 엔 이상에 이르러 관계자는 골머리를 앓고 있다.||범인의 모습이나 범행에 쓴 차량 등은 목격되지 않았으나, 현장에 반드시 한 명 내지 네 명의 맨발 발자국이 남아 있어, 범인을 가리키는 유력한 단서로 보고 조사가 진행되고 있다.||범행이 일어난 지역에서는 예전부터의 과소화와 맞물려 전출자가 늘고 있어, 이대로면 요괴와 사람이 예로부터의 관계를 유지할 수 있는 환경이 또 한층 줄어들 것이다. 한시라도 빠른 범인 체포가 요망된다. (요미우리 저승신문)
0x09000	286	니치니치현에 가뭄신 출현!
0x09000	287	"*니치니치현에 가뭄신 출현!*||니치니치시에 그 ""가뭄신""이 출현해, 열선을 뿜는 등 날뛰어 부근은 한때 소란스러워졌다.||이로 인해 민가와 빌딩이 무너져, 현재 판명된 것만으로도 중경상자는 200명 이상이며, 앞으로도 더 늘어날 전망이다. 혼란은 여전히 이어지고 있고, 교통기관에도 큰 영향이 나타나 완전한 복구에는 아직 시간이 걸릴 것으로 보인다.||가뭄신은 그 후 어딘가로 이동해, 현재는 그 동향을 알 수 없다.||가뭄신은 기상 조건이 갖춰지면 자연 발생하는 요괴. 천재지변 같은 존재로 예로부터 두려움을 사 왔으나 근래에는 모습을 보이지 않았다.||또한 인간의 뉴스에서는 가스 누출에 의한 폭발 사고로 보도되고 있다."
0x09000	288	회사원 실종 속보
0x09000	289	*회사원 실종 속보*||회사원의 수수께끼 실종자가 잇따르던 문제로, 행방불명이던 인간이 어제, 산속에서 전원 시신으로 발견됐다. 시신은 사후 며칠이 지났으며, 부검 결과 사인은 몸속 수분이 급격히 사라진 데 따른 쇼크사로 보인다.||본지는 인간의 수분을 흡수하는, 어떤 요괴의 소행으로 추측하고 있으며, 현재 본인과 취재 교섭을 진행 중이다.||인간 경찰의 조사가 막히는 것은 필연적이다.
0x09000	290	서비스 휴지 알림
0x09000	291	"*서비스 휴지 알림*||갑작스럽지만 여러 사정으로 본 요괴타임스 ""y"" 출장판은 당분간 쉬겠습니다.||폐를 끼쳐 대단히 죄송합니다."
0x09000	292	신 드링크제 발매
0x09000	293	"*신 드링크제 발매*|외국계 제약회사 코핀제약에서, 새로운 영양 드링크제가 발매되는 것이 발표됐다.||드링크의 이름은 ""라그레시안V"" 이것은 저가격이면서 지금까지의 비싼 드링크제를 아득히 능가하는 강장 효과를 지닌 상품으로, 영양 보건약 역사를 새로 쓰는 획기적 제품으로 주목받고 있다.||성분 전체는 발표되지 않았으나 어떤 식물의 엑기스에 수백 종류의 생약이 배합되어 있다고 한다.||본지가 입수한 정보로는, 이 영양제, 요괴의 몸에 아주 효과가 있을 듯하다. 부디 한번 시험해 보시는 게 어떨까?"
0x09000	294	어촌에서 마을 사람 소실
0x09000	295	*어촌에서 마을 사람 소실*||니치니치현의 바닷가 마을에서 행방불명자가 잇따르고 있다. 모두 놀러 나간 친구들이나 하교 중인 학생들 등, 한 번에 5~6명의 집단으로 소식이 끊긴 것이 특징이다.||현장으로 보이는 장소에 범인으로 여겨지는 복수의 인간의 존재를 나타내는 증거와 다툰 듯한 흔적이 남아 있는 점에서 어떤 목적을 가진 대규모 납치 그룹의 범행으로 보고, 니치니치현경은 재발 방지에 힘씀과 동시에 부근에 경계를 당부하고 있다.||본 사건에 관해서는 요괴의 관여는 보고되지 않았다. (요괴공동통신)
0x09000	296	오가사와라 일대와 일시 연락 두절
0x09000	297	*오가사와라 일대와 일시 연락 두절*||오가사와라 제도와 본토 사이의 통신망에 일시적인 혼란이 생겨, 정기선 등의 항행에 지장이 있었던 것으로 밝혀졌다.||오가사와라의 전화는 애초에 통신위성을 이용한 특수한 것으로 통상의 전화와 달라 지금까지도 자잘한 트러블은 존재했다.||그러나 이번 사고는 무선을 포함한 모든 통신 수단이 일시적으로 완전 불통이 되어 버리는 불가사의한 것으로 섬에 서비스를 제공하는 통신 사업 관계자는 원인 규명에 나서고 있다.||통신이 불통이 되기 직전에는 강한 전파가 관측되어, 어떤 전파 장애로 여겨지고 있으나 자세한 것은 아직 알 수 없다.||이 현상은 단속적으로 발생해, 배의 계기 등에도 영향을 미치기에 정기선 운항은 현재 보류되어 있다.||요괴의 관여 흔적은 지금으로서는 발견되지 않았다.
0x09000	298	카타키라우와 괴사
0x09000	299	"*카타키라우와 괴사*||규슈 가고시마의 요괴, ""카타키라우와""의 시신이 니치니치현의 산중에서 대량으로 발견됐다.||시신에는 모두 불에 그을린 듯한 흔적이 남아 있어, 현장 부근의 최근 날씨 상태로 보아 어떤 이유로 집단으로 낙뢰를 맞은 것으로 보인다.||요괴라 해도 천재지변에는 당하지 못한다는 현실을 새삼 보여 준 사건이라 하겠다."
0x09000	300	우귀 출현!?
0x09000	301	*우귀 출현*||니치니치현에 전설의 요괴 우귀가 출현해, 민가를 습격하는 등 문제가 되고 있다.||우귀란 다른 생물에 기생해 숙주의 몸을 빼앗아 활동하는 요괴로, 우귀바위라 불리는 바위에 봉인되어 있었다. 우귀는 현재 바닷속에 잠복해 활동을 멈춘 모양이다. 취재 결과, 본지는 인간이 실수로 이 바위를 움직인 탓에 우귀가 되살아난 것으로 보고 있다.||같은 현에서는 이전부터 수수께끼의 집단 행방불명 사건 등도 발생하고 있어, 관련을 조사 중이다.
0x09000	302	교토 산중에서 파티?
0x09000	303	"*교토 산중에서 파티?*|교토시 사쿄구에 있는 히에이산 근처 산중에서 대규모 의식의 흔적이 발견됐다.||산중에서 발견된 것은 대량의 혈액과 땅에 그려진 주문 따위로 악마 소환을 목적으로 한 것과 매우 흡사하다는 것이 밝혀졌다.||인근 요괴는 ""의식을 흉내 낸 연회나 뭔가의 흔적이겠지""라고 말했다. 인간, 요괴, 어느 쪽의 소행인지 확실치 않으나, 그것이 사실이라면 불근신하기 짝이 없다."
0x09000	304	수수께끼의 귀환
0x09000	305	"*수수께끼의 귀환*||니치니치현에서 행방불명이던 남녀 몇 명이, 각자의 가족 품으로 귀가했다.||본지에서는 전하지 않았으나, 그들은 며칠 전에 행방불명이 되어, 수색이 이루어지고 있었다.||불가해한 것은, 며칠 동안 행방불명이던 그들에게 그동안의 기억이 없다는 점이다. 또한, 그들의 차림새, 소지품에 관해서도 실종 당시와 전혀 변화가 없어, 마치 행방불명인 동안 시간이 멈춰 있었던 것 같다고 본인을 포함한 관계자는 말한다.||기억을 잃기 전에 커다란 눈알에 뱀 머리카락을 가진 괴인을 본 것 같은 기억이 있다는 증언도 있어, 본지는 ""어브덕션""(UFO에 의한 유괴 사건)의 일종이 아닌가 보고 취재를 계속하고 있다."
0x09000	306	자연공원을 누군가가 파괴
0x09000	307	*자연공원을 누군가가 파괴*||오가사와라 국립공원 내에서 누군가가 파괴 활동을 벌인 사실이 밝혀졌다. 피해를 입은 것은, 치치지마, 하하지마의 두 곳으로, 모두 엄청난 파괴와 방화의 흔적이 남아 있었다.||오가사와라 제도는 도쿄에서 약 1000킬로 남하한 바다에 이어지는 섬들의 총칭으로 국립공원이 되어 있으며, 나라가 지정하는 자연보호 지역에 해당한다. 경찰은 자연보호법 위반 및 기물 손괴 혐의로 범인 색출을 서두르고 있다.||자연 파괴는 우리 요괴에게도 심각한 문제. 범인은 인간으로 여겨지나 경찰에 부디 범인의 조속한 체포와, 엄한 처벌을 기대하고 싶다.
0x09000	308	수수께끼의 안개, 개다
0x09000	309	"*수수께끼의 안개, 개다*||도쿄 상공에 정체해 있던 수수께끼의 안개가 조금 전, 돌연 소멸했다. 그에 따라 단절되었던 도내와의 연락은 복구되었고, 도시 기능도 거의 회복되었다.||본지도 덕분에 정지했던 서비스를 재개할 수 있었다.||기상 관계에 밝은 요괴에 따르면, 그 안개는 ""브리가둔""이라 불리는 것으로 인위적으로 만들어졌을 가능성이 높다고 한다. 만약 그렇다면, 누가, 무엇을 위해 그런 대규모 사건을 일으켰는지 매우 궁금한 대목이다.||앞으로의 조사 진행 및 범인 수사에 주목하고 싶다."
0x09000	310	키타로 검거
0x09000	311	"*키타로 검거*||그 ""게게게의 키타로"" 씨가 인간의 손에 체포됐다. 이는 씨에게 일전에 도쿄를 덮친 ""브리가둔 현상"" 발생의 실행범 혐의가 걸린 데 따른 것.||그 밖에도 오가사와라에서의 파괴 활동이나 각지에서 일어난 행방불명 사건 등, 23건에 대한 관여가 지적되고 있다.||요괴가 인간의 법률로 체포되는 것은 전례 없는 일로, 그야말로 초법규적 조치다. 뒤집어 말하면 씨가 얼마나 위험한 존재로 판단되었는지를 말해 준다 하겠다.||씨는 요괴로서 높은 실력을 지니고, 인간과 요괴의 트러블을 중재해 해결해 주는 것으로 유명했다. 그러나, 이번에 드러난 사실에 따르면 그런 좋은 상담역으로서의 그는 거짓이었다고 할 수밖에 없다. 지금까지의 활약도 사실은 전부 그의 수완에 의한 것이 아니라, 명성을 높이기 위한 자작극이며 그를 위해 거액의 금전 사용이나 협박 등이 이루어졌다는 정보도 본지에 속속 접수되고 있다.||인간과의 공존을 호소하던 씨의 가면이 벗겨진 것으로, 앞으로의 인간-요괴 간 관계에도 큰 영향이 있을 듯하다."
0x09000	312	NOT FOUND
0x09000	313	||　　　　NOT FOUND||||
0x09000	314	유아 유괴 사건 해결
0x09000	315	*유아 유괴 사건 해결*||중앙병원에서 일어난 유아 유괴 사건은 요괴 우부메와 대나무 정령의 소행으로 판명. 피해자와 그 가족에게서 감사의 목소리가 나오고 있다.||동시에 발생하던 묻지마 사건도 그들의 범행이었음이 밝혀져, 중앙병원 일대의 야간 통행은 이제 안전해진 것으로 보인다. (요괴공동통신)
0x09000	316	심야의 무차별 방화
0x09000	317	*심야의 무차별 방화*||어젯밤 미명, 게게게의 숲 근처 여러 곳에서 방화에 의한 화재가 발생. 다행히 부상자는 없었으나 전소-일부 피해를 합쳐 가옥 17채에 피해가 나 있으며, 인간의 경찰이 조사를 진행 중이다.||우산요괴는 이번 사건을 일으킨 것을 후회하고 있으며, 사후 처리를 도와 보상으로 삼을 생각인 듯하다.
0x09000	320	????????????
0x09000	321	타이틀 화면
0x09000	322	고동
0x09000	323	인터미션
0x09000	324	흔한 일상
0x09000	325	불길한 예감
0x09000	326	긴급 사태
0x09000	327	섬뜩한 싸움
0x09000	328	역습
0x09000	329	사건 발생
0x09000	330	전투 개시
0x09000	331	평화로운 한때
0x09000	332	환상
0x09000	333	참격
0x09000	334	대치
0x09000	335	동료들
0x09000	336	격전
0x09000	337	애수의 가락
0x09000	338	공방전
0x09000	339	적군 출현
0x09000	340	꿈틀대는 어둠
0x09000	341	요괴 대전쟁
0x09000	342	이야기
0x09000	343	암약
0x09000	344	고전
0x09000	345	독기
0x09000	346	테마곡 어레인지(활기)
0x09000	347	세계 요괴의 야망
0x09000	348	테마곡 어레인지(차분)
0x09000	349	어둠의 고요
0x09000	350	긴박
0x09000	351	대요괴 기가
0x09000	352	다이다라봇치
0x09000	353	테마곡 어레인지(용장)
0x09000	354	에필로그
0x09000	355	게임 오버
0x09000	356	곡명37
0x09000	357	곡명38
0x09000	358	곡명39
0x09000	359	곡명40
0x09000	360	곡명41
0x09000	361	곡명42
0x09000	362	곡명43
0x09000	363	곡명44
0x09000	364	곡명45
0x09000	365	곡명46
0x09000	366	곡명47
0x09000	367	곡명48
0x09000	368	요괴 휴대전화(열림)
0x09000	369	아기 유괴 신문 기사
0x09000	370	조릿대 잎과 우부메의 깃털
0x09000	371	팔각형이 그려진 부적
0x09000	372	우부메의 봉인
0x09000	373	구출된 아기
0x09000	374	불타는 숲
0x09000	375	쓰러지는 사원들
0x09000	376	인간의 생기가 든 큰 통(복수)
0x09000	377	인간의 생기가 든 큰 통
0x09000	378	쥐인간의 전단지
0x09000	379	키타로의 가짜 신문 기사
0x09000	380	수수께끼의 메모 2
0x09000	381	거금이 든 서류가방
0x09000	382	조개껍데기 용기의 약
0x09000	383	땅에 그려진 수수께끼의 요괴
0x09000	384	박쥐 떼
0x09000	385	까마귀 헬리콥터
0x09000	386	다이다라봇치 부활 상상도
0x09000	387	동굴의 노즈치가 지나간 옆 구멍
0x09000	388	베어드의 공격을 반사하는 거울
0x09000	389	베어드의 공격을 반사하는 거울(금이 감)
0x09000	390	카타키라우와에게서 받은 작은 주머니
0x09000	391	악마 군단 등장
0x09000	392	통에 들어 있는 야칸즈루
0x09000	393	악마 군단을 빨아들이는 야칸즈루
0x09000	394	땅에서 얼굴을 내미는 뿌리자르기벌레
0x09000	395	노인을 습격하는 아기울음영감
0x09000	396	아이를 습격하는 고양이소녀
0x09000	397	사악한 웃음의 키타로
0x09000	398	기가 등장
0x09000	399	전차 출현
0x09000	400	오소레잔에서의 키타로 처형
0x09000	401	오소레잔에서의 키타로 용해
0x09000	402	요괴 옷감(누리카베)
0x09000	403	요괴 옷감(쥐인간)
0x09000	404	많은 요괴 옷감
0x09000	405	구미호의 요괴 옷감
0x09000	406	키타로의 동료들 등장(오소레잔)
0x09000	407	기가의 단말마
0x09000	408	붕괴하는 기가 성
0x09000	409	다이다라봇치 등장
0x09000	410	뼈만 남은 키타로
0x09000	411	환상의 기차
0x09000	412	엔딩용 컷 1
0x09000	413	책상을 향한 인물
0x09000	414	책상을 향한 인물(PC 기동)
0x09000	415	창밖에 요괴의 그림자가…
0x09000	416	키타로의 요괴 안테나 작동
0x09000	417	원장의 죽순 공격
0x09000	418	수수께끼의 메모 1
0x09000	419	밀담을 나누는 우산요괴, 대나무너구리
0x09000	420	교코지 건설 코퍼레이션 간판
0x09000	421	날아가는 리모컨 게타(앞쪽)
0x09000	422	날아가는 리모컨 게타(뒤쪽)
0x09000	423	요괴 휴대전화(열림)
0x09000	424	고층 빌딩(프롤로그)
0x09000	425	과학(프롤로그)
0x09000	426	전쟁(프롤로그)
0x09000	427	젊은이(프롤로그)
0x09000	428	키타로의 동료들 등장(기가 성)
0x09000	429	엔딩용 컷 2
0x09000	430	엔딩용 컷 3
0x09000	431	키타로의 요괴 안테나 작동(점등)
0x09000	432	어둠 속에서 얼굴이 접근
0x09000	433	낙석으로 지날 수 없게 된 동굴 안
0x09000	434	노즈치 출현 장면
0x09000	435	까마귀 헬리콥터가 추락하는 장면
0x09000	436	가뭄신을 빨아들이는 노즈치
0x09000	437	쥐인간을 빨아들이는 야칸즈루
0x09000	438	모니터 화면, 드라큘라
0x09000	439	모니터 화면, 엘리트
0x09000	440	모니터 화면, 사회자
0x09000	441	모니터 화면, 키타로
0x09000	442	요괴 휴대전화(쥐인간용)(열림)
0x09000	443	요괴 휴대전화(쥐인간용)(열림)
0x09000	444	요괴 휴대전화(눈알아버지용)(열림)
0x09000	445	요괴 휴대전화(눈알아버지용)(열림)
0x09000	446	모니터 화면, 무지나
0x09000	447	쥐인간이 붙잡힌 통
0x09000	448	눈알아버지와 고양이소녀를 납치하는 박쥐고양이
0x09000	449	지팡이가 부러진 론론
0x09000	450	손거울을 보는 젊어진 론론
0x09000	451	물을 뿜는 누리카베
0x09000	452	악마 군단 등장(배경만)
0x09000	453	빛에 싸인 가루라, 등장
0x09000	454	가루라, 우귀의 본체를 포획
0x09000	464	「오, 벌써 기사가 났군… 어디 보자…」
0x09000	480	이 멤버로 출격합니다
0x09000	561	거처를 짓밟혀 분노에 떨던 참에 어떤 요괴에게 이용당한 대나무 요괴. 키타로의 방심을 유도하려고 간호사복으로 등장. 어째선지 그 뒤로도 계속 간호사복이다.
0x09000	562	우산요괴를 부추겨 키타로의 조끼를 훔치게 한 요괴. 편지를 써서 대나무 정령과 우부메를 만나게 하는 등 뒤에서 암약했다. 만년죽과는 아무래도 친척인 듯하다.
0x09000	563	인간을 속여 자기 동료로 바꾸고, 수하를 늘려 언젠가 세계 정복을… 하고 생각하는 나쁜 요괴. 불꽃 공격이 특기이고 하늘도 날 수 있어 의외로 성가신 상대다. 쥐인간과 손잡고 세탁소를 운영한 적도 있다.
0x09000	564	스님의 생기를 노리다 도리어 그림 속에 봉인당했다고 전해지는 요괴. 미인화 속에 들어가 보는 이를 매혹해 생기를 빨아들일 수 있다. 물에 약하다.
0x09000	565	갖가지 모습으로 둔갑할 수 있는 요괴. 정체를 알 수 없는 존재로 그 목적이 무엇인지 본인 말고는 아무도 모른다. 접이식 뉴도라 불리는 요괴를 등에 업고 있으며, 그의 주력기가 되고 있다.
0x09000	566	무지나가 교코지 건설에 잠입하기 위해 둔갑한 모습. 이 모습으로 상인을 자처하며 검은중이 숨은 미인화를 교코지 건설 사장(루카의 아버지)에게 팔아넘겼다.
0x09000	567	큰지네의 동료인 지네. 인간을 원망하며, 키타로에게 이빨을 드러낸다.
0x09000	568	거대한 지네 요괴. 동포가 지네 기름을 만들기 위해 인간에게 죽임당한 일로 인간을 미워한다. 부하로 많은 지네들을 거느리고 있다.
0x09000	569	아이의 모습을 한 설국의 요괴. 옛날풍 차림인 부분을 빼면, 겉모습은 평범한 소녀 그 자체다. 이 모습으로 키타로 일행의 방심을 유도해, 보기 좋게 함정에 빠뜨렸다. 실은 겉보기와 달리 냉혹한 성격으로 인간들은 그저 자기들의 먹이라고 여긴다.
0x09000	570	일본에서는 유명한 설국 요괴 중 하나. 살결이 흰 아름다운 여성의 모습을 하고 있으며, 요염한 분위기가 감돈다. 다른 설국 요괴들과 협력해 키타로 일행 앞을 가로막았다.
0x09000	571	"설국 요괴 중 하나. 설국 요괴들 중에서는 최고의 실력자로 냉동 계열 공격을 잘한다. 겉모습은 어느 쪽이냐면 ""나마하게""를 연상시킨다."
0x09000	572	눈아이, 설녀, 설남이 녹아서 합체한 모습. 그 능력은 높아서 얕볼 수 없다.
0x09000	573	보자이가 설국 합체 요괴를 바탕으로 만들어 낸 새 요괴. 자기 오른손을 검으로 바꿔 공격할 수 있는 등 능력이 향상되어 있다.
0x09000	574	강화된 물 병사. 그 모습은 섬뜩한 밤의 수면을 연상시킨다. 기본적인 기술에 변화는 없다.
0x09000	575	중국의 요괴로, 수목의 정령 같은 것. 절임을 좋아해서, 무엇이든 자기 항아리에 절여 절임으로 만들어 버린다. 도깨비 같은 무서운 형상을 하고 있다. 사대 원소별로 분리할 수 있다.
0x03800	0	더미
0x03800	1	성령기 라이브레이드
0x03800	2	성령기 아르디토
0x03800	3	성령기 셸베이트
0x03800	4	성령기 데스페디타(초기 병장)
0x03800	5	성령기 데스페디타(정식 병장)
0x03800	6	성령기 다이갓츠
0x03800	7	성령기 익시아
0x03800	8	성령기 발도그-부스트
0x03800	9	성령기 렙틸
0x03800	10	성령기 제파드
0x03800	11	성령기 글라키에스
0x03800	12	성령기 미스티가
0x03800	13	성령기 셀핀
0x03800	14	성령기 로슈노폰
0x03800	15	성령기 셀비스
0x03800	16	장병기 웬리크(훈련 사양)
0x03800	17	장병기 웬리크(실전 사양A)
0x03800	18	장병기 웬리크(실전 사양B)
0x03800	19	장병기 엘스리크(연계대원)
0x03800	20	장병기 베릴-아스틴
0x03800	21	장병기 블라오-아벤트
0x03800	22	장병기 이스베르크(아라클)
0x03800	23	장병기 이스베르크(타르스)
0x03800	24	장병기 이스베르크(라이제)
0x03800	25	장병기 이스베르크(아큐제)
0x03800	26	장병기 이스베르크 강화형
0x03800	27	장병기 상귈리에
0x03800	28	장병기 반다일
0x03800	29	장병기 브랑가젤
0x03800	30	장병기 레일-아스틴
0x03800	31	장병기 레일-아스틴 강화형
0x03800	32	유산병기 에우카리스
0x03800	33	유산병기 에우카리스 강화형
0x03800	34	유산병기 솔셴트
0x03800	35	유산병기 솔셴트 강화형
0x03800	36	장병기 그란마르텔
0x03800	37	장병기 아르가스
0x03800	38	장병기 바라다
0x03800	39	레이-아쿠라(변신 전)
0x03800	40	레이-아쿠라(변신 후)
0x03800	41	레이-아쿠라
0x03800	42	레이-아쿠라
0x03800	43	보옥A
0x03800	44	뒤셀도르프
0x03800	45	제이폰
0x03800	46	그리올(그라드 기)
0x03800	47	그리올(크룰 기)
0x03800	48	레그레이드
0x03800	49	브란다임
0x03800	50	뵈젠도르퍼
0x04000	0	전술 디버거
0x04000	1	ADV 디버거
0x04000	2	전략 디버거
0x04000	3	사운드 디버거
0x04000	4	맵 선택
0x04000	5	이동
0x04000	6	공격
0x04000	7	도구
0x04000	8	설득
0x04000	9	능력
0x04000	10	특수
0x04000	11	대기
0x04000	18	NO
0x04000	19	내구력
0x04000	20	높이
0x04000	21	가로폭
0x04000	22	세로폭
0x04000	23	복사&붙여넣기
0x04000	26	라이트 컬러0
0x04000	27	라이트 컬러1
0x04000	28	라이트 컬러2
0x04000	29	앰비언트
0x04000	30	.
0x04000	31	Z:
0x04000	32	진입 가능-불가 설정
0x04000	33	지형 속성 종별 설정
0x04000	34	지형 번호
0x04000	35	지  명
0x04000	36	지형 코스트
0x04000	37	전투 보정
0x04000	44	BGM
0x04000	45	SE
0x04000	46	보이스
0x04000	47	개발중
0x04000	48	거리 맵
0x04000	49	자연 맵
0x04000	50	밤 맵
0x04000	55	맵 초기화
0x04000	56	오브젝트 타입 설정
0x04000	57	통상 표시
0x04000	58	전술 맵일 때만 표시
0x04000	59	전투 시에만 표시
0x04000	60	전투 시에, 카메라와 유닛 사이에 들어오면 반투명
0x04000	61	전투 시에만 표시(반투명)
0x04000	64	가오가이거
0x04000	65	마이크
0x04000	66	염룡
0x04000	67	격룡신
0x04000	68	반격 있음(폴리곤)
0x04000	69	반격 있음(무비)
0x04000	74	용자 커맨드
0x04000	75	강제 모드
0x04000	76	없음
0x04000	77	히트
0x04000	78	로봇
0x04000	79	파일럿
0x04000	80	전투 디버거
0x04000	81	무비 선택
0x04000	82	맵 전환
0x04000	83	시나리오 선택
0x04000	84	종료
0x04000	88	BG00|BG01|BG02|BG03|BG04
0x04000	96	제02화 용타와 데카드
0x04000	97	제06화 블랙 가인
0x04000	98	제12화 초록 머리의 소년
0x04000	99	제11화 용자왕 탄생!
0x04000	100	제5화
0x04000	112	00
0x04000	113	01
0x04000	114	02
0x04000	115	03
0x04000	116	04
0x04000	117	05
0x04000	128	회복
0x04000	129	데미지 소
0x04000	130	데미지 중
0x04000	131	데미지 대
0x04000	132	파괴
0x04000	133	공격 근접
0x04000	134	합동 공격 근접
0x04000	135	공격 간접
0x04000	136	합동 공격 간접
0x04000	137	반격
0x04000	138	필살
0x04000	139	필살 합동
0x04000	140	합체 합동
0x04000	141	협력
0x04000	142	전투 음성
0x04000	143	랜덤 온
0x04000	144	랜덤 오프
0x04000	152	없음|눈속임|독|마비|수면|다이아몬드화|점착
0x04000	160	맵 유닛
0x04000	161	전투 유닛
0x04000	162	맵
0x04000	163	파일이 없습니다
0x04000	164	포그
0x04000	165	R :        G :        B :        |N :                F :              |NMAX :        FMAX :        |(START : 포그 정보 세이브)
0x04000	166	유닛 출격
0x04000	167	유닛|맵|BG
0x04000	168	유닛|맵|BG
0x04000	176	머리카락 침|리모컨 게타|키타로 빙의|조끼|열기|손가락 철포
0x04000	177	발톱|물어뜯기|마구 할퀴기
0x04000	178	석화 낙하|석화|박치기|딸꾹질 옮기기
0x04000	179	모래|따귀|왕복 따귀|모래 폭풍|모래북 항아리
0x04000	180	생기 흡수|다리걸기|조릿대 후려치기
0x04000	181	물어뜯기|다리걸기|안광|똥
0x04000	192	우부메의 둥지|게게게의 숲|붉은혀 체내|태내동굴|도쿄 타워 상부|늪가|치치지마
0x04000	193	적입니다 아버지
0x04000	208	MAP 선택|세이브|로드|평행 라이트|환경광|포그|고저차 설정|지형 속성 설정
0x04000	209	맵 번호
0x04000	210	R          G          B          
0x04000	211	X          Y          Z          
0x04000	212	0.
0x04000	213	1.00
0x04000	214	S          E          
0x04000	224	게임 스타트|맵 뷰어|유닛 뷰어|시나리오 셀렉트
0x04000	225	키타로|쥐인간|모래뿌리기할멈|아기울음영감|고양이소녀|누리카베|요괴 대나무|만년죽|우부메|무지나
0x04000	232	데미지
0x04000	233	회복
0x04000	234	방어
0x04000	240	프롤로그|1화|2화|3화|4화|5화
0x04000	255	------------------
0x05800	0	더미
0x00000	179	엔
0x00000	261	엔
0x07000	17	엔
0x07000	13	MEMORY CARD 슬롯
0x07000	50	MEMORY CARD 슬롯1
0x07000	51	MEMORY CARD 슬롯2
0x07000	53	MEMORY CARD 슬롯1, 2
